feature_id	heldout_study_family	n_shared_states	state_profile_spearman	diagnostic_status
FM01	GSE115978	23	0.8047455259016583	PASS
FM01	GSE123813	23	0.7984189723320158	PASS
FM01	GSE140228	21	0.7298701298701298	PASS
FM01	GSE149614	10	0.8389096502784891	PASS
FM01	GSE151530	23	0.9584776257514223	PASS
FM01	GSE161801	8	0.7857142857142858	PASS
FM01	GSE169246	23	0.6648542581927092	PASS
FM01	GSE176021	13	0.8296703296703297	PASS
FM01	GSE179994	4	-0.39999999999999997	PASS
FM01	GSE189903	23	0.5926842048870321	PASS
FM01	GSE200996	3	1.0	PASS
FM01	GSE205506	23	0.7785468079208304	PASS
FM01	GSE206325	8	0.8095238095238096	PASS
FM01	GSE207422_sc	8	0.8571428571428572	PASS
FM01	GSE225063	8	0.5952380952380953	PASS
FM01	GSE232240	13	0.7802197802197801	PASS
FM01	GSE235863_5pt_cd8	2		NOT_TESTABLE
FM01	GSE235863_9pt_cd45	17	0.875	PASS
FM01	GSE243013	15	0.7785714285714285	PASS
FM01	GSE246613	10	0.6606060606060605	PASS
FM01	GSE249974	23	0.717251694154365	PASS
FM01	GSE266919	18	0.8844169246646028	PASS
FM01	GSE272734	2		NOT_TESTABLE
FM01	GSE272735	8	0.8095238095238096	PASS
FM01	GSE272993	8	0.8095238095238096	PASS
FM01	GSE273718	8	0.523809523809524	PASS
FM01	GSE284205	23	0.7572912442760077	PASS
FM01	GSE286827	23	0.8171034117416714	PASS
FM01	GSE288199	8	0.9285714285714287	PASS
FM01	GSE301741	13	0.9285714285714285	PASS
FM01	LAMBRECHT_BRCA	20	0.8961627819088416	PASS
FM01	LAMBRECHT_HCC	23	0.873949686605732	PASS
FM01	PRJCA001063	14	0.7714285714285714	PASS
FM01	TASK01	23	0.9293130151689911	PASS
FM01	TASK02	23	0.9214039682313827	PASS
FM01	bi_2021_rcc	17	0.8152254462896898	PASS
FM01	krishna_2021_rcc	8	0.7619047619047621	PASS
FM01	lambrecht_hnscc	23	0.7974308300395258	PASS
FM01	mendeley_skrx2fz79n	4	0.9486832980505139	PASS
FM02	GSE115978	23	0.698467707677545	PASS
FM02	GSE123813	23	0.83300395256917	PASS
FM02	GSE140228	21	0.8090909090909091	PASS
FM02	GSE149614	10	0.5515151515151515	PASS
FM02	GSE151530	23	0.8863075724457452	PASS
FM02	GSE161801	8	0.5952380952380953	PASS
FM02	GSE169246	23	0.8294612975816847	PASS
FM02	GSE176021	13	0.38461538461538464	PASS
FM02	GSE179994	4	0.7999999999999999	PASS
FM02	GSE189903	23	0.8210579352104755	PASS
FM02	GSE200996	3	-1.0	PASS
FM02	GSE205506	23	0.8383589753864942	PASS
FM02	GSE206325	8	0.8571428571428572	PASS
FM02	GSE207422_sc	8	1.0	PASS
FM02	GSE225063	8	0.11904761904761905	PASS
FM02	GSE232240	13	0.7912087912087913	PASS
FM02	GSE235863_5pt_cd8	2		NOT_TESTABLE
FM02	GSE235863_9pt_cd45	17	0.8553921568627452	PASS
FM02	GSE243013	15	0.7464285714285712	PASS
FM02	GSE246613	10	0.8787878787878788	PASS
FM02	GSE249974	23	0.7642116603464151	PASS
FM02	GSE266919	18	0.8823529411764706	PASS
FM02	GSE272734	2		NOT_TESTABLE
FM02	GSE272735	8	0.4047619047619048	PASS
FM02	GSE272993	8	-0.11904761904761905	PASS
FM02	GSE273718	8	0.6666666666666669	PASS
FM02	GSE284205	23	0.8675235859689253	PASS
FM02	GSE286827	23	0.9298073306025916	PASS
FM02	GSE288199	8	0.5714285714285715	PASS
FM02	GSE301741	13	0.5879120879120878	PASS
FM02	LAMBRECHT_BRCA	20	0.7175630443516366	PASS
FM02	LAMBRECHT_HCC	23	0.3944637160132207	PASS
FM02	PRJCA001063	14	0.8549450549450549	PASS
FM02	TASK01	23	0.8947109348169542	PASS
FM02	TASK02	23	0.8838359952777427	PASS
FM02	bi_2021_rcc	17	0.8017202054626017	PASS
FM02	krishna_2021_rcc	8	0.9047619047619048	PASS
FM02	lambrecht_hnscc	23	0.7460474308300395	PASS
FM02	mendeley_skrx2fz79n	4	0.9486832980505139	PASS
FM03	GSE115978	23	0.7909046937608436	PASS
FM03	GSE123813	23	0.876204622746133	PASS
FM03	GSE140228	21	0.8012987012987013	PASS
FM03	GSE149614	10	0.8719674296463189	PASS
FM03	GSE151530	23	0.94710837077861	PASS
FM03	GSE161801	8	0.6904761904761906	PASS
FM03	GSE169246	23	0.7464163047367961	PASS
FM03	GSE176021	13	0.6868131868131868	PASS
FM03	GSE179994	4	1.0	PASS
FM03	GSE189903	23	0.9164608138953775	PASS
FM03	GSE200996	3	-1.0	PASS
FM03	GSE205506	23	0.9391993238410016	PASS
FM03	GSE206325	8	0.9523809523809524	PASS
FM03	GSE207422_sc	8	0.9047619047619048	PASS
FM03	GSE225063	8	0.11904761904761905	PASS
FM03	GSE232240	13	0.576923076923077	PASS
FM03	GSE235863_5pt_cd8	2		NOT_TESTABLE
FM03	GSE235863_9pt_cd45	17	0.8627450980392157	PASS
FM03	GSE243013	15	0.5607142857142856	PASS
FM03	GSE246613	10	0.9878787878787878	PASS
FM03	GSE249974	23	0.6554622649542989	PASS
FM03	GSE266919	18	0.8101135190918473	PASS
FM03	GSE272734	2		NOT_TESTABLE
FM03	GSE272735	8	0.7380952380952381	PASS
FM03	GSE272993	8	0.11904761904761905	PASS
FM03	GSE273718	8	0.5952380952380953	PASS
FM03	GSE284205	23	0.9147095458755734	PASS
FM03	GSE286827	23	0.907787419582461	PASS
FM03	GSE288199	8	0.7380952380952381	PASS
FM03	GSE301741	13	0.6538461538461539	PASS
FM03	LAMBRECHT_BRCA	20	0.8852952863751326	PASS
FM03	LAMBRECHT_HCC	23	0.6793572519097502	PASS
FM03	PRJCA001063	14	0.9328938538427826	PASS
FM03	TASK01	23	0.9609492029194248	PASS
FM03	TASK02	23	0.9550174177162186	PASS
FM03	bi_2021_rcc	17	0.8513519937883076	PASS
FM03	krishna_2021_rcc	8	0.9285714285714287	PASS
FM03	lambrecht_hnscc	23	0.8744438952051409	PASS
FM03	mendeley_skrx2fz79n	4	0.316227766016838	PASS
FM04	GSE115978	23	0.8892734650473485	PASS
FM04	GSE123813	23	0.9693675889328063	PASS
FM04	GSE140228	21	0.9246753246753248	PASS
FM04	GSE149614	10	0.9878787878787878	PASS
FM04	GSE151530	23	0.9644094109546286	PASS
FM04	GSE161801	8	0.7619047619047621	PASS
FM04	GSE169246	23	0.8665349551017241	PASS
FM04	GSE176021	13	0.40659340659340654	PASS
FM04	GSE179994	4	0.7999999999999999	PASS
FM04	GSE189903	23	0.8922393576489516	PASS
FM04	GSE200996	3	-1.0	PASS
FM04	GSE205506	23	0.8961938811177557	PASS
FM04	GSE206325	8	0.8333333333333335	PASS
FM04	GSE207422_sc	8	0.9285714285714287	PASS
FM04	GSE225063	8	-0.2142857142857143	PASS
FM04	GSE232240	13	0.6978021978021978	PASS
FM04	GSE235863_5pt_cd8	2		NOT_TESTABLE
FM04	GSE235863_9pt_cd45	17	0.948529411764706	PASS
FM04	GSE243013	15	0.8821428571428571	PASS
FM04	GSE246613	10	0.9515151515151514	PASS
FM04	GSE249974	23	0.880375787242539	PASS
FM04	GSE266919	18	0.890608875128999	PASS
FM04	GSE272734	2		NOT_TESTABLE
FM04	GSE272735	8	0.4761904761904762	PASS
FM04	GSE272993	8	0.07142857142857144	PASS
FM04	GSE273718	8	0.4285714285714286	PASS
FM04	GSE284205	23	0.827978351280883	PASS
FM04	GSE286827	23	0.9139892367273748	PASS
FM04	GSE288199	8	0.09523809523809526	PASS
FM04	GSE301741	13	0.9340659340659341	PASS
FM04	LAMBRECHT_BRCA	20	0.9559985632818976	PASS
FM04	LAMBRECHT_HCC	23	0.24666340136666307	PASS
FM04	PRJCA001063	14	0.7626373626373627	PASS
FM04	TASK01	23	0.9495799479466128	PASS
FM04	TASK02	23	0.9130006058601737	PASS
FM04	bi_2021_rcc	17	0.8606521654353503	PASS
FM04	krishna_2021_rcc	8	0.9523809523809524	PASS
FM04	lambrecht_hnscc	23	0.9478626432188848	PASS
FM04	mendeley_skrx2fz79n	4	0.7378647873726218	PASS
FM05	GSE115978	23	0.7795354387880313	PASS
FM05	GSE123813	23	0.9594861660079053	PASS
FM05	GSE140228	21	0.6974025974025975	PASS
FM05	GSE149614	10	0.9757575757575757	PASS
FM05	GSE151530	23	0.9515572096810149	PASS
FM05	GSE161801	8	0.8095238095238096	PASS
FM05	GSE169246	23	0.5190312052805536	PASS
FM05	GSE176021	13	0.8736263736263737	PASS
FM05	GSE179994	4	-0.39999999999999997	PASS
FM05	GSE189903	23	0.7869501702920393	PASS
FM05	GSE200996	3	0.5	PASS
FM05	GSE205506	23	0.8225408815112774	PASS
FM05	GSE206325	8	0.5714285714285715	PASS
FM05	GSE207422_sc	8	0.9047619047619048	PASS
FM05	GSE225063	8	0.6666666666666669	PASS
FM05	GSE232240	13	0.8516483516483516	PASS
FM05	GSE235863_5pt_cd8	2		NOT_TESTABLE
FM05	GSE235863_9pt_cd45	17	0.8553921568627452	PASS
FM05	GSE243013	15	0.914285714285714	PASS
FM05	GSE246613	10	0.8666666666666665	PASS
FM05	GSE249974	23	0.46861103105329976	PASS
FM05	GSE266919	18	0.9009287925696594	PASS
FM05	GSE272734	2		NOT_TESTABLE
FM05	GSE272735	8	0.3571428571428572	PASS
FM05	GSE272993	8	0.7619047619047621	PASS
FM05	GSE273718	8	0.7619047619047621	PASS
FM05	GSE284205	23	0.7587741905768093	PASS
FM05	GSE286827	23	0.9406822701418032	PASS
FM05	GSE288199	8	0.7857142857142858	PASS
FM05	GSE301741	13	0.9835164835164836	PASS
FM05	LAMBRECHT_BRCA	20	0.9748026262890159	PASS
FM05	LAMBRECHT_HCC	23	0.8141375191400682	PASS
FM05	PRJCA001063	14	0.7846153846153847	PASS
FM05	TASK01	23	0.917943760196179	PASS
FM05	TASK02	23	0.9298073306025916	PASS
FM05	bi_2021_rcc	17	0.8667909112658448	PASS
FM05	krishna_2021_rcc	8	0.7857142857142858	PASS
FM05	lambrecht_hnscc	23	0.9239130434782609	PASS
FM05	mendeley_skrx2fz79n	4	0.9486832980505139	PASS
FM06	GSE115978	23	0.8166090963080709	PASS
FM06	GSE123813	23	0.9456521739130436	PASS
FM06	GSE140228	21	0.8766233766233766	PASS
FM06	GSE149614	10	0.9207488243118473	PASS
FM06	GSE151530	23	0.9223925990985838	PASS
FM06	GSE161801	8	0.28571428571428575	PASS
FM06	GSE169246	23	0.8368760290856925	PASS
FM06	GSE176021	13	0.6923076923076923	PASS
FM06	GSE179994	4	0.7999999999999999	PASS
FM06	GSE189903	23	0.9050915589225652	PASS
FM06	GSE200996	3	-0.5	PASS
FM06	GSE205506	23	0.8531884383945099	PASS
FM06	GSE206325	8	0.9761904761904763	PASS
FM06	GSE207422_sc	8	0.9761904761904763	PASS
FM06	GSE225063	8	0.14285714285714288	PASS
FM06	GSE232240	13	0.6593406593406593	PASS
FM06	GSE235863_5pt_cd8	2		NOT_TESTABLE
FM06	GSE235863_9pt_cd45	17	0.8651960784313727	PASS
FM06	GSE243013	15	0.807142857142857	PASS
FM06	GSE246613	10	0.9999999999999999	PASS
FM06	GSE249974	23	0.8497282303593062	PASS
FM06	GSE266919	18	0.8782249742002064	PASS
FM06	GSE272734	2		NOT_TESTABLE
FM06	GSE272735	8	0.4761904761904762	PASS
FM06	GSE272993	8	0.1666666666666667	PASS
FM06	GSE273718	8	0.4761904761904762	PASS
FM06	GSE284205	23	0.8541770692617109	PASS
FM06	GSE286827	23	0.963915095521028	PASS
FM06	GSE288199	8	0.6904761904761906	PASS
FM06	GSE301741	13	0.5989010989010989	PASS
FM06	LAMBRECHT_BRCA	20	0.8792779862128545	PASS
FM06	LAMBRECHT_HCC	23	0.6969847613767433	PASS
FM06	PRJCA001063	14	0.9296703296703297	PASS
FM06	TASK01	23	0.9105290286921711	PASS
FM06	TASK02	23	0.9026199817545626	PASS
FM06	bi_2021_rcc	17	0.8410081787777675	PASS
FM06	krishna_2021_rcc	8	0.9523809523809524	PASS
FM06	lambrecht_hnscc	23	0.8952569169960475	PASS
FM06	mendeley_skrx2fz79n	4	0.316227766016838	PASS
FM07	GSE115978	23	0.8788928409417374	PASS
FM07	GSE123813	23	0.8794466403162056	PASS
FM07	GSE140228	21	0.9701298701298702	PASS
FM07	GSE149614	10	0.5714312110592608	PASS
FM07	GSE151530	23	0.9159664984617769	PASS
FM07	GSE161801	8	0.8571428571428572	PASS
FM07	GSE169246	23	0.9416709010090043	PASS
FM07	GSE176021	13	0.6813186813186813	PASS
FM07	GSE179994	4	0.39999999999999997	PASS
FM07	GSE189903	23	0.8764212637737347	PASS
FM07	GSE200996	3	-0.5	PASS
FM07	GSE205506	23	0.9154721830281765	PASS
FM07	GSE206325	8	0.9285714285714287	PASS
FM07	GSE207422_sc	8	0.9047619047619048	PASS
FM07	GSE225063	8	0.14285714285714288	PASS
FM07	GSE232240	13	0.8571428571428571	PASS
FM07	GSE235863_5pt_cd8	2		NOT_TESTABLE
FM07	GSE235863_9pt_cd45	17	0.9681372549019608	PASS
FM07	GSE243013	15	0.9749999999999999	PASS
FM07	GSE246613	10	0.8424242424242423	PASS
FM07	GSE249974	23	0.899159773719359	PASS
FM07	GSE266919	18	0.9318885448916409	PASS
FM07	GSE272734	2		NOT_TESTABLE
FM07	GSE272735	8	0.7142857142857144	PASS
FM07	GSE272993	8	0.1666666666666667	PASS
FM07	GSE273718	8	0.5952380952380953	PASS
FM07	GSE284205	23	0.9045972434889649	PASS
FM07	GSE286827	23	0.953534471415417	PASS
FM07	GSE288199	8	0.523809523809524	PASS
FM07	GSE301741	13	0.9230769230769231	PASS
FM07	LAMBRECHT_BRCA	20	0.8481203007518796	PASS
FM07	LAMBRECHT_HCC	23	0.46811671561969925	PASS
FM07	PRJCA001063	14	0.9384615384615385	PASS
FM07	TASK01	23	0.8210579352104755	PASS
FM07	TASK02	23	0.782995646823235	PASS
FM07	bi_2021_rcc	17	0.7427882454898529	PASS
FM07	krishna_2021_rcc	8	0.9761904761904763	PASS
FM07	lambrecht_hnscc	23	0.9488510297081643	PASS
FM07	mendeley_skrx2fz79n	4	0.9486832980505139	PASS
FM08	GSE115978	23	0.8929542918115057	PASS
FM08	GSE123813	23	0.9021739130434783	PASS
FM08	GSE140228	21	0.8574212858840459	PASS
FM08	GSE149614	10	0.9240164263936983	PASS
FM08	GSE151530	23	0.9646477427044562	PASS
FM08	GSE161801	8	0.8095238095238096	PASS
FM08	GSE169246	23	0.6328801182274238	PASS
FM08	GSE176021	13	0.945054945054945	PASS
FM08	GSE179994	4	-0.39999999999999997	PASS
FM08	GSE189903	23	0.7721207072840234	PASS
FM08	GSE200996	3	1.0	PASS
FM08	GSE205506	23	0.8385661566513366	PASS
FM08	GSE206325	8	0.8333333333333335	PASS
FM08	GSE207422_sc	8	0.9047619047619048	PASS
FM08	GSE225063	8	0.7619047619047621	PASS
FM08	GSE232240	13	0.9560439560439561	PASS
FM08	GSE235863_5pt_cd8	2		NOT_TESTABLE
FM08	GSE235863_9pt_cd45	17	0.9233600754541103	PASS
FM08	GSE243013	15	0.907142857142857	PASS
FM08	GSE246613	10	0.9393939393939393	PASS
FM08	GSE249974	23	0.5981216746566379	PASS
FM08	GSE266919	18	0.8910687816275723	PASS
FM08	GSE272734	2		NOT_TESTABLE
FM08	GSE272735	8	0.6428571428571429	PASS
FM08	GSE272993	8	0.6190476190476191	PASS
FM08	GSE273718	8	0.4285714285714286	PASS
FM08	GSE284205	23	0.8266996544345723	PASS
FM08	GSE286827	23	0.9804697456601418	PASS
FM08	GSE288199	8	0.6428571428571429	PASS
FM08	GSE301741	13	0.9505494505494506	PASS
FM08	LAMBRECHT_BRCA	20	0.9059443190368697	PASS
FM08	LAMBRECHT_HCC	23	0.8986654582857584	PASS
FM08	PRJCA001063	14	0.7626373626373627	PASS
FM08	TASK01	23	0.944870239009849	PASS
FM08	TASK02	23	0.9488257397487706	PASS
FM08	bi_2021_rcc	17	0.8790684029268343	PASS
FM08	krishna_2021_rcc	8	0.6666666666666669	PASS
FM08	lambrecht_hnscc	23	0.9014084782227558	PASS
FM08	mendeley_skrx2fz79n	4	0.9486832980505139	PASS
mechanism__angiogenesis_endothelial__curated_angiogenesis	GSE115978	23	0.4513099908772813	PASS
mechanism__angiogenesis_endothelial__curated_angiogenesis	GSE123813	23	0.5707223365543199	PASS
mechanism__angiogenesis_endothelial__curated_angiogenesis	GSE140228	21	0.5272727272727272	PASS
mechanism__angiogenesis_endothelial__curated_angiogenesis	GSE149614	10	0.8909090909090909	PASS
mechanism__angiogenesis_endothelial__curated_angiogenesis	GSE151530	23	0.8437964451560999	PASS
mechanism__angiogenesis_endothelial__curated_angiogenesis	GSE161801	8	0.8571428571428572	PASS
mechanism__angiogenesis_endothelial__curated_angiogenesis	GSE169246	23	0.7340584188967828	PASS
mechanism__angiogenesis_endothelial__curated_angiogenesis	GSE176021	13	0.42857142857142855	PASS
mechanism__angiogenesis_endothelial__curated_angiogenesis	GSE179994	4	1.0	PASS
mechanism__angiogenesis_endothelial__curated_angiogenesis	GSE189903	23	0.8798814718089384	PASS
mechanism__angiogenesis_endothelial__curated_angiogenesis	GSE200996	3	-0.5	PASS
mechanism__angiogenesis_endothelial__curated_angiogenesis	GSE205506	23	0.680672352067926	PASS
mechanism__angiogenesis_endothelial__curated_angiogenesis	GSE206325	8	0.9761904761904763	PASS
mechanism__angiogenesis_endothelial__curated_angiogenesis	GSE207422_sc	8	0.9523809523809524	PASS
mechanism__angiogenesis_endothelial__curated_angiogenesis	GSE225063	8	0.11904761904761905	PASS
mechanism__angiogenesis_endothelial__curated_angiogenesis	GSE232240	13	0.7950488951876541	PASS
mechanism__angiogenesis_endothelial__curated_angiogenesis	GSE235863_5pt_cd8	2		NOT_TESTABLE
mechanism__angiogenesis_endothelial__curated_angiogenesis	GSE235863_9pt_cd45	17	0.8602941176470589	PASS
mechanism__angiogenesis_endothelial__curated_angiogenesis	GSE243013	15	0.9357142857142854	PASS
mechanism__angiogenesis_endothelial__curated_angiogenesis	GSE246613	10	0.8909090909090909	PASS
mechanism__angiogenesis_endothelial__curated_angiogenesis	GSE249974	23	0.717251694154365	PASS
mechanism__angiogenesis_endothelial__curated_angiogenesis	GSE266919	18	0.8885448916408669	PASS
mechanism__angiogenesis_endothelial__curated_angiogenesis	GSE272734	2		NOT_TESTABLE
mechanism__angiogenesis_endothelial__curated_angiogenesis	GSE272735	8	0.3333333333333334	PASS
mechanism__angiogenesis_endothelial__curated_angiogenesis	GSE272993	8	-0.11904761904761905	PASS
mechanism__angiogenesis_endothelial__curated_angiogenesis	GSE273718	8	0.6666666666666669	PASS
mechanism__angiogenesis_endothelial__curated_angiogenesis	GSE284205	23	0.8808701026761394	PASS
mechanism__angiogenesis_endothelial__curated_angiogenesis	GSE286827	23	0.8833416798441421	PASS
mechanism__angiogenesis_endothelial__curated_angiogenesis	GSE288199	8	0.523809523809524	PASS
mechanism__angiogenesis_endothelial__curated_angiogenesis	GSE301741	13	0.9615384615384615	PASS
mechanism__angiogenesis_endothelial__curated_angiogenesis	LAMBRECHT_BRCA	20	0.8702520359694378	PASS
mechanism__angiogenesis_endothelial__curated_angiogenesis	LAMBRECHT_HCC	23	0.2624814952418799	PASS
mechanism__angiogenesis_endothelial__curated_angiogenesis	PRJCA001063	14	0.5692307692307692	PASS
mechanism__angiogenesis_endothelial__curated_angiogenesis	TASK01	23	0.8403362371208962	PASS
mechanism__angiogenesis_endothelial__curated_angiogenesis	TASK02	23	0.8156204654408697	PASS
mechanism__angiogenesis_endothelial__curated_angiogenesis	bi_2021_rcc	17	0.7550657371508422	PASS
mechanism__angiogenesis_endothelial__curated_angiogenesis	krishna_2021_rcc	8	0.8333333333333335	PASS
mechanism__angiogenesis_endothelial__curated_angiogenesis	lambrecht_hnscc	23	0.7521621183415761	PASS
mechanism__angiogenesis_endothelial__curated_angiogenesis	mendeley_skrx2fz79n	4	0.9486832980505139	PASS
mechanism__angiogenesis_endothelial__hallmark_angiogenesis	GSE115978	23	0.7243510728149811	PASS
mechanism__angiogenesis_endothelial__hallmark_angiogenesis	GSE123813	23	0.733201581027668	PASS
mechanism__angiogenesis_endothelial__hallmark_angiogenesis	GSE140228	21	0.8275414531941473	PASS
mechanism__angiogenesis_endothelial__hallmark_angiogenesis	GSE149614	10	0.8206724839680872	PASS
mechanism__angiogenesis_endothelial__hallmark_angiogenesis	GSE151530	23	0.9092707323595565	PASS
mechanism__angiogenesis_endothelial__hallmark_angiogenesis	GSE161801	8	0.7619047619047621	PASS
mechanism__angiogenesis_endothelial__hallmark_angiogenesis	GSE169246	23	0.7103312780839576	PASS
mechanism__angiogenesis_endothelial__hallmark_angiogenesis	GSE176021	13	0.5254475397260966	PASS
mechanism__angiogenesis_endothelial__hallmark_angiogenesis	GSE179994	4	-0.39999999999999997	PASS
mechanism__angiogenesis_endothelial__hallmark_angiogenesis	GSE189903	23	0.8640633779337215	PASS
mechanism__angiogenesis_endothelial__hallmark_angiogenesis	GSE200996	3	-0.5	PASS
mechanism__angiogenesis_endothelial__hallmark_angiogenesis	GSE205506	23	0.8882848341801474	PASS
mechanism__angiogenesis_endothelial__hallmark_angiogenesis	GSE206325	8	0.5000000000000001	PASS
mechanism__angiogenesis_endothelial__hallmark_angiogenesis	GSE207422_sc	8	0.9761904761904763	PASS
mechanism__angiogenesis_endothelial__hallmark_angiogenesis	GSE225063	8	-0.30952380952380953	PASS
mechanism__angiogenesis_endothelial__hallmark_angiogenesis	GSE232240	13	0.7307692307692307	PASS
mechanism__angiogenesis_endothelial__hallmark_angiogenesis	GSE235863_5pt_cd8	2		NOT_TESTABLE
mechanism__angiogenesis_endothelial__hallmark_angiogenesis	GSE235863_9pt_cd45	17	0.9576948458561223	PASS
mechanism__angiogenesis_endothelial__hallmark_angiogenesis	GSE243013	15	0.8571428571428571	PASS
mechanism__angiogenesis_endothelial__hallmark_angiogenesis	GSE246613	10	0.9636363636363635	PASS
mechanism__angiogenesis_endothelial__hallmark_angiogenesis	GSE249974	23	0.7124845705982169	PASS
mechanism__angiogenesis_endothelial__hallmark_angiogenesis	GSE266919	18	0.9685081311317065	PASS
mechanism__angiogenesis_endothelial__hallmark_angiogenesis	GSE272734	2		NOT_TESTABLE
mechanism__angiogenesis_endothelial__hallmark_angiogenesis	GSE272735	8	0.11904761904761905	PASS
mechanism__angiogenesis_endothelial__hallmark_angiogenesis	GSE272993	8	-0.3571428571428572	PASS
mechanism__angiogenesis_endothelial__hallmark_angiogenesis	GSE273718	8	0.3571428571428572	PASS
mechanism__angiogenesis_endothelial__hallmark_angiogenesis	GSE284205	23	0.8726823505245336	PASS
mechanism__angiogenesis_endothelial__hallmark_angiogenesis	GSE286827	23	0.8912507267817504	PASS
mechanism__angiogenesis_endothelial__hallmark_angiogenesis	GSE288199	8	0.11904761904761905	PASS
mechanism__angiogenesis_endothelial__hallmark_angiogenesis	GSE301741	13	0.9050902647638	PASS
mechanism__angiogenesis_endothelial__hallmark_angiogenesis	LAMBRECHT_BRCA	20	0.8736842105263156	PASS
mechanism__angiogenesis_endothelial__hallmark_angiogenesis	LAMBRECHT_HCC	23	0.39110013556085327	PASS
mechanism__angiogenesis_endothelial__hallmark_angiogenesis	PRJCA001063	14	0.767032967032967	PASS
mechanism__angiogenesis_endothelial__hallmark_angiogenesis	TASK01	23	0.8877905187465468	PASS
mechanism__angiogenesis_endothelial__hallmark_angiogenesis	TASK02	23	0.8393476062536952	PASS
mechanism__angiogenesis_endothelial__hallmark_angiogenesis	bi_2021_rcc	17	0.9404558612317807	PASS
mechanism__angiogenesis_endothelial__hallmark_angiogenesis	krishna_2021_rcc	8	0.8095238095238096	PASS
mechanism__angiogenesis_endothelial__hallmark_angiogenesis	lambrecht_hnscc	23	0.7694588819039645	PASS
mechanism__angiogenesis_endothelial__hallmark_angiogenesis	mendeley_skrx2fz79n	4	0.9486832980505139	PASS
mechanism__angiogenesis_endothelial__reactome_vegf	GSE115978	23	0.37518541410280015	PASS
mechanism__angiogenesis_endothelial__reactome_vegf	GSE123813	23	0.5503952569169961	PASS
mechanism__angiogenesis_endothelial__reactome_vegf	GSE140228	21	0.7090909090909091	PASS
mechanism__angiogenesis_endothelial__reactome_vegf	GSE149614	10	0.8303030303030302	PASS
mechanism__angiogenesis_endothelial__reactome_vegf	GSE151530	23	0.8454882829444491	PASS
mechanism__angiogenesis_endothelial__reactome_vegf	GSE161801	8	0.9047619047619048	PASS
mechanism__angiogenesis_endothelial__reactome_vegf	GSE169246	23	0.7780524924872297	PASS
mechanism__angiogenesis_endothelial__reactome_vegf	GSE176021	13	0.7857142857142857	PASS
mechanism__angiogenesis_endothelial__reactome_vegf	GSE179994	4	-0.39999999999999997	PASS
mechanism__angiogenesis_endothelial__reactome_vegf	GSE189903	23	0.6851211909703306	PASS
mechanism__angiogenesis_endothelial__reactome_vegf	GSE200996	3	-0.5	PASS
mechanism__angiogenesis_endothelial__reactome_vegf	GSE205506	23	0.7404845195335896	PASS
mechanism__angiogenesis_endothelial__reactome_vegf	GSE206325	8	0.7857142857142858	PASS
mechanism__angiogenesis_endothelial__reactome_vegf	GSE207422_sc	8	0.7857142857142858	PASS
mechanism__angiogenesis_endothelial__reactome_vegf	GSE225063	8	0.6190476190476191	PASS
mechanism__angiogenesis_endothelial__reactome_vegf	GSE232240	13	0.8076923076923077	PASS
mechanism__angiogenesis_endothelial__reactome_vegf	GSE235863_5pt_cd8	2		NOT_TESTABLE
mechanism__angiogenesis_endothelial__reactome_vegf	GSE235863_9pt_cd45	17	0.4803921568627451	PASS
mechanism__angiogenesis_endothelial__reactome_vegf	GSE243013	15	0.8678571428571429	PASS
mechanism__angiogenesis_endothelial__reactome_vegf	GSE246613	10	0.9393939393939393	PASS
mechanism__angiogenesis_endothelial__reactome_vegf	GSE249974	23	0.5032131114053366	PASS
mechanism__angiogenesis_endothelial__reactome_vegf	GSE266919	18	0.8369453044375645	PASS
mechanism__angiogenesis_endothelial__reactome_vegf	GSE272734	2		NOT_TESTABLE
mechanism__angiogenesis_endothelial__reactome_vegf	GSE272735	8	0.6428571428571429	PASS
mechanism__angiogenesis_endothelial__reactome_vegf	GSE272993	8	0.4047619047619048	PASS
mechanism__angiogenesis_endothelial__reactome_vegf	GSE273718	8	0.6190476190476191	PASS
mechanism__angiogenesis_endothelial__reactome_vegf	GSE284205	23	0.7602571368776108	PASS
mechanism__angiogenesis_endothelial__reactome_vegf	GSE286827	23	0.8136432037064678	PASS
mechanism__angiogenesis_endothelial__reactome_vegf	GSE288199	8	-0.07142857142857144	PASS
mechanism__angiogenesis_endothelial__reactome_vegf	GSE301741	13	0.9340659340659341	PASS
mechanism__angiogenesis_endothelial__reactome_vegf	LAMBRECHT_BRCA	20	0.7984962406015037	PASS
mechanism__angiogenesis_endothelial__reactome_vegf	LAMBRECHT_HCC	23	0.5343549837221699	PASS
mechanism__angiogenesis_endothelial__reactome_vegf	PRJCA001063	14	0.7538461538461538	PASS
mechanism__angiogenesis_endothelial__reactome_vegf	TASK01	23	0.7414731504007909	PASS
mechanism__angiogenesis_endothelial__reactome_vegf	TASK02	23	0.5946614666214342	PASS
mechanism__angiogenesis_endothelial__reactome_vegf	bi_2021_rcc	17	0.3474530140059973	PASS
mechanism__angiogenesis_endothelial__reactome_vegf	krishna_2021_rcc	8	0.4523809523809524	PASS
mechanism__angiogenesis_endothelial__reactome_vegf	lambrecht_hnscc	23	0.7694588819039645	PASS
mechanism__angiogenesis_endothelial__reactome_vegf	mendeley_skrx2fz79n	4	0.9486832980505139	PASS
mechanism__apc_ifn_apm__curated_antigen_presentation	GSE115978	23	0.781018385088833	PASS
mechanism__apc_ifn_apm__curated_antigen_presentation	GSE123813	23	0.8260869565217392	PASS
mechanism__apc_ifn_apm__curated_antigen_presentation	GSE140228	21	0.8155844155844156	PASS
mechanism__apc_ifn_apm__curated_antigen_presentation	GSE149614	10	0.8303030303030302	PASS
mechanism__apc_ifn_apm__curated_antigen_presentation	GSE151530	23	0.9658923572554302	PASS
mechanism__apc_ifn_apm__curated_antigen_presentation	GSE161801	8	0.4761904761904762	PASS
mechanism__apc_ifn_apm__curated_antigen_presentation	GSE169246	23	0.7157687478535633	PASS
mechanism__apc_ifn_apm__curated_antigen_presentation	GSE176021	13	0.6538461538461539	PASS
mechanism__apc_ifn_apm__curated_antigen_presentation	GSE179994	4	0.7999999999999999	PASS
mechanism__apc_ifn_apm__curated_antigen_presentation	GSE189903	23	0.8660406396681237	PASS
mechanism__apc_ifn_apm__curated_antigen_presentation	GSE200996	3	-1.0	PASS
mechanism__apc_ifn_apm__curated_antigen_presentation	GSE205506	23	0.9391993238410016	PASS
mechanism__apc_ifn_apm__curated_antigen_presentation	GSE206325	8	0.880952380952381	PASS
mechanism__apc_ifn_apm__curated_antigen_presentation	GSE207422_sc	8	0.9047619047619048	PASS
mechanism__apc_ifn_apm__curated_antigen_presentation	GSE225063	8	0.30952380952380953	PASS
mechanism__apc_ifn_apm__curated_antigen_presentation	GSE232240	13	0.6043956043956044	PASS
mechanism__apc_ifn_apm__curated_antigen_presentation	GSE235863_5pt_cd8	2		NOT_TESTABLE
mechanism__apc_ifn_apm__curated_antigen_presentation	GSE235863_9pt_cd45	17	0.8700980392156864	PASS
mechanism__apc_ifn_apm__curated_antigen_presentation	GSE243013	15	0.6071428571428571	PASS
mechanism__apc_ifn_apm__curated_antigen_presentation	GSE246613	10	0.9878787878787878	PASS
mechanism__apc_ifn_apm__curated_antigen_presentation	GSE249974	23	0.6050420907270453	PASS
mechanism__apc_ifn_apm__curated_antigen_presentation	GSE266919	18	0.8224974200206397	PASS
mechanism__apc_ifn_apm__curated_antigen_presentation	GSE272734	2		NOT_TESTABLE
mechanism__apc_ifn_apm__curated_antigen_presentation	GSE272735	8	0.7380952380952381	PASS
mechanism__apc_ifn_apm__curated_antigen_presentation	GSE272993	8	0.19047619047619052	PASS
mechanism__apc_ifn_apm__curated_antigen_presentation	GSE273718	8	0.523809523809524	PASS
mechanism__apc_ifn_apm__curated_antigen_presentation	GSE284205	23	0.9510628942474142	PASS
mechanism__apc_ifn_apm__curated_antigen_presentation	GSE286827	23	0.94710837077861	PASS
mechanism__apc_ifn_apm__curated_antigen_presentation	GSE288199	8	0.4761904761904762	PASS
mechanism__apc_ifn_apm__curated_antigen_presentation	GSE301741	13	0.6593406593406593	PASS
mechanism__apc_ifn_apm__curated_antigen_presentation	LAMBRECHT_BRCA	20	0.875187969924812	PASS
mechanism__apc_ifn_apm__curated_antigen_presentation	LAMBRECHT_HCC	23	0.8245181432456795	PASS
mechanism__apc_ifn_apm__curated_antigen_presentation	PRJCA001063	14	0.9252747252747253	PASS
mechanism__apc_ifn_apm__curated_antigen_presentation	TASK01	23	0.9342561695049963	PASS
mechanism__apc_ifn_apm__curated_antigen_presentation	TASK02	23	0.9332675386377953	PASS
mechanism__apc_ifn_apm__curated_antigen_presentation	bi_2021_rcc	17	0.8950291420861204	PASS
mechanism__apc_ifn_apm__curated_antigen_presentation	krishna_2021_rcc	8	0.9285714285714287	PASS
mechanism__apc_ifn_apm__curated_antigen_presentation	lambrecht_hnscc	23	0.7816205533596838	PASS
mechanism__apc_ifn_apm__curated_antigen_presentation	mendeley_skrx2fz79n	4	0.316227766016838	PASS
mechanism__apc_ifn_apm__curated_apc_dc_activation	GSE115978	23	0.43559951887371906	PASS
mechanism__apc_ifn_apm__curated_apc_dc_activation	GSE123813	23	0.724308300395257	PASS
mechanism__apc_ifn_apm__curated_apc_dc_activation	GSE140228	21	0.8272727272727272	PASS
mechanism__apc_ifn_apm__curated_apc_dc_activation	GSE149614	10	0.9151515151515152	PASS
mechanism__apc_ifn_apm__curated_apc_dc_activation	GSE151530	23	0.9322789077705943	PASS
mechanism__apc_ifn_apm__curated_apc_dc_activation	GSE161801	8	0.5149792926227014	PASS
mechanism__apc_ifn_apm__curated_apc_dc_activation	GSE169246	23	0.4370828316508145	PASS
mechanism__apc_ifn_apm__curated_apc_dc_activation	GSE176021	13	0.7857142857142857	PASS
mechanism__apc_ifn_apm__curated_apc_dc_activation	GSE179994	4	-0.39999999999999997	PASS
mechanism__apc_ifn_apm__curated_apc_dc_activation	GSE189903	23	0.8960911537333026	PASS
mechanism__apc_ifn_apm__curated_apc_dc_activation	GSE200996	3	0.5	PASS
mechanism__apc_ifn_apm__curated_apc_dc_activation	GSE205506	23	0.7983194252648513	PASS
mechanism__apc_ifn_apm__curated_apc_dc_activation	GSE206325	8	0.9047619047619048	PASS
mechanism__apc_ifn_apm__curated_apc_dc_activation	GSE207422_sc	8	0.9047619047619048	PASS
mechanism__apc_ifn_apm__curated_apc_dc_activation	GSE225063	8	0.6347419188140273	PASS
mechanism__apc_ifn_apm__curated_apc_dc_activation	GSE232240	13	0.6519951147386644	PASS
mechanism__apc_ifn_apm__curated_apc_dc_activation	GSE235863_5pt_cd8	2		NOT_TESTABLE
mechanism__apc_ifn_apm__curated_apc_dc_activation	GSE235863_9pt_cd45	17	0.8480392156862745	PASS
mechanism__apc_ifn_apm__curated_apc_dc_activation	GSE243013	15	0.473637365178064	PASS
mechanism__apc_ifn_apm__curated_apc_dc_activation	GSE246613	10	0.9757575757575757	PASS
mechanism__apc_ifn_apm__curated_apc_dc_activation	GSE249974	23	0.43411620609662355	PASS
mechanism__apc_ifn_apm__curated_apc_dc_activation	GSE266919	18	0.6690759797157205	PASS
mechanism__apc_ifn_apm__curated_apc_dc_activation	GSE272734	2		NOT_TESTABLE
mechanism__apc_ifn_apm__curated_apc_dc_activation	GSE272735	8	0.6347419188140273	PASS
mechanism__apc_ifn_apm__curated_apc_dc_activation	GSE272993	8	0.467074242146171	PASS
mechanism__apc_ifn_apm__curated_apc_dc_activation	GSE273718	8	0.6428571428571429	PASS
mechanism__apc_ifn_apm__curated_apc_dc_activation	GSE284205	23	0.9055858743561658	PASS
mechanism__apc_ifn_apm__curated_apc_dc_activation	GSE286827	23	0.8942166193833537	PASS
mechanism__apc_ifn_apm__curated_apc_dc_activation	GSE288199	8	0.4047619047619048	PASS
mechanism__apc_ifn_apm__curated_apc_dc_activation	GSE301741	13	0.7087912087912087	PASS
mechanism__apc_ifn_apm__curated_apc_dc_activation	LAMBRECHT_BRCA	20	0.825563909774436	PASS
mechanism__apc_ifn_apm__curated_apc_dc_activation	LAMBRECHT_HCC	23	0.8578492227535782	PASS
mechanism__apc_ifn_apm__curated_apc_dc_activation	PRJCA001063	14	0.8505494505494505	PASS
mechanism__apc_ifn_apm__curated_apc_dc_activation	TASK01	23	0.9038319188435395	PASS
mechanism__apc_ifn_apm__curated_apc_dc_activation	TASK02	23	0.8964153549580619	PASS
mechanism__apc_ifn_apm__curated_apc_dc_activation	bi_2021_rcc	17	0.899940138750516	PASS
mechanism__apc_ifn_apm__curated_apc_dc_activation	krishna_2021_rcc	8	0.9047619047619048	PASS
mechanism__apc_ifn_apm__curated_apc_dc_activation	lambrecht_hnscc	23	0.4857919594807944	PASS
mechanism__apc_ifn_apm__curated_apc_dc_activation	mendeley_skrx2fz79n	4	0.316227766016838	PASS
mechanism__apc_ifn_apm__curated_ifn_response	GSE115978	23	0.17898640843619326	PASS
mechanism__apc_ifn_apm__curated_ifn_response	GSE123813	23	0.3303661358910621	PASS
mechanism__apc_ifn_apm__curated_ifn_response	GSE140228	21	0.6606041270788445	PASS
mechanism__apc_ifn_apm__curated_ifn_response	GSE149614	10	-0.28484848484848485	PASS
mechanism__apc_ifn_apm__curated_ifn_response	GSE151530	23	0.7956458173402267	PASS
mechanism__apc_ifn_apm__curated_ifn_response	GSE161801	8	0.8333333333333335	PASS
mechanism__apc_ifn_apm__curated_ifn_response	GSE169246	23	0.5720642943665073	PASS
mechanism__apc_ifn_apm__curated_ifn_response	GSE176021	13	-0.15934065934065936	PASS
mechanism__apc_ifn_apm__curated_ifn_response	GSE179994	4	-0.39999999999999997	PASS
mechanism__apc_ifn_apm__curated_ifn_response	GSE189903	23	0.744680942224528	PASS
mechanism__apc_ifn_apm__curated_ifn_response	GSE200996	3	0.5	PASS
mechanism__apc_ifn_apm__curated_ifn_response	GSE205506	23	0.5665512816259699	PASS
mechanism__apc_ifn_apm__curated_ifn_response	GSE206325	8	0.34731161595484505	PASS
mechanism__apc_ifn_apm__curated_ifn_response	GSE207422_sc	8	0.6428571428571429	PASS
mechanism__apc_ifn_apm__curated_ifn_response	GSE225063	8	0.2142857142857143	PASS
mechanism__apc_ifn_apm__curated_ifn_response	GSE232240	13	0.5469696739087315	PASS
mechanism__apc_ifn_apm__curated_ifn_response	GSE235863_5pt_cd8	2		NOT_TESTABLE
mechanism__apc_ifn_apm__curated_ifn_response	GSE235863_9pt_cd45	17	0.6989578260409599	PASS
mechanism__apc_ifn_apm__curated_ifn_response	GSE243013	15	0.9365508654841718	PASS
mechanism__apc_ifn_apm__curated_ifn_response	GSE246613	10	0.6747751534848716	PASS
mechanism__apc_ifn_apm__curated_ifn_response	GSE249974	23	0.7050680067127393	PASS
mechanism__apc_ifn_apm__curated_ifn_response	GSE266919	18	0.5186791759926926	PASS
mechanism__apc_ifn_apm__curated_ifn_response	GSE272734	2		NOT_TESTABLE
mechanism__apc_ifn_apm__curated_ifn_response	GSE272735	8	0.01197626261913259	PASS
mechanism__apc_ifn_apm__curated_ifn_response	GSE272993	8	0.09523809523809526	PASS
mechanism__apc_ifn_apm__curated_ifn_response	GSE273718	8	0.37126414119311024	PASS
mechanism__apc_ifn_apm__curated_ifn_response	GSE284205	23	0.6407719735420359	PASS
mechanism__apc_ifn_apm__curated_ifn_response	GSE286827	23	0.7313212176796363	PASS
mechanism__apc_ifn_apm__curated_ifn_response	GSE288199	8	0.3333333333333334	PASS
mechanism__apc_ifn_apm__curated_ifn_response	GSE301741	13	0.5911692435175179	PASS
mechanism__apc_ifn_apm__curated_ifn_response	LAMBRECHT_BRCA	20	0.6769695166172881	PASS
mechanism__apc_ifn_apm__curated_ifn_response	LAMBRECHT_HCC	23	0.3504696424227738	PASS
mechanism__apc_ifn_apm__curated_ifn_response	PRJCA001063	14	0.18701881503923706	PASS
mechanism__apc_ifn_apm__curated_ifn_response	TASK01	23	0.7721207072840234	PASS
mechanism__apc_ifn_apm__curated_ifn_response	TASK02	23	0.6254635543419461	PASS
mechanism__apc_ifn_apm__curated_ifn_response	bi_2021_rcc	17	0.6044230605250323	PASS
mechanism__apc_ifn_apm__curated_ifn_response	krishna_2021_rcc	8	0.5476190476190477	PASS
mechanism__apc_ifn_apm__curated_ifn_response	lambrecht_hnscc	23	0.5909090909090909	PASS
mechanism__apc_ifn_apm__curated_ifn_response	mendeley_skrx2fz79n	4	0.8333333333333335	PASS
mechanism__apc_ifn_apm__hallmark_ifn_alpha	GSE115978	23	0.2743450656482926	PASS
mechanism__apc_ifn_apm__hallmark_ifn_alpha	GSE123813	23	0.4120553359683795	PASS
mechanism__apc_ifn_apm__hallmark_ifn_alpha	GSE140228	21	0.7701298701298702	PASS
mechanism__apc_ifn_apm__hallmark_ifn_alpha	GSE149614	10	0.9393939393939393	PASS
mechanism__apc_ifn_apm__hallmark_ifn_alpha	GSE151530	23	0.5482435109533403	PASS
mechanism__apc_ifn_apm__hallmark_ifn_alpha	GSE161801	8	0.8095238095238096	PASS
mechanism__apc_ifn_apm__hallmark_ifn_alpha	GSE169246	23	0.49245984199571413	PASS
mechanism__apc_ifn_apm__hallmark_ifn_alpha	GSE176021	13	0.8610737169333417	PASS
mechanism__apc_ifn_apm__hallmark_ifn_alpha	GSE179994	4	0.39999999999999997	PASS
mechanism__apc_ifn_apm__hallmark_ifn_alpha	GSE189903	23	0.5984174085064293	PASS
mechanism__apc_ifn_apm__hallmark_ifn_alpha	GSE200996	3	-0.5	PASS
mechanism__apc_ifn_apm__hallmark_ifn_alpha	GSE205506	23	0.7340584188967828	PASS
mechanism__apc_ifn_apm__hallmark_ifn_alpha	GSE206325	8	0.8571428571428572	PASS
mechanism__apc_ifn_apm__hallmark_ifn_alpha	GSE207422_sc	8	0.9047619047619048	PASS
mechanism__apc_ifn_apm__hallmark_ifn_alpha	GSE225063	8	0.6666666666666669	PASS
mechanism__apc_ifn_apm__hallmark_ifn_alpha	GSE232240	13	0.5089413342896748	PASS
mechanism__apc_ifn_apm__hallmark_ifn_alpha	GSE235863_5pt_cd8	2		NOT_TESTABLE
mechanism__apc_ifn_apm__hallmark_ifn_alpha	GSE235863_9pt_cd45	17	0.5588235294117647	PASS
mechanism__apc_ifn_apm__hallmark_ifn_alpha	GSE243013	15	0.7703309599688513	PASS
mechanism__apc_ifn_apm__hallmark_ifn_alpha	GSE246613	10	0.8875420937728943	PASS
mechanism__apc_ifn_apm__hallmark_ifn_alpha	GSE249974	23	0.6261127596439169	PASS
mechanism__apc_ifn_apm__hallmark_ifn_alpha	GSE266919	18	0.7254901960784313	PASS
mechanism__apc_ifn_apm__hallmark_ifn_alpha	GSE272734	2		NOT_TESTABLE
mechanism__apc_ifn_apm__hallmark_ifn_alpha	GSE272735	8	0.9523809523809524	PASS
mechanism__apc_ifn_apm__hallmark_ifn_alpha	GSE272993	8	0.5952380952380953	PASS
mechanism__apc_ifn_apm__hallmark_ifn_alpha	GSE273718	8	0.3571428571428572	PASS
mechanism__apc_ifn_apm__hallmark_ifn_alpha	GSE284205	23	0.5087762825437648	PASS
mechanism__apc_ifn_apm__hallmark_ifn_alpha	GSE286827	23	0.6505191106182937	PASS
mechanism__apc_ifn_apm__hallmark_ifn_alpha	GSE288199	8	-0.27545404024004955	PASS
mechanism__apc_ifn_apm__hallmark_ifn_alpha	GSE301741	13	0.7989011030766674	PASS
mechanism__apc_ifn_apm__hallmark_ifn_alpha	LAMBRECHT_BRCA	20	0.793984962406015	PASS
mechanism__apc_ifn_apm__hallmark_ifn_alpha	LAMBRECHT_HCC	23	0.5453646643787878	PASS
mechanism__apc_ifn_apm__hallmark_ifn_alpha	PRJCA001063	14	0.8272832288794485	PASS
mechanism__apc_ifn_apm__hallmark_ifn_alpha	TASK01	23	0.6605686233998737	PASS
mechanism__apc_ifn_apm__hallmark_ifn_alpha	TASK02	23	0.6551298098838567	PASS
mechanism__apc_ifn_apm__hallmark_ifn_alpha	bi_2021_rcc	17	0.6286075730426524	PASS
mechanism__apc_ifn_apm__hallmark_ifn_alpha	krishna_2021_rcc	8	0.8571428571428572	PASS
mechanism__apc_ifn_apm__hallmark_ifn_alpha	lambrecht_hnscc	23	0.5609093326660242	PASS
mechanism__apc_ifn_apm__hallmark_ifn_alpha	mendeley_skrx2fz79n	4	0.9486832980505139	PASS
mechanism__apc_ifn_apm__hallmark_ifn_gamma	GSE115978	23	0.407416576108904	PASS
mechanism__apc_ifn_apm__hallmark_ifn_gamma	GSE123813	23	0.3764822134387352	PASS
mechanism__apc_ifn_apm__hallmark_ifn_gamma	GSE140228	21	0.7831168831168831	PASS
mechanism__apc_ifn_apm__hallmark_ifn_gamma	GSE149614	10	0.8303030303030302	PASS
mechanism__apc_ifn_apm__hallmark_ifn_gamma	GSE151530	23	0.7666832375144176	PASS
mechanism__apc_ifn_apm__hallmark_ifn_gamma	GSE161801	8	0.8095238095238096	PASS
mechanism__apc_ifn_apm__hallmark_ifn_gamma	GSE169246	23	0.5763717955782147	PASS
mechanism__apc_ifn_apm__hallmark_ifn_gamma	GSE176021	13	0.9780219780219779	PASS
mechanism__apc_ifn_apm__hallmark_ifn_gamma	GSE179994	4	0.39999999999999997	PASS
mechanism__apc_ifn_apm__hallmark_ifn_gamma	GSE189903	23	0.6727633051303176	PASS
mechanism__apc_ifn_apm__hallmark_ifn_gamma	GSE200996	3	-0.5	PASS
mechanism__apc_ifn_apm__hallmark_ifn_gamma	GSE205506	23	0.7856613342682629	PASS
mechanism__apc_ifn_apm__hallmark_ifn_gamma	GSE206325	8	0.8333333333333335	PASS
mechanism__apc_ifn_apm__hallmark_ifn_gamma	GSE207422_sc	8	0.9285714285714287	PASS
mechanism__apc_ifn_apm__hallmark_ifn_gamma	GSE225063	8	0.7619047619047621	PASS
mechanism__apc_ifn_apm__hallmark_ifn_gamma	GSE232240	13	0.7087912087912087	PASS
mechanism__apc_ifn_apm__hallmark_ifn_gamma	GSE235863_5pt_cd8	2		NOT_TESTABLE
mechanism__apc_ifn_apm__hallmark_ifn_gamma	GSE235863_9pt_cd45	17	0.6348039215686275	PASS
mechanism__apc_ifn_apm__hallmark_ifn_gamma	GSE243013	15	0.7714285714285712	PASS
mechanism__apc_ifn_apm__hallmark_ifn_gamma	GSE246613	10	0.8666666666666665	PASS
mechanism__apc_ifn_apm__hallmark_ifn_gamma	GSE249974	23	0.5808206344806195	PASS
mechanism__apc_ifn_apm__hallmark_ifn_gamma	GSE266919	18	0.7007223942208461	PASS
mechanism__apc_ifn_apm__hallmark_ifn_gamma	GSE272734	2		NOT_TESTABLE
mechanism__apc_ifn_apm__hallmark_ifn_gamma	GSE272735	8	0.9285714285714287	PASS
mechanism__apc_ifn_apm__hallmark_ifn_gamma	GSE272993	8	0.7619047619047621	PASS
mechanism__apc_ifn_apm__hallmark_ifn_gamma	GSE273718	8	0.4285714285714286	PASS
mechanism__apc_ifn_apm__hallmark_ifn_gamma	GSE284205	23	0.7498765127719997	PASS
mechanism__apc_ifn_apm__hallmark_ifn_gamma	GSE286827	23	0.7928819554952455	PASS
mechanism__apc_ifn_apm__hallmark_ifn_gamma	GSE288199	8	-0.04761904761904763	PASS
mechanism__apc_ifn_apm__hallmark_ifn_gamma	GSE301741	13	0.8186813186813187	PASS
mechanism__apc_ifn_apm__hallmark_ifn_gamma	LAMBRECHT_BRCA	20	0.8736842105263156	PASS
mechanism__apc_ifn_apm__hallmark_ifn_gamma	LAMBRECHT_HCC	23	0.5753831647110137	PASS
mechanism__apc_ifn_apm__hallmark_ifn_gamma	PRJCA001063	14	0.7978021978021977	PASS
mechanism__apc_ifn_apm__hallmark_ifn_gamma	TASK01	23	0.7123085398183596	PASS
mechanism__apc_ifn_apm__hallmark_ifn_gamma	TASK02	23	0.6323856806350586	PASS
mechanism__apc_ifn_apm__hallmark_ifn_gamma	bi_2021_rcc	17	0.6298353222087514	PASS
mechanism__apc_ifn_apm__hallmark_ifn_gamma	krishna_2021_rcc	8	0.8571428571428572	PASS
mechanism__apc_ifn_apm__hallmark_ifn_gamma	lambrecht_hnscc	23	0.6274703557312253	PASS
mechanism__apc_ifn_apm__hallmark_ifn_gamma	mendeley_skrx2fz79n	4	0.316227766016838	PASS
mechanism__apc_ifn_apm__reactome_ifn_alpha_beta	GSE115978	23	0.41571927965804334	PASS
mechanism__apc_ifn_apm__reactome_ifn_alpha_beta	GSE123813	23	0.6403162055335968	PASS
mechanism__apc_ifn_apm__reactome_ifn_alpha_beta	GSE140228	21	0.8506493506493505	PASS
mechanism__apc_ifn_apm__reactome_ifn_alpha_beta	GSE149614	10	0.9118583155200968	PASS
mechanism__apc_ifn_apm__reactome_ifn_alpha_beta	GSE151530	23	0.4799802860261119	PASS
mechanism__apc_ifn_apm__reactome_ifn_alpha_beta	GSE161801	8	0.6666666666666669	PASS
mechanism__apc_ifn_apm__reactome_ifn_alpha_beta	GSE169246	23	0.3667820517315911	PASS
mechanism__apc_ifn_apm__reactome_ifn_alpha_beta	GSE176021	13	0.7032967032967032	PASS
mechanism__apc_ifn_apm__reactome_ifn_alpha_beta	GSE179994	4	0.6000000000000001	PASS
mechanism__apc_ifn_apm__reactome_ifn_alpha_beta	GSE189903	23	0.4532872526116834	PASS
mechanism__apc_ifn_apm__reactome_ifn_alpha_beta	GSE200996	3	0.5	PASS
mechanism__apc_ifn_apm__reactome_ifn_alpha_beta	GSE205506	23	0.7192289558887671	PASS
mechanism__apc_ifn_apm__reactome_ifn_alpha_beta	GSE206325	8	0.6428571428571429	PASS
mechanism__apc_ifn_apm__reactome_ifn_alpha_beta	GSE207422_sc	8	0.8333333333333335	PASS
mechanism__apc_ifn_apm__reactome_ifn_alpha_beta	GSE225063	8	0.8333333333333335	PASS
mechanism__apc_ifn_apm__reactome_ifn_alpha_beta	GSE232240	13	0.26373626373626374	PASS
mechanism__apc_ifn_apm__reactome_ifn_alpha_beta	GSE235863_5pt_cd8	2		NOT_TESTABLE
mechanism__apc_ifn_apm__reactome_ifn_alpha_beta	GSE235863_9pt_cd45	17	0.7352941176470589	PASS
mechanism__apc_ifn_apm__reactome_ifn_alpha_beta	GSE243013	15	0.782142857142857	PASS
mechanism__apc_ifn_apm__reactome_ifn_alpha_beta	GSE246613	10	0.7575757575757575	PASS
mechanism__apc_ifn_apm__reactome_ifn_alpha_beta	GSE249974	23	0.39347508514601964	PASS
mechanism__apc_ifn_apm__reactome_ifn_alpha_beta	GSE266919	18	0.6016511867905057	PASS
mechanism__apc_ifn_apm__reactome_ifn_alpha_beta	GSE272734	2		NOT_TESTABLE
mechanism__apc_ifn_apm__reactome_ifn_alpha_beta	GSE272735	8	0.7619047619047621	PASS
mechanism__apc_ifn_apm__reactome_ifn_alpha_beta	GSE272993	8	0.6190476190476191	PASS
mechanism__apc_ifn_apm__reactome_ifn_alpha_beta	GSE273718	8	0.4047619047619048	PASS
mechanism__apc_ifn_apm__reactome_ifn_alpha_beta	GSE284205	23	0.435986212435665	PASS
mechanism__apc_ifn_apm__reactome_ifn_alpha_beta	GSE286827	23	0.646070271715889	PASS
mechanism__apc_ifn_apm__reactome_ifn_alpha_beta	GSE288199	8	-0.09523809523809526	PASS
mechanism__apc_ifn_apm__reactome_ifn_alpha_beta	GSE301741	13	0.6868131868131868	PASS
mechanism__apc_ifn_apm__reactome_ifn_alpha_beta	LAMBRECHT_BRCA	20	0.8341482349957705	PASS
mechanism__apc_ifn_apm__reactome_ifn_alpha_beta	LAMBRECHT_HCC	23	0.6534850032198969	PASS
mechanism__apc_ifn_apm__reactome_ifn_alpha_beta	PRJCA001063	14	0.6263736263736264	PASS
mechanism__apc_ifn_apm__reactome_ifn_alpha_beta	TASK01	23	0.5872467351174263	PASS
mechanism__apc_ifn_apm__reactome_ifn_alpha_beta	TASK02	23	0.4537815680452839	PASS
mechanism__apc_ifn_apm__reactome_ifn_alpha_beta	bi_2021_rcc	17	0.5966860947240802	PASS
mechanism__apc_ifn_apm__reactome_ifn_alpha_beta	krishna_2021_rcc	8	0.8571428571428572	PASS
mechanism__apc_ifn_apm__reactome_ifn_alpha_beta	lambrecht_hnscc	23	0.6719367588932806	PASS
mechanism__apc_ifn_apm__reactome_ifn_alpha_beta	mendeley_skrx2fz79n	4	-0.632455532033676	PASS
mechanism__apc_ifn_apm__reactome_ifn_gamma	GSE115978	23	0.3850717227748107	PASS
mechanism__apc_ifn_apm__reactome_ifn_gamma	GSE123813	23	0.4041501976284585	PASS
mechanism__apc_ifn_apm__reactome_ifn_gamma	GSE140228	21	0.7506493506493507	PASS
mechanism__apc_ifn_apm__reactome_ifn_gamma	GSE149614	10	0.8545454545454544	PASS
mechanism__apc_ifn_apm__reactome_ifn_gamma	GSE151530	23	0.8289669821480842	PASS
mechanism__apc_ifn_apm__reactome_ifn_gamma	GSE161801	8	0.880952380952381	PASS
mechanism__apc_ifn_apm__reactome_ifn_gamma	GSE169246	23	0.6203658691686617	PASS
mechanism__apc_ifn_apm__reactome_ifn_gamma	GSE176021	13	0.967032967032967	PASS
mechanism__apc_ifn_apm__reactome_ifn_gamma	GSE179994	4	0.39999999999999997	PASS
mechanism__apc_ifn_apm__reactome_ifn_gamma	GSE189903	23	0.7765695461864282	PASS
mechanism__apc_ifn_apm__reactome_ifn_gamma	GSE200996	3	-0.5	PASS
mechanism__apc_ifn_apm__reactome_ifn_gamma	GSE205506	23	0.8022739487336557	PASS
mechanism__apc_ifn_apm__reactome_ifn_gamma	GSE206325	8	0.7619047619047621	PASS
mechanism__apc_ifn_apm__reactome_ifn_gamma	GSE207422_sc	8	0.9761904761904763	PASS
mechanism__apc_ifn_apm__reactome_ifn_gamma	GSE225063	8	0.9047619047619048	PASS
mechanism__apc_ifn_apm__reactome_ifn_gamma	GSE232240	13	0.6428571428571429	PASS
mechanism__apc_ifn_apm__reactome_ifn_gamma	GSE235863_5pt_cd8	2		NOT_TESTABLE
mechanism__apc_ifn_apm__reactome_ifn_gamma	GSE235863_9pt_cd45	17	0.7769607843137256	PASS
mechanism__apc_ifn_apm__reactome_ifn_gamma	GSE243013	15	0.6464285714285712	PASS
mechanism__apc_ifn_apm__reactome_ifn_gamma	GSE246613	10	0.9515151515151514	PASS
mechanism__apc_ifn_apm__reactome_ifn_gamma	GSE249974	23	0.47899165515891085	PASS
mechanism__apc_ifn_apm__reactome_ifn_gamma	GSE266919	18	0.6738906088751291	PASS
mechanism__apc_ifn_apm__reactome_ifn_gamma	GSE272734	2		NOT_TESTABLE
mechanism__apc_ifn_apm__reactome_ifn_gamma	GSE272735	8	0.8333333333333335	PASS
mechanism__apc_ifn_apm__reactome_ifn_gamma	GSE272993	8	0.8095238095238096	PASS
mechanism__apc_ifn_apm__reactome_ifn_gamma	GSE273718	8	0.3333333333333334	PASS
mechanism__apc_ifn_apm__reactome_ifn_gamma	GSE284205	23	0.7849729085576372	PASS
mechanism__apc_ifn_apm__reactome_ifn_gamma	GSE286827	23	0.8783985255081369	PASS
mechanism__apc_ifn_apm__reactome_ifn_gamma	GSE288199	8	0.09523809523809526	PASS
mechanism__apc_ifn_apm__reactome_ifn_gamma	GSE301741	13	0.8296703296703297	PASS
mechanism__apc_ifn_apm__reactome_ifn_gamma	LAMBRECHT_BRCA	20	0.8451127819548873	PASS
mechanism__apc_ifn_apm__reactome_ifn_gamma	LAMBRECHT_HCC	23	0.6371725939110795	PASS
mechanism__apc_ifn_apm__reactome_ifn_gamma	PRJCA001063	14	0.8593406593406594	PASS
mechanism__apc_ifn_apm__reactome_ifn_gamma	TASK01	23	0.835393082784891	PASS
mechanism__apc_ifn_apm__reactome_ifn_gamma	TASK02	23	0.7815127005224334	PASS
mechanism__apc_ifn_apm__reactome_ifn_gamma	bi_2021_rcc	17	0.7157777638356765	PASS
mechanism__apc_ifn_apm__reactome_ifn_gamma	krishna_2021_rcc	8	0.9285714285714287	PASS
mechanism__apc_ifn_apm__reactome_ifn_gamma	lambrecht_hnscc	23	0.49011857707509887	PASS
mechanism__apc_ifn_apm__reactome_ifn_gamma	mendeley_skrx2fz79n	4	0.316227766016838	PASS
mechanism__apc_ifn_apm__reactome_mhc_i	GSE115978	23	0.517548258979752	PASS
mechanism__apc_ifn_apm__reactome_mhc_i	GSE123813	23	0.6699604743083005	PASS
mechanism__apc_ifn_apm__reactome_mhc_i	GSE140228	21	0.857142857142857	PASS
mechanism__apc_ifn_apm__reactome_mhc_i	GSE149614	10	0.8753839828992931	PASS
mechanism__apc_ifn_apm__reactome_mhc_i	GSE151530	23	0.5704400103750084	PASS
mechanism__apc_ifn_apm__reactome_mhc_i	GSE161801	8	0.5952380952380953	PASS
mechanism__apc_ifn_apm__reactome_mhc_i	GSE169246	23	0.6900643453063359	PASS
mechanism__apc_ifn_apm__reactome_mhc_i	GSE176021	13	0.6648351648351648	PASS
mechanism__apc_ifn_apm__reactome_mhc_i	GSE179994	4	-0.39999999999999997	PASS
mechanism__apc_ifn_apm__reactome_mhc_i	GSE189903	23	0.46070198411569135	PASS
mechanism__apc_ifn_apm__reactome_mhc_i	GSE200996	3	-0.5	PASS
mechanism__apc_ifn_apm__reactome_mhc_i	GSE205506	23	0.7894217474600419	PASS
mechanism__apc_ifn_apm__reactome_mhc_i	GSE206325	8	0.8095238095238096	PASS
mechanism__apc_ifn_apm__reactome_mhc_i	GSE207422_sc	8	0.5714285714285715	PASS
mechanism__apc_ifn_apm__reactome_mhc_i	GSE225063	8	0.6190476190476191	PASS
mechanism__apc_ifn_apm__reactome_mhc_i	GSE232240	13	0.5879120879120878	PASS
mechanism__apc_ifn_apm__reactome_mhc_i	GSE235863_5pt_cd8	2		NOT_TESTABLE
mechanism__apc_ifn_apm__reactome_mhc_i	GSE235863_9pt_cd45	17	0.7034313725490197	PASS
mechanism__apc_ifn_apm__reactome_mhc_i	GSE243013	15	0.7678571428571428	PASS
mechanism__apc_ifn_apm__reactome_mhc_i	GSE246613	10	0.9636363636363635	PASS
mechanism__apc_ifn_apm__reactome_mhc_i	GSE249974	23	0.6979733922439445	PASS
mechanism__apc_ifn_apm__reactome_mhc_i	GSE266919	18	0.7812177502579979	PASS
mechanism__apc_ifn_apm__reactome_mhc_i	GSE272734	2		NOT_TESTABLE
mechanism__apc_ifn_apm__reactome_mhc_i	GSE272735	8	0.7619047619047621	PASS
mechanism__apc_ifn_apm__reactome_mhc_i	GSE272993	8	0.5952380952380953	PASS
mechanism__apc_ifn_apm__reactome_mhc_i	GSE273718	8	0.6190476190476191	PASS
mechanism__apc_ifn_apm__reactome_mhc_i	GSE284205	23	0.7661889220808171	PASS
mechanism__apc_ifn_apm__reactome_mhc_i	GSE286827	23	0.7894217474600419	PASS
mechanism__apc_ifn_apm__reactome_mhc_i	GSE288199	8	-0.04761904761904763	PASS
mechanism__apc_ifn_apm__reactome_mhc_i	GSE301741	13	0.9615384615384615	PASS
mechanism__apc_ifn_apm__reactome_mhc_i	LAMBRECHT_BRCA	20	0.8958255616591188	PASS
mechanism__apc_ifn_apm__reactome_mhc_i	LAMBRECHT_HCC	23	0.5709343258086088	PASS
mechanism__apc_ifn_apm__reactome_mhc_i	PRJCA001063	14	0.832967032967033	PASS
mechanism__apc_ifn_apm__reactome_mhc_i	TASK01	23	0.7498765127719997	PASS
mechanism__apc_ifn_apm__reactome_mhc_i	TASK02	23	0.6233317617702648	PASS
mechanism__apc_ifn_apm__reactome_mhc_i	bi_2021_rcc	17	0.5058326564327593	PASS
mechanism__apc_ifn_apm__reactome_mhc_i	krishna_2021_rcc	8	0.8571428571428572	PASS
mechanism__apc_ifn_apm__reactome_mhc_i	lambrecht_hnscc	23	0.8646245059288538	PASS
mechanism__apc_ifn_apm__reactome_mhc_i	mendeley_skrx2fz79n	4	0.316227766016838	PASS
mechanism__apc_ifn_apm__reactome_mhc_ii	GSE115978	23	0.17181706334689828	PASS
mechanism__apc_ifn_apm__reactome_mhc_ii	GSE123813	23	0.3847677450946802	PASS
mechanism__apc_ifn_apm__reactome_mhc_ii	GSE140228	21	0.625974025974026	PASS
mechanism__apc_ifn_apm__reactome_mhc_ii	GSE149614	10	0.8650957979871867	PASS
mechanism__apc_ifn_apm__reactome_mhc_ii	GSE151530	23	0.8422744385940754	PASS
mechanism__apc_ifn_apm__reactome_mhc_ii	GSE161801	8	0.8571428571428572	PASS
mechanism__apc_ifn_apm__reactome_mhc_ii	GSE169246	23	0.8304079363773111	PASS
mechanism__apc_ifn_apm__reactome_mhc_ii	GSE176021	13	0.6538461538461539	PASS
mechanism__apc_ifn_apm__reactome_mhc_ii	GSE179994	4	1.0	PASS
mechanism__apc_ifn_apm__reactome_mhc_ii	GSE189903	23	0.612360958144269	PASS
mechanism__apc_ifn_apm__reactome_mhc_ii	GSE200996	3	-0.5	PASS
mechanism__apc_ifn_apm__reactome_mhc_ii	GSE205506	23	0.7238991484880296	PASS
mechanism__apc_ifn_apm__reactome_mhc_ii	GSE206325	8	0.7619047619047621	PASS
mechanism__apc_ifn_apm__reactome_mhc_ii	GSE207422_sc	8	0.8571428571428572	PASS
mechanism__apc_ifn_apm__reactome_mhc_ii	GSE225063	8	0.9047619047619048	PASS
mechanism__apc_ifn_apm__reactome_mhc_ii	GSE232240	13	0.901098901098901	PASS
mechanism__apc_ifn_apm__reactome_mhc_ii	GSE235863_5pt_cd8	2		NOT_TESTABLE
mechanism__apc_ifn_apm__reactome_mhc_ii	GSE235863_9pt_cd45	17	0.8284313725490197	PASS
mechanism__apc_ifn_apm__reactome_mhc_ii	GSE243013	15	0.9214285714285713	PASS
mechanism__apc_ifn_apm__reactome_mhc_ii	GSE246613	10	0.8909090909090909	PASS
mechanism__apc_ifn_apm__reactome_mhc_ii	GSE249974	23	0.5601188216599108	PASS
mechanism__apc_ifn_apm__reactome_mhc_ii	GSE266919	18	0.8802889576883385	PASS
mechanism__apc_ifn_apm__reactome_mhc_ii	GSE272734	2		NOT_TESTABLE
mechanism__apc_ifn_apm__reactome_mhc_ii	GSE272735	8	0.8095238095238096	PASS
mechanism__apc_ifn_apm__reactome_mhc_ii	GSE272993	8	0.6190476190476191	PASS
mechanism__apc_ifn_apm__reactome_mhc_ii	GSE273718	8	-0.3571428571428572	PASS
mechanism__apc_ifn_apm__reactome_mhc_ii	GSE284205	23	0.7873918658415409	PASS
mechanism__apc_ifn_apm__reactome_mhc_ii	GSE286827	23	0.8075211280467973	PASS
mechanism__apc_ifn_apm__reactome_mhc_ii	GSE288199	8	0.38095238095238104	PASS
mechanism__apc_ifn_apm__reactome_mhc_ii	GSE301741	13	0.8186813186813187	PASS
mechanism__apc_ifn_apm__reactome_mhc_ii	LAMBRECHT_BRCA	20	0.8313262439744467	PASS
mechanism__apc_ifn_apm__reactome_mhc_ii	LAMBRECHT_HCC	23	0.2855377095908884	PASS
mechanism__apc_ifn_apm__reactome_mhc_ii	PRJCA001063	14	0.8294834502328513	PASS
mechanism__apc_ifn_apm__reactome_mhc_ii	TASK01	23	0.6897576302066393	PASS
mechanism__apc_ifn_apm__reactome_mhc_ii	TASK02	23	0.6907472394321869	PASS
mechanism__apc_ifn_apm__reactome_mhc_ii	bi_2021_rcc	17	0.5853812771141828	PASS
mechanism__apc_ifn_apm__reactome_mhc_ii	krishna_2021_rcc	8	0.5952380952380953	PASS
mechanism__apc_ifn_apm__reactome_mhc_ii	lambrecht_hnscc	23	0.5434997528423133	PASS
mechanism__apc_ifn_apm__reactome_mhc_ii	mendeley_skrx2fz79n	4	0.9486832980505139	PASS
mechanism__caf_ecm__curated_stromal_tgfb	GSE115978	23	0.5590707554021963	PASS
mechanism__caf_ecm__curated_stromal_tgfb	GSE123813	23	0.7835968379446642	PASS
mechanism__caf_ecm__curated_stromal_tgfb	GSE140228	21	0.8792207792207792	PASS
mechanism__caf_ecm__curated_stromal_tgfb	GSE149614	10	0.9361745372672995	PASS
mechanism__caf_ecm__curated_stromal_tgfb	GSE151530	23	0.8620861161993194	PASS
mechanism__caf_ecm__curated_stromal_tgfb	GSE161801	8	0.8571428571428572	PASS
mechanism__caf_ecm__curated_stromal_tgfb	GSE169246	23	0.8492339149257057	PASS
mechanism__caf_ecm__curated_stromal_tgfb	GSE176021	13	0.7967032967032966	PASS
mechanism__caf_ecm__curated_stromal_tgfb	GSE179994	4	-0.19999999999999998	PASS
mechanism__caf_ecm__curated_stromal_tgfb	GSE189903	23	0.8190806734760737	PASS
mechanism__caf_ecm__curated_stromal_tgfb	GSE200996	3	-0.5	PASS
mechanism__caf_ecm__curated_stromal_tgfb	GSE205506	23	0.699456338544746	PASS
mechanism__caf_ecm__curated_stromal_tgfb	GSE206325	8	0.880952380952381	PASS
mechanism__caf_ecm__curated_stromal_tgfb	GSE207422_sc	8	0.9761904761904763	PASS
mechanism__caf_ecm__curated_stromal_tgfb	GSE225063	8	0.523809523809524	PASS
mechanism__caf_ecm__curated_stromal_tgfb	GSE232240	13	0.9120879120879121	PASS
mechanism__caf_ecm__curated_stromal_tgfb	GSE235863_5pt_cd8	2		NOT_TESTABLE
mechanism__caf_ecm__curated_stromal_tgfb	GSE235863_9pt_cd45	17	0.8602941176470589	PASS
mechanism__caf_ecm__curated_stromal_tgfb	GSE243013	15	0.9678571428571429	PASS
mechanism__caf_ecm__curated_stromal_tgfb	GSE246613	10	0.9515151515151514	PASS
mechanism__caf_ecm__curated_stromal_tgfb	GSE249974	23	0.818586358042473	PASS
mechanism__caf_ecm__curated_stromal_tgfb	GSE266919	18	0.9380804953560371	PASS
mechanism__caf_ecm__curated_stromal_tgfb	GSE272734	2		NOT_TESTABLE
mechanism__caf_ecm__curated_stromal_tgfb	GSE272735	8	0.7857142857142858	PASS
mechanism__caf_ecm__curated_stromal_tgfb	GSE272993	8	0.5714285714285715	PASS
mechanism__caf_ecm__curated_stromal_tgfb	GSE273718	8	0.880952380952381	PASS
mechanism__caf_ecm__curated_stromal_tgfb	GSE284205	23	0.7859615394248384	PASS
mechanism__caf_ecm__curated_stromal_tgfb	GSE286827	23	0.9263471225673879	PASS
mechanism__caf_ecm__curated_stromal_tgfb	GSE288199	8	0.8333333333333335	PASS
mechanism__caf_ecm__curated_stromal_tgfb	GSE301741	13	0.8791208791208791	PASS
mechanism__caf_ecm__curated_stromal_tgfb	LAMBRECHT_BRCA	20	0.7007518796992479	PASS
mechanism__caf_ecm__curated_stromal_tgfb	LAMBRECHT_HCC	23	0.46861103105329976	PASS
mechanism__caf_ecm__curated_stromal_tgfb	PRJCA001063	14	0.6879120879120879	PASS
mechanism__caf_ecm__curated_stromal_tgfb	TASK01	23	0.9540287868490176	PASS
mechanism__caf_ecm__curated_stromal_tgfb	TASK02	23	0.7251607410919734	PASS
mechanism__caf_ecm__curated_stromal_tgfb	bi_2021_rcc	17	0.8311861854489758	PASS
mechanism__caf_ecm__curated_stromal_tgfb	krishna_2021_rcc	8	0.9047619047619048	PASS
mechanism__caf_ecm__curated_stromal_tgfb	lambrecht_hnscc	23	0.6284584980237155	PASS
mechanism__caf_ecm__curated_stromal_tgfb	mendeley_skrx2fz79n	4	0.9486832980505139	PASS
mechanism__caf_ecm__hallmark_emt	GSE115978	23	0.7604450170576388	PASS
mechanism__caf_ecm__hallmark_emt	GSE123813	23	0.7556878078466213	PASS
mechanism__caf_ecm__hallmark_emt	GSE140228	21	0.7451241670692539	PASS
mechanism__caf_ecm__hallmark_emt	GSE149614	10	0.7212121212121211	PASS
mechanism__caf_ecm__hallmark_emt	GSE151530	23	0.9218982836649833	PASS
mechanism__caf_ecm__hallmark_emt	GSE161801	8	0.880952380952381	PASS
mechanism__caf_ecm__hallmark_emt	GSE169246	23	0.8695008477033274	PASS
mechanism__caf_ecm__hallmark_emt	GSE176021	13	0.6923076923076923	PASS
mechanism__caf_ecm__hallmark_emt	GSE179994	4	-0.39999999999999997	PASS
mechanism__caf_ecm__hallmark_emt	GSE189903	23	0.8655463242345232	PASS
mechanism__caf_ecm__hallmark_emt	GSE200996	3	-0.5	PASS
mechanism__caf_ecm__hallmark_emt	GSE205506	23	0.7931717942763579	PASS
mechanism__caf_ecm__hallmark_emt	GSE206325	8	0.9047619047619048	PASS
mechanism__caf_ecm__hallmark_emt	GSE207422_sc	8	0.7857142857142858	PASS
mechanism__caf_ecm__hallmark_emt	GSE225063	8	-0.1666666666666667	PASS
mechanism__caf_ecm__hallmark_emt	GSE232240	13	0.7857142857142857	PASS
mechanism__caf_ecm__hallmark_emt	GSE235863_5pt_cd8	2		NOT_TESTABLE
mechanism__caf_ecm__hallmark_emt	GSE235863_9pt_cd45	17	0.7676273668449841	PASS
mechanism__caf_ecm__hallmark_emt	GSE243013	15	0.9392857142857142	PASS
mechanism__caf_ecm__hallmark_emt	GSE246613	10	0.9272727272727272	PASS
mechanism__caf_ecm__hallmark_emt	GSE249974	23	0.7330697880295818	PASS
mechanism__caf_ecm__hallmark_emt	GSE266919	18	0.9711042311661506	PASS
mechanism__caf_ecm__hallmark_emt	GSE272734	2		NOT_TESTABLE
mechanism__caf_ecm__hallmark_emt	GSE272735	8	0.0	PASS
mechanism__caf_ecm__hallmark_emt	GSE272993	8	-0.30952380952380953	PASS
mechanism__caf_ecm__hallmark_emt	GSE273718	8	0.3333333333333334	PASS
mechanism__caf_ecm__hallmark_emt	GSE284205	23	0.8863075724457452	PASS
mechanism__caf_ecm__hallmark_emt	GSE286827	23	0.9515572096810149	PASS
mechanism__caf_ecm__hallmark_emt	GSE288199	8	-0.11904761904761905	PASS
mechanism__caf_ecm__hallmark_emt	GSE301741	13	0.9120879120879121	PASS
mechanism__caf_ecm__hallmark_emt	LAMBRECHT_BRCA	20	0.8646616541353382	PASS
mechanism__caf_ecm__hallmark_emt	LAMBRECHT_HCC	23	0.3359723320733917	PASS
mechanism__caf_ecm__hallmark_emt	PRJCA001063	14	0.8410677998713362	PASS
mechanism__caf_ecm__hallmark_emt	TASK01	23	0.9423980510480232	PASS
mechanism__caf_ecm__hallmark_emt	TASK02	23	0.8672435370085166	PASS
mechanism__caf_ecm__hallmark_emt	bi_2021_rcc	17	0.8206394398998405	PASS
mechanism__caf_ecm__hallmark_emt	krishna_2021_rcc	8	0.8333333333333335	PASS
mechanism__caf_ecm__hallmark_emt	lambrecht_hnscc	23	0.8236460343178054	PASS
mechanism__caf_ecm__hallmark_emt	mendeley_skrx2fz79n	4	0.9486832980505139	PASS
mechanism__caf_ecm__reactome_ecm	GSE115978	23	0.6856155064039312	PASS
mechanism__caf_ecm__reactome_ecm	GSE123813	23	0.7391304347826088	PASS
mechanism__caf_ecm__reactome_ecm	GSE140228	21	0.704124752953262	PASS
mechanism__caf_ecm__reactome_ecm	GSE149614	10	0.7212121212121211	PASS
mechanism__caf_ecm__reactome_ecm	GSE151530	23	0.8640633779337215	PASS
mechanism__caf_ecm__reactome_ecm	GSE161801	8	0.8333333333333335	PASS
mechanism__caf_ecm__reactome_ecm	GSE169246	23	0.870983794004129	PASS
mechanism__caf_ecm__reactome_ecm	GSE176021	13	0.5384615384615384	PASS
mechanism__caf_ecm__reactome_ecm	GSE179994	4	-0.19999999999999998	PASS
mechanism__caf_ecm__reactome_ecm	GSE189903	23	0.8610974853321185	PASS
mechanism__caf_ecm__reactome_ecm	GSE200996	3	-0.5	PASS
mechanism__caf_ecm__reactome_ecm	GSE205506	23	0.882076664779472	PASS
mechanism__caf_ecm__reactome_ecm	GSE206325	8	0.7619047619047621	PASS
mechanism__caf_ecm__reactome_ecm	GSE207422_sc	8	0.7619047619047621	PASS
mechanism__caf_ecm__reactome_ecm	GSE225063	8	-0.2380952380952381	PASS
mechanism__caf_ecm__reactome_ecm	GSE232240	13	0.7362637362637362	PASS
mechanism__caf_ecm__reactome_ecm	GSE235863_5pt_cd8	2		NOT_TESTABLE
mechanism__caf_ecm__reactome_ecm	GSE235863_9pt_cd45	17	0.6642156862745099	PASS
mechanism__caf_ecm__reactome_ecm	GSE243013	15	0.9428571428571427	PASS
mechanism__caf_ecm__reactome_ecm	GSE246613	10	0.9151515151515152	PASS
mechanism__caf_ecm__reactome_ecm	GSE249974	23	0.7325754725959812	PASS
mechanism__caf_ecm__reactome_ecm	GSE266919	18	0.8555211558307534	PASS
mechanism__caf_ecm__reactome_ecm	GSE272734	2		NOT_TESTABLE
mechanism__caf_ecm__reactome_ecm	GSE272735	8	-0.09523809523809526	PASS
mechanism__caf_ecm__reactome_ecm	GSE272993	8	-0.4523809523809524	PASS
mechanism__caf_ecm__reactome_ecm	GSE273718	8	0.2142857142857143	PASS
mechanism__caf_ecm__reactome_ecm	GSE284205	23	0.9067985443977307	PASS
mechanism__caf_ecm__reactome_ecm	GSE286827	23	0.9327732232041949	PASS
mechanism__caf_ecm__reactome_ecm	GSE288199	8	-0.023809523809523815	PASS
mechanism__caf_ecm__reactome_ecm	GSE301741	13	0.9395604395604396	PASS
mechanism__caf_ecm__reactome_ecm	LAMBRECHT_BRCA	20	0.8511278195488721	PASS
mechanism__caf_ecm__reactome_ecm	LAMBRECHT_HCC	23	0.4908552255653235	PASS
mechanism__caf_ecm__reactome_ecm	PRJCA001063	14	0.8813186813186813	PASS
mechanism__caf_ecm__reactome_ecm	TASK01	23	0.9189323910633801	PASS
mechanism__caf_ecm__reactome_ecm	TASK02	23	0.8220465660776768	PASS
mechanism__caf_ecm__reactome_ecm	bi_2021_rcc	17	0.8066312021269973	PASS
mechanism__caf_ecm__reactome_ecm	krishna_2021_rcc	8	0.8095238095238096	PASS
mechanism__caf_ecm__reactome_ecm	lambrecht_hnscc	23	0.834198196951761	PASS
mechanism__caf_ecm__reactome_ecm	mendeley_skrx2fz79n	4	0.9486832980505139	PASS
mechanism__cytotoxic_t_nk__curated_cytotoxicity	GSE115978	23	0.782995646823235	PASS
mechanism__cytotoxic_t_nk__curated_cytotoxicity	GSE123813	23	0.8656126482213439	PASS
mechanism__cytotoxic_t_nk__curated_cytotoxicity	GSE140228	21	0.803896103896104	PASS
mechanism__cytotoxic_t_nk__curated_cytotoxicity	GSE149614	10	0.8267515394048879	PASS
mechanism__cytotoxic_t_nk__curated_cytotoxicity	GSE151530	23	0.8749383174729332	PASS
mechanism__cytotoxic_t_nk__curated_cytotoxicity	GSE161801	8	0.5952380952380953	PASS
mechanism__cytotoxic_t_nk__curated_cytotoxicity	GSE169246	23	0.6480475334502911	PASS
mechanism__cytotoxic_t_nk__curated_cytotoxicity	GSE176021	13	0.8901098901098902	PASS
mechanism__cytotoxic_t_nk__curated_cytotoxicity	GSE179994	4	-0.6000000000000001	PASS
mechanism__cytotoxic_t_nk__curated_cytotoxicity	GSE189903	23	0.7553139825416055	PASS
mechanism__cytotoxic_t_nk__curated_cytotoxicity	GSE200996	3	0.5	PASS
mechanism__cytotoxic_t_nk__curated_cytotoxicity	GSE205506	23	0.6574395266887012	PASS
mechanism__cytotoxic_t_nk__curated_cytotoxicity	GSE206325	8	0.4761904761904762	PASS
mechanism__cytotoxic_t_nk__curated_cytotoxicity	GSE207422_sc	8	0.8571428571428572	PASS
mechanism__cytotoxic_t_nk__curated_cytotoxicity	GSE225063	8	0.28571428571428575	PASS
mechanism__cytotoxic_t_nk__curated_cytotoxicity	GSE232240	13	0.8241758241758241	PASS
mechanism__cytotoxic_t_nk__curated_cytotoxicity	GSE235863_5pt_cd8	2		NOT_TESTABLE
mechanism__cytotoxic_t_nk__curated_cytotoxicity	GSE235863_9pt_cd45	17	0.7965686274509804	PASS
mechanism__cytotoxic_t_nk__curated_cytotoxicity	GSE243013	15	0.7571428571428571	PASS
mechanism__cytotoxic_t_nk__curated_cytotoxicity	GSE246613	10	0.8545454545454544	PASS
mechanism__cytotoxic_t_nk__curated_cytotoxicity	GSE249974	23	0.5274345676517624	PASS
mechanism__cytotoxic_t_nk__curated_cytotoxicity	GSE266919	18	0.6615067079463364	PASS
mechanism__cytotoxic_t_nk__curated_cytotoxicity	GSE272734	2		NOT_TESTABLE
mechanism__cytotoxic_t_nk__curated_cytotoxicity	GSE272735	8	-0.023809523809523815	PASS
mechanism__cytotoxic_t_nk__curated_cytotoxicity	GSE272993	8	0.7142857142857144	PASS
mechanism__cytotoxic_t_nk__curated_cytotoxicity	GSE273718	8	0.4761904761904762	PASS
mechanism__cytotoxic_t_nk__curated_cytotoxicity	GSE284205	23	0.8017796333000551	PASS
mechanism__cytotoxic_t_nk__curated_cytotoxicity	GSE286827	23	0.9016313508873615	PASS
mechanism__cytotoxic_t_nk__curated_cytotoxicity	GSE288199	8	0.8333333333333335	PASS
mechanism__cytotoxic_t_nk__curated_cytotoxicity	GSE301741	13	0.9230769230769231	PASS
mechanism__cytotoxic_t_nk__curated_cytotoxicity	LAMBRECHT_BRCA	20	0.8567131106043127	PASS
mechanism__cytotoxic_t_nk__curated_cytotoxicity	LAMBRECHT_HCC	23	0.8264954049800813	PASS
mechanism__cytotoxic_t_nk__curated_cytotoxicity	PRJCA001063	14	0.4065934065934066	PASS
mechanism__cytotoxic_t_nk__curated_cytotoxicity	TASK01	23	0.8749383174729332	PASS
mechanism__cytotoxic_t_nk__curated_cytotoxicity	TASK02	23	0.8877905187465468	PASS
mechanism__cytotoxic_t_nk__curated_cytotoxicity	bi_2021_rcc	17	0.4346232047990214	PASS
mechanism__cytotoxic_t_nk__curated_cytotoxicity	krishna_2021_rcc	8	0.8571428571428572	PASS
mechanism__cytotoxic_t_nk__curated_cytotoxicity	lambrecht_hnscc	23	0.9004200917334767	PASS
mechanism__cytotoxic_t_nk__curated_cytotoxicity	mendeley_skrx2fz79n	4	0.7378647873726218	PASS
mechanism__cytotoxic_t_nk__curated_nk_cytotoxicity	GSE115978	23	0.7419674658343914	PASS
mechanism__cytotoxic_t_nk__curated_nk_cytotoxicity	GSE123813	23	0.8774703557312253	PASS
mechanism__cytotoxic_t_nk__curated_nk_cytotoxicity	GSE140228	21	0.7779220779220779	PASS
mechanism__cytotoxic_t_nk__curated_nk_cytotoxicity	GSE149614	10	0.8267515394048879	PASS
mechanism__cytotoxic_t_nk__curated_nk_cytotoxicity	GSE151530	23	0.870983794004129	PASS
mechanism__cytotoxic_t_nk__curated_nk_cytotoxicity	GSE161801	8	0.28571428571428575	PASS
mechanism__cytotoxic_t_nk__curated_nk_cytotoxicity	GSE169246	23	0.4503213600100803	PASS
mechanism__cytotoxic_t_nk__curated_nk_cytotoxicity	GSE176021	13	0.9065934065934067	PASS
mechanism__cytotoxic_t_nk__curated_nk_cytotoxicity	GSE179994	4	0.6000000000000001	PASS
mechanism__cytotoxic_t_nk__curated_nk_cytotoxicity	GSE189903	23	0.5106278429093446	PASS
mechanism__cytotoxic_t_nk__curated_nk_cytotoxicity	GSE200996	3	0.5	PASS
mechanism__cytotoxic_t_nk__curated_nk_cytotoxicity	GSE205506	23	0.7197232713223676	PASS
mechanism__cytotoxic_t_nk__curated_nk_cytotoxicity	GSE206325	8	0.3571428571428572	PASS
mechanism__cytotoxic_t_nk__curated_nk_cytotoxicity	GSE207422_sc	8	0.9523809523809524	PASS
mechanism__cytotoxic_t_nk__curated_nk_cytotoxicity	GSE225063	8	0.2142857142857143	PASS
mechanism__cytotoxic_t_nk__curated_nk_cytotoxicity	GSE232240	13	0.7362637362637362	PASS
mechanism__cytotoxic_t_nk__curated_nk_cytotoxicity	GSE235863_5pt_cd8	2		NOT_TESTABLE
mechanism__cytotoxic_t_nk__curated_nk_cytotoxicity	GSE235863_9pt_cd45	17	0.8186274509803922	PASS
mechanism__cytotoxic_t_nk__curated_nk_cytotoxicity	GSE243013	15	0.7071428571428571	PASS
mechanism__cytotoxic_t_nk__curated_nk_cytotoxicity	GSE246613	10	0.8787878787878788	PASS
mechanism__cytotoxic_t_nk__curated_nk_cytotoxicity	GSE249974	23	0.27533369651549366	PASS
mechanism__cytotoxic_t_nk__curated_nk_cytotoxicity	GSE266919	18	0.6470588235294118	PASS
mechanism__cytotoxic_t_nk__curated_nk_cytotoxicity	GSE272734	2		NOT_TESTABLE
mechanism__cytotoxic_t_nk__curated_nk_cytotoxicity	GSE272735	8	0.07142857142857144	PASS
mechanism__cytotoxic_t_nk__curated_nk_cytotoxicity	GSE272993	8	0.6904761904761906	PASS
mechanism__cytotoxic_t_nk__curated_nk_cytotoxicity	GSE273718	8	0.3333333333333334	PASS
mechanism__cytotoxic_t_nk__curated_nk_cytotoxicity	GSE284205	23	0.7142858015527618	PASS
mechanism__cytotoxic_t_nk__curated_nk_cytotoxicity	GSE286827	23	0.8971825119849568	PASS
mechanism__cytotoxic_t_nk__curated_nk_cytotoxicity	GSE288199	8	0.7380952380952381	PASS
mechanism__cytotoxic_t_nk__curated_nk_cytotoxicity	GSE301741	13	0.9175824175824175	PASS
mechanism__cytotoxic_t_nk__curated_nk_cytotoxicity	LAMBRECHT_BRCA	20	0.9040993493822508	PASS
mechanism__cytotoxic_t_nk__curated_nk_cytotoxicity	LAMBRECHT_HCC	23	0.8358873982184915	PASS
mechanism__cytotoxic_t_nk__curated_nk_cytotoxicity	PRJCA001063	14	0.432967032967033	PASS
mechanism__cytotoxic_t_nk__curated_nk_cytotoxicity	TASK01	23	0.8640633779337215	PASS
mechanism__cytotoxic_t_nk__curated_nk_cytotoxicity	TASK02	23	0.824023827812079	PASS
mechanism__cytotoxic_t_nk__curated_nk_cytotoxicity	bi_2021_rcc	17	0.7624322321474358	PASS
mechanism__cytotoxic_t_nk__curated_nk_cytotoxicity	krishna_2021_rcc	8	0.9047619047619048	PASS
mechanism__cytotoxic_t_nk__curated_nk_cytotoxicity	lambrecht_hnscc	23	0.9239130434782609	PASS
mechanism__cytotoxic_t_nk__curated_nk_cytotoxicity	mendeley_skrx2fz79n	4	0.7378647873726218	PASS
mechanism__cytotoxic_t_nk__hallmark_allograft_rejection	GSE115978	23	0.5892239968518284	PASS
mechanism__cytotoxic_t_nk__hallmark_allograft_rejection	GSE123813	23	0.5533596837944664	PASS
mechanism__cytotoxic_t_nk__hallmark_allograft_rejection	GSE140228	21	0.7779220779220779	PASS
mechanism__cytotoxic_t_nk__hallmark_allograft_rejection	GSE149614	10	0.9483326481409007	PASS
mechanism__cytotoxic_t_nk__hallmark_allograft_rejection	GSE151530	23	0.8581315927305151	PASS
mechanism__cytotoxic_t_nk__hallmark_allograft_rejection	GSE161801	8	0.7857142857142858	PASS
mechanism__cytotoxic_t_nk__hallmark_allograft_rejection	GSE169246	23	0.15224915354896235	PASS
mechanism__cytotoxic_t_nk__hallmark_allograft_rejection	GSE176021	13	0.7032967032967032	PASS
mechanism__cytotoxic_t_nk__hallmark_allograft_rejection	GSE179994	4	0.7999999999999999	PASS
mechanism__cytotoxic_t_nk__hallmark_allograft_rejection	GSE189903	23	0.5289175139525641	PASS
mechanism__cytotoxic_t_nk__hallmark_allograft_rejection	GSE200996	3	0.5	PASS
mechanism__cytotoxic_t_nk__hallmark_allograft_rejection	GSE205506	23	0.7493821973383992	PASS
mechanism__cytotoxic_t_nk__hallmark_allograft_rejection	GSE206325	8	0.14285714285714288	PASS
mechanism__cytotoxic_t_nk__hallmark_allograft_rejection	GSE207422_sc	8	0.8095238095238096	PASS
mechanism__cytotoxic_t_nk__hallmark_allograft_rejection	GSE225063	8	0.7142857142857144	PASS
mechanism__cytotoxic_t_nk__hallmark_allograft_rejection	GSE232240	13	0.14285714285714285	PASS
mechanism__cytotoxic_t_nk__hallmark_allograft_rejection	GSE235863_5pt_cd8	2		NOT_TESTABLE
mechanism__cytotoxic_t_nk__hallmark_allograft_rejection	GSE235863_9pt_cd45	17	0.5759803921568628	PASS
mechanism__cytotoxic_t_nk__hallmark_allograft_rejection	GSE243013	15	0.20357142857142854	PASS
mechanism__cytotoxic_t_nk__hallmark_allograft_rejection	GSE246613	10	0.8909090909090909	PASS
mechanism__cytotoxic_t_nk__hallmark_allograft_rejection	GSE249974	23	0.0019772617344021087	PASS
mechanism__cytotoxic_t_nk__hallmark_allograft_rejection	GSE266919	18	0.2053663570691434	PASS
mechanism__cytotoxic_t_nk__hallmark_allograft_rejection	GSE272734	2		NOT_TESTABLE
mechanism__cytotoxic_t_nk__hallmark_allograft_rejection	GSE272735	8	0.261904761904762	PASS
mechanism__cytotoxic_t_nk__hallmark_allograft_rejection	GSE272993	8	0.9285714285714287	PASS
mechanism__cytotoxic_t_nk__hallmark_allograft_rejection	GSE273718	8	0.261904761904762	PASS
mechanism__cytotoxic_t_nk__hallmark_allograft_rejection	GSE284205	23	0.781018385088833	PASS
mechanism__cytotoxic_t_nk__hallmark_allograft_rejection	GSE286827	23	0.9263471225673879	PASS
mechanism__cytotoxic_t_nk__hallmark_allograft_rejection	GSE288199	8	0.523809523809524	PASS
mechanism__cytotoxic_t_nk__hallmark_allograft_rejection	GSE301741	13	0.8516483516483516	PASS
mechanism__cytotoxic_t_nk__hallmark_allograft_rejection	LAMBRECHT_BRCA	20	0.8421052631578947	PASS
mechanism__cytotoxic_t_nk__hallmark_allograft_rejection	LAMBRECHT_HCC	23	0.8452793914569016	PASS
mechanism__cytotoxic_t_nk__hallmark_allograft_rejection	PRJCA001063	14	0.6879120879120879	PASS
mechanism__cytotoxic_t_nk__hallmark_allograft_rejection	TASK01	23	0.8235295123784784	PASS
mechanism__cytotoxic_t_nk__hallmark_allograft_rejection	TASK02	23	0.7266436873927749	PASS
mechanism__cytotoxic_t_nk__hallmark_allograft_rejection	bi_2021_rcc	17	0.8287306871167781	PASS
mechanism__cytotoxic_t_nk__hallmark_allograft_rejection	krishna_2021_rcc	8	0.8571428571428572	PASS
mechanism__cytotoxic_t_nk__hallmark_allograft_rejection	lambrecht_hnscc	23	0.7638339920948617	PASS
mechanism__cytotoxic_t_nk__hallmark_allograft_rejection	mendeley_skrx2fz79n	4	0.9486832980505139	PASS
mechanism__exhaustion__curated_broad_exhaustion	GSE115978	23	0.5932707307157536	PASS
mechanism__exhaustion__curated_broad_exhaustion	GSE123813	23	0.22475247524752473	PASS
mechanism__exhaustion__curated_broad_exhaustion	GSE140228	21	0.4195461996801694	PASS
mechanism__exhaustion__curated_broad_exhaustion	GSE149614	10	0.5878787878787878	PASS
mechanism__exhaustion__curated_broad_exhaustion	GSE151530	23	0.8704515840819818	PASS
mechanism__exhaustion__curated_broad_exhaustion	GSE161801	8	-0.2380952380952381	PASS
mechanism__exhaustion__curated_broad_exhaustion	GSE169246	23	0.8255067741128804	PASS
mechanism__exhaustion__curated_broad_exhaustion	GSE176021	13	0.532967032967033	PASS
mechanism__exhaustion__curated_broad_exhaustion	GSE179994	4	0.39999999999999997	PASS
mechanism__exhaustion__curated_broad_exhaustion	GSE189903	23	0.8076638071285132	PASS
mechanism__exhaustion__curated_broad_exhaustion	GSE200996	3	-0.5	PASS
mechanism__exhaustion__curated_broad_exhaustion	GSE205506	23	0.8324271901832878	PASS
mechanism__exhaustion__curated_broad_exhaustion	GSE206325	8	0.6904761904761906	PASS
mechanism__exhaustion__curated_broad_exhaustion	GSE207422_sc	8	0.6904761904761906	PASS
mechanism__exhaustion__curated_broad_exhaustion	GSE225063	8	0.6190476190476191	PASS
mechanism__exhaustion__curated_broad_exhaustion	GSE232240	13	0.576923076923077	PASS
mechanism__exhaustion__curated_broad_exhaustion	GSE235863_5pt_cd8	2		NOT_TESTABLE
mechanism__exhaustion__curated_broad_exhaustion	GSE235863_9pt_cd45	17	0.6568627450980393	PASS
mechanism__exhaustion__curated_broad_exhaustion	GSE243013	15	0.8464285714285712	PASS
mechanism__exhaustion__curated_broad_exhaustion	GSE246613	10	0.5151515151515151	PASS
mechanism__exhaustion__curated_broad_exhaustion	GSE249974	23	0.7644731267354791	PASS
mechanism__exhaustion__curated_broad_exhaustion	GSE266919	18	0.6780185758513931	PASS
mechanism__exhaustion__curated_broad_exhaustion	GSE272734	2		NOT_TESTABLE
mechanism__exhaustion__curated_broad_exhaustion	GSE272735	8	0.6904761904761906	PASS
mechanism__exhaustion__curated_broad_exhaustion	GSE272993	8	0.19047619047619052	PASS
mechanism__exhaustion__curated_broad_exhaustion	GSE273718	8	0.28571428571428575	PASS
mechanism__exhaustion__curated_broad_exhaustion	GSE284205	23	0.44285012843252664	PASS
mechanism__exhaustion__curated_broad_exhaustion	GSE286827	23	0.7135082516197804	PASS
mechanism__exhaustion__curated_broad_exhaustion	GSE288199	8	0.07142857142857144	PASS
mechanism__exhaustion__curated_broad_exhaustion	GSE301741	13	0.6153846153846153	PASS
mechanism__exhaustion__curated_broad_exhaustion	LAMBRECHT_BRCA	20	0.8221136346712147	PASS
mechanism__exhaustion__curated_broad_exhaustion	LAMBRECHT_HCC	23	0.535277345054556	PASS
mechanism__exhaustion__curated_broad_exhaustion	PRJCA001063	14	0.6138617575993781	PASS
mechanism__exhaustion__curated_broad_exhaustion	TASK01	23	0.9021013872702616	PASS
mechanism__exhaustion__curated_broad_exhaustion	TASK02	23	0.8462299393329967	PASS
mechanism__exhaustion__curated_broad_exhaustion	bi_2021_rcc	17	0.2956749883411902	PASS
mechanism__exhaustion__curated_broad_exhaustion	krishna_2021_rcc	8	0.880952380952381	PASS
mechanism__exhaustion__curated_broad_exhaustion	lambrecht_hnscc	23	0.7270268252883646	PASS
mechanism__exhaustion__curated_broad_exhaustion	mendeley_skrx2fz79n	4	-0.316227766016838	PASS
mechanism__exhaustion__sentinel_progenitor_exhaustion	GSE115978	23	0.6905586607399364	PASS
mechanism__exhaustion__sentinel_progenitor_exhaustion	GSE123813	23	0.7292490118577075	PASS
mechanism__exhaustion__sentinel_progenitor_exhaustion	GSE140228	21	0.5987012987012986	PASS
mechanism__exhaustion__sentinel_progenitor_exhaustion	GSE149614	10	0.6363636363636362	PASS
mechanism__exhaustion__sentinel_progenitor_exhaustion	GSE151530	23	0.8912507267817504	PASS
mechanism__exhaustion__sentinel_progenitor_exhaustion	GSE161801	8	0.2380952380952381	PASS
mechanism__exhaustion__sentinel_progenitor_exhaustion	GSE169246	23	0.4710826082213024	PASS
mechanism__exhaustion__sentinel_progenitor_exhaustion	GSE176021	13	-0.22527472527472525	PASS
mechanism__exhaustion__sentinel_progenitor_exhaustion	GSE179994	4	1.0	PASS
mechanism__exhaustion__sentinel_progenitor_exhaustion	GSE189903	23	0.8675235859689253	PASS
mechanism__exhaustion__sentinel_progenitor_exhaustion	GSE200996	3	-1.0	PASS
mechanism__exhaustion__sentinel_progenitor_exhaustion	GSE205506	23	0.6915472916071375	PASS
mechanism__exhaustion__sentinel_progenitor_exhaustion	GSE206325	8	0.2380952380952381	PASS
mechanism__exhaustion__sentinel_progenitor_exhaustion	GSE207422_sc	8	0.880952380952381	PASS
mechanism__exhaustion__sentinel_progenitor_exhaustion	GSE225063	8	0.09523809523809526	PASS
mechanism__exhaustion__sentinel_progenitor_exhaustion	GSE232240	13	0.0934065934065934	PASS
mechanism__exhaustion__sentinel_progenitor_exhaustion	GSE235863_5pt_cd8	2		NOT_TESTABLE
mechanism__exhaustion__sentinel_progenitor_exhaustion	GSE235863_9pt_cd45	17	0.6813725490196079	PASS
mechanism__exhaustion__sentinel_progenitor_exhaustion	GSE243013	15	0.21428571428571427	PASS
mechanism__exhaustion__sentinel_progenitor_exhaustion	GSE246613	10	0.8303030303030302	PASS
mechanism__exhaustion__sentinel_progenitor_exhaustion	GSE249974	23	0.6282749161062701	PASS
mechanism__exhaustion__sentinel_progenitor_exhaustion	GSE266919	18	0.34365325077399383	PASS
mechanism__exhaustion__sentinel_progenitor_exhaustion	GSE272734	2		NOT_TESTABLE
mechanism__exhaustion__sentinel_progenitor_exhaustion	GSE272735	8	0.11904761904761905	PASS
mechanism__exhaustion__sentinel_progenitor_exhaustion	GSE272993	8	0.07142857142857144	PASS
mechanism__exhaustion__sentinel_progenitor_exhaustion	GSE273718	8	-0.2380952380952381	PASS
mechanism__exhaustion__sentinel_progenitor_exhaustion	GSE284205	23	0.8418191834216977	PASS
mechanism__exhaustion__sentinel_progenitor_exhaustion	GSE286827	23	0.8783985255081369	PASS
mechanism__exhaustion__sentinel_progenitor_exhaustion	GSE288199	8	-0.023809523809523815	PASS
mechanism__exhaustion__sentinel_progenitor_exhaustion	GSE301741	13	0.7362637362637362	PASS
mechanism__exhaustion__sentinel_progenitor_exhaustion	LAMBRECHT_BRCA	20	0.770966583291853	PASS
mechanism__exhaustion__sentinel_progenitor_exhaustion	LAMBRECHT_HCC	23	0.4078102327204349	PASS
mechanism__exhaustion__sentinel_progenitor_exhaustion	PRJCA001063	14	0.6571428571428571	PASS
mechanism__exhaustion__sentinel_progenitor_exhaustion	TASK01	23	0.9130006058601737	PASS
mechanism__exhaustion__sentinel_progenitor_exhaustion	TASK02	23	0.8833416798441421	PASS
mechanism__exhaustion__sentinel_progenitor_exhaustion	bi_2021_rcc	17	0.6740342921883128	PASS
mechanism__exhaustion__sentinel_progenitor_exhaustion	krishna_2021_rcc	8	0.9523809523809524	PASS
mechanism__exhaustion__sentinel_progenitor_exhaustion	lambrecht_hnscc	23	0.7924901185770751	PASS
mechanism__exhaustion__sentinel_progenitor_exhaustion	mendeley_skrx2fz79n	4	0.7378647873726218	PASS
mechanism__exhaustion__sentinel_terminal_exhaustion	GSE115978	23	0.8771322888558202	PASS
mechanism__exhaustion__sentinel_terminal_exhaustion	GSE123813	23	0.689587130233646	PASS
mechanism__exhaustion__sentinel_terminal_exhaustion	GSE140228	21	0.8126015368491981	PASS
mechanism__exhaustion__sentinel_terminal_exhaustion	GSE149614	10	0.8666666666666665	PASS
mechanism__exhaustion__sentinel_terminal_exhaustion	GSE151530	23	0.9347504849385968	PASS
mechanism__exhaustion__sentinel_terminal_exhaustion	GSE161801	8	0.4285714285714286	PASS
mechanism__exhaustion__sentinel_terminal_exhaustion	GSE169246	23	0.5058096569895738	PASS
mechanism__exhaustion__sentinel_terminal_exhaustion	GSE176021	13	0.5989010989010989	PASS
mechanism__exhaustion__sentinel_terminal_exhaustion	GSE179994	4	0.39999999999999997	PASS
mechanism__exhaustion__sentinel_terminal_exhaustion	GSE189903	23	0.6450816408486879	PASS
mechanism__exhaustion__sentinel_terminal_exhaustion	GSE200996	3	0.5	PASS
mechanism__exhaustion__sentinel_terminal_exhaustion	GSE205506	23	0.7478992510375977	PASS
mechanism__exhaustion__sentinel_terminal_exhaustion	GSE206325	8	0.6190476190476191	PASS
mechanism__exhaustion__sentinel_terminal_exhaustion	GSE207422_sc	8	0.880952380952381	PASS
mechanism__exhaustion__sentinel_terminal_exhaustion	GSE225063	8	0.4761904761904762	PASS
mechanism__exhaustion__sentinel_terminal_exhaustion	GSE232240	13	0.6263736263736264	PASS
mechanism__exhaustion__sentinel_terminal_exhaustion	GSE235863_5pt_cd8	2		NOT_TESTABLE
mechanism__exhaustion__sentinel_terminal_exhaustion	GSE235863_9pt_cd45	17	0.877450980392157	PASS
mechanism__exhaustion__sentinel_terminal_exhaustion	GSE243013	15	0.7035714285714285	PASS
mechanism__exhaustion__sentinel_terminal_exhaustion	GSE246613	10	0.8545454545454544	PASS
mechanism__exhaustion__sentinel_terminal_exhaustion	GSE249974	23	0.48442912492851664	PASS
mechanism__exhaustion__sentinel_terminal_exhaustion	GSE266919	18	0.6659784057355551	PASS
mechanism__exhaustion__sentinel_terminal_exhaustion	GSE272734	2		NOT_TESTABLE
mechanism__exhaustion__sentinel_terminal_exhaustion	GSE272735	8	0.2142857142857143	PASS
mechanism__exhaustion__sentinel_terminal_exhaustion	GSE272993	8	0.7380952380952381	PASS
mechanism__exhaustion__sentinel_terminal_exhaustion	GSE273718	8	0.4761904761904762	PASS
mechanism__exhaustion__sentinel_terminal_exhaustion	GSE284205	23	0.7834899622568356	PASS
mechanism__exhaustion__sentinel_terminal_exhaustion	GSE286827	23	0.964153305112091	PASS
mechanism__exhaustion__sentinel_terminal_exhaustion	GSE288199	8	0.6666666666666669	PASS
mechanism__exhaustion__sentinel_terminal_exhaustion	GSE301741	13	0.9120879120879121	PASS
mechanism__exhaustion__sentinel_terminal_exhaustion	LAMBRECHT_BRCA	20	0.9368421052631578	PASS
mechanism__exhaustion__sentinel_terminal_exhaustion	LAMBRECHT_HCC	23	0.7004449694119469	PASS
mechanism__exhaustion__sentinel_terminal_exhaustion	PRJCA001063	14	0.621978021978022	PASS
mechanism__exhaustion__sentinel_terminal_exhaustion	TASK01	23	0.8650520088009225	PASS
mechanism__exhaustion__sentinel_terminal_exhaustion	TASK02	23	0.8615918007657188	PASS
mechanism__exhaustion__sentinel_terminal_exhaustion	bi_2021_rcc	17	0.6457960613680375	PASS
mechanism__exhaustion__sentinel_terminal_exhaustion	krishna_2021_rcc	8	0.880952380952381	PASS
mechanism__exhaustion__sentinel_terminal_exhaustion	lambrecht_hnscc	23	0.9204152249134947	PASS
mechanism__exhaustion__sentinel_terminal_exhaustion	mendeley_skrx2fz79n	4	0.7378647873726218	PASS
mechanism__hypoxia__curated_hypoxia	GSE115978	23	0.5600593862693973	PASS
mechanism__hypoxia__curated_hypoxia	GSE123813	23	0.6373517786561265	PASS
mechanism__hypoxia__curated_hypoxia	GSE140228	21	0.7636363636363636	PASS
mechanism__hypoxia__curated_hypoxia	GSE149614	10	0.7659609850368815	PASS
mechanism__hypoxia__curated_hypoxia	GSE151530	23	0.8062284722024599	PASS
mechanism__hypoxia__curated_hypoxia	GSE161801	8	0.7619047619047621	PASS
mechanism__hypoxia__curated_hypoxia	GSE169246	23	0.88136441810974	PASS
mechanism__hypoxia__curated_hypoxia	GSE176021	13	0.17032967032967034	PASS
mechanism__hypoxia__curated_hypoxia	GSE179994	4	-0.39999999999999997	PASS
mechanism__hypoxia__curated_hypoxia	GSE189903	23	0.5565991782341936	PASS
mechanism__hypoxia__curated_hypoxia	GSE200996	3	0.5	PASS
mechanism__hypoxia__curated_hypoxia	GSE205506	23	0.8517054920937084	PASS
mechanism__hypoxia__curated_hypoxia	GSE206325	8	0.880952380952381	PASS
mechanism__hypoxia__curated_hypoxia	GSE207422_sc	8	0.9285714285714287	PASS
mechanism__hypoxia__curated_hypoxia	GSE225063	8	-0.3571428571428572	PASS
mechanism__hypoxia__curated_hypoxia	GSE232240	13	0.6208791208791209	PASS
mechanism__hypoxia__curated_hypoxia	GSE235863_5pt_cd8	2		NOT_TESTABLE
mechanism__hypoxia__curated_hypoxia	GSE235863_9pt_cd45	17	0.7598039215686275	PASS
mechanism__hypoxia__curated_hypoxia	GSE243013	15	0.914285714285714	PASS
mechanism__hypoxia__curated_hypoxia	GSE246613	10	0.8909090909090909	PASS
mechanism__hypoxia__curated_hypoxia	GSE249974	23	0.7137914861191613	PASS
mechanism__hypoxia__curated_hypoxia	GSE266919	18	0.9463364293085655	PASS
mechanism__hypoxia__curated_hypoxia	GSE272734	2		NOT_TESTABLE
mechanism__hypoxia__curated_hypoxia	GSE272735	8	0.4761904761904762	PASS
mechanism__hypoxia__curated_hypoxia	GSE272993	8	-0.19047619047619052	PASS
mechanism__hypoxia__curated_hypoxia	GSE273718	8	-0.1666666666666667	PASS
mechanism__hypoxia__curated_hypoxia	GSE284205	23	0.826001089546481	PASS
mechanism__hypoxia__curated_hypoxia	GSE286827	23	0.5793376881798179	PASS
mechanism__hypoxia__curated_hypoxia	GSE288199	8	0.30952380952380953	PASS
mechanism__hypoxia__curated_hypoxia	GSE301741	13	0.901098901098901	PASS
mechanism__hypoxia__curated_hypoxia	LAMBRECHT_BRCA	20	0.8150375939849623	PASS
mechanism__hypoxia__curated_hypoxia	LAMBRECHT_HCC	23	0.6124568222310532	PASS
mechanism__hypoxia__curated_hypoxia	PRJCA001063	14	0.9032967032967033	PASS
mechanism__hypoxia__curated_hypoxia	TASK01	23	0.7439447275687933	PASS
mechanism__hypoxia__curated_hypoxia	TASK02	23	0.6539793186534976	PASS
mechanism__hypoxia__curated_hypoxia	bi_2021_rcc	17	0.4567226897888021	PASS
mechanism__hypoxia__curated_hypoxia	krishna_2021_rcc	8	0.38095238095238104	PASS
mechanism__hypoxia__curated_hypoxia	lambrecht_hnscc	23	0.9209486166007905	PASS
mechanism__hypoxia__curated_hypoxia	mendeley_skrx2fz79n	4	0.7378647873726218	PASS
mechanism__hypoxia__hallmark_hypoxia	GSE115978	23	0.7263288231844419	PASS
mechanism__hypoxia__hallmark_hypoxia	GSE123813	23	0.7272727272727272	PASS
mechanism__hypoxia__hallmark_hypoxia	GSE140228	21	0.6651510581403508	PASS
mechanism__hypoxia__hallmark_hypoxia	GSE149614	10	0.7112494861056756	PASS
mechanism__hypoxia__hallmark_hypoxia	GSE151530	23	0.9023486060664441	PASS
mechanism__hypoxia__hallmark_hypoxia	GSE161801	8	0.8333333333333335	PASS
mechanism__hypoxia__hallmark_hypoxia	GSE169246	23	0.8494437836833704	PASS
mechanism__hypoxia__hallmark_hypoxia	GSE176021	13	0.532967032967033	PASS
mechanism__hypoxia__hallmark_hypoxia	GSE179994	4	-0.19999999999999998	PASS
mechanism__hypoxia__hallmark_hypoxia	GSE189903	23	0.7812964835697874	PASS
mechanism__hypoxia__hallmark_hypoxia	GSE200996	3	-0.5	PASS
mechanism__hypoxia__hallmark_hypoxia	GSE205506	23	0.9183573613081223	PASS
mechanism__hypoxia__hallmark_hypoxia	GSE206325	8	0.8095238095238096	PASS
mechanism__hypoxia__hallmark_hypoxia	GSE207422_sc	8	0.6904761904761906	PASS
mechanism__hypoxia__hallmark_hypoxia	GSE225063	8	0.0	PASS
mechanism__hypoxia__hallmark_hypoxia	GSE232240	13	0.7912087912087913	PASS
mechanism__hypoxia__hallmark_hypoxia	GSE235863_5pt_cd8	2		NOT_TESTABLE
mechanism__hypoxia__hallmark_hypoxia	GSE235863_9pt_cd45	17	0.7541387070441936	PASS
mechanism__hypoxia__hallmark_hypoxia	GSE243013	15	0.95	PASS
mechanism__hypoxia__hallmark_hypoxia	GSE246613	10	0.8909090909090909	PASS
mechanism__hypoxia__hallmark_hypoxia	GSE249974	23	0.8019777748163136	PASS
mechanism__hypoxia__hallmark_hypoxia	GSE266919	18	0.890608875128999	PASS
mechanism__hypoxia__hallmark_hypoxia	GSE272734	2		NOT_TESTABLE
mechanism__hypoxia__hallmark_hypoxia	GSE272735	8	0.2142857142857143	PASS
mechanism__hypoxia__hallmark_hypoxia	GSE272993	8	-0.4523809523809524	PASS
mechanism__hypoxia__hallmark_hypoxia	GSE273718	8	0.28571428571428575	PASS
mechanism__hypoxia__hallmark_hypoxia	GSE284205	23	0.8835599775565675	PASS
mechanism__hypoxia__hallmark_hypoxia	GSE286827	23	0.8791100392252809	PASS
mechanism__hypoxia__hallmark_hypoxia	GSE288199	8	-0.14285714285714288	PASS
mechanism__hypoxia__hallmark_hypoxia	GSE301741	13	0.945054945054945	PASS
mechanism__hypoxia__hallmark_hypoxia	LAMBRECHT_BRCA	20	0.8845431238548478	PASS
mechanism__hypoxia__hallmark_hypoxia	LAMBRECHT_HCC	23	0.4252163294340504	PASS
mechanism__hypoxia__hallmark_hypoxia	PRJCA001063	14	0.8593406593406594	PASS
mechanism__hypoxia__hallmark_hypoxia	TASK01	23	0.8771322888558202	PASS
mechanism__hypoxia__hallmark_hypoxia	TASK02	23	0.7513594590728013	PASS
mechanism__hypoxia__hallmark_hypoxia	bi_2021_rcc	17	0.2578273248807754	PASS
mechanism__hypoxia__hallmark_hypoxia	krishna_2021_rcc	8	0.6904761904761906	PASS
mechanism__hypoxia__hallmark_hypoxia	lambrecht_hnscc	23	0.8437963420662383	PASS
mechanism__hypoxia__hallmark_hypoxia	mendeley_skrx2fz79n	4	0.9486832980505139	PASS
mechanism__neutrophil_tan_net__reactome_neutrophil_degranulation	GSE115978	23	0.5704400103750084	PASS
mechanism__neutrophil_tan_net__reactome_neutrophil_degranulation	GSE123813	23	0.42006425794371854	PASS
mechanism__neutrophil_tan_net__reactome_neutrophil_degranulation	GSE140228	21	0.7716791572956414	PASS
mechanism__neutrophil_tan_net__reactome_neutrophil_degranulation	GSE149614	10	0.8666666666666665	PASS
mechanism__neutrophil_tan_net__reactome_neutrophil_degranulation	GSE151530	23	0.8274840358472826	PASS
mechanism__neutrophil_tan_net__reactome_neutrophil_degranulation	GSE161801	8	0.8571428571428572	PASS
mechanism__neutrophil_tan_net__reactome_neutrophil_degranulation	GSE169246	23	0.8660406396681237	PASS
mechanism__neutrophil_tan_net__reactome_neutrophil_degranulation	GSE176021	13	0.7472527472527472	PASS
mechanism__neutrophil_tan_net__reactome_neutrophil_degranulation	GSE179994	4	-0.39999999999999997	PASS
mechanism__neutrophil_tan_net__reactome_neutrophil_degranulation	GSE189903	23	0.7520395779874309	PASS
mechanism__neutrophil_tan_net__reactome_neutrophil_degranulation	GSE200996	3	-0.5	PASS
mechanism__neutrophil_tan_net__reactome_neutrophil_degranulation	GSE205506	23	0.8442136498516319	PASS
mechanism__neutrophil_tan_net__reactome_neutrophil_degranulation	GSE206325	8	0.8095238095238096	PASS
mechanism__neutrophil_tan_net__reactome_neutrophil_degranulation	GSE207422_sc	8	0.9523809523809524	PASS
mechanism__neutrophil_tan_net__reactome_neutrophil_degranulation	GSE225063	8	0.6428571428571429	PASS
mechanism__neutrophil_tan_net__reactome_neutrophil_degranulation	GSE232240	13	0.8296703296703297	PASS
mechanism__neutrophil_tan_net__reactome_neutrophil_degranulation	GSE235863_5pt_cd8	2		NOT_TESTABLE
mechanism__neutrophil_tan_net__reactome_neutrophil_degranulation	GSE235863_9pt_cd45	17	0.931372549019608	PASS
mechanism__neutrophil_tan_net__reactome_neutrophil_degranulation	GSE243013	15	0.9214285714285713	PASS
mechanism__neutrophil_tan_net__reactome_neutrophil_degranulation	GSE246613	10	0.9393939393939393	PASS
mechanism__neutrophil_tan_net__reactome_neutrophil_degranulation	GSE249974	23	0.8558714723841178	PASS
mechanism__neutrophil_tan_net__reactome_neutrophil_degranulation	GSE266919	18	0.8828085843471313	PASS
mechanism__neutrophil_tan_net__reactome_neutrophil_degranulation	GSE272734	2		NOT_TESTABLE
mechanism__neutrophil_tan_net__reactome_neutrophil_degranulation	GSE272735	8	0.9523809523809524	PASS
mechanism__neutrophil_tan_net__reactome_neutrophil_degranulation	GSE272993	8	0.6904761904761906	PASS
mechanism__neutrophil_tan_net__reactome_neutrophil_degranulation	GSE273718	8	0.6428571428571429	PASS
mechanism__neutrophil_tan_net__reactome_neutrophil_degranulation	GSE284205	23	0.9036086126217636	PASS
mechanism__neutrophil_tan_net__reactome_neutrophil_degranulation	GSE286827	23	0.9025236136993615	PASS
mechanism__neutrophil_tan_net__reactome_neutrophil_degranulation	GSE288199	8	-0.023809523809523815	PASS
mechanism__neutrophil_tan_net__reactome_neutrophil_degranulation	GSE301741	13	0.9215964702002218	PASS
mechanism__neutrophil_tan_net__reactome_neutrophil_degranulation	LAMBRECHT_BRCA	20	0.9420619672123172	PASS
mechanism__neutrophil_tan_net__reactome_neutrophil_degranulation	LAMBRECHT_HCC	23	0.3687593134659932	PASS
mechanism__neutrophil_tan_net__reactome_neutrophil_degranulation	PRJCA001063	14	0.8725274725274725	PASS
mechanism__neutrophil_tan_net__reactome_neutrophil_degranulation	TASK01	23	0.7629887128971578	PASS
mechanism__neutrophil_tan_net__reactome_neutrophil_degranulation	TASK02	23	0.6981458804196269	PASS
mechanism__neutrophil_tan_net__reactome_neutrophil_degranulation	bi_2021_rcc	17	0.7391049979915562	PASS
mechanism__neutrophil_tan_net__reactome_neutrophil_degranulation	krishna_2021_rcc	8	0.9761904761904763	PASS
mechanism__neutrophil_tan_net__reactome_neutrophil_degranulation	lambrecht_hnscc	23	0.4557588297796861	PASS
mechanism__neutrophil_tan_net__reactome_neutrophil_degranulation	mendeley_skrx2fz79n	4	0.9486832980505139	PASS
mechanism__neutrophil_tan_net__sentinel_neutrophil_net	GSE115978	23	0.5571265407641602	PASS
mechanism__neutrophil_tan_net__sentinel_neutrophil_net	GSE123813	23	0.6540004924370458	PASS
mechanism__neutrophil_tan_net__sentinel_neutrophil_net	GSE140228	21	0.9427836319811675	PASS
mechanism__neutrophil_tan_net__sentinel_neutrophil_net	GSE149614	10	0.8787878787878788	PASS
mechanism__neutrophil_tan_net__sentinel_neutrophil_net	GSE151530	23	0.856031027109968	PASS
mechanism__neutrophil_tan_net__sentinel_neutrophil_net	GSE161801	8	0.7380952380952381	PASS
mechanism__neutrophil_tan_net__sentinel_neutrophil_net	GSE169246	23	0.7799817106546076	PASS
mechanism__neutrophil_tan_net__sentinel_neutrophil_net	GSE176021	13	0.9146040214532883	PASS
mechanism__neutrophil_tan_net__sentinel_neutrophil_net	GSE179994	4	-0.39999999999999997	PASS
mechanism__neutrophil_tan_net__sentinel_neutrophil_net	GSE189903	23	0.8439065141326535	PASS
mechanism__neutrophil_tan_net__sentinel_neutrophil_net	GSE200996	3	-0.5	PASS
mechanism__neutrophil_tan_net__sentinel_neutrophil_net	GSE205506	23	0.7458551919262125	PASS
mechanism__neutrophil_tan_net__sentinel_neutrophil_net	GSE206325	8	0.7380952380952381	PASS
mechanism__neutrophil_tan_net__sentinel_neutrophil_net	GSE207422_sc	8	0.9523809523809524	PASS
mechanism__neutrophil_tan_net__sentinel_neutrophil_net	GSE225063	8	0.4191691916696407	PASS
mechanism__neutrophil_tan_net__sentinel_neutrophil_net	GSE232240	13	0.6795054571327008	PASS
mechanism__neutrophil_tan_net__sentinel_neutrophil_net	GSE235863_5pt_cd8	2		NOT_TESTABLE
mechanism__neutrophil_tan_net__sentinel_neutrophil_net	GSE235863_9pt_cd45	17	0.976590693469832	PASS
mechanism__neutrophil_tan_net__sentinel_neutrophil_net	GSE243013	15	0.8243780551425519	PASS
mechanism__neutrophil_tan_net__sentinel_neutrophil_net	GSE246613	10	0.8693049274624923	PASS
mechanism__neutrophil_tan_net__sentinel_neutrophil_net	GSE249974	23	0.8082275540518837	PASS
mechanism__neutrophil_tan_net__sentinel_neutrophil_net	GSE266919	18	0.8655654500617069	PASS
mechanism__neutrophil_tan_net__sentinel_neutrophil_net	GSE272734	2		NOT_TESTABLE
mechanism__neutrophil_tan_net__sentinel_neutrophil_net	GSE272735	8	0.8095238095238096	PASS
mechanism__neutrophil_tan_net__sentinel_neutrophil_net	GSE272993	8	0.3333333333333334	PASS
mechanism__neutrophil_tan_net__sentinel_neutrophil_net	GSE273718	8	0.880952380952381	PASS
mechanism__neutrophil_tan_net__sentinel_neutrophil_net	GSE284205	23	0.8556551829684909	PASS
mechanism__neutrophil_tan_net__sentinel_neutrophil_net	GSE286827	23	0.8885052142336158	PASS
mechanism__neutrophil_tan_net__sentinel_neutrophil_net	GSE288199	8	0.7619047619047621	PASS
mechanism__neutrophil_tan_net__sentinel_neutrophil_net	GSE301741	13	0.6299868408234353	PASS
mechanism__neutrophil_tan_net__sentinel_neutrophil_net	LAMBRECHT_BRCA	20	0.7153131873346407	PASS
mechanism__neutrophil_tan_net__sentinel_neutrophil_net	LAMBRECHT_HCC	23	0.5508539008718477	PASS
mechanism__neutrophil_tan_net__sentinel_neutrophil_net	PRJCA001063	14	0.8976903121883377	PASS
mechanism__neutrophil_tan_net__sentinel_neutrophil_net	TASK01	23	0.8802995875419471	PASS
mechanism__neutrophil_tan_net__sentinel_neutrophil_net	TASK02	23	0.818138376296542	PASS
mechanism__neutrophil_tan_net__sentinel_neutrophil_net	bi_2021_rcc	17	0.7400124323394329	PASS
mechanism__neutrophil_tan_net__sentinel_neutrophil_net	krishna_2021_rcc	8	0.9523809523809524	PASS
mechanism__neutrophil_tan_net__sentinel_neutrophil_net	lambrecht_hnscc	23	0.939664158971584	PASS
mechanism__neutrophil_tan_net__sentinel_neutrophil_net	mendeley_skrx2fz79n	4	0.316227766016838	PASS
mechanism__suppressive_myeloid__curated_myeloid_suppression	GSE115978	23	0.681660982935127	PASS
mechanism__suppressive_myeloid__curated_myeloid_suppression	GSE123813	23	0.4981467905967862	PASS
mechanism__suppressive_myeloid__curated_myeloid_suppression	GSE140228	21	0.5324675324675324	PASS
mechanism__suppressive_myeloid__curated_myeloid_suppression	GSE149614	10	0.2727272727272727	PASS
mechanism__suppressive_myeloid__curated_myeloid_suppression	GSE151530	23	0.7192289558887671	PASS
mechanism__suppressive_myeloid__curated_myeloid_suppression	GSE161801	8	0.30952380952380953	PASS
mechanism__suppressive_myeloid__curated_myeloid_suppression	GSE169246	23	0.6164113456998574	PASS
mechanism__suppressive_myeloid__curated_myeloid_suppression	GSE176021	13	0.46703296703296704	PASS
mechanism__suppressive_myeloid__curated_myeloid_suppression	GSE179994	4	0.0	PASS
mechanism__suppressive_myeloid__curated_myeloid_suppression	GSE189903	23	0.59070694315263	PASS
mechanism__suppressive_myeloid__curated_myeloid_suppression	GSE200996	3	-0.5	PASS
mechanism__suppressive_myeloid__curated_myeloid_suppression	GSE205506	23	0.8462680223241026	PASS
mechanism__suppressive_myeloid__curated_myeloid_suppression	GSE206325	8	0.5952380952380953	PASS
mechanism__suppressive_myeloid__curated_myeloid_suppression	GSE207422_sc	8	0.4761904761904762	PASS
mechanism__suppressive_myeloid__curated_myeloid_suppression	GSE225063	8	0.6595501762613933	PASS
mechanism__suppressive_myeloid__curated_myeloid_suppression	GSE232240	13	0.6153846153846153	PASS
mechanism__suppressive_myeloid__curated_myeloid_suppression	GSE235863_5pt_cd8	2		NOT_TESTABLE
mechanism__suppressive_myeloid__curated_myeloid_suppression	GSE235863_9pt_cd45	17	0.3308823529411765	PASS
mechanism__suppressive_myeloid__curated_myeloid_suppression	GSE243013	15	0.6035714285714285	PASS
mechanism__suppressive_myeloid__curated_myeloid_suppression	GSE246613	10	0.5393939393939393	PASS
mechanism__suppressive_myeloid__curated_myeloid_suppression	GSE249974	23	0.4251112728964534	PASS
mechanism__suppressive_myeloid__curated_myeloid_suppression	GSE266919	18	0.4943240454076367	PASS
mechanism__suppressive_myeloid__curated_myeloid_suppression	GSE272734	2		NOT_TESTABLE
mechanism__suppressive_myeloid__curated_myeloid_suppression	GSE272735	8	0.8333333333333335	PASS
mechanism__suppressive_myeloid__curated_myeloid_suppression	GSE272993	8	0.6428571428571429	PASS
mechanism__suppressive_myeloid__curated_myeloid_suppression	GSE273718	8	0.8333333333333335	PASS
mechanism__suppressive_myeloid__curated_myeloid_suppression	GSE284205	23	0.7701434455496214	PASS
mechanism__suppressive_myeloid__curated_myeloid_suppression	GSE286827	23	0.6045477752934447	PASS
mechanism__suppressive_myeloid__curated_myeloid_suppression	GSE288199	8	0.5714285714285715	PASS
mechanism__suppressive_myeloid__curated_myeloid_suppression	GSE301741	13	0.4010989010989011	PASS
mechanism__suppressive_myeloid__curated_myeloid_suppression	LAMBRECHT_BRCA	20	0.569601365159524	PASS
mechanism__suppressive_myeloid__curated_myeloid_suppression	LAMBRECHT_HCC	23	0.5106278429093446	PASS
mechanism__suppressive_myeloid__curated_myeloid_suppression	PRJCA001063	14	0.8813186813186813	PASS
mechanism__suppressive_myeloid__curated_myeloid_suppression	TASK01	23	0.7859615394248384	PASS
mechanism__suppressive_myeloid__curated_myeloid_suppression	TASK02	23	0.8393476062536952	PASS
mechanism__suppressive_myeloid__curated_myeloid_suppression	bi_2021_rcc	17	0.4898719172734733	PASS
mechanism__suppressive_myeloid__curated_myeloid_suppression	krishna_2021_rcc	8	0.6904761904761906	PASS
mechanism__suppressive_myeloid__curated_myeloid_suppression	lambrecht_hnscc	23	0.21343873517786563	PASS
mechanism__suppressive_myeloid__curated_myeloid_suppression	mendeley_skrx2fz79n	4	0.316227766016838	PASS
mechanism__tls_b__reactome_bcr	GSE115978	23	0.498764272502932	PASS
mechanism__tls_b__reactome_bcr	GSE123813	23	0.7065217391304347	PASS
mechanism__tls_b__reactome_bcr	GSE140228	21	0.7051948051948052	PASS
mechanism__tls_b__reactome_bcr	GSE149614	10	0.8424242424242423	PASS
mechanism__tls_b__reactome_bcr	GSE151530	23	0.29362336755871316	PASS
mechanism__tls_b__reactome_bcr	GSE161801	8	0.2142857142857143	PASS
mechanism__tls_b__reactome_bcr	GSE169246	23	0.4775087088581093	PASS
mechanism__tls_b__reactome_bcr	GSE176021	13	0.9615384615384615	PASS
mechanism__tls_b__reactome_bcr	GSE179994	4	0.19999999999999998	PASS
mechanism__tls_b__reactome_bcr	GSE189903	23	0.65067987155257	PASS
mechanism__tls_b__reactome_bcr	GSE200996	3	-0.5	PASS
mechanism__tls_b__reactome_bcr	GSE205506	23	0.546712869562183	PASS
mechanism__tls_b__reactome_bcr	GSE206325	8	0.5476190476190477	PASS
mechanism__tls_b__reactome_bcr	GSE207422_sc	8	0.7380952380952381	PASS
mechanism__tls_b__reactome_bcr	GSE225063	8	0.7857142857142858	PASS
mechanism__tls_b__reactome_bcr	GSE232240	13	0.3186813186813187	PASS
mechanism__tls_b__reactome_bcr	GSE235863_5pt_cd8	2		NOT_TESTABLE
mechanism__tls_b__reactome_bcr	GSE235863_9pt_cd45	17	0.7475490196078433	PASS
mechanism__tls_b__reactome_bcr	GSE243013	15	0.5821428571428571	PASS
mechanism__tls_b__reactome_bcr	GSE246613	10	0.8666666666666665	PASS
mechanism__tls_b__reactome_bcr	GSE249974	23	0.4295601117988581	PASS
mechanism__tls_b__reactome_bcr	GSE266919	18	0.14344685242518057	PASS
mechanism__tls_b__reactome_bcr	GSE272734	2		NOT_TESTABLE
mechanism__tls_b__reactome_bcr	GSE272735	8	0.5476190476190477	PASS
mechanism__tls_b__reactome_bcr	GSE272993	8	0.7857142857142858	PASS
mechanism__tls_b__reactome_bcr	GSE273718	8	0.4761904761904762	PASS
mechanism__tls_b__reactome_bcr	GSE284205	23	0.5219970978821566	PASS
mechanism__tls_b__reactome_bcr	GSE286827	23	0.8205636197768751	PASS
mechanism__tls_b__reactome_bcr	GSE288199	8	0.6666666666666669	PASS
mechanism__tls_b__reactome_bcr	GSE301741	13	0.5274725274725275	PASS
mechanism__tls_b__reactome_bcr	LAMBRECHT_BRCA	20	0.7518796992481201	PASS
mechanism__tls_b__reactome_bcr	LAMBRECHT_HCC	23	0.7826947087140717	PASS
mechanism__tls_b__reactome_bcr	PRJCA001063	14	0.24835164835164836	PASS
mechanism__tls_b__reactome_bcr	TASK01	23	0.8024722124086788	PASS
mechanism__tls_b__reactome_bcr	TASK02	23	0.8064277131476002	PASS
mechanism__tls_b__reactome_bcr	bi_2021_rcc	17	0.511971402263254	PASS
mechanism__tls_b__reactome_bcr	krishna_2021_rcc	8	0.8095238095238096	PASS
mechanism__tls_b__reactome_bcr	lambrecht_hnscc	23	0.8524833470034286	PASS
mechanism__tls_b__reactome_bcr	mendeley_skrx2fz79n	4	0.7378647873726218	PASS
mechanism__tls_b__sentinel_tls_b	GSE115978	23	0.7030902563432787	PASS
mechanism__tls_b__sentinel_tls_b	GSE123813	23	0.6389918653190918	PASS
mechanism__tls_b__sentinel_tls_b	GSE140228	21	0.7207792207792209	PASS
mechanism__tls_b__sentinel_tls_b	GSE149614	10	0.8060606060606059	PASS
mechanism__tls_b__sentinel_tls_b	GSE151530	23	0.646070271715889	PASS
mechanism__tls_b__sentinel_tls_b	GSE161801	8	0.04761904761904763	PASS
mechanism__tls_b__sentinel_tls_b	GSE169246	23	0.473554185389305	PASS
mechanism__tls_b__sentinel_tls_b	GSE176021	13	0.7802197802197801	PASS
mechanism__tls_b__sentinel_tls_b	GSE179994	4	0.7999999999999999	PASS
mechanism__tls_b__sentinel_tls_b	GSE189903	23	0.6060307215942463	PASS
mechanism__tls_b__sentinel_tls_b	GSE200996	3	-0.5	PASS
mechanism__tls_b__sentinel_tls_b	GSE205506	23	0.8573547851612132	PASS
mechanism__tls_b__sentinel_tls_b	GSE206325	8	0.7142857142857144	PASS
mechanism__tls_b__sentinel_tls_b	GSE207422_sc	8	0.8095238095238096	PASS
mechanism__tls_b__sentinel_tls_b	GSE225063	8	0.7619047619047621	PASS
mechanism__tls_b__sentinel_tls_b	GSE232240	13	0.40659340659340654	PASS
mechanism__tls_b__sentinel_tls_b	GSE235863_5pt_cd8	2		NOT_TESTABLE
mechanism__tls_b__sentinel_tls_b	GSE235863_9pt_cd45	17	0.5833333333333334	PASS
mechanism__tls_b__sentinel_tls_b	GSE243013	15	0.41785714285714276	PASS
mechanism__tls_b__sentinel_tls_b	GSE246613	10	0.8181818181818182	PASS
mechanism__tls_b__sentinel_tls_b	GSE249974	23	0.3376174411491601	PASS
mechanism__tls_b__sentinel_tls_b	GSE266919	18	0.2549019607843137	PASS
mechanism__tls_b__sentinel_tls_b	GSE272734	2		NOT_TESTABLE
mechanism__tls_b__sentinel_tls_b	GSE272735	8	0.5476190476190477	PASS
mechanism__tls_b__sentinel_tls_b	GSE272993	8	0.5000000000000001	PASS
mechanism__tls_b__sentinel_tls_b	GSE273718	8	0.6904761904761906	PASS
mechanism__tls_b__sentinel_tls_b	GSE284205	23	0.6224969287877551	PASS
mechanism__tls_b__sentinel_tls_b	GSE286827	23	0.936727746672999	PASS
mechanism__tls_b__sentinel_tls_b	GSE288199	8	0.7619047619047621	PASS
mechanism__tls_b__sentinel_tls_b	GSE301741	13	0.4484185810227945	PASS
mechanism__tls_b__sentinel_tls_b	LAMBRECHT_BRCA	20	0.6313017306245297	PASS
mechanism__tls_b__sentinel_tls_b	LAMBRECHT_HCC	23	0.7055624443051044	PASS
mechanism__tls_b__sentinel_tls_b	PRJCA001063	14	0.6087912087912088	PASS
mechanism__tls_b__sentinel_tls_b	TASK01	23	0.8934487294038709	PASS
mechanism__tls_b__sentinel_tls_b	TASK02	23	0.8474660333139096	PASS
mechanism__tls_b__sentinel_tls_b	bi_2021_rcc	17	0.7231442588322701	PASS
mechanism__tls_b__sentinel_tls_b	krishna_2021_rcc	8	0.880952380952381	PASS
mechanism__tls_b__sentinel_tls_b	lambrecht_hnscc	23	0.7847788724877941	PASS
mechanism__tls_b__sentinel_tls_b	mendeley_skrx2fz79n	4	-0.632455532033676	PASS
mechanism__wnt_beta_catenin__hallmark_wnt_beta_catenin	GSE115978	23	0.717251694154365	PASS
mechanism__wnt_beta_catenin__hallmark_wnt_beta_catenin	GSE123813	23	0.8171936758893281	PASS
mechanism__wnt_beta_catenin__hallmark_wnt_beta_catenin	GSE140228	21	0.8012987012987013	PASS
mechanism__wnt_beta_catenin__hallmark_wnt_beta_catenin	GSE149614	10	0.8303030303030302	PASS
mechanism__wnt_beta_catenin__hallmark_wnt_beta_catenin	GSE151530	23	0.8378646599528936	PASS
mechanism__wnt_beta_catenin__hallmark_wnt_beta_catenin	GSE161801	8	0.7142857142857144	PASS
mechanism__wnt_beta_catenin__hallmark_wnt_beta_catenin	GSE169246	23	0.9307959614697927	PASS
mechanism__wnt_beta_catenin__hallmark_wnt_beta_catenin	GSE176021	13	0.5439560439560439	PASS
mechanism__wnt_beta_catenin__hallmark_wnt_beta_catenin	GSE179994	4	-0.19999999999999998	PASS
mechanism__wnt_beta_catenin__hallmark_wnt_beta_catenin	GSE189903	23	0.8971825119849568	PASS
mechanism__wnt_beta_catenin__hallmark_wnt_beta_catenin	GSE200996	3	-0.5	PASS
mechanism__wnt_beta_catenin__hallmark_wnt_beta_catenin	GSE205506	23	0.8961938811177557	PASS
mechanism__wnt_beta_catenin__hallmark_wnt_beta_catenin	GSE206325	8	0.5476190476190477	PASS
mechanism__wnt_beta_catenin__hallmark_wnt_beta_catenin	GSE207422_sc	8	0.6428571428571429	PASS
mechanism__wnt_beta_catenin__hallmark_wnt_beta_catenin	GSE225063	8	-0.261904761904762	PASS
mechanism__wnt_beta_catenin__hallmark_wnt_beta_catenin	GSE232240	13	0.6373626373626374	PASS
mechanism__wnt_beta_catenin__hallmark_wnt_beta_catenin	GSE235863_5pt_cd8	2		NOT_TESTABLE
mechanism__wnt_beta_catenin__hallmark_wnt_beta_catenin	GSE235863_9pt_cd45	17	0.6691176470588236	PASS
mechanism__wnt_beta_catenin__hallmark_wnt_beta_catenin	GSE243013	15	0.914285714285714	PASS
mechanism__wnt_beta_catenin__hallmark_wnt_beta_catenin	GSE246613	10	0.9393939393939393	PASS
mechanism__wnt_beta_catenin__hallmark_wnt_beta_catenin	GSE249974	23	0.7963421635304494	PASS
mechanism__wnt_beta_catenin__hallmark_wnt_beta_catenin	GSE266919	18	0.8513931888544891	PASS
mechanism__wnt_beta_catenin__hallmark_wnt_beta_catenin	GSE272734	2		NOT_TESTABLE
mechanism__wnt_beta_catenin__hallmark_wnt_beta_catenin	GSE272735	8	-0.023809523809523815	PASS
mechanism__wnt_beta_catenin__hallmark_wnt_beta_catenin	GSE272993	8	0.07142857142857144	PASS
mechanism__wnt_beta_catenin__hallmark_wnt_beta_catenin	GSE273718	8	0.5714285714285715	PASS
mechanism__wnt_beta_catenin__hallmark_wnt_beta_catenin	GSE284205	23	0.8971825119849568	PASS
mechanism__wnt_beta_catenin__hallmark_wnt_beta_catenin	GSE286827	23	0.9209096527977821	PASS
mechanism__wnt_beta_catenin__hallmark_wnt_beta_catenin	GSE288199	8	0.5952380952380953	PASS
mechanism__wnt_beta_catenin__hallmark_wnt_beta_catenin	GSE301741	13	0.9615384615384615	PASS
mechanism__wnt_beta_catenin__hallmark_wnt_beta_catenin	LAMBRECHT_BRCA	20	0.9281685500313623	PASS
mechanism__wnt_beta_catenin__hallmark_wnt_beta_catenin	LAMBRECHT_HCC	23	0.5556105473669926	PASS
mechanism__wnt_beta_catenin__hallmark_wnt_beta_catenin	PRJCA001063	14	0.9208791208791209	PASS
mechanism__wnt_beta_catenin__hallmark_wnt_beta_catenin	TASK01	23	0.8660406396681237	PASS
mechanism__wnt_beta_catenin__hallmark_wnt_beta_catenin	TASK02	23	0.6564508958215002	PASS
mechanism__wnt_beta_catenin__hallmark_wnt_beta_catenin	bi_2021_rcc	17	0.1534686457623663	PASS
mechanism__wnt_beta_catenin__hallmark_wnt_beta_catenin	krishna_2021_rcc	8	0.9047619047619048	PASS
mechanism__wnt_beta_catenin__hallmark_wnt_beta_catenin	lambrecht_hnscc	23	0.9434149040171278	PASS
mechanism__wnt_beta_catenin__hallmark_wnt_beta_catenin	mendeley_skrx2fz79n	4	0.9486832980505139	PASS
mechanism__wnt_beta_catenin__reactome_wnt	GSE115978	23	0.7567969288424071	PASS
mechanism__wnt_beta_catenin__reactome_wnt	GSE123813	23	0.8320158102766799	PASS
mechanism__wnt_beta_catenin__reactome_wnt	GSE140228	21	0.7285714285714285	PASS
mechanism__wnt_beta_catenin__reactome_wnt	GSE149614	10	0.6727272727272726	PASS
mechanism__wnt_beta_catenin__reactome_wnt	GSE151530	23	0.7765695461864282	PASS
mechanism__wnt_beta_catenin__reactome_wnt	GSE161801	8	0.7857142857142858	PASS
mechanism__wnt_beta_catenin__reactome_wnt	GSE169246	23	0.8556600155625126	PASS
mechanism__wnt_beta_catenin__reactome_wnt	GSE176021	13	0.6098901098901099	PASS
mechanism__wnt_beta_catenin__reactome_wnt	GSE179994	4	0.7999999999999999	PASS
mechanism__wnt_beta_catenin__reactome_wnt	GSE189903	23	0.8022739487336557	PASS
mechanism__wnt_beta_catenin__reactome_wnt	GSE200996	3	0.5	PASS
mechanism__wnt_beta_catenin__reactome_wnt	GSE205506	23	0.8615918007657188	PASS
mechanism__wnt_beta_catenin__reactome_wnt	GSE206325	8	0.8333333333333335	PASS
mechanism__wnt_beta_catenin__reactome_wnt	GSE207422_sc	8	0.6190476190476191	PASS
mechanism__wnt_beta_catenin__reactome_wnt	GSE225063	8	0.19047619047619052	PASS
mechanism__wnt_beta_catenin__reactome_wnt	GSE232240	13	0.6978021978021978	PASS
mechanism__wnt_beta_catenin__reactome_wnt	GSE235863_5pt_cd8	2		NOT_TESTABLE
mechanism__wnt_beta_catenin__reactome_wnt	GSE235863_9pt_cd45	17	0.6862745098039217	PASS
mechanism__wnt_beta_catenin__reactome_wnt	GSE243013	15	0.8999999999999999	PASS
mechanism__wnt_beta_catenin__reactome_wnt	GSE246613	10	0.8545454545454544	PASS
mechanism__wnt_beta_catenin__reactome_wnt	GSE249974	23	0.7736036535848251	PASS
mechanism__wnt_beta_catenin__reactome_wnt	GSE266919	18	0.7874097007223942	PASS
mechanism__wnt_beta_catenin__reactome_wnt	GSE272734	2		NOT_TESTABLE
mechanism__wnt_beta_catenin__reactome_wnt	GSE272735	8	0.30952380952380953	PASS
mechanism__wnt_beta_catenin__reactome_wnt	GSE272993	8	0.1666666666666667	PASS
mechanism__wnt_beta_catenin__reactome_wnt	GSE273718	8	0.5476190476190477	PASS
mechanism__wnt_beta_catenin__reactome_wnt	GSE284205	23	0.8947109348169542	PASS
mechanism__wnt_beta_catenin__reactome_wnt	GSE286827	23	0.936727746672999	PASS
mechanism__wnt_beta_catenin__reactome_wnt	GSE288199	8	0.19047619047619052	PASS
mechanism__wnt_beta_catenin__reactome_wnt	GSE301741	13	0.945054945054945	PASS
mechanism__wnt_beta_catenin__reactome_wnt	LAMBRECHT_BRCA	20	0.8676691729323308	PASS
mechanism__wnt_beta_catenin__reactome_wnt	LAMBRECHT_HCC	23	0.4562531452132866	PASS
mechanism__wnt_beta_catenin__reactome_wnt	PRJCA001063	14	0.9120879120879121	PASS
mechanism__wnt_beta_catenin__reactome_wnt	TASK01	23	0.772615022717624	PASS
mechanism__wnt_beta_catenin__reactome_wnt	TASK02	23	0.5748888492774131	PASS
mechanism__wnt_beta_catenin__reactome_wnt	bi_2021_rcc	17	0.31798703401962297	PASS
mechanism__wnt_beta_catenin__reactome_wnt	krishna_2021_rcc	8	0.880952380952381	PASS
mechanism__wnt_beta_catenin__reactome_wnt	lambrecht_hnscc	23	0.9100790513833993	PASS
mechanism__wnt_beta_catenin__reactome_wnt	mendeley_skrx2fz79n	4	0.9486832980505139	PASS
mechanism__wnt_beta_catenin__sentinel_tumor_wnt	GSE115978	23	0.6544736340870981	PASS
mechanism__wnt_beta_catenin__sentinel_tumor_wnt	GSE123813	23	0.7341897233201582	PASS
mechanism__wnt_beta_catenin__sentinel_tumor_wnt	GSE140228	21	0.8584415584415584	PASS
mechanism__wnt_beta_catenin__sentinel_tumor_wnt	GSE149614	10	0.6	PASS
mechanism__wnt_beta_catenin__sentinel_tumor_wnt	GSE151530	23	0.8877905187465468	PASS
mechanism__wnt_beta_catenin__sentinel_tumor_wnt	GSE161801	8	0.7380952380952381	PASS
mechanism__wnt_beta_catenin__sentinel_tumor_wnt	GSE169246	23	0.9144835521609753	PASS
mechanism__wnt_beta_catenin__sentinel_tumor_wnt	GSE176021	13	0.8406593406593407	PASS
mechanism__wnt_beta_catenin__sentinel_tumor_wnt	GSE179994	4	-0.19999999999999998	PASS
mechanism__wnt_beta_catenin__sentinel_tumor_wnt	GSE189903	23	0.8274840358472826	PASS
mechanism__wnt_beta_catenin__sentinel_tumor_wnt	GSE200996	3	1.0	PASS
mechanism__wnt_beta_catenin__sentinel_tumor_wnt	GSE205506	23	0.9055858743561658	PASS
mechanism__wnt_beta_catenin__sentinel_tumor_wnt	GSE206325	8	0.5000000000000001	PASS
mechanism__wnt_beta_catenin__sentinel_tumor_wnt	GSE207422_sc	8	0.8571428571428572	PASS
mechanism__wnt_beta_catenin__sentinel_tumor_wnt	GSE225063	8	-0.07142857142857144	PASS
mechanism__wnt_beta_catenin__sentinel_tumor_wnt	GSE232240	13	0.7692307692307693	PASS
mechanism__wnt_beta_catenin__sentinel_tumor_wnt	GSE235863_5pt_cd8	2		NOT_TESTABLE
mechanism__wnt_beta_catenin__sentinel_tumor_wnt	GSE235863_9pt_cd45	17	0.49509803921568635	PASS
mechanism__wnt_beta_catenin__sentinel_tumor_wnt	GSE243013	15	0.907142857142857	PASS
mechanism__wnt_beta_catenin__sentinel_tumor_wnt	GSE246613	10	0.9272727272727272	PASS
mechanism__wnt_beta_catenin__sentinel_tumor_wnt	GSE249974	23	0.6085022987622489	PASS
mechanism__wnt_beta_catenin__sentinel_tumor_wnt	GSE266919	18	0.8513931888544891	PASS
mechanism__wnt_beta_catenin__sentinel_tumor_wnt	GSE272734	2		NOT_TESTABLE
mechanism__wnt_beta_catenin__sentinel_tumor_wnt	GSE272735	8	0.19047619047619052	PASS
mechanism__wnt_beta_catenin__sentinel_tumor_wnt	GSE272993	8	-0.261904761904762	PASS
mechanism__wnt_beta_catenin__sentinel_tumor_wnt	GSE273718	8	0.6428571428571429	PASS
mechanism__wnt_beta_catenin__sentinel_tumor_wnt	GSE284205	23	0.8877905187465468	PASS
mechanism__wnt_beta_catenin__sentinel_tumor_wnt	GSE286827	23	0.8759269483401342	PASS
mechanism__wnt_beta_catenin__sentinel_tumor_wnt	GSE288199	8	0.5000000000000001	PASS
mechanism__wnt_beta_catenin__sentinel_tumor_wnt	GSE301741	13	0.8241758241758241	PASS
mechanism__wnt_beta_catenin__sentinel_tumor_wnt	LAMBRECHT_BRCA	20	0.8364047225566248	PASS
mechanism__wnt_beta_catenin__sentinel_tumor_wnt	LAMBRECHT_HCC	23	0.6599111038567038	PASS
mechanism__wnt_beta_catenin__sentinel_tumor_wnt	PRJCA001063	14	0.9824175824175824	PASS
mechanism__wnt_beta_catenin__sentinel_tumor_wnt	TASK01	23	0.9045972434889649	PASS
mechanism__wnt_beta_catenin__sentinel_tumor_wnt	TASK02	23	0.870983794004129	PASS
mechanism__wnt_beta_catenin__sentinel_tumor_wnt	bi_2021_rcc	17	0.4665446831175936	PASS
mechanism__wnt_beta_catenin__sentinel_tumor_wnt	krishna_2021_rcc	8	0.9523809523809524	PASS
mechanism__wnt_beta_catenin__sentinel_tumor_wnt	lambrecht_hnscc	23	0.8383589753864942	PASS
mechanism__wnt_beta_catenin__sentinel_tumor_wnt	mendeley_skrx2fz79n	4	0.9486832980505139	PASS
