name,go_id,level,n_genes,msigdb_filtered,max_hallmark_jaccard,max_hallmark_match,ic
GOBP_REGULATION_OF_DNA_RECOMBINATION,GO:0000018,7,141,False,0.04281345565749235,HALLMARK_E2F_TARGETS,4.849367146500134
GOBP_RIBOSOMAL_LARGE_SUBUNIT_ASSEMBLY,GO:0000027,7,21,False,0.025974025974025976,HALLMARK_MYC_TARGETS_V2,6.753604599154879
GOBP_RIBOSOMAL_SMALL_SUBUNIT_ASSEMBLY,GO:0000028,7,22,False,0.00909090909090909,HALLMARK_MYC_TARGETS_V1,6.707084583519986
GOBP_VERY_LONG_CHAIN_FATTY_ACID_METABOLIC_PROCESS,GO:0000038,6,35,False,0.0859375,HALLMARK_PEROXISOME,6.242778975388888
GOBP_TRANSITION_METAL_ION_TRANSPORT,GO:0000041,7,102,False,0.02027027027027027,HALLMARK_HEME_METABOLISM,5.173154223594031
GOBP_MITOTIC_SISTER_CHROMATID_SEGREGATION,GO:0000070,4,197,False,0.11830985915492957,HALLMARK_G2M_CHECKPOINT,4.514923308140313
GOBP_CELL_CYCLE_CHECKPOINT_SIGNALING,GO:0000075,4,185,False,0.08757062146892655,HALLMARK_E2F_TARGETS,4.577771211799977
GOBP_DNA_REPLICATION_CHECKPOINT_SIGNALING,GO:0000076,6,20,False,0.018518518518518517,HALLMARK_E2F_TARGETS,6.802394763324311
GOBP_REGULATION_OF_CYCLIN_DEPENDENT_PROTEIN_SERINE_THREONINE_KINASE_ACTIVITY,GO:0000079,8,33,False,0.021929824561403508,HALLMARK_G2M_CHECKPOINT,6.3016194754118215
GOBP_SULFUR_AMINO_ACID_METABOLIC_PROCESS,GO:0000096,4,32,False,0.038461538461538464,HALLMARK_REACTIVE_OXYGEN_SPECIES_PATHWAY,6.332391134078575
GOBP_RRNA_MODIFICATION,GO:0000154,6,36,False,0.021739130434782608,HALLMARK_MYC_TARGETS_V2,6.214608098422191
GOBP_NUCLEAR_TRANSCRIBED_MRNA_CATABOLIC_PROCESS_NONSENSE_MEDIATED_DECAY,GO:0000184,9,45,False,0.039473684210526314,HALLMARK_UNFOLDED_PROTEIN_RESPONSE,5.991464547107982
GOBP_PROTEIN_POLYUBIQUITINATION,GO:0000209,10,265,False,0.028761061946902654,HALLMARK_INTERFERON_GAMMA_RESPONSE,4.218397210892079
GOBP_MEIOTIC_SPINDLE_ORGANIZATION,GO:0000212,3,22,False,0.027906976744186046,HALLMARK_MITOTIC_SPINDLE,6.707084583519986
GOBP_SPLICEOSOMAL_TRI_SNRNP_COMPLEX_ASSEMBLY,GO:0000244,8,27,False,0.008888888888888889,HALLMARK_G2M_CHECKPOINT,6.502290170873972
GOBP_SPLICEOSOMAL_COMPLEX_ASSEMBLY,GO:0000245,7,94,False,0.0425531914893617,HALLMARK_MYC_TARGETS_V1,5.2548322546082975
GOBP_MITOCHONDRIAL_FISSION,GO:0000266,6,43,False,0.022058823529411766,HALLMARK_PROTEIN_SECRETION,6.036926921184739
GOBP_POLYSACCHARIDE_BIOSYNTHETIC_PROCESS,GO:0000271,5,59,False,0.04435483870967742,HALLMARK_HYPOXIA,5.7205895929725825
GOBP_POLYSACCHARIDE_CATABOLIC_PROCESS,GO:0000272,5,30,True,0.017699115044247787,HALLMARK_HYPOXIA,6.396929655216146
GOBP_MITOTIC_CYTOKINESIS,GO:0000281,4,98,False,0.06451612903225806,HALLMARK_MITOTIC_SPINDLE,5.21315955820773
GOBP_NUCLEAR_TRANSCRIBED_MRNA_CATABOLIC_PROCESS_DEADENYLATION_DEPENDENT_DECAY,GO:0000288,6,58,False,0.049079754601226995,HALLMARK_UNFOLDED_PROTEIN_RESPONSE,5.737684026331882
GOBP_NUCLEAR_TRANSCRIBED_MRNA_POLY_A_TAIL_SHORTENING,GO:0000289,9,32,False,0.028368794326241134,HALLMARK_UNFOLDED_PROTEIN_RESPONSE,6.332391134078575
GOBP_RESPONSE_TO_REACTIVE_OXYGEN_SPECIES,GO:0000302,4,204,False,0.041237113402061855,HALLMARK_TNFA_SIGNALING_VIA_NFKB,4.480007043034085
GOBP_RESPONSE_TO_OXYGEN_RADICAL,GO:0000305,5,27,True,0.10144927536231885,HALLMARK_REACTIVE_OXYGEN_SPECIES_PATHWAY,6.502290170873972
GOBP_ALTERNATIVE_MRNA_SPLICING_VIA_SPLICEOSOME,GO:0000380,7,78,False,0.02962962962962963,HALLMARK_MYC_TARGETS_V1,5.44141821018871
GOBP_REGULATION_OF_ALTERNATIVE_MRNA_SPLICING_VIA_SPLICEOSOME,GO:0000381,8,59,False,0.020100502512562814,HALLMARK_UV_RESPONSE_DN,5.7205895929725825
GOBP_SPLICEOSOMAL_SNRNP_ASSEMBLY,GO:0000387,7,52,False,0.02857142857142857,HALLMARK_MYC_TARGETS_V1,5.846883318296874
GOBP_MRNA_5_SPLICE_SITE_RECOGNITION,GO:0000395,8,23,False,0.00904977375565611,HALLMARK_E2F_TARGETS,6.662632820949152
GOBP_AUTOPHAGY_OF_MITOCHONDRION,GO:0000422,4,116,False,0.01935483870967742,HALLMARK_OXIDATIVE_PHOSPHORYLATION,5.044536845771937
GOBP_MITOPHAGY,GO:0000423,5,97,False,0.020618556701030927,HALLMARK_OXIDATIVE_PHOSPHORYLATION,5.2234160583749185
GOBP_MATURATION_OF_5_8S_RRNA,GO:0000460,6,34,False,0.045454545454545456,HALLMARK_MYC_TARGETS_V2,6.271766512262141
GOBP_MATURATION_OF_SSU_RRNA_FROM_TRICISTRONIC_RRNA_TRANSCRIPT_SSU_RRNA_5_8S_RRNA_LSU_RRNA,GO:0000462,7,35,False,0.0449438202247191,HALLMARK_MYC_TARGETS_V2,6.242778975388888
GOBP_MATURATION_OF_5_8S_RRNA_FROM_TRICISTRONIC_RRNA_TRANSCRIPT_SSU_RRNA_5_8S_RRNA_LSU_RRNA,GO:0000466,7,23,False,0.038461538461538464,HALLMARK_MYC_TARGETS_V2,6.662632820949152
GOBP_MATURATION_OF_LSU_RRNA,GO:0000470,6,26,False,0.06329113924050633,HALLMARK_MYC_TARGETS_V2,6.54003049885682
GOBP_EMBRYONIC_AXIS_SPECIFICATION,GO:0000578,4,43,False,0.036585365853658534,HALLMARK_WNT_BETA_CATENIN_SIGNALING,6.036926921184739
GOBP_RECOMBINATIONAL_REPAIR,GO:0000725,6,193,True,0.07377049180327869,HALLMARK_E2F_TARGETS,4.535436847973417
GOBP_DNA_DOUBLE_STRAND_BREAK_PROCESSING,GO:0000729,6,22,False,0.0136986301369863,HALLMARK_E2F_TARGETS,6.707084583519986
GOBP_DNA_SYNTHESIS_INVOLVED_IN_DNA_REPAIR,GO:0000731,7,42,False,0.04918032786885246,HALLMARK_DNA_REPAIR,6.060457418594933
GOBP_SISTER_CHROMATID_SEGREGATION,GO:0000819,5,238,False,0.12307692307692308,HALLMARK_G2M_CHECKPOINT,4.325856363206827
GOBP_CYTOKINESIS,GO:0000910,3,194,False,0.06793478260869565,HALLMARK_MITOTIC_SPINDLE,4.530268877814973
GOBP_NUCLEAR_TRANSCRIBED_MRNA_CATABOLIC_PROCESS,GO:0000956,8,129,False,0.07555555555555556,HALLMARK_UNFOLDED_PROTEIN_RESPONSE,4.938314632516629
GOBP_MITOCHONDRIAL_RNA_METABOLIC_PROCESS,GO:0000959,6,55,False,0.03669724770642202,HALLMARK_MYC_TARGETS_V2,5.790793851645831
GOBP_MITOCHONDRIAL_RNA_PROCESSING,GO:0000963,5,24,False,0.0379746835443038,HALLMARK_MYC_TARGETS_V2,6.620073206530356
GOBP_RNA_5_END_PROCESSING,GO:0000966,5,38,False,0.02586206896551724,HALLMARK_MYC_TARGETS_V1,6.160540877151916
GOBP_RESPONSE_TO_ACID_CHEMICAL,GO:0001101,3,142,True,0.02702702702702703,HALLMARK_EPITHELIAL_MESENCHYMAL_TRANSITION,4.8422999792770405
GOBP_CARTILAGE_CONDENSATION,GO:0001502,3,21,False,0.018433179723502304,HALLMARK_EPITHELIAL_MESENCHYMAL_TRANSITION,6.753604599154879
GOBP_NEUROTRANSMITTER_UPTAKE,GO:0001504,5,47,False,0.01646090534979424,HALLMARK_KRAS_SIGNALING_DN,5.947979435168243
GOBP_ACTION_POTENTIAL,GO:0001508,4,179,False,0.02710027100271003,HALLMARK_MYOGENESIS,4.610741231037546
GOBP_RNA_METHYLATION,GO:0001510,5,84,False,0.017921146953405017,HALLMARK_MYC_TARGETS_V1,5.367310238034988
GOBP_CILIUM_OR_FLAGELLUM_DEPENDENT_CELL_MOTILITY,GO:0001539,3,224,True,0.02865329512893983,HALLMARK_SPERMATOGENESIS,4.386480985023262
GOBP_OVARIAN_FOLLICLE_DEVELOPMENT,GO:0001541,3,62,False,0.022935779816513763,HALLMARK_APOPTOSIS,5.6709926518332106
GOBP_OOCYTE_MATURATION,GO:0001556,3,37,False,0.017167381974248927,HALLMARK_G2M_CHECKPOINT,6.187209124234077
GOBP_RESPONSE_TO_PROTOZOAN,GO:0001562,3,33,True,0.04017857142857143,HALLMARK_INTERFERON_GAMMA_RESPONSE,6.3016194754118215
GOBP_BRANCHING_INVOLVED_IN_BLOOD_VESSEL_MORPHOGENESIS,GO:0001569,5,39,False,0.041666666666666664,HALLMARK_HEDGEHOG_SIGNALING,6.134565390748655
GOBP_VASCULOGENESIS,GO:0001570,4,82,False,0.06306306306306306,HALLMARK_HEDGEHOG_SIGNALING,5.391407789614049
GOBP_GANGLIOSIDE_METABOLIC_PROCESS,GO:0001573,5,29,False,0.00980392156862745,HALLMARK_CHOLESTEROL_HOMEOSTASIS,6.430831206891828
GOBP_MICROTUBULE_BUNDLE_FORMATION,GO:0001578,4,137,False,0.027522935779816515,HALLMARK_MITOTIC_SPINDLE,4.878146111050177
GOBP_OSTEOBLAST_DIFFERENTIATION,GO:0001649,4,267,False,0.04943820224719101,HALLMARK_EPITHELIAL_MESENCHYMAL_TRANSITION,4.210878378478053
GOBP_UROGENITAL_SYSTEM_DEVELOPMENT,GO:0001655,4,68,False,0.0297029702970297,HALLMARK_HEDGEHOG_SIGNALING,5.578619331702195
GOBP_METANEPHROS_DEVELOPMENT,GO:0001656,5,92,False,0.028169014084507043,HALLMARK_TGF_BETA_SIGNALING,5.276338459829262
GOBP_TEMPERATURE_HOMEOSTASIS,GO:0001659,3,184,False,0.043478260869565216,HALLMARK_ADIPOGENESIS,4.583191279269316
GOBP_AMEBOIDAL_TYPE_CELL_MIGRATION,GO:0001667,4,257,False,0.04337899543378995,HALLMARK_EPITHELIAL_MESENCHYMAL_TRANSITION,4.249050951983082
GOBP_ACROSOME_ASSEMBLY,GO:0001675,3,38,False,0.01764705882352941,HALLMARK_SPERMATOGENESIS,6.160540877151916
GOBP_LONG_CHAIN_FATTY_ACID_METABOLIC_PROCESS,GO:0001676,6,109,False,0.07661290322580645,HALLMARK_FATTY_ACID_METABOLISM,5.106779154649158
GOBP_INTRACELLULAR_GLUCOSE_HOMEOSTASIS,GO:0001678,4,174,False,0.038834951456310676,HALLMARK_PANCREAS_BETA_CELLS,4.639071737663772
GOBP_GASTRULATION_WITH_MOUTH_FORMING_SECOND,GO:0001702,5,28,False,0.04918032786885246,HALLMARK_HEDGEHOG_SIGNALING,6.465922526703098
GOBP_FORMATION_OF_PRIMARY_GERM_LAYER,GO:0001704,3,134,False,0.0670926517571885,HALLMARK_EPITHELIAL_MESENCHYMAL_TRANSITION,4.90028723692739
GOBP_ENDODERM_FORMATION,GO:0001706,4,61,True,0.06097560975609756,HALLMARK_EPITHELIAL_MESENCHYMAL_TRANSITION,5.687253172704991
GOBP_CELL_FATE_SPECIFICATION,GO:0001708,3,111,False,0.04794520547945205,HALLMARK_WNT_BETA_CATENIN_SIGNALING,5.088596835565967
GOBP_CELL_FATE_DETERMINATION,GO:0001709,3,43,False,0.0759493670886076,HALLMARK_WNT_BETA_CATENIN_SIGNALING,6.036926921184739
GOBP_MORPHOGENESIS_OF_A_POLARIZED_EPITHELIUM,GO:0001738,5,58,False,0.021739130434782608,HALLMARK_HEDGEHOG_SIGNALING,5.737684026331882
GOBP_EYE_PHOTORECEPTOR_CELL_DIFFERENTIATION,GO:0001754,6,55,False,0.02247191011235955,HALLMARK_HEDGEHOG_SIGNALING,5.790793851645831
GOBP_SOMITOGENESIS,GO:0001756,3,67,False,0.09,HALLMARK_WNT_BETA_CATENIN_SIGNALING,5.593434417487336
GOBP_ORGAN_INDUCTION,GO:0001759,3,23,False,0.031746031746031744,HALLMARK_WNT_BETA_CATENIN_SIGNALING,6.662632820949152
GOBP_MORPHOGENESIS_OF_A_BRANCHING_STRUCTURE,GO:0001763,2,214,True,0.03759398496240601,HALLMARK_EPITHELIAL_MESENCHYMAL_TRANSITION,4.43215102185645
GOBP_NEURON_MIGRATION,GO:0001764,4,196,False,0.04035874439461883,HALLMARK_HEDGEHOG_SIGNALING,4.5200123776477845
GOBP_MYELOID_DENDRITIC_CELL_ACTIVATION,GO:0001773,4,32,False,0.02654867256637168,HALLMARK_ALLOGRAFT_REJECTION,6.332391134078575
GOBP_LEUKOCYTE_HOMEOSTASIS,GO:0001776,2,118,False,0.04950495049504951,HALLMARK_ALLOGRAFT_REJECTION,5.027442412412637
GOBP_PLASMA_MEMBRANE_REPAIR,GO:0001778,6,30,False,0.015384615384615385,HALLMARK_HEDGEHOG_SIGNALING,6.396929655216146
GOBP_NATURAL_KILLER_CELL_DIFFERENTIATION,GO:0001779,5,27,False,0.02252252252252252,HALLMARK_INFLAMMATORY_RESPONSE,6.502290170873972
GOBP_NEUTROPHIL_HOMEOSTASIS,GO:0001780,3,23,False,0.018518518518518517,HALLMARK_IL6_JAK_STAT3_SIGNALING,6.662632820949152
GOBP_B_CELL_HOMEOSTASIS,GO:0001782,4,37,False,0.020942408376963352,HALLMARK_UV_RESPONSE_UP,6.187209124234077
GOBP_B_CELL_APOPTOTIC_PROCESS,GO:0001783,7,28,False,0.02252252252252252,HALLMARK_IL2_STAT5_SIGNALING,6.465922526703098
GOBP_MESONEPHROS_DEVELOPMENT,GO:0001823,5,103,True,0.053691275167785234,HALLMARK_TGF_BETA_SIGNALING,5.163398048648666
GOBP_BLASTOCYST_DEVELOPMENT,GO:0001824,3,127,False,0.02830188679245283,HALLMARK_E2F_TARGETS,4.95393995041971
GOBP_BLASTOCYST_FORMATION,GO:0001825,3,48,False,0.030303030303030304,HALLMARK_TGF_BETA_SIGNALING,5.926926025970411
GOBP_TROPHECTODERMAL_CELL_DIFFERENTIATION,GO:0001829,4,20,False,0.014705882352941176,HALLMARK_REACTIVE_OXYGEN_SPECIES_PATHWAY,6.802394763324311
GOBP_BLASTOCYST_GROWTH,GO:0001832,3,24,False,0.0228310502283105,HALLMARK_E2F_TARGETS,6.620073206530356
GOBP_RELEASE_OF_CYTOCHROME_C_FROM_MITOCHONDRIA,GO:0001836,7,55,False,0.08,HALLMARK_APOPTOSIS,5.790793851645831
GOBP_EPITHELIAL_TO_MESENCHYMAL_TRANSITION,GO:0001837,5,190,False,0.04504504504504504,HALLMARK_WNT_BETA_CATENIN_SIGNALING,4.551102964717815
GOBP_EMBRYONIC_EPITHELIAL_TUBE_FORMATION,GO:0001838,5,126,False,0.03067484662576687,HALLMARK_WNT_BETA_CATENIN_SIGNALING,4.961845129926823
GOBP_NEURAL_TUBE_FORMATION,GO:0001841,6,105,True,0.025806451612903226,HALLMARK_TGF_BETA_SIGNALING,5.144166686720778
GOBP_RECEPTOR_RECYCLING,GO:0001881,5,48,False,0.02564102564102564,HALLMARK_BILE_ACID_METABOLISM,5.926926025970411
GOBP_ENDOTHELIAL_CELL_DEVELOPMENT,GO:0001885,5,72,False,0.025806451612903226,HALLMARK_IL6_JAK_STAT3_SIGNALING,5.521460917862246
GOBP_PLACENTA_DEVELOPMENT,GO:0001890,4,161,False,0.03142857142857143,HALLMARK_TNFA_SIGNALING_VIA_NFKB,4.716722671893839
GOBP_EMBRYONIC_PLACENTA_DEVELOPMENT,GO:0001892,5,93,False,0.030534351145038167,HALLMARK_WNT_BETA_CATENIN_SIGNALING,5.265527543725046
GOBP_MATERNAL_PLACENTA_DEVELOPMENT,GO:0001893,3,36,False,0.02857142857142857,HALLMARK_ANGIOGENESIS,6.214608098422191
GOBP_TISSUE_HOMEOSTASIS,GO:0001894,4,273,True,0.0350109409190372,HALLMARK_APICAL_JUNCTION,4.188655241693342
GOBP_RETINA_HOMEOSTASIS,GO:0001895,5,59,False,0.013071895424836602,HALLMARK_PROTEIN_SECRETION,5.7205895929725825
GOBP_CELL_KILLING,GO:0001906,2,268,False,0.1011764705882353,HALLMARK_ALLOGRAFT_REJECTION,4.207140056367445
GOBP_LEUKOCYTE_MEDIATED_CYTOTOXICITY,GO:0001909,3,155,False,0.08231707317073171,HALLMARK_ALLOGRAFT_REJECTION,4.7547019199590554
GOBP_T_CELL_MEDIATED_CYTOTOXICITY,GO:0001913,4,60,False,0.061224489795918366,HALLMARK_ALLOGRAFT_REJECTION,5.703782474656201
GOBP_REGULATION_OF_T_CELL_MEDIATED_CYTOTOXICITY,GO:0001914,6,48,False,0.05531914893617021,HALLMARK_ALLOGRAFT_REJECTION,5.926926025970411
GOBP_POSITIVE_REGULATION_OF_T_CELL_MEDIATED_CYTOTOXICITY,GO:0001916,7,38,False,0.048458149779735685,HALLMARK_ALLOGRAFT_REJECTION,6.160540877151916
GOBP_REGULATION_OF_RECEPTOR_RECYCLING,GO:0001919,4,25,False,0.016666666666666666,HALLMARK_HEDGEHOG_SIGNALING,6.579251212010101
GOBP_ENDOTHELIAL_CELL_PROLIFERATION,GO:0001935,4,211,True,0.032663316582914576,HALLMARK_EPITHELIAL_MESENCHYMAL_TRANSITION,4.446268903402236
GOBP_NEGATIVE_REGULATION_OF_ENDOTHELIAL_CELL_PROLIFERATION,GO:0001937,7,79,False,0.023076923076923078,HALLMARK_TGF_BETA_SIGNALING,5.42867918441128
GOBP_POSITIVE_REGULATION_OF_ENDOTHELIAL_CELL_PROLIFERATION,GO:0001938,7,110,False,0.03546099290780142,HALLMARK_HEDGEHOG_SIGNALING,5.097646671085886
GOBP_POSTSYNAPTIC_MEMBRANE_ORGANIZATION,GO:0001941,5,43,False,0.0125,HALLMARK_APICAL_JUNCTION,6.036926921184739
GOBP_LYMPH_VESSEL_DEVELOPMENT,GO:0001945,3,32,False,0.017543859649122806,HALLMARK_EPITHELIAL_MESENCHYMAL_TRANSITION,6.332391134078575
GOBP_LYMPHANGIOGENESIS,GO:0001946,3,20,False,0.01818181818181818,HALLMARK_HEDGEHOG_SIGNALING,6.802394763324311
GOBP_REGULATION_OF_CELL_MATRIX_ADHESION,GO:0001952,6,127,False,0.05144694533762058,HALLMARK_APICAL_JUNCTION,4.95393995041971
GOBP_NEGATIVE_REGULATION_OF_CELL_MATRIX_ADHESION,GO:0001953,7,40,False,0.02702702702702703,HALLMARK_HEDGEHOG_SIGNALING,6.1092475827643655
GOBP_POSITIVE_REGULATION_OF_CELL_MATRIX_ADHESION,GO:0001954,7,57,False,0.0449438202247191,HALLMARK_HEDGEHOG_SIGNALING,5.755075769043752
GOBP_POSITIVE_REGULATION_OF_NEUROTRANSMITTER_SECRETION,GO:0001956,6,20,False,0.01694915254237288,HALLMARK_PANCREAS_BETA_CELLS,6.802394763324311
GOBP_SYNAPTIC_TRANSMISSION_DOPAMINERGIC,GO:0001963,8,29,False,0.01327433628318584,HALLMARK_KRAS_SIGNALING_DN,6.430831206891828
GOBP_STARTLE_RESPONSE,GO:0001964,3,28,False,0.013333333333333334,HALLMARK_KRAS_SIGNALING_DN,6.465922526703098
GOBP_BLOOD_VESSEL_REMODELING,GO:0001974,3,54,False,0.021739130434782608,HALLMARK_IL6_JAK_STAT3_SIGNALING,5.809142990314028
GOBP_RESPONSE_TO_AMPHETAMINE,GO:0001975,5,31,False,0.013888888888888888,HALLMARK_WNT_BETA_CATENIN_SIGNALING,6.364139832393156
GOBP_REGULATION_OF_SYSTEMIC_ARTERIAL_BLOOD_PRESSURE_BY_CIRCULATORY_RENIN_ANGIOTENSIN,GO:0001991,6,23,False,0.00904977375565611,HALLMARK_COMPLEMENT,6.662632820949152
GOBP_MORPHOGENESIS_OF_AN_EPITHELIAL_SHEET,GO:0002011,5,66,False,0.047244094488188976,HALLMARK_EPITHELIAL_MESENCHYMAL_TRANSITION,5.608472294851876
GOBP_RESPONSE_TO_DIETARY_EXCESS,GO:0002021,3,36,False,0.008547008547008548,HALLMARK_G2M_CHECKPOINT,6.214608098422191
GOBP_REGULATION_OF_THE_FORCE_OF_HEART_CONTRACTION,GO:0002026,3,26,False,0.0319634703196347,HALLMARK_MYOGENESIS,6.54003049885682
GOBP_REGULATION_OF_HEART_RATE,GO:0002027,3,112,False,0.0297029702970297,HALLMARK_MYOGENESIS,5.079628165583207
GOBP_REGULATION_OF_SODIUM_ION_TRANSPORT,GO:0002028,7,77,False,0.02214022140221402,HALLMARK_MYOGENESIS,5.454321615024618
GOBP_SPROUTING_ANGIOGENESIS,GO:0002040,4,206,False,0.03307888040712468,HALLMARK_EPITHELIAL_MESENCHYMAL_TRANSITION,4.470250868088721
GOBP_CELL_MIGRATION_INVOLVED_IN_SPROUTING_ANGIOGENESIS,GO:0002042,6,102,False,0.027210884353741496,HALLMARK_EPITHELIAL_MESENCHYMAL_TRANSITION,5.173154223594031
GOBP_BLOOD_VESSEL_ENDOTHELIAL_CELL_PROLIFERATION_INVOLVED_IN_SPROUTING_ANGIOGENESIS,GO:0002043,5,56,True,0.014184397163120567,HALLMARK_IL6_JAK_STAT3_SIGNALING,5.772775346143153
GOBP_POSITIVE_REGULATION_OF_NEUROBLAST_PROLIFERATION,GO:0002052,7,29,False,0.031746031746031744,HALLMARK_HEDGEHOG_SIGNALING,6.430831206891828
GOBP_POSITIVE_REGULATION_OF_MESENCHYMAL_CELL_PROLIFERATION,GO:0002053,6,27,False,0.03508771929824561,HALLMARK_NOTCH_SIGNALING,6.502290170873972
GOBP_CHONDROCYTE_DIFFERENTIATION,GO:0002062,4,119,False,0.048484848484848485,HALLMARK_TGF_BETA_SIGNALING,5.019003543766773
GOBP_CHONDROCYTE_DEVELOPMENT,GO:0002063,4,34,False,0.023255813953488372,HALLMARK_TGF_BETA_SIGNALING,6.271766512262141
GOBP_EPITHELIAL_CELL_DEVELOPMENT,GO:0002064,4,229,False,0.03125,HALLMARK_ESTROGEN_RESPONSE_EARLY,4.364405033324062
GOBP_COLUMNAR_CUBOIDAL_EPITHELIAL_CELL_DIFFERENTIATION,GO:0002065,5,113,False,0.03571428571428571,HALLMARK_NOTCH_SIGNALING,5.070739218165961
GOBP_COLUMNAR_CUBOIDAL_EPITHELIAL_CELL_DEVELOPMENT,GO:0002066,5,27,False,0.017937219730941704,HALLMARK_ESTROGEN_RESPONSE_EARLY,6.502290170873972
GOBP_GLANDULAR_EPITHELIAL_CELL_DIFFERENTIATION,GO:0002067,6,36,False,0.030303030303030304,HALLMARK_NOTCH_SIGNALING,6.214608098422191
GOBP_EPITHELIAL_CELL_MATURATION,GO:0002070,4,25,False,0.03389830508474576,HALLMARK_HEDGEHOG_SIGNALING,6.579251212010101
GOBP_REGULATION_OF_OXIDATIVE_PHOSPHORYLATION,GO:0002082,8,24,False,0.013574660633484163,HALLMARK_MTORC1_SIGNALING,6.620073206530356
GOBP_LENS_DEVELOPMENT_IN_CAMERA_TYPE_EYE,GO:0002088,3,92,False,0.06569343065693431,HALLMARK_TGF_BETA_SIGNALING,5.276338459829262
GOBP_LENS_MORPHOGENESIS_IN_CAMERA_TYPE_EYE,GO:0002089,3,24,False,0.05405405405405406,HALLMARK_TGF_BETA_SIGNALING,6.620073206530356
GOBP_REGULATION_OF_RECEPTOR_INTERNALIZATION,GO:0002090,7,78,False,0.02702702702702703,HALLMARK_ANGIOGENESIS,5.44141821018871
GOBP_POSITIVE_REGULATION_OF_RECEPTOR_INTERNALIZATION,GO:0002092,7,30,False,0.03125,HALLMARK_ANGIOGENESIS,6.396929655216146
GOBP_AUDITORY_RECEPTOR_CELL_MORPHOGENESIS,GO:0002093,4,24,False,0.013888888888888888,HALLMARK_REACTIVE_OXYGEN_SPECIES_PATHWAY,6.620073206530356
GOBP_TRNA_WOBBLE_BASE_MODIFICATION,GO:0002097,7,21,False,0.016666666666666666,HALLMARK_PANCREAS_BETA_CELLS,6.753604599154879
GOBP_STORE_OPERATED_CALCIUM_ENTRY,GO:0002115,8,24,False,0.009009009009009009,HALLMARK_MYOGENESIS,6.620073206530356
GOBP_CYTOPLASMIC_TRANSLATION,GO:0002181,6,171,False,0.07536231884057971,HALLMARK_MYC_TARGETS_V1,4.656463480375642
GOBP_CYTOPLASMIC_TRANSLATIONAL_INITIATION,GO:0002183,4,48,False,0.03333333333333333,HALLMARK_MYC_TARGETS_V1,5.926926025970411
GOBP_SOMATIC_DIVERSIFICATION_OF_IMMUNE_RECEPTORS,GO:0002200,2,81,True,0.03308823529411765,HALLMARK_E2F_TARGETS,5.403677882205863
GOBP_INNATE_IMMUNE_RESPONSE_ACTIVATING_CELL_SURFACE_RECEPTOR_SIGNALING_PATHWAY,GO:0002220,5,104,False,0.034013605442176874,HALLMARK_INFLAMMATORY_RESPONSE,5.153736137736929
GOBP_TOLL_LIKE_RECEPTOR_SIGNALING_PATHWAY,GO:0002224,6,84,False,0.0364963503649635,HALLMARK_ALLOGRAFT_REJECTION,5.367310238034988
GOBP_INNATE_IMMUNE_RESPONSE_IN_MUCOSA,GO:0002227,4,27,False,0.008888888888888889,HALLMARK_COMPLEMENT,6.502290170873972
GOBP_NATURAL_KILLER_CELL_MEDIATED_IMMUNITY,GO:0002228,4,90,True,0.05454545454545454,HALLMARK_ALLOGRAFT_REJECTION,5.298317366548036
GOBP_POSITIVE_REGULATION_OF_DEFENSE_RESPONSE_TO_VIRUS_BY_HOST,GO:0002230,7,33,False,0.017467248908296942,HALLMARK_TNFA_SIGNALING_VIA_NFKB,6.3016194754118215
GOBP_HEMATOPOIETIC_PROGENITOR_CELL_DIFFERENTIATION,GO:0002244,4,136,False,0.02127659574468085,HALLMARK_ESTROGEN_RESPONSE_LATE,4.88547215114225
GOBP_ORGAN_OR_TISSUE_SPECIFIC_IMMUNE_RESPONSE,GO:0002251,3,43,True,0.0125,HALLMARK_COMPLEMENT,6.036926921184739
GOBP_LYMPHOCYTE_HOMEOSTASIS,GO:0002260,3,83,False,0.04044117647058824,HALLMARK_ALLOGRAFT_REJECTION,5.379286429081704
GOBP_MYELOID_CELL_HOMEOSTASIS,GO:0002262,2,193,False,0.05929919137466307,HALLMARK_HEME_METABOLISM,4.535436847973417
GOBP_LEUKOCYTE_ACTIVATION_INVOLVED_IN_INFLAMMATORY_RESPONSE,GO:0002269,3,52,True,0.05,HALLMARK_ALLOGRAFT_REJECTION,5.846883318296874
GOBP_MYELOID_LEUKOCYTE_ACTIVATION,GO:0002274,3,258,False,0.07511737089201878,HALLMARK_ALLOGRAFT_REJECTION,4.245167451956684
GOBP_MYELOID_CELL_ACTIVATION_INVOLVED_IN_IMMUNE_RESPONSE,GO:0002275,4,101,False,0.03436426116838488,HALLMARK_ALLOGRAFT_REJECTION,5.1830065200370425
GOBP_MAST_CELL_ACTIVATION_INVOLVED_IN_IMMUNE_RESPONSE,GO:0002279,5,60,True,0.02040816326530612,HALLMARK_PANCREAS_BETA_CELLS,5.703782474656201
GOBP_MACROPHAGE_ACTIVATION_INVOLVED_IN_IMMUNE_RESPONSE,GO:0002281,4,20,False,0.017391304347826087,HALLMARK_INTERFERON_ALPHA_RESPONSE,6.802394763324311
GOBP_NEUTROPHIL_ACTIVATION_INVOLVED_IN_IMMUNE_RESPONSE,GO:0002283,5,21,False,0.009345794392523364,HALLMARK_IL6_JAK_STAT3_SIGNALING,6.753604599154879
GOBP_LYMPHOCYTE_ACTIVATION_INVOLVED_IN_IMMUNE_RESPONSE,GO:0002285,4,235,False,0.08478802992518704,HALLMARK_ALLOGRAFT_REJECTION,4.338541522734142
GOBP_T_CELL_ACTIVATION_INVOLVED_IN_IMMUNE_RESPONSE,GO:0002286,5,139,False,0.0761904761904762,HALLMARK_ALLOGRAFT_REJECTION,4.86365310374761
GOBP_T_CELL_DIFFERENTIATION_INVOLVED_IN_IMMUNE_RESPONSE,GO:0002292,6,98,True,0.06810035842293907,HALLMARK_ALLOGRAFT_REJECTION,5.21315955820773
GOBP_T_HELPER_CELL_LINEAGE_COMMITMENT,GO:0002295,7,29,True,0.04504504504504504,HALLMARK_IL6_JAK_STAT3_SIGNALING,6.430831206891828
GOBP_B_CELL_ACTIVATION_INVOLVED_IN_IMMUNE_RESPONSE,GO:0002312,5,109,False,0.04745762711864407,HALLMARK_ALLOGRAFT_REJECTION,5.106779154649158
GOBP_LYMPHOID_PROGENITOR_CELL_DIFFERENTIATION,GO:0002320,5,24,False,0.037037037037037035,HALLMARK_NOTCH_SIGNALING,6.620073206530356
GOBP_NATURAL_KILLER_CELL_ACTIVATION_INVOLVED_IN_IMMUNE_RESPONSE,GO:0002323,5,31,False,0.016,HALLMARK_PROTEIN_SECRETION,6.364139832393156
GOBP_MATURE_B_CELL_DIFFERENTIATION,GO:0002335,6,42,True,0.04225352112676056,HALLMARK_NOTCH_SIGNALING,6.060457418594933
GOBP_RESPONSE_TO_TUMOR_CELL,GO:0002347,3,49,False,0.028925619834710745,HALLMARK_ALLOGRAFT_REJECTION,5.906306738767675
GOBP_T_CELL_LINEAGE_COMMITMENT,GO:0002360,4,42,False,0.04878048780487805,HALLMARK_IL6_JAK_STAT3_SIGNALING,6.060457418594933
GOBP_CYTOKINE_PRODUCTION_INVOLVED_IN_IMMUNE_RESPONSE,GO:0002367,3,130,True,0.07142857142857142,HALLMARK_ALLOGRAFT_REJECTION,4.930592586422719
GOBP_T_CELL_CYTOKINE_PRODUCTION,GO:0002369,4,40,True,0.048034934497816595,HALLMARK_ALLOGRAFT_REJECTION,6.1092475827643655
GOBP_IMMUNOGLOBULIN_PRODUCTION,GO:0002377,3,112,False,0.061224489795918366,HALLMARK_ALLOGRAFT_REJECTION,5.079628165583207
GOBP_IMMUNOGLOBULIN_PRODUCTION_INVOLVED_IN_IMMUNOGLOBULIN_MEDIATED_IMMUNE_RESPONSE,GO:0002381,4,59,True,0.036,HALLMARK_ALLOGRAFT_REJECTION,5.7205895929725825
GOBP_DENDRITIC_CELL_CHEMOTAXIS,GO:0002407,4,26,False,0.0319634703196347,HALLMARK_ALLOGRAFT_REJECTION,6.54003049885682
GOBP_IMMUNE_RESPONSE_TO_TUMOR_CELL,GO:0002418,3,34,False,0.02631578947368421,HALLMARK_ALLOGRAFT_REJECTION,6.271766512262141
GOBP_FC_RECEPTOR_MEDIATED_STIMULATORY_SIGNALING_PATHWAY,GO:0002431,5,35,False,0.03070175438596491,HALLMARK_ALLOGRAFT_REJECTION,6.242778975388888
GOBP_IMMUNE_RESPONSE_REGULATING_CELL_SURFACE_RECEPTOR_SIGNALING_PATHWAY_INVOLVED_IN_PHAGOCYTOSIS,GO:0002433,3,25,True,0.03389830508474576,HALLMARK_ANGIOGENESIS,6.579251212010101
GOBP_INFLAMMATORY_RESPONSE_TO_ANTIGENIC_STIMULUS,GO:0002437,3,79,False,0.03717472118959108,HALLMARK_ALLOGRAFT_REJECTION,5.42867918441128
GOBP_ACUTE_INFLAMMATORY_RESPONSE_TO_ANTIGENIC_STIMULUS,GO:0002438,4,32,False,0.013333333333333334,HALLMARK_APICAL_SURFACE,6.332391134078575
GOBP_PRODUCTION_OF_MOLECULAR_MEDIATOR_OF_IMMUNE_RESPONSE,GO:0002440,2,237,True,0.08436724565756824,HALLMARK_ALLOGRAFT_REJECTION,4.330066895743171
GOBP_MYELOID_LEUKOCYTE_MEDIATED_IMMUNITY,GO:0002444,4,121,False,0.038834951456310676,HALLMARK_ALLOGRAFT_REJECTION,5.002336491281561
GOBP_NEUTROPHIL_MEDIATED_IMMUNITY,GO:0002446,5,42,False,0.02109704641350211,HALLMARK_ALLOGRAFT_REJECTION,6.060457418594933
GOBP_HUMORAL_IMMUNE_RESPONSE_MEDIATED_BY_CIRCULATING_IMMUNOGLOBULIN,GO:0002455,4,53,False,0.07909604519774012,HALLMARK_COAGULATION,5.82783512332618
GOBP_T_CELL_MEDIATED_IMMUNITY,GO:0002456,5,139,False,0.09003215434083602,HALLMARK_ALLOGRAFT_REJECTION,4.86365310374761
GOBP_ANTIGEN_PROCESSING_AND_PRESENTATION_OF_PEPTIDE_ANTIGEN_VIA_MHC_CLASS_I,GO:0002474,4,37,False,0.034934497816593885,HALLMARK_INTERFERON_GAMMA_RESPONSE,6.187209124234077
GOBP_ANTIGEN_PROCESSING_AND_PRESENTATION_VIA_MHC_CLASS_IB,GO:0002475,3,23,False,0.027649769585253458,HALLMARK_ALLOGRAFT_REJECTION,6.662632820949152
GOBP_ANTIGEN_PROCESSING_AND_PRESENTATION_OF_EXOGENOUS_PEPTIDE_ANTIGEN,GO:0002478,4,41,False,0.06167400881057269,HALLMARK_ALLOGRAFT_REJECTION,6.084554970173994
GOBP_ANTIGEN_PROCESSING_AND_PRESENTATION_OF_ENDOGENOUS_PEPTIDE_ANTIGEN,GO:0002483,4,24,True,0.037037037037037035,HALLMARK_ALLOGRAFT_REJECTION,6.620073206530356
GOBP_PEPTIDE_ANTIGEN_ASSEMBLY_WITH_MHC_PROTEIN_COMPLEX,GO:0002501,6,21,True,0.04245283018867924,HALLMARK_ALLOGRAFT_REJECTION,6.753604599154879
GOBP_ANTIGEN_PROCESSING_AND_PRESENTATION_OF_PEPTIDE_OR_POLYSACCHARIDE_ANTIGEN_VIA_MHC_CLASS_II,GO:0002504,3,37,True,0.04405286343612335,HALLMARK_ALLOGRAFT_REJECTION,6.187209124234077
GOBP_TOLERANCE_INDUCTION,GO:0002507,2,31,False,0.02666666666666667,HALLMARK_ALLOGRAFT_REJECTION,6.364139832393156
GOBP_IMMUNE_SYSTEM_DEVELOPMENT,GO:0002520,2,210,False,0.043256997455470736,HALLMARK_ALLOGRAFT_REJECTION,4.451019506160833
GOBP_LEUKOCYTE_MIGRATION_INVOLVED_IN_INFLAMMATORY_RESPONSE,GO:0002523,3,21,False,0.018433179723502304,HALLMARK_INFLAMMATORY_RESPONSE,6.753604599154879
GOBP_HYPERSENSITIVITY,GO:0002524,5,21,False,0.015625,HALLMARK_APICAL_SURFACE,6.753604599154879
GOBP_ACUTE_INFLAMMATORY_RESPONSE,GO:0002526,5,112,False,0.050505050505050504,HALLMARK_COMPLEMENT,5.079628165583207
GOBP_PRODUCTION_OF_MOLECULAR_MEDIATOR_INVOLVED_IN_INFLAMMATORY_RESPONSE,GO:0002532,2,121,False,0.04522613065326633,HALLMARK_IL6_JAK_STAT3_SIGNALING,5.002336491281561
GOBP_CYTOKINE_PRODUCTION_INVOLVED_IN_INFLAMMATORY_RESPONSE,GO:0002534,3,89,True,0.04142011834319527,HALLMARK_IL6_JAK_STAT3_SIGNALING,5.309490667146162
GOBP_CHRONIC_INFLAMMATORY_RESPONSE,GO:0002544,5,21,False,0.023148148148148147,HALLMARK_ALLOGRAFT_REJECTION,6.753604599154879
GOBP_MONOCYTE_CHEMOTAXIS,GO:0002548,4,55,False,0.036585365853658534,HALLMARK_COMPLEMENT,5.790793851645831
GOBP_MYELOID_LEUKOCYTE_DIFFERENTIATION,GO:0002573,5,256,False,0.058004640371229696,HALLMARK_TNFA_SIGNALING_VIA_NFKB,4.252949592398739
GOBP_REGULATION_OF_ANTIGEN_PROCESSING_AND_PRESENTATION,GO:0002577,4,23,False,0.032407407407407406,HALLMARK_ALLOGRAFT_REJECTION,6.662632820949152
GOBP_REGULATION_OF_IMMUNOGLOBULIN_PRODUCTION,GO:0002637,6,81,False,0.06844106463878327,HALLMARK_ALLOGRAFT_REJECTION,5.403677882205863
GOBP_POSITIVE_REGULATION_OF_IMMUNOGLOBULIN_PRODUCTION,GO:0002639,7,59,False,0.052845528455284556,HALLMARK_ALLOGRAFT_REJECTION,5.7205895929725825
GOBP_REGULATION_OF_TOLERANCE_INDUCTION,GO:0002643,4,20,False,0.013824884792626729,HALLMARK_INTERFERON_GAMMA_RESPONSE,6.802394763324311
GOBP_REGULATION_OF_ACUTE_INFLAMMATORY_RESPONSE,GO:0002673,6,49,False,0.03816793893129771,HALLMARK_IL6_JAK_STAT3_SIGNALING,5.906306738767675
GOBP_POSITIVE_REGULATION_OF_ACUTE_INFLAMMATORY_RESPONSE,GO:0002675,7,28,False,0.045454545454545456,HALLMARK_IL6_JAK_STAT3_SIGNALING,6.465922526703098
GOBP_REGULATION_OF_LEUKOCYTE_MIGRATION,GO:0002685,4,233,False,0.07444168734491315,HALLMARK_INFLAMMATORY_RESPONSE,4.347088583312601
GOBP_NEGATIVE_REGULATION_OF_LEUKOCYTE_MIGRATION,GO:0002686,5,57,False,0.01984126984126984,HALLMARK_TNFA_SIGNALING_VIA_NFKB,5.755075769043752
GOBP_POSITIVE_REGULATION_OF_LEUKOCYTE_MIGRATION,GO:0002687,5,152,False,0.0764525993883792,HALLMARK_INFLAMMATORY_RESPONSE,4.774246516032026
GOBP_REGULATION_OF_LEUKOCYTE_CHEMOTAXIS,GO:0002688,5,126,False,0.05161290322580645,HALLMARK_INFLAMMATORY_RESPONSE,4.961845129926823
GOBP_NEGATIVE_REGULATION_OF_LEUKOCYTE_CHEMOTAXIS,GO:0002689,6,23,False,0.0182648401826484,HALLMARK_INTERFERON_GAMMA_RESPONSE,6.662632820949152
GOBP_POSITIVE_REGULATION_OF_LEUKOCYTE_CHEMOTAXIS,GO:0002690,6,97,False,0.04946996466431095,HALLMARK_INFLAMMATORY_RESPONSE,5.2234160583749185
GOBP_REGULATION_OF_CELLULAR_EXTRAVASATION,GO:0002691,5,40,False,0.030042918454935622,HALLMARK_ALLOGRAFT_REJECTION,6.1092475827643655
GOBP_NEGATIVE_REGULATION_OF_IMMUNE_EFFECTOR_PROCESS,GO:0002698,5,135,False,0.060126582278481014,HALLMARK_ALLOGRAFT_REJECTION,4.892852258439873
GOBP_POSITIVE_REGULATION_OF_IMMUNE_EFFECTOR_PROCESS,GO:0002699,5,276,False,0.12,HALLMARK_ALLOGRAFT_REJECTION,4.177726171161152
GOBP_NEGATIVE_REGULATION_OF_PRODUCTION_OF_MOLECULAR_MEDIATOR_OF_IMMUNE_RESPONSE,GO:0002701,6,46,False,0.025,HALLMARK_ALLOGRAFT_REJECTION,5.969485640389206
GOBP_POSITIVE_REGULATION_OF_PRODUCTION_OF_MOLECULAR_MEDIATOR_OF_IMMUNE_RESPONSE,GO:0002702,6,146,False,0.08125,HALLMARK_ALLOGRAFT_REJECTION,4.814520415169965
GOBP_REGULATION_OF_LEUKOCYTE_MEDIATED_IMMUNITY,GO:0002703,5,263,False,0.1076555023923445,HALLMARK_ALLOGRAFT_REJECTION,4.2259730047005375
GOBP_NEGATIVE_REGULATION_OF_LEUKOCYTE_MEDIATED_IMMUNITY,GO:0002704,6,76,True,0.045454545454545456,HALLMARK_ALLOGRAFT_REJECTION,5.467393696591971
GOBP_POSITIVE_REGULATION_OF_LEUKOCYTE_MEDIATED_IMMUNITY,GO:0002705,6,157,True,0.09174311926605505,HALLMARK_ALLOGRAFT_REJECTION,4.741881231529994
GOBP_REGULATION_OF_LYMPHOCYTE_MEDIATED_IMMUNITY,GO:0002706,6,202,False,0.09836065573770492,HALLMARK_ALLOGRAFT_REJECTION,4.489859339477097
GOBP_REGULATION_OF_T_CELL_MEDIATED_IMMUNITY,GO:0002709,7,107,False,0.08480565371024736,HALLMARK_ALLOGRAFT_REJECTION,5.1252982024163956
GOBP_NEGATIVE_REGULATION_OF_T_CELL_MEDIATED_IMMUNITY,GO:0002710,8,33,False,0.021929824561403508,HALLMARK_ALLOGRAFT_REJECTION,6.3016194754118215
GOBP_POSITIVE_REGULATION_OF_T_CELL_MEDIATED_IMMUNITY,GO:0002711,8,72,False,0.07509881422924901,HALLMARK_ALLOGRAFT_REJECTION,5.521460917862246
GOBP_REGULATION_OF_B_CELL_MEDIATED_IMMUNITY,GO:0002712,7,62,True,0.048,HALLMARK_ALLOGRAFT_REJECTION,5.6709926518332106
GOBP_POSITIVE_REGULATION_OF_B_CELL_MEDIATED_IMMUNITY,GO:0002714,8,43,True,0.03404255319148936,HALLMARK_ALLOGRAFT_REJECTION,6.036926921184739
GOBP_REGULATION_OF_NATURAL_KILLER_CELL_MEDIATED_IMMUNITY,GO:0002715,6,59,True,0.04435483870967742,HALLMARK_ALLOGRAFT_REJECTION,5.7205895929725825
GOBP_NEGATIVE_REGULATION_OF_NATURAL_KILLER_CELL_MEDIATED_IMMUNITY,GO:0002716,7,26,True,0.02727272727272727,HALLMARK_ALLOGRAFT_REJECTION,6.54003049885682
GOBP_POSITIVE_REGULATION_OF_NATURAL_KILLER_CELL_MEDIATED_IMMUNITY,GO:0002717,7,36,False,0.03056768558951965,HALLMARK_ALLOGRAFT_REJECTION,6.214608098422191
GOBP_NEGATIVE_REGULATION_OF_CYTOKINE_PRODUCTION_INVOLVED_IN_IMMUNE_RESPONSE,GO:0002719,6,35,False,0.022988505747126436,HALLMARK_TGF_BETA_SIGNALING,6.242778975388888
GOBP_POSITIVE_REGULATION_OF_CYTOKINE_PRODUCTION_INVOLVED_IN_IMMUNE_RESPONSE,GO:0002720,6,88,False,0.058823529411764705,HALLMARK_ALLOGRAFT_REJECTION,5.320790222400095
GOBP_POSITIVE_REGULATION_OF_T_CELL_CYTOKINE_PRODUCTION,GO:0002726,7,28,False,0.045871559633027525,HALLMARK_ALLOGRAFT_REJECTION,6.465922526703098
GOBP_CELL_SURFACE_PATTERN_RECOGNITION_RECEPTOR_SIGNALING_PATHWAY,GO:0002752,6,85,False,0.03636363636363636,HALLMARK_INFLAMMATORY_RESPONSE,5.3554757803879856
GOBP_CYTOPLASMIC_PATTERN_RECOGNITION_RECEPTOR_SIGNALING_PATHWAY,GO:0002753,5,198,False,0.04736842105263158,HALLMARK_INTERFERON_GAMMA_RESPONSE,4.509860006183766
GOBP_MYD88_DEPENDENT_TOLL_LIKE_RECEPTOR_SIGNALING_PATHWAY,GO:0002755,7,21,False,0.024390243902439025,HALLMARK_PI3K_AKT_MTOR_SIGNALING,6.753604599154879
GOBP_REGULATION_OF_MYELOID_LEUKOCYTE_DIFFERENTIATION,GO:0002761,6,132,False,0.05396825396825397,HALLMARK_ALLOGRAFT_REJECTION,4.915325114291931
GOBP_NEGATIVE_REGULATION_OF_MYELOID_LEUKOCYTE_DIFFERENTIATION,GO:0002762,7,58,False,0.021739130434782608,HALLMARK_HEDGEHOG_SIGNALING,5.737684026331882
GOBP_POSITIVE_REGULATION_OF_MYELOID_LEUKOCYTE_DIFFERENTIATION,GO:0002763,7,64,False,0.043478260869565216,HALLMARK_ALLOGRAFT_REJECTION,5.63924395351863
GOBP_NEGATIVE_REGULATION_OF_PEPTIDE_SECRETION,GO:0002792,6,48,True,0.03529411764705882,HALLMARK_PANCREAS_BETA_CELLS,5.926926025970411
GOBP_POSITIVE_REGULATION_OF_PEPTIDE_SECRETION,GO:0002793,6,123,True,0.05161290322580645,HALLMARK_PANCREAS_BETA_CELLS,4.985942681505884
GOBP_REGULATION_OF_ADAPTIVE_IMMUNE_RESPONSE,GO:0002819,5,222,True,0.10182767624020887,HALLMARK_ALLOGRAFT_REJECTION,4.395449655006022
GOBP_NEGATIVE_REGULATION_OF_ADAPTIVE_IMMUNE_RESPONSE,GO:0002820,6,69,True,0.03461538461538462,HALLMARK_ALLOGRAFT_REJECTION,5.5640205322810425
GOBP_POSITIVE_REGULATION_OF_ADAPTIVE_IMMUNE_RESPONSE,GO:0002821,6,136,True,0.09446254071661238,HALLMARK_ALLOGRAFT_REJECTION,4.88547215114225
GOBP_REGULATION_OF_T_HELPER_1_TYPE_IMMUNE_RESPONSE,GO:0002825,7,32,False,0.049773755656108594,HALLMARK_ALLOGRAFT_REJECTION,6.332391134078575
GOBP_REGULATION_OF_TYPE_2_IMMUNE_RESPONSE,GO:0002828,5,34,False,0.044642857142857144,HALLMARK_ALLOGRAFT_REJECTION,6.271766512262141
GOBP_NEGATIVE_REGULATION_OF_RESPONSE_TO_BIOTIC_STIMULUS,GO:0002832,5,135,False,0.07028753993610223,HALLMARK_INTERFERON_GAMMA_RESPONSE,4.892852258439873
GOBP_REGULATION_OF_RESPONSE_TO_TUMOR_CELL,GO:0002834,5,30,True,0.017699115044247787,HALLMARK_ALLOGRAFT_REJECTION,6.396929655216146
GOBP_REGULATION_OF_INFLAMMATORY_RESPONSE_TO_ANTIGENIC_STIMULUS,GO:0002861,5,49,False,0.03319502074688797,HALLMARK_ALLOGRAFT_REJECTION,5.906306738767675
GOBP_NEGATIVE_REGULATION_OF_INFLAMMATORY_RESPONSE_TO_ANTIGENIC_STIMULUS,GO:0002862,6,34,False,0.021834061135371178,HALLMARK_ALLOGRAFT_REJECTION,6.271766512262141
GOBP_REGULATION_OF_MYELOID_LEUKOCYTE_MEDIATED_IMMUNITY,GO:0002886,6,58,False,0.03614457831325301,HALLMARK_ALLOGRAFT_REJECTION,5.737684026331882
GOBP_POSITIVE_REGULATION_OF_MYELOID_LEUKOCYTE_MEDIATED_IMMUNITY,GO:0002888,7,22,False,0.01834862385321101,HALLMARK_COMPLEMENT,6.707084583519986
GOBP_REGULATION_OF_B_CELL_APOPTOTIC_PROCESS,GO:0002902,8,22,False,0.02304147465437788,HALLMARK_ALLOGRAFT_REJECTION,6.707084583519986
GOBP_REGULATION_OF_HUMORAL_IMMUNE_RESPONSE,GO:0002920,5,48,False,0.03765690376569038,HALLMARK_COMPLEMENT,5.926926025970411
GOBP_POSITIVE_REGULATION_OF_HUMORAL_IMMUNE_RESPONSE,GO:0002922,6,23,False,0.018518518518518517,HALLMARK_IL6_JAK_STAT3_SIGNALING,6.662632820949152
GOBP_RESPONSE_TO_ISCHEMIA,GO:0002931,3,63,False,0.03137254901960784,HALLMARK_TNFA_SIGNALING_VIA_NFKB,5.654992310486769
GOBP_HEART_MORPHOGENESIS,GO:0003007,4,278,False,0.0473186119873817,HALLMARK_TGF_BETA_SIGNALING,4.170505923187664
GOBP_SKELETAL_MUSCLE_CONTRACTION,GO:0003009,6,51,False,0.08189655172413793,HALLMARK_MYOGENESIS,5.866301404153976
GOBP_RENAL_SYSTEM_PROCESS,GO:0003014,3,138,False,0.03048780487804878,HALLMARK_KRAS_SIGNALING_DN,4.870873351721097
GOBP_HEART_PROCESS,GO:0003015,4,275,True,0.07954545454545454,HALLMARK_MYOGENESIS,4.1813559392117305
GOBP_RESPIRATORY_SYSTEM_PROCESS,GO:0003016,3,50,False,0.012195121951219513,HALLMARK_IL2_STAT5_SIGNALING,5.886104031450156
GOBP_VASCULAR_PROCESS_IN_CIRCULATORY_SYSTEM,GO:0003018,4,282,False,0.032119914346895075,HALLMARK_ESTROGEN_RESPONSE_LATE,4.156219965940188
GOBP_REGULATION_OF_SYSTEMIC_ARTERIAL_BLOOD_PRESSURE_MEDIATED_BY_A_CHEMICAL_SIGNAL,GO:0003044,5,54,True,0.016,HALLMARK_KRAS_SIGNALING_DN,5.809142990314028
GOBP_RENAL_SYSTEM_PROCESS_INVOLVED_IN_REGULATION_OF_SYSTEMIC_ARTERIAL_BLOOD_PRESSURE,GO:0003071,4,29,False,0.015267175572519083,HALLMARK_PEROXISOME,6.430831206891828
GOBP_REGULATION_OF_SYSTEMIC_ARTERIAL_BLOOD_PRESSURE,GO:0003073,4,112,False,0.0196078431372549,HALLMARK_HYPOXIA,5.079628165583207
GOBP_REGULATION_OF_SYSTEMIC_ARTERIAL_BLOOD_PRESSURE_BY_RENIN_ANGIOTENSIN,GO:0003081,5,33,False,0.011627906976744186,HALLMARK_TGF_BETA_SIGNALING,6.3016194754118215
GOBP_NEGATIVE_REGULATION_OF_SYSTEMIC_ARTERIAL_BLOOD_PRESSURE,GO:0003085,5,26,False,0.016304347826086956,HALLMARK_APOPTOSIS,6.54003049885682
GOBP_RENAL_WATER_HOMEOSTASIS,GO:0003091,4,24,False,0.01694915254237288,HALLMARK_PROTEIN_SECRETION,6.620073206530356
GOBP_EMBRYONIC_HEART_TUBE_MORPHOGENESIS,GO:0003143,4,70,True,0.05154639175257732,HALLMARK_NOTCH_SIGNALING,5.549631794828943
GOBP_OUTFLOW_TRACT_SEPTUM_MORPHOGENESIS,GO:0003148,4,28,False,0.06493506493506493,HALLMARK_TGF_BETA_SIGNALING,6.465922526703098
GOBP_OUTFLOW_TRACT_MORPHOGENESIS,GO:0003151,3,86,False,0.05785123966942149,HALLMARK_WNT_BETA_CATENIN_SIGNALING,5.343779740624794
GOBP_REGULATION_OF_ANIMAL_ORGAN_FORMATION,GO:0003156,6,29,False,0.03389830508474576,HALLMARK_NOTCH_SIGNALING,6.430831206891828
GOBP_ENDOTHELIUM_DEVELOPMENT,GO:0003158,5,152,False,0.04864864864864865,HALLMARK_WNT_BETA_CATENIN_SIGNALING,4.774246516032026
GOBP_CARDIAC_CONDUCTION_SYSTEM_DEVELOPMENT,GO:0003161,7,37,False,0.05333333333333334,HALLMARK_WNT_BETA_CATENIN_SIGNALING,6.187209124234077
GOBP_HEART_VALVE_DEVELOPMENT,GO:0003170,3,77,False,0.06504065040650407,HALLMARK_TGF_BETA_SIGNALING,5.454321615024618
GOBP_ATRIOVENTRICULAR_VALVE_DEVELOPMENT,GO:0003171,4,31,True,0.0625,HALLMARK_TGF_BETA_SIGNALING,6.364139832393156
GOBP_PULMONARY_VALVE_DEVELOPMENT,GO:0003177,5,24,False,0.08196721311475409,HALLMARK_WNT_BETA_CATENIN_SIGNALING,6.620073206530356
GOBP_HEART_VALVE_MORPHOGENESIS,GO:0003179,3,63,False,0.06363636363636363,HALLMARK_TGF_BETA_SIGNALING,5.654992310486769
GOBP_AORTIC_VALVE_MORPHOGENESIS,GO:0003180,4,39,False,0.06578947368421052,HALLMARK_WNT_BETA_CATENIN_SIGNALING,6.134565390748655
GOBP_PULMONARY_VALVE_MORPHOGENESIS,GO:0003184,4,20,False,0.08333333333333333,HALLMARK_NOTCH_SIGNALING,6.802394763324311
GOBP_ENDOCARDIAL_CUSHION_DEVELOPMENT,GO:0003197,5,55,False,0.09,HALLMARK_TGF_BETA_SIGNALING,5.790793851645831
GOBP_ENDOCARDIAL_CUSHION_MORPHOGENESIS,GO:0003203,5,44,False,0.08888888888888889,HALLMARK_TGF_BETA_SIGNALING,6.013937402960041
GOBP_CARDIAC_CHAMBER_DEVELOPMENT,GO:0003205,3,177,False,0.0547945205479452,HALLMARK_TGF_BETA_SIGNALING,4.6219773043044725
GOBP_CARDIAC_CHAMBER_MORPHOGENESIS,GO:0003206,3,135,False,0.06779661016949153,HALLMARK_TGF_BETA_SIGNALING,4.892852258439873
GOBP_CARDIAC_VENTRICLE_MORPHOGENESIS,GO:0003208,4,74,False,0.05785123966942149,HALLMARK_TGF_BETA_SIGNALING,5.494061943674132
GOBP_CARDIAC_ATRIUM_MORPHOGENESIS,GO:0003209,4,30,False,0.06329113924050633,HALLMARK_TGF_BETA_SIGNALING,6.396929655216146
GOBP_CARDIAC_RIGHT_VENTRICLE_MORPHOGENESIS,GO:0003215,5,21,False,0.05,HALLMARK_WNT_BETA_CATENIN_SIGNALING,6.753604599154879
GOBP_ATRIAL_CARDIAC_MUSCLE_TISSUE_DEVELOPMENT,GO:0003228,7,23,False,0.02666666666666667,HALLMARK_TGF_BETA_SIGNALING,6.662632820949152
GOBP_VENTRICULAR_CARDIAC_MUSCLE_TISSUE_DEVELOPMENT,GO:0003229,7,62,False,0.07407407407407407,HALLMARK_TGF_BETA_SIGNALING,5.6709926518332106
GOBP_CARDIAC_ATRIUM_DEVELOPMENT,GO:0003230,4,37,False,0.06153846153846154,HALLMARK_NOTCH_SIGNALING,6.187209124234077
GOBP_CARDIAC_VENTRICLE_DEVELOPMENT,GO:0003231,4,134,False,0.062146892655367235,HALLMARK_TGF_BETA_SIGNALING,4.90028723692739
GOBP_REGULATION_OF_MEMBRANE_DEPOLARIZATION,GO:0003254,4,53,False,0.02,HALLMARK_REACTIVE_OXYGEN_SPECIES_PATHWAY,5.82783512332618
GOBP_ENDOCARDIAL_CUSHION_FORMATION,GO:0003272,3,31,False,0.08974358974358974,HALLMARK_TGF_BETA_SIGNALING,6.364139832393156
GOBP_CARDIAC_SEPTUM_DEVELOPMENT,GO:0003279,3,115,False,0.05625,HALLMARK_TGF_BETA_SIGNALING,5.053194908515052
GOBP_VENTRICULAR_SEPTUM_DEVELOPMENT,GO:0003281,4,78,False,0.06451612903225806,HALLMARK_TGF_BETA_SIGNALING,5.44141821018871
GOBP_ATRIAL_SEPTUM_DEVELOPMENT,GO:0003283,4,23,False,0.03773584905660377,HALLMARK_NOTCH_SIGNALING,6.662632820949152
GOBP_MUSCLE_HYPERTROPHY_IN_RESPONSE_TO_STRESS,GO:0003299,3,34,True,0.018867924528301886,HALLMARK_CHOLESTEROL_HOMEOSTASIS,6.271766512262141
GOBP_PHYSIOLOGICAL_CARDIAC_MUSCLE_HYPERTROPHY,GO:0003301,6,32,True,0.0125,HALLMARK_REACTIVE_OXYGEN_SPECIES_PATHWAY,6.332391134078575
GOBP_TYPE_B_PANCREATIC_CELL_DIFFERENTIATION,GO:0003309,6,31,False,0.09230769230769231,HALLMARK_PANCREAS_BETA_CELLS,6.364139832393156
GOBP_TYPE_B_PANCREATIC_CELL_DEVELOPMENT,GO:0003323,5,24,False,0.04918032786885246,HALLMARK_PANCREAS_BETA_CELLS,6.620073206530356
GOBP_AMINO_ACID_TRANSMEMBRANE_TRANSPORT,GO:0003333,3,112,False,0.022950819672131147,HALLMARK_HEME_METABOLISM,5.079628165583207
GOBP_METANEPHROS_MORPHOGENESIS,GO:0003338,5,30,False,0.01639344262295082,HALLMARK_NOTCH_SIGNALING,6.396929655216146
GOBP_CILIUM_MOVEMENT,GO:0003341,4,267,False,0.025510204081632654,HALLMARK_SPERMATOGENESIS,4.210878378478053
GOBP_REGULATION_OF_CILIUM_MOVEMENT,GO:0003352,6,43,False,0.008298755186721992,HALLMARK_INFLAMMATORY_RESPONSE,6.036926921184739
GOBP_EPITHELIAL_CELL_MORPHOGENESIS,GO:0003382,4,40,False,0.013333333333333334,HALLMARK_ANGIOGENESIS,6.1092475827643655
GOBP_AXIS_ELONGATION,GO:0003401,4,31,False,0.022123893805309734,HALLMARK_EPITHELIAL_MESENCHYMAL_TRANSITION,6.364139832393156
GOBP_NEURAL_RETINA_DEVELOPMENT,GO:0003407,3,90,False,0.016666666666666666,HALLMARK_NOTCH_SIGNALING,5.298317366548036
GOBP_GROWTH_PLATE_CARTILAGE_DEVELOPMENT,GO:0003417,5,21,False,0.017857142857142856,HALLMARK_ANGIOGENESIS,6.753604599154879
GOBP_POLYSACCHARIDE_METABOLIC_PROCESS,GO:0005976,4,108,False,0.051194539249146756,HALLMARK_HYPOXIA,5.115995809754082
GOBP_REGULATION_OF_GLYCOGEN_BIOSYNTHETIC_PROCESS,GO:0005979,7,32,True,0.02857142857142857,HALLMARK_PANCREAS_BETA_CELLS,6.332391134078575
GOBP_MONOSACCHARIDE_METABOLIC_PROCESS,GO:0005996,4,268,True,0.09345794392523364,HALLMARK_HYPOXIA,4.207140056367445
GOBP_GLUCOSE_METABOLIC_PROCESS,GO:0006006,6,200,False,0.09289617486338798,HALLMARK_HYPOXIA,4.499809670330265
GOBP_GLUCOSE_CATABOLIC_PROCESS,GO:0006007,7,30,False,0.06481481481481481,HALLMARK_HYPOXIA,6.396929655216146
GOBP_AMINOGLYCAN_METABOLIC_PROCESS,GO:0006022,4,98,False,0.05673758865248227,HALLMARK_GLYCOLYSIS,5.21315955820773
GOBP_AMINOGLYCAN_BIOSYNTHETIC_PROCESS,GO:0006023,5,54,False,0.04526748971193416,HALLMARK_GLYCOLYSIS,5.809142990314028
GOBP_GLYCOSAMINOGLYCAN_BIOSYNTHETIC_PROCESS,GO:0006024,6,45,False,0.0425531914893617,HALLMARK_GLYCOLYSIS,5.991464547107982
GOBP_AMINOGLYCAN_CATABOLIC_PROCESS,GO:0006026,5,32,False,0.017543859649122806,HALLMARK_GLYCOLYSIS,6.332391134078575
GOBP_GLYCOSAMINOGLYCAN_CATABOLIC_PROCESS,GO:0006027,6,26,False,0.018018018018018018,HALLMARK_IL6_JAK_STAT3_SIGNALING,6.54003049885682
GOBP_PROTEOGLYCAN_METABOLIC_PROCESS,GO:0006029,5,110,False,0.0763888888888889,HALLMARK_GLYCOLYSIS,5.097646671085886
GOBP_AMINO_SUGAR_METABOLIC_PROCESS,GO:0006040,4,43,False,0.038461538461538464,HALLMARK_GLYCOLYSIS,6.036926921184739
GOBP_ALDEHYDE_METABOLIC_PROCESS,GO:0006081,3,76,False,0.044444444444444446,HALLMARK_BILE_ACID_METABOLISM,5.467393696591971
GOBP_ACETYL_COA_METABOLIC_PROCESS,GO:0006084,5,37,False,0.0673076923076923,HALLMARK_CHOLESTEROL_HOMEOSTASIS,6.187209124234077
GOBP_ACETYL_COA_BIOSYNTHETIC_PROCESS,GO:0006085,6,21,False,0.03271028037383177,HALLMARK_OXIDATIVE_PHOSPHORYLATION,6.753604599154879
GOBP_LACTATE_METABOLIC_PROCESS,GO:0006089,8,20,False,0.01639344262295082,HALLMARK_WNT_BETA_CATENIN_SIGNALING,6.802394763324311
GOBP_PYRUVATE_METABOLIC_PROCESS,GO:0006090,8,128,False,0.09698996655518395,HALLMARK_HYPOXIA,4.946096772958684
GOBP_PENTOSE_PHOSPHATE_SHUNT,GO:0006098,5,20,False,0.023255813953488372,HALLMARK_GLYCOLYSIS,6.802394763324311
GOBP_TRICARBOXYLIC_ACID_CYCLE,GO:0006099,4,33,False,0.10426540284360189,HALLMARK_OXIDATIVE_PHOSPHORYLATION,6.3016194754118215
GOBP_REGULATION_OF_CARBOHYDRATE_METABOLIC_PROCESS,GO:0006109,6,186,False,0.04043126684636118,HALLMARK_HYPOXIA,4.5723803631651005
GOBP_REGULATION_OF_GLYCOLYTIC_PROCESS,GO:0006110,6,56,True,0.02127659574468085,HALLMARK_PANCREAS_BETA_CELLS,5.772775346143153
GOBP_REGULATION_OF_GLUCONEOGENESIS,GO:0006111,7,56,False,0.043478260869565216,HALLMARK_PANCREAS_BETA_CELLS,5.772775346143153
GOBP_ENERGY_RESERVE_METABOLIC_PROCESS,GO:0006112,5,102,False,0.037800687285223365,HALLMARK_HYPOXIA,5.173154223594031
GOBP_OXIDATIVE_PHOSPHORYLATION,GO:0006119,7,151,False,0.24468085106382978,HALLMARK_OXIDATIVE_PHOSPHORYLATION,4.780847200063377
GOBP_MITOCHONDRIAL_ELECTRON_TRANSPORT_NADH_TO_UBIQUINONE,GO:0006120,7,52,False,0.14027149321266968,HALLMARK_OXIDATIVE_PHOSPHORYLATION,5.846883318296874
GOBP_MITOCHONDRIAL_ELECTRON_TRANSPORT_CYTOCHROME_C_TO_OXYGEN,GO:0006123,7,23,False,0.06190476190476191,HALLMARK_OXIDATIVE_PHOSPHORYLATION,6.662632820949152
GOBP_REGULATION_OF_NUCLEOTIDE_METABOLIC_PROCESS,GO:0006140,6,90,True,0.028368794326241134,HALLMARK_GLYCOLYSIS,5.298317366548036
GOBP_PURINE_NUCLEOBASE_METABOLIC_PROCESS,GO:0006144,4,21,False,0.023952095808383235,HALLMARK_DNA_REPAIR,6.753604599154879
GOBP_PURINE_NUCLEOTIDE_BIOSYNTHETIC_PROCESS,GO:0006164,5,192,False,0.14619883040935672,HALLMARK_OXIDATIVE_PHOSPHORYLATION,4.54063166485052
GOBP_PURINE_NUCLEOTIDE_CATABOLIC_PROCESS,GO:0006195,5,142,True,0.08227848101265822,HALLMARK_HYPOXIA,4.8422999792770405
GOBP_PYRIMIDINE_NUCLEOBASE_METABOLIC_PROCESS,GO:0006206,4,20,False,0.037037037037037035,HALLMARK_HEDGEHOG_SIGNALING,6.802394763324311
GOBP_PYRIMIDINE_NUCLEOTIDE_METABOLIC_PROCESS,GO:0006220,4,54,False,0.05154639175257732,HALLMARK_DNA_REPAIR,5.809142990314028
GOBP_PYRIMIDINE_NUCLEOTIDE_BIOSYNTHETIC_PROCESS,GO:0006221,5,34,False,0.045454545454545456,HALLMARK_DNA_REPAIR,6.271766512262141
GOBP_PYRIMIDINE_NUCLEOTIDE_CATABOLIC_PROCESS,GO:0006244,5,21,True,0.025974025974025976,HALLMARK_MYC_TARGETS_V2,6.753604599154879
GOBP_DNA_REPLICATION,GO:0006260,6,277,False,0.13033175355450238,HALLMARK_E2F_TARGETS,4.174109530690963
GOBP_DNA_TEMPLATED_DNA_REPLICATION,GO:0006261,7,161,False,0.11764705882352941,HALLMARK_E2F_TARGETS,4.716722671893839
GOBP_DNA_REPLICATION_INITIATION,GO:0006270,6,38,False,0.057777777777777775,HALLMARK_E2F_TARGETS,6.160540877151916
GOBP_REGULATION_OF_DNA_REPLICATION,GO:0006275,7,119,False,0.06333333333333334,HALLMARK_E2F_TARGETS,5.019003543766773
GOBP_RNA_TEMPLATED_DNA_BIOSYNTHETIC_PROCESS,GO:0006278,7,61,True,0.05241935483870968,HALLMARK_MYC_TARGETS_V1,5.687253172704991
GOBP_REGULATION_OF_DNA_REPAIR,GO:0006282,5,234,False,0.0407673860911271,HALLMARK_E2F_TARGETS,4.3428059215206005
GOBP_BASE_EXCISION_REPAIR,GO:0006284,6,48,False,0.05319148936170213,HALLMARK_DNA_REPAIR,5.926926025970411
GOBP_NUCLEOTIDE_EXCISION_REPAIR,GO:0006289,6,88,False,0.11214953271028037,HALLMARK_DNA_REPAIR,5.320790222400095
GOBP_MISMATCH_REPAIR,GO:0006298,6,36,False,0.04424778761061947,HALLMARK_E2F_TARGETS,6.214608098422191
GOBP_POSTREPLICATION_REPAIR,GO:0006301,6,38,False,0.030303030303030304,HALLMARK_E2F_TARGETS,6.160540877151916
GOBP_DOUBLE_STRAND_BREAK_REPAIR_VIA_NONHOMOLOGOUS_END_JOINING,GO:0006303,7,77,False,0.033582089552238806,HALLMARK_E2F_TARGETS,5.454321615024618
GOBP_DNA_MODIFICATION,GO:0006304,5,29,False,0.023529411764705882,HALLMARK_MYC_TARGETS_V2,6.430831206891828
GOBP_DNA_CATABOLIC_PROCESS,GO:0006308,6,29,False,0.021505376344086023,HALLMARK_APOPTOSIS,6.430831206891828
GOBP_MITOTIC_RECOMBINATION,GO:0006312,7,29,False,0.03153153153153153,HALLMARK_E2F_TARGETS,6.430831206891828
GOBP_DNA_METHYLATION_DEPENDENT_CONSTITUTIVE_HETEROCHROMATIN_FORMATION,GO:0006346,10,43,False,0.02100840336134454,HALLMARK_E2F_TARGETS,6.036926921184739
GOBP_DNA_TEMPLATED_TRANSCRIPTION_INITIATION,GO:0006352,7,233,False,0.06388888888888888,HALLMARK_DNA_REPAIR,4.347088583312601
GOBP_DNA_TEMPLATED_TRANSCRIPTION_TERMINATION,GO:0006353,7,30,False,0.01282051282051282,HALLMARK_REACTIVE_OXYGEN_SPECIES_PATHWAY,6.396929655216146
GOBP_DNA_TEMPLATED_TRANSCRIPTION_ELONGATION,GO:0006354,7,137,True,0.05904059040590406,HALLMARK_DNA_REPAIR,4.878146111050177
GOBP_REGULATION_OF_TRANSCRIPTION_BY_RNA_POLYMERASE_I,GO:0006356,9,48,False,0.019230769230769232,HALLMARK_MYC_TARGETS_V2,5.926926025970411
GOBP_REGULATION_OF_TRANSCRIPTION_BY_RNA_POLYMERASE_III,GO:0006359,9,30,False,0.01694915254237288,HALLMARK_DNA_REPAIR,6.396929655216146
GOBP_TRANSCRIPTION_BY_RNA_POLYMERASE_I,GO:0006360,8,73,False,0.046948356807511735,HALLMARK_DNA_REPAIR,5.50766759572991
GOBP_RRNA_PROCESSING,GO:0006364,5,222,False,0.07692307692307693,HALLMARK_MYC_TARGETS_V2,4.395449655006022
GOBP_TRANSCRIPTION_INITIATION_AT_RNA_POLYMERASE_II_PROMOTER,GO:0006367,8,190,False,0.059190031152647975,HALLMARK_DNA_REPAIR,4.551102964717815
GOBP_MRNA_SPLICE_SITE_RECOGNITION,GO:0006376,7,48,False,0.012244897959183673,HALLMARK_G2M_CHECKPOINT,5.926926025970411
GOBP_TRANSCRIPTION_BY_RNA_POLYMERASE_III,GO:0006383,8,59,False,0.05555555555555555,HALLMARK_DNA_REPAIR,5.7205895929725825
GOBP_MITOCHONDRIAL_TRANSCRIPTION,GO:0006390,7,21,False,0.01282051282051282,HALLMARK_MYC_TARGETS_V2,6.753604599154879
GOBP_TRNA_METABOLIC_PROCESS,GO:0006399,6,203,False,0.01935483870967742,HALLMARK_UNFOLDED_PROTEIN_RESPONSE,4.484921057836514
GOBP_TRNA_MODIFICATION,GO:0006400,6,93,False,0.007575757575757576,HALLMARK_PANCREAS_BETA_CELLS,5.265527543725046
GOBP_RNA_LOCALIZATION,GO:0006403,3,204,False,0.06315789473684211,HALLMARK_MYC_TARGETS_V1,4.480007043034085
GOBP_RNA_EXPORT_FROM_NUCLEUS,GO:0006405,5,94,False,0.035211267605633804,HALLMARK_MYC_TARGETS_V1,5.2548322546082975
GOBP_MRNA_EXPORT_FROM_NUCLEUS,GO:0006406,6,73,False,0.02247191011235955,HALLMARK_MYC_TARGETS_V1,5.50766759572991
GOBP_TRANSLATIONAL_INITIATION,GO:0006413,3,127,False,0.054838709677419356,HALLMARK_MYC_TARGETS_V1,4.95393995041971
GOBP_TRANSLATIONAL_ELONGATION,GO:0006414,5,73,False,0.01639344262295082,HALLMARK_UNFOLDED_PROTEIN_RESPONSE,5.50766759572991
GOBP_REGULATION_OF_TRANSLATIONAL_INITIATION,GO:0006446,8,86,False,0.04736842105263158,HALLMARK_UNFOLDED_PROTEIN_RESPONSE,5.343779740624794
GOBP_PROTEIN_FOLDING,GO:0006457,2,233,False,0.03903903903903904,HALLMARK_UNFOLDED_PROTEIN_RESPONSE,4.347088583312601
GOBP_DE_NOVO_PROTEIN_FOLDING,GO:0006458,3,38,False,0.02145922746781116,HALLMARK_MTORC1_SIGNALING,6.160540877151916
GOBP_PROTEIN_DEPHOSPHORYLATION,GO:0006470,6,87,False,0.026737967914438502,HALLMARK_PI3K_AKT_MTOR_SIGNALING,5.332218918223718
GOBP_PROTEIN_ACETYLATION,GO:0006473,7,42,False,0.0136986301369863,HALLMARK_NOTCH_SIGNALING,6.060457418594933
GOBP_PROTEIN_DEACETYLATION,GO:0006476,7,25,False,0.013513513513513514,HALLMARK_ALLOGRAFT_REJECTION,6.579251212010101
GOBP_PROTEIN_METHYLATION,GO:0006479,5,42,True,0.012552301255230125,HALLMARK_G2M_CHECKPOINT,6.060457418594933
GOBP_PROTEIN_N_LINKED_GLYCOSYLATION,GO:0006487,6,74,False,0.033962264150943396,HALLMARK_GLYCOLYSIS,5.276338459829262
GOBP_DOLICHOL_LINKED_OLIGOSACCHARIDE_BIOSYNTHETIC_PROCESS,GO:0006488,5,22,False,0.00909090909090909,HALLMARK_GLYCOLYSIS,6.707084583519986
GOBP_N_GLYCAN_PROCESSING,GO:0006491,7,22,False,0.004524886877828055,HALLMARK_HYPOXIA,6.707084583519986
GOBP_PROTEIN_O_LINKED_GLYCOSYLATION,GO:0006493,6,102,False,0.016835016835016835,HALLMARK_GLYCOLYSIS,4.761174434464673
GOBP_GPI_ANCHOR_METABOLIC_PROCESS,GO:0006505,6,32,True,0.006944444444444444,HALLMARK_UNFOLDED_PROTEIN_RESPONSE,6.332391134078575
GOBP_MEMBRANE_PROTEIN_ECTODOMAIN_PROTEOLYSIS,GO:0006509,7,52,False,0.04411764705882353,HALLMARK_APOPTOSIS,5.846883318296874
GOBP_PROTEIN_MONOUBIQUITINATION,GO:0006513,10,54,False,0.03614457831325301,HALLMARK_NOTCH_SIGNALING,5.809142990314028
GOBP_PROTEIN_QUALITY_CONTROL_FOR_MISFOLDED_OR_INCOMPLETELY_SYNTHESIZED_PROTEINS,GO:0006515,7,31,False,0.014184397163120567,HALLMARK_BILE_ACID_METABOLISM,6.364139832393156
GOBP_GLYCOPROTEIN_CATABOLIC_PROCESS,GO:0006516,5,39,False,0.018018018018018018,HALLMARK_CHOLESTEROL_HOMEOSTASIS,6.134565390748655
GOBP_PROTEIN_DEGLYCOSYLATION,GO:0006517,5,20,True,0.009174311926605505,HALLMARK_XENOBIOTIC_METABOLISM,6.802394763324311
GOBP_PEPTIDE_METABOLIC_PROCESS,GO:0006518,3,65,False,0.030456852791878174,HALLMARK_COAGULATION,5.6237397669826645
GOBP_AMINO_ACID_METABOLIC_PROCESS,GO:0006520,4,282,False,0.05701754385964912,HALLMARK_XENOBIOTIC_METABOLISM,4.156219965940188
GOBP_ARGININE_METABOLIC_PROCESS,GO:0006525,6,23,False,0.0182648401826484,HALLMARK_XENOBIOTIC_METABOLISM,6.662632820949152
GOBP_GLUTAMATE_METABOLIC_PROCESS,GO:0006536,7,34,False,0.024691358024691357,HALLMARK_REACTIVE_OXYGEN_SPECIES_PATHWAY,6.271766512262141
GOBP_GLUTAMINE_METABOLIC_PROCESS,GO:0006541,7,20,False,0.007633587786259542,HALLMARK_BILE_ACID_METABOLISM,6.802394763324311
GOBP_MODIFIED_AMINO_ACID_METABOLIC_PROCESS,GO:0006575,3,190,False,0.0427807486631016,HALLMARK_XENOBIOTIC_METABOLISM,4.551102964717815
GOBP_THYROID_HORMONE_GENERATION,GO:0006590,5,22,False,0.02564102564102564,HALLMARK_COAGULATION,6.707084583519986
GOBP_NLS_BEARING_PROTEIN_IMPORT_INTO_NUCLEUS,GO:0006607,6,20,False,0.009174311926605505,HALLMARK_G2M_CHECKPOINT,6.802394763324311
GOBP_PROTEIN_EXPORT_FROM_NUCLEUS,GO:0006611,5,63,False,0.02631578947368421,HALLMARK_TGF_BETA_SIGNALING,5.654992310486769
GOBP_PROTEIN_TARGETING_TO_MEMBRANE,GO:0006612,5,128,False,0.018315018315018316,HALLMARK_DNA_REPAIR,4.946096772958684
GOBP_COTRANSLATIONAL_PROTEIN_TARGETING_TO_MEMBRANE,GO:0006613,6,30,False,0.04477611940298507,HALLMARK_PANCREAS_BETA_CELLS,6.396929655216146
GOBP_SRP_DEPENDENT_COTRANSLATIONAL_PROTEIN_TARGETING_TO_MEMBRANE,GO:0006614,6,25,False,0.04838709677419355,HALLMARK_PANCREAS_BETA_CELLS,6.579251212010101
GOBP_PROTEIN_TARGETING_TO_LYSOSOME,GO:0006622,6,31,False,0.024193548387096774,HALLMARK_PROTEIN_SECRETION,6.364139832393156
GOBP_PROTEIN_TARGETING_TO_VACUOLE,GO:0006623,5,46,False,0.02158273381294964,HALLMARK_PROTEIN_SECRETION,5.969485640389206
GOBP_PROTEIN_TARGETING_TO_MITOCHONDRION,GO:0006626,5,109,False,0.04745762711864407,HALLMARK_OXIDATIVE_PHOSPHORYLATION,5.106779154649158
GOBP_FATTY_ACID_BIOSYNTHETIC_PROCESS,GO:0006633,5,180,False,0.05625,HALLMARK_FATTY_ACID_METABOLISM,4.605170185988091
GOBP_FATTY_ACID_BETA_OXIDATION,GO:0006635,6,72,False,0.12745098039215685,HALLMARK_FATTY_ACID_METABOLISM,5.521460917862246
GOBP_UNSATURATED_FATTY_ACID_BIOSYNTHETIC_PROCESS,GO:0006636,6,60,False,0.06493506493506493,HALLMARK_PEROXISOME,5.703782474656201
GOBP_ACYL_COA_METABOLIC_PROCESS,GO:0006637,4,100,True,0.10256410256410256,HALLMARK_FATTY_ACID_METABOLISM,5.19295685089021
GOBP_NEUTRAL_LIPID_METABOLIC_PROCESS,GO:0006638,5,139,True,0.03353658536585366,HALLMARK_ADIPOGENESIS,4.86365310374761
GOBP_TRIGLYCERIDE_METABOLIC_PROCESS,GO:0006641,7,111,False,0.03666666666666667,HALLMARK_ADIPOGENESIS,5.088596835565967
GOBP_MEMBRANE_LIPID_METABOLIC_PROCESS,GO:0006643,5,222,False,0.01597444089456869,HALLMARK_PROTEIN_SECRETION,4.395449655006022
GOBP_GLYCEROPHOSPHOLIPID_METABOLIC_PROCESS,GO:0006650,6,300,False,0.022494887525562373,HALLMARK_COMPLEMENT,4.0943445622221
GOBP_PHOSPHATIDYLCHOLINE_BIOSYNTHETIC_PROCESS,GO:0006656,7,27,False,0.020202020202020204,HALLMARK_CHOLESTEROL_HOMEOSTASIS,6.502290170873972
GOBP_PHOSPHATIDYLSERINE_METABOLIC_PROCESS,GO:0006658,4,23,False,0.010416666666666666,HALLMARK_CHOLESTEROL_HOMEOSTASIS,6.662632820949152
GOBP_PHOSPHATIDYLINOSITOL_BIOSYNTHETIC_PROCESS,GO:0006661,7,120,False,0.019305019305019305,HALLMARK_UV_RESPONSE_DN,5.0106352940962555
GOBP_SPHINGOLIPID_METABOLIC_PROCESS,GO:0006665,6,174,False,0.018867924528301886,HALLMARK_PROTEIN_SECRETION,4.639071737663772
GOBP_CERAMIDE_METABOLIC_PROCESS,GO:0006672,4,113,False,0.014563106796116505,HALLMARK_PROTEIN_SECRETION,5.070739218165961
GOBP_GLYCOSYLCERAMIDE_METABOLIC_PROCESS,GO:0006677,5,21,False,0.017391304347826087,HALLMARK_PROTEIN_SECRETION,6.753604599154879
GOBP_SPHINGOMYELIN_METABOLIC_PROCESS,GO:0006684,4,20,False,0.015384615384615385,HALLMARK_BILE_ACID_METABOLISM,6.802394763324311
GOBP_GLYCOSPHINGOLIPID_METABOLIC_PROCESS,GO:0006687,6,70,False,0.018404907975460124,HALLMARK_PROTEIN_SECRETION,5.549631794828943
GOBP_GLYCOSPHINGOLIPID_BIOSYNTHETIC_PROCESS,GO:0006688,6,40,False,0.008403361344537815,HALLMARK_TNFA_SIGNALING_VIA_NFKB,6.1092475827643655
GOBP_ICOSANOID_METABOLIC_PROCESS,GO:0006690,7,124,False,0.06229508196721312,HALLMARK_XENOBIOTIC_METABOLISM,4.977845471273265
GOBP_LEUKOTRIENE_METABOLIC_PROCESS,GO:0006691,8,34,False,0.012195121951219513,HALLMARK_REACTIVE_OXYGEN_SPECIES_PATHWAY,6.271766512262141
GOBP_PROSTANOID_METABOLIC_PROCESS,GO:0006692,7,51,True,0.04583333333333333,HALLMARK_XENOBIOTIC_METABOLISM,5.866301404153976
GOBP_STEROID_BIOSYNTHETIC_PROCESS,GO:0006694,5,175,False,0.09210526315789473,HALLMARK_CHOLESTEROL_HOMEOSTASIS,4.633341062954788
GOBP_BILE_ACID_BIOSYNTHETIC_PROCESS,GO:0006699,7,38,False,0.10294117647058823,HALLMARK_BILE_ACID_METABOLISM,6.160540877151916
GOBP_C21_STEROID_HORMONE_BIOSYNTHETIC_PROCESS,GO:0006700,5,21,False,0.017045454545454544,HALLMARK_UV_RESPONSE_UP,6.753604599154879
GOBP_STEROID_CATABOLIC_PROCESS,GO:0006706,5,25,False,0.05384615384615385,HALLMARK_BILE_ACID_METABOLISM,6.579251212010101
GOBP_ISOPRENOID_METABOLIC_PROCESS,GO:0006720,5,122,False,0.06521739130434782,HALLMARK_CHOLESTEROL_HOMEOSTASIS,4.9941059921450455
GOBP_TERPENOID_METABOLIC_PROCESS,GO:0006721,6,102,True,0.04498269896193772,HALLMARK_XENOBIOTIC_METABOLISM,5.173154223594031
GOBP_ONE_CARBON_METABOLIC_PROCESS,GO:0006730,4,24,False,0.01818181818181818,HALLMARK_XENOBIOTIC_METABOLISM,6.620073206530356
GOBP_NADP_METABOLIC_PROCESS,GO:0006739,5,41,False,0.04329004329004329,HALLMARK_GLYCOLYSIS,6.084554970173994
GOBP_NADPH_REGENERATION,GO:0006740,4,25,False,0.0273972602739726,HALLMARK_GLYCOLYSIS,6.579251212010101
GOBP_UBIQUINONE_METABOLIC_PROCESS,GO:0006743,5,21,True,0.014492753623188406,HALLMARK_REACTIVE_OXYGEN_SPECIES_PATHWAY,6.753604599154879
GOBP_GLUTATHIONE_METABOLIC_PROCESS,GO:0006749,4,58,False,0.07,HALLMARK_REACTIVE_OXYGEN_SPECIES_PATHWAY,5.737684026331882
GOBP_ATP_BIOSYNTHETIC_PROCESS,GO:0006754,7,104,False,0.19215686274509805,HALLMARK_OXIDATIVE_PHOSPHORYLATION,5.153736137736929
GOBP_FOLIC_ACID_CONTAINING_COMPOUND_METABOLIC_PROCESS,GO:0006760,4,28,False,0.017857142857142856,HALLMARK_MTORC1_SIGNALING,6.465922526703098
GOBP_VITAMIN_METABOLIC_PROCESS,GO:0006766,4,119,False,0.03908794788273615,HALLMARK_XENOBIOTIC_METABOLISM,5.019003543766773
GOBP_PORPHYRIN_CONTAINING_COMPOUND_METABOLIC_PROCESS,GO:0006778,4,54,True,0.07172995780590717,HALLMARK_HEME_METABOLISM,5.809142990314028
GOBP_SUPEROXIDE_METABOLIC_PROCESS,GO:0006801,4,77,False,0.05,HALLMARK_REACTIVE_OXYGEN_SPECIES_PATHWAY,5.454321615024618
GOBP_XENOBIOTIC_METABOLIC_PROCESS,GO:0006805,3,135,False,0.08414239482200647,HALLMARK_XENOBIOTIC_METABOLISM,4.892852258439873
GOBP_POTASSIUM_ION_TRANSPORT,GO:0006813,7,241,True,0.027972027972027972,HALLMARK_MYOGENESIS,4.3133301033876466
GOBP_SODIUM_ION_TRANSPORT,GO:0006814,7,252,False,0.024943310657596373,HALLMARK_KRAS_SIGNALING_DN,4.268697949366879
GOBP_PHOSPHATE_ION_TRANSPORT,GO:0006817,5,27,False,0.016129032258064516,HALLMARK_ANGIOGENESIS,6.502290170873972
GOBP_MONOATOMIC_ANION_TRANSPORT,GO:0006820,5,177,True,0.013440860215053764,HALLMARK_HEME_METABOLISM,4.6219773043044725
GOBP_CHLORIDE_TRANSPORT,GO:0006821,5,130,True,0.015384615384615385,HALLMARK_HEME_METABOLISM,4.930592586422719
GOBP_IRON_ION_TRANSPORT,GO:0006826,8,55,False,0.01593625498007968,HALLMARK_HEME_METABOLISM,5.790793851645831
GOBP_ZINC_ION_TRANSPORT,GO:0006829,8,32,True,0.013100436681222707,HALLMARK_HEME_METABOLISM,6.332391134078575
GOBP_WATER_TRANSPORT,GO:0006833,5,29,False,0.01327433628318584,HALLMARK_INFLAMMATORY_RESPONSE,6.430831206891828
GOBP_DICARBOXYLIC_ACID_TRANSPORT,GO:0006835,6,107,False,0.023333333333333334,HALLMARK_ESTROGEN_RESPONSE_EARLY,5.1252982024163956
GOBP_NEUROTRANSMITTER_TRANSPORT,GO:0006836,4,217,False,0.019543973941368076,HALLMARK_PROTEIN_SECRETION,4.4182296833378425
GOBP_SEROTONIN_TRANSPORT,GO:0006837,5,21,False,0.013761467889908258,HALLMARK_KRAS_SIGNALING_DN,6.753604599154879
GOBP_MITOCHONDRIAL_TRANSPORT,GO:0006839,4,183,False,0.07584269662921349,HALLMARK_OXIDATIVE_PHOSPHORYLATION,4.588640884036881
GOBP_MITOCHONDRIAL_CALCIUM_ION_TRANSMEMBRANE_TRANSPORT,GO:0006851,6,24,False,0.01818181818181818,HALLMARK_NOTCH_SIGNALING,6.620073206530356
GOBP_EXTRACELLULAR_TRANSPORT,GO:0006858,4,54,True,0.006711409395973154,HALLMARK_PROTEIN_SECRETION,5.809142990314028
GOBP_NUCLEOTIDE_TRANSPORT,GO:0006862,5,48,False,0.034013605442176874,HALLMARK_PEROXISOME,5.926926025970411
GOBP_AMINO_ACID_TRANSPORT,GO:0006865,4,167,False,0.03089887640449438,HALLMARK_HEME_METABOLISM,4.680133224461547
GOBP_INTRACELLULAR_IRON_ION_HOMEOSTASIS,GO:0006879,4,77,False,0.025925925925925925,HALLMARK_HEME_METABOLISM,5.454321615024618
GOBP_INTRACELLULAR_ZINC_ION_HOMEOSTASIS,GO:0006882,4,35,False,0.008583690987124463,HALLMARK_HYPOXIA,6.242778975388888
GOBP_INTRACELLULAR_SODIUM_ION_HOMEOSTASIS,GO:0006883,5,22,False,0.00909090909090909,HALLMARK_ESTROGEN_RESPONSE_EARLY,6.707084583519986
GOBP_CELL_VOLUME_HOMEOSTASIS,GO:0006884,3,37,False,0.011764705882352941,HALLMARK_REACTIVE_OXYGEN_SPECIES_PATHWAY,6.187209124234077
GOBP_REGULATION_OF_PH,GO:0006885,2,105,True,0.03608247422680412,HALLMARK_PROTEIN_SECRETION,5.144166686720778
GOBP_ENDOPLASMIC_RETICULUM_TO_GOLGI_VESICLE_MEDIATED_TRANSPORT,GO:0006888,4,140,False,0.09259259259259259,HALLMARK_PROTEIN_SECRETION,4.8564846142689975
GOBP_RETROGRADE_VESICLE_MEDIATED_TRANSPORT_GOLGI_TO_ENDOPLASMIC_RETICULUM,GO:0006890,4,52,False,0.06474820143884892,HALLMARK_PROTEIN_SECRETION,5.846883318296874
GOBP_INTRA_GOLGI_VESICLE_MEDIATED_TRANSPORT,GO:0006891,4,35,False,0.056451612903225805,HALLMARK_PROTEIN_SECRETION,6.242778975388888
GOBP_POST_GOLGI_VESICLE_MEDIATED_TRANSPORT,GO:0006892,4,112,False,0.07216494845360824,HALLMARK_PROTEIN_SECRETION,5.079628165583207
GOBP_GOLGI_TO_PLASMA_MEMBRANE_TRANSPORT,GO:0006893,4,68,False,0.031446540880503145,HALLMARK_PROTEIN_SECRETION,5.578619331702195
GOBP_RECEPTOR_MEDIATED_ENDOCYTOSIS,GO:0006898,4,283,False,0.038356164383561646,HALLMARK_PROTEIN_SECRETION,4.1526801392350645
GOBP_VESICLE_BUDDING_FROM_MEMBRANE,GO:0006900,5,88,False,0.05142857142857143,HALLMARK_PROTEIN_SECRETION,5.320790222400095
GOBP_VESICLE_COATING,GO:0006901,6,38,False,0.03875968992248062,HALLMARK_PROTEIN_SECRETION,6.160540877151916
GOBP_VESICLE_TARGETING,GO:0006903,2,65,False,0.03870967741935484,HALLMARK_PROTEIN_SECRETION,5.6237397669826645
GOBP_VESICLE_DOCKING_INVOLVED_IN_EXOCYTOSIS,GO:0006904,3,39,False,0.015037593984962405,HALLMARK_PROTEIN_SECRETION,6.134565390748655
GOBP_PINOCYTOSIS,GO:0006907,4,23,False,0.01098901098901099,HALLMARK_APOPTOSIS,6.662632820949152
GOBP_PHAGOCYTOSIS,GO:0006909,4,244,False,0.05714285714285714,HALLMARK_ALLOGRAFT_REJECTION,4.3009588115851
GOBP_PHAGOCYTOSIS_RECOGNITION,GO:0006910,3,29,False,0.01327433628318584,HALLMARK_COMPLEMENT,6.430831206891828
GOBP_PHAGOCYTOSIS_ENGULFMENT,GO:0006911,7,48,False,0.027624309392265192,HALLMARK_COAGULATION,5.926926025970411
GOBP_CELLULAR_COMPONENT_DISASSEMBLY_INVOLVED_IN_EXECUTION_PHASE_OF_APOPTOSIS,GO:0006921,5,30,True,0.0213903743315508,HALLMARK_APOPTOSIS,6.396929655216146
GOBP_INFLAMMATORY_CELL_APOPTOTIC_PROCESS,GO:0006925,5,23,False,0.027649769585253458,HALLMARK_ALLOGRAFT_REJECTION,6.662632820949152
GOBP_SUBSTRATE_DEPENDENT_CELL_MIGRATION,GO:0006929,4,29,False,0.031746031746031744,HALLMARK_HEDGEHOG_SIGNALING,6.430831206891828
GOBP_REGULATION_OF_MUSCLE_CONTRACTION,GO:0006937,6,179,False,0.07062146892655367,HALLMARK_MYOGENESIS,4.610741231037546
GOBP_SMOOTH_MUSCLE_CONTRACTION,GO:0006939,5,110,False,0.032520325203252036,HALLMARK_UV_RESPONSE_DN,5.097646671085886
GOBP_REGULATION_OF_SMOOTH_MUSCLE_CONTRACTION,GO:0006940,7,63,False,0.02734375,HALLMARK_INFLAMMATORY_RESPONSE,5.654992310486769
GOBP_STRIATED_MUSCLE_CONTRACTION,GO:0006941,5,202,False,0.11049723756906077,HALLMARK_MYOGENESIS,4.489859339477097
GOBP_REGULATION_OF_STRIATED_MUSCLE_CONTRACTION,GO:0006942,7,105,False,0.06643356643356643,HALLMARK_MYOGENESIS,5.144166686720778
GOBP_SYNCYTIUM_FORMATION,GO:0006949,2,67,True,0.03088803088803089,HALLMARK_MYOGENESIS,5.593434417487336
GOBP_ACUTE_PHASE_RESPONSE,GO:0006953,6,47,False,0.03076923076923077,HALLMARK_IL6_JAK_STAT3_SIGNALING,5.947979435168243
GOBP_COMPLEMENT_ACTIVATION,GO:0006956,3,65,False,0.0972972972972973,HALLMARK_COAGULATION,5.6237397669826645
GOBP_COMPLEMENT_ACTIVATION_CLASSICAL_PATHWAY,GO:0006958,4,40,False,0.08536585365853659,HALLMARK_COAGULATION,6.1092475827643655
GOBP_CELLULAR_DEFENSE_RESPONSE,GO:0006968,4,52,False,0.037037037037037035,HALLMARK_ALLOGRAFT_REJECTION,5.846883318296874
GOBP_RESPONSE_TO_OSMOTIC_STRESS,GO:0006970,3,87,False,0.021352313167259787,HALLMARK_TNFA_SIGNALING_VIA_NFKB,5.332218918223718
GOBP_HYPEROSMOTIC_RESPONSE,GO:0006972,4,30,False,0.015503875968992248,HALLMARK_ANDROGEN_RESPONSE,6.396929655216146
GOBP_ER_NUCLEUS_SIGNALING_PATHWAY,GO:0006984,4,54,False,0.04375,HALLMARK_UNFOLDED_PROTEIN_RESPONSE,5.809142990314028
GOBP_NUCLEUS_ORGANIZATION,GO:0006997,5,159,False,0.031609195402298854,HALLMARK_G2M_CHECKPOINT,4.72922283465807
GOBP_NUCLEAR_ENVELOPE_ORGANIZATION,GO:0006998,5,58,False,0.019762845849802372,HALLMARK_G2M_CHECKPOINT,5.737684026331882
GOBP_MITOCHONDRIAL_MEMBRANE_ORGANIZATION,GO:0007006,5,119,False,0.07407407407407407,HALLMARK_OXIDATIVE_PHOSPHORYLATION,5.019003543766773
GOBP_INNER_MITOCHONDRIAL_MEMBRANE_ORGANIZATION,GO:0007007,6,45,False,0.04700854700854701,HALLMARK_OXIDATIVE_PHOSPHORYLATION,5.991464547107982
GOBP_PLASMA_MEMBRANE_ORGANIZATION,GO:0007009,5,180,False,0.02425876010781671,HALLMARK_APICAL_JUNCTION,4.605170185988091
GOBP_MICROTUBULE_DEPOLYMERIZATION,GO:0007019,5,53,False,0.04564315352697095,HALLMARK_MITOTIC_SPINDLE,5.82783512332618
GOBP_MICROTUBULE_NUCLEATION,GO:0007020,4,48,False,0.060085836909871244,HALLMARK_MITOTIC_SPINDLE,5.926926025970411
GOBP_NEGATIVE_REGULATION_OF_MICROTUBULE_DEPOLYMERIZATION,GO:0007026,7,32,False,0.03587443946188341,HALLMARK_MITOTIC_SPINDLE,6.332391134078575
GOBP_ENDOPLASMIC_RETICULUM_ORGANIZATION,GO:0007029,5,104,False,0.02564102564102564,HALLMARK_PROTEIN_SECRETION,5.153736137736929
GOBP_GOLGI_ORGANIZATION,GO:0007030,5,156,False,0.05,HALLMARK_PROTEIN_SECRETION,4.748271029628765
GOBP_PEROXISOME_ORGANIZATION,GO:0007031,5,39,False,0.11029411764705882,HALLMARK_BILE_ACID_METABOLISM,6.134565390748655
GOBP_ENDOSOME_ORGANIZATION,GO:0007032,6,101,False,0.042328042328042326,HALLMARK_PROTEIN_SECRETION,5.1830065200370425
GOBP_VACUOLE_ORGANIZATION,GO:0007033,5,247,False,0.03625377643504532,HALLMARK_PROTEIN_SECRETION,4.288738700250325
GOBP_VACUOLAR_TRANSPORT,GO:0007034,4,168,False,0.03937007874015748,HALLMARK_PROTEIN_SECRETION,4.674163057475043
GOBP_VACUOLAR_ACIDIFICATION,GO:0007035,5,36,False,0.03937007874015748,HALLMARK_PROTEIN_SECRETION,6.214608098422191
GOBP_PROTEIN_CATABOLIC_PROCESS_IN_THE_VACUOLE,GO:0007039,6,29,True,0.018292682926829267,HALLMARK_COAGULATION,6.430831206891828
GOBP_LYSOSOMAL_TRANSPORT,GO:0007041,5,131,False,0.0365296803652968,HALLMARK_PROTEIN_SECRETION,4.92292971367715
GOBP_LYSOSOMAL_LUMEN_ACIDIFICATION,GO:0007042,5,24,False,0.034482758620689655,HALLMARK_PROTEIN_SECRETION,6.620073206530356
GOBP_CELL_CELL_JUNCTION_ASSEMBLY,GO:0007043,6,163,False,0.08358208955223881,HALLMARK_APICAL_JUNCTION,4.704376836071539
GOBP_SPINDLE_ORGANIZATION,GO:0007051,3,210,False,0.12054794520547946,HALLMARK_MITOTIC_SPINDLE,4.451019506160833
GOBP_MITOTIC_SPINDLE_ORGANIZATION,GO:0007052,4,139,False,0.09740259740259741,HALLMARK_MITOTIC_SPINDLE,4.86365310374761
GOBP_SISTER_CHROMATID_COHESION,GO:0007062,3,63,False,0.05622489959839357,HALLMARK_E2F_TARGETS,5.654992310486769
GOBP_MITOTIC_SISTER_CHROMATID_COHESION,GO:0007064,4,31,False,0.03125,HALLMARK_G2M_CHECKPOINT,6.364139832393156
GOBP_MITOTIC_METAPHASE_CHROMOSOME_ALIGNMENT,GO:0007080,4,66,False,0.05138339920948617,HALLMARK_G2M_CHECKPOINT,5.608472294851876
GOBP_REGULATION_OF_MITOTIC_NUCLEAR_DIVISION,GO:0007088,6,120,False,0.08843537414965986,HALLMARK_G2M_CHECKPOINT,5.0106352940962555
GOBP_MITOTIC_CELL_CYCLE_CHECKPOINT_SIGNALING,GO:0007093,4,136,False,0.08737864077669903,HALLMARK_E2F_TARGETS,4.88547215114225
GOBP_MITOTIC_G2_DNA_DAMAGE_CHECKPOINT_SIGNALING,GO:0007095,6,36,False,0.03508771929824561,HALLMARK_E2F_TARGETS,6.214608098422191
GOBP_NUCLEAR_MIGRATION,GO:0007097,4,28,False,0.0365296803652968,HALLMARK_MITOTIC_SPINDLE,6.465922526703098
GOBP_HOMOLOGOUS_CHROMOSOME_PAIRING_AT_MEIOSIS,GO:0007129,4,54,False,0.020080321285140562,HALLMARK_E2F_TARGETS,5.809142990314028
GOBP_MALE_MEIOTIC_NUCLEAR_DIVISION,GO:0007140,4,57,False,0.02127659574468085,HALLMARK_SPERMATOGENESIS,5.755075769043752
GOBP_MALE_MEIOSIS_I,GO:0007141,5,29,False,0.025,HALLMARK_SPERMATOGENESIS,6.430831206891828
GOBP_FEMALE_MEIOTIC_NUCLEAR_DIVISION,GO:0007143,4,43,False,0.03404255319148936,HALLMARK_G2M_CHECKPOINT,6.036926921184739
GOBP_HOMOPHILIC_CELL_ADHESION_VIA_PLASMA_MEMBRANE_ADHESION_MOLECULES,GO:0007156,5,171,False,0.07225433526011561,HALLMARK_APICAL_JUNCTION,4.656463480375642
GOBP_HETEROPHILIC_CELL_CELL_ADHESION_VIA_PLASMA_MEMBRANE_CELL_ADHESION_MOLECULES,GO:0007157,5,47,False,0.04219409282700422,HALLMARK_APICAL_JUNCTION,5.947979435168243
GOBP_CELL_MATRIX_ADHESION,GO:0007160,4,242,False,0.0967741935483871,HALLMARK_APICAL_JUNCTION,4.3091893107216155
GOBP_ESTABLISHMENT_OR_MAINTENANCE_OF_CELL_POLARITY,GO:0007163,2,234,False,0.06388206388206388,HALLMARK_MITOTIC_SPINDLE,4.3428059215206005
GOBP_ESTABLISHMENT_OF_TISSUE_POLARITY,GO:0007164,3,32,True,0.015873015873015872,HALLMARK_NOTCH_SIGNALING,6.332391134078575
GOBP_TRANSFORMING_GROWTH_FACTOR_BETA_RECEPTOR_SIGNALING_PATHWAY,GO:0007179,7,262,False,0.09722222222222222,HALLMARK_TGF_BETA_SIGNALING,4.229782533117205
GOBP_G_PROTEIN_COUPLED_RECEPTOR_SIGNALING_PATHWAY_COUPLED_TO_CYCLIC_NUCLEOTIDE_SECOND_MESSENGER,GO:0007187,4,56,False,0.015957446808510637,HALLMARK_SPERMATOGENESIS,5.772775346143153
GOBP_ADENYLATE_CYCLASE_MODULATING_G_PROTEIN_COUPLED_RECEPTOR_SIGNALING_PATHWAY,GO:0007188,4,279,False,0.05043859649122807,HALLMARK_INFLAMMATORY_RESPONSE,4.166915255056936
GOBP_ADENYLATE_CYCLASE_ACTIVATING_G_PROTEIN_COUPLED_RECEPTOR_SIGNALING_PATHWAY,GO:0007189,5,190,False,0.03723404255319149,HALLMARK_INFLAMMATORY_RESPONSE,4.551102964717815
GOBP_ADENYLATE_CYCLASE_INHIBITING_G_PROTEIN_COUPLED_RECEPTOR_SIGNALING_PATHWAY,GO:0007193,5,87,False,0.036101083032490974,HALLMARK_INFLAMMATORY_RESPONSE,5.332218918223718
GOBP_PHOSPHOLIPASE_C_ACTIVATING_G_PROTEIN_COUPLED_RECEPTOR_SIGNALING_PATHWAY,GO:0007200,4,147,False,0.045180722891566265,HALLMARK_INFLAMMATORY_RESPONSE,4.807694450099565
GOBP_POSITIVE_REGULATION_OF_CYTOSOLIC_CALCIUM_ION_CONCENTRATION,GO:0007204,3,167,False,0.05157593123209169,HALLMARK_INFLAMMATORY_RESPONSE,4.680133224461547
GOBP_G_PROTEIN_COUPLED_DOPAMINE_RECEPTOR_SIGNALING_PATHWAY,GO:0007212,4,35,False,0.015503875968992248,HALLMARK_PROTEIN_SECRETION,6.242778975388888
GOBP_G_PROTEIN_COUPLED_ACETYLCHOLINE_RECEPTOR_SIGNALING_PATHWAY,GO:0007213,4,21,False,0.024390243902439025,HALLMARK_PI3K_AKT_MTOR_SIGNALING,6.753604599154879
GOBP_GAMMA_AMINOBUTYRIC_ACID_SIGNALING_PATHWAY,GO:0007214,4,30,False,0.007042253521126761,HALLMARK_UNFOLDED_PROTEIN_RESPONSE,6.396929655216146
GOBP_GLUTAMATE_RECEPTOR_SIGNALING_PATHWAY,GO:0007215,4,62,False,0.019230769230769232,HALLMARK_APICAL_SURFACE,5.6709926518332106
GOBP_NEUROPEPTIDE_SIGNALING_PATHWAY,GO:0007218,4,112,False,0.02066115702479339,HALLMARK_SPERMATOGENESIS,5.079628165583207
GOBP_NOTCH_SIGNALING_PATHWAY,GO:0007219,4,191,False,0.07729468599033816,HALLMARK_NOTCH_SIGNALING,4.545853608831671
GOBP_SMOOTHENED_SIGNALING_PATHWAY,GO:0007224,4,157,False,0.026041666666666668,HALLMARK_PANCREAS_BETA_CELLS,4.741881231529994
GOBP_INTEGRIN_MEDIATED_SIGNALING_PATHWAY,GO:0007229,4,119,False,0.07407407407407407,HALLMARK_EPITHELIAL_MESENCHYMAL_TRANSITION,5.019003543766773
GOBP_JNK_CASCADE,GO:0007254,6,186,False,0.043010752688172046,HALLMARK_PI3K_AKT_MTOR_SIGNALING,4.5723803631651005
GOBP_CELL_SURFACE_RECEPTOR_SIGNALING_PATHWAY_VIA_JAK_STAT,GO:0007259,5,131,False,0.07920792079207921,HALLMARK_IL6_JAK_STAT3_SIGNALING,4.92292971367715
GOBP_TYROSINE_PHOSPHORYLATION_OF_STAT_PROTEIN,GO:0007260,8,31,False,0.024,HALLMARK_INTERFERON_ALPHA_RESPONSE,6.364139832393156
GOBP_NITRIC_OXIDE_MEDIATED_SIGNAL_TRANSDUCTION,GO:0007263,5,26,False,0.01639344262295082,HALLMARK_HEDGEHOG_SIGNALING,6.54003049885682
GOBP_RAS_PROTEIN_SIGNAL_TRANSDUCTION,GO:0007265,6,116,False,0.04245283018867924,HALLMARK_PI3K_AKT_MTOR_SIGNALING,5.044536845771937
GOBP_RHO_PROTEIN_SIGNAL_TRANSDUCTION,GO:0007266,6,147,False,0.06790123456790123,HALLMARK_MITOTIC_SPINDLE,4.807694450099565
GOBP_NEUROTRANSMITTER_SECRETION,GO:0007269,4,155,True,0.02032520325203252,HALLMARK_PROTEIN_SECRETION,4.7547019199590554
GOBP_SYNAPTIC_TRANSMISSION_CHOLINERGIC,GO:0007271,8,33,False,0.02643171806167401,HALLMARK_MYOGENESIS,6.3016194754118215
GOBP_ENSHEATHMENT_OF_NEURONS,GO:0007272,2,159,True,0.04057971014492753,HALLMARK_APICAL_JUNCTION,4.72922283465807
GOBP_NEUROMUSCULAR_SYNAPTIC_TRANSMISSION,GO:0007274,8,37,False,0.017167381974248927,HALLMARK_MYOGENESIS,6.187209124234077
GOBP_SPERM_AXONEME_ASSEMBLY,GO:0007288,3,34,False,0.004310344827586207,HALLMARK_MITOTIC_SPINDLE,6.271766512262141
GOBP_SPERMATID_NUCLEUS_DIFFERENTIATION,GO:0007289,6,30,False,0.024844720496894408,HALLMARK_SPERMATOGENESIS,6.396929655216146
GOBP_FEMALE_GAMETE_GENERATION,GO:0007292,4,174,False,0.027472527472527472,HALLMARK_G2M_CHECKPOINT,4.639071737663772
GOBP_SINGLE_FERTILIZATION,GO:0007338,3,195,False,0.028037383177570093,HALLMARK_SPERMATOGENESIS,4.5251274783145545
GOBP_BINDING_OF_SPERM_TO_ZONA_PELLUCIDA,GO:0007339,5,41,False,0.029239766081871343,HALLMARK_SPERMATOGENESIS,6.084554970173994
GOBP_ACROSOME_REACTION,GO:0007340,2,43,False,0.014084507042253521,HALLMARK_ANDROGEN_RESPONSE,6.036926921184739
GOBP_BLASTODERM_SEGMENTATION,GO:0007350,4,26,False,0.05084745762711865,HALLMARK_HEDGEHOG_SIGNALING,6.54003049885682
GOBP_TRIPARTITE_REGIONAL_SUBDIVISION,GO:0007351,4,21,True,0.0392156862745098,HALLMARK_NOTCH_SIGNALING,6.753604599154879
GOBP_GASTRULATION,GO:0007369,4,200,False,0.0582010582010582,HALLMARK_EPITHELIAL_MESENCHYMAL_TRANSITION,4.499809670330265
GOBP_ECTODERM_DEVELOPMENT,GO:0007398,4,24,False,0.04,HALLMARK_TGF_BETA_SIGNALING,6.620073206530356
GOBP_NEUROBLAST_PROLIFERATION,GO:0007405,4,76,False,0.04424778761061947,HALLMARK_WNT_BETA_CATENIN_SIGNALING,5.467393696591971
GOBP_AXONAL_FASCICULATION,GO:0007413,4,21,True,0.05555555555555555,HALLMARK_HEDGEHOG_SIGNALING,6.753604599154879
GOBP_SYNAPSE_ASSEMBLY,GO:0007416,6,276,False,0.023655913978494623,HALLMARK_APICAL_JUNCTION,4.177726171161152
GOBP_PERIPHERAL_NERVOUS_SYSTEM_DEVELOPMENT,GO:0007422,4,89,False,0.0374331550802139,HALLMARK_PI3K_AKT_MTOR_SIGNALING,5.309490667146162
GOBP_SALIVARY_GLAND_DEVELOPMENT,GO:0007431,5,37,True,0.04285714285714286,HALLMARK_ANGIOGENESIS,6.187209124234077
GOBP_ENDODERM_DEVELOPMENT,GO:0007492,4,89,False,0.0625,HALLMARK_EPITHELIAL_MESENCHYMAL_TRANSITION,5.309490667146162
GOBP_MESODERM_DEVELOPMENT,GO:0007498,4,142,False,0.031578947368421054,HALLMARK_TGF_BETA_SIGNALING,4.8422999792770405
GOBP_MYOBLAST_FUSION,GO:0007520,4,48,False,0.03333333333333333,HALLMARK_MYOGENESIS,5.926926025970411
GOBP_NEUROMUSCULAR_JUNCTION_DEVELOPMENT,GO:0007528,6,56,False,0.011857707509881422,HALLMARK_MYOGENESIS,5.772775346143153
GOBP_SEX_DETERMINATION,GO:0007530,3,22,False,0.00909090909090909,HALLMARK_GLYCOLYSIS,6.707084583519986
GOBP_SEX_DIFFERENTIATION,GO:0007548,3,296,False,0.033936651583710405,HALLMARK_APOPTOSIS,4.107767582554241
GOBP_SEX_CHROMOSOME_DOSAGE_COMPENSATION,GO:0007549,7,23,True,0.015151515151515152,HALLMARK_APICAL_SURFACE,6.662632820949152
GOBP_EMBRYO_IMPLANTATION,GO:0007566,2,71,False,0.038834951456310676,HALLMARK_ANGIOGENESIS,5.535447159836986
GOBP_RESPONSE_TO_NUTRIENT,GO:0007584,3,162,False,0.03225806451612903,HALLMARK_FATTY_ACID_METABOLISM,4.710530701645918
GOBP_RESPIRATORY_GASEOUS_EXCHANGE_BY_RESPIRATORY_SYSTEM,GO:0007585,2,82,False,0.01079136690647482,HALLMARK_IL2_STAT5_SIGNALING,5.391407789614049
GOBP_DIGESTION,GO:0007586,2,145,False,0.0321285140562249,HALLMARK_BILE_ACID_METABOLISM,4.821393294457727
GOBP_EXCRETION,GO:0007588,3,31,False,0.0273972602739726,HALLMARK_APICAL_SURFACE,6.364139832393156
GOBP_BODY_FLUID_SECRETION,GO:0007589,4,95,False,0.027874564459930314,HALLMARK_ESTROGEN_RESPONSE_LATE,5.244250145277761
GOBP_LACTATION,GO:0007595,5,41,False,0.02553191489361702,HALLMARK_ESTROGEN_RESPONSE_LATE,6.084554970173994
GOBP_HEMOSTASIS,GO:0007599,4,250,True,0.11815561959654179,HALLMARK_COAGULATION,4.276666119016055
GOBP_PHOTOTRANSDUCTION,GO:0007602,3,55,False,0.012121212121212121,HALLMARK_BILE_ACID_METABOLISM,5.790793851645831
GOBP_PHOTOTRANSDUCTION_VISIBLE_LIGHT,GO:0007603,4,23,False,0.015037593984962405,HALLMARK_BILE_ACID_METABOLISM,6.662632820949152
GOBP_LEARNING,GO:0007612,4,162,False,0.01971830985915493,HALLMARK_INFLAMMATORY_RESPONSE,4.710530701645918
GOBP_MEMORY,GO:0007613,4,131,False,0.021604938271604937,HALLMARK_P53_PATHWAY,4.92292971367715
GOBP_LONG_TERM_MEMORY,GO:0007616,5,37,False,0.025974025974025976,HALLMARK_WNT_BETA_CATENIN_SIGNALING,6.187209124234077
GOBP_MATING_BEHAVIOR,GO:0007617,4,35,False,0.017316017316017316,HALLMARK_P53_PATHWAY,6.242778975388888
GOBP_RHYTHMIC_BEHAVIOR,GO:0007622,3,50,True,0.022222222222222223,HALLMARK_WNT_BETA_CATENIN_SIGNALING,5.886104031450156
GOBP_CIRCADIAN_RHYTHM,GO:0007623,2,211,False,0.032663316582914576,HALLMARK_TNFA_SIGNALING_VIA_NFKB,4.446268903402236
GOBP_LOCOMOTORY_BEHAVIOR,GO:0007626,3,217,False,0.022292993630573247,HALLMARK_PEROXISOME,4.4182296833378425
GOBP_FEEDING_BEHAVIOR,GO:0007631,3,108,False,0.020689655172413793,HALLMARK_PANCREAS_BETA_CELLS,5.115995809754082
GOBP_VISUAL_BEHAVIOR,GO:0007632,3,62,True,0.015463917525773196,HALLMARK_SPERMATOGENESIS,5.6709926518332106
GOBP_REGULATION_OF_HEART_CONTRACTION,GO:0008016,6,225,False,0.0625,HALLMARK_MYOGENESIS,4.382026634673881
GOBP_TRNA_PROCESSING,GO:0008033,5,135,False,0.006006006006006006,HALLMARK_MYC_TARGETS_V1,4.892852258439873
GOBP_CELL_RECOGNITION,GO:0008037,2,162,False,0.022598870056497175,HALLMARK_APICAL_JUNCTION,4.710530701645918
GOBP_NEURON_RECOGNITION,GO:0008038,3,47,False,0.0375,HALLMARK_HEDGEHOG_SIGNALING,5.947979435168243
GOBP_MOTOR_NEURON_AXON_GUIDANCE,GO:0008045,9,26,False,0.05084745762711865,HALLMARK_HEDGEHOG_SIGNALING,6.54003049885682
GOBP_MITOCHONDRIAL_FUSION,GO:0008053,6,36,False,0.017241379310344827,HALLMARK_OXIDATIVE_PHOSPHORYLATION,6.214608098422191
GOBP_AXO_DENDRITIC_TRANSPORT,GO:0008088,5,86,False,0.04395604395604396,HALLMARK_MITOTIC_SPINDLE,5.343779740624794
GOBP_ANTEROGRADE_AXONAL_TRANSPORT,GO:0008089,7,47,False,0.02877697841726619,HALLMARK_PROTEIN_SECRETION,5.947979435168243
GOBP_RETROGRADE_AXONAL_TRANSPORT,GO:0008090,7,23,False,0.02586206896551724,HALLMARK_PROTEIN_SECRETION,6.662632820949152
GOBP_ACTIN_POLYMERIZATION_OR_DEPOLYMERIZATION,GO:0008154,6,187,False,0.06925207756232687,HALLMARK_MITOTIC_SPINDLE,4.567018420023715
GOBP_NEGATIVE_REGULATION_OF_DNA_REPLICATION,GO:0008156,8,24,False,0.015384615384615385,HALLMARK_WNT_BETA_CATENIN_SIGNALING,6.620073206530356
GOBP_BILE_ACID_METABOLIC_PROCESS,GO:0008206,6,51,False,0.10135135135135136,HALLMARK_BILE_ACID_METABOLISM,5.866301404153976
GOBP_C21_STEROID_HORMONE_METABOLIC_PROCESS,GO:0008207,4,38,False,0.034482758620689655,HALLMARK_BILE_ACID_METABOLISM,6.160540877151916
GOBP_ANDROGEN_METABOLIC_PROCESS,GO:0008209,4,30,False,0.0364963503649635,HALLMARK_BILE_ACID_METABOLISM,6.396929655216146
GOBP_ESTROGEN_METABOLIC_PROCESS,GO:0008210,4,39,False,0.026041666666666668,HALLMARK_FATTY_ACID_METABOLISM,6.134565390748655
GOBP_GLUCOCORTICOID_METABOLIC_PROCESS,GO:0008211,6,26,False,0.023622047244094488,HALLMARK_PEROXISOME,6.54003049885682
GOBP_REGULATION_OF_BLOOD_PRESSURE,GO:0008217,3,202,False,0.028132992327365727,HALLMARK_TNFA_SIGNALING_VIA_NFKB,4.489859339477097
GOBP_REGULATION_OF_G_PROTEIN_COUPLED_RECEPTOR_SIGNALING_PATHWAY,GO:0008277,5,164,False,0.02824858757062147,HALLMARK_INFLAMMATORY_RESPONSE,4.6982606090541035
GOBP_INSULIN_RECEPTOR_SIGNALING_PATHWAY,GO:0008286,6,137,False,0.056768558951965066,HALLMARK_PI3K_AKT_MTOR_SIGNALING,4.878146111050177
GOBP_ISOPRENOID_BIOSYNTHETIC_PROCESS,GO:0008299,5,30,False,0.08333333333333333,HALLMARK_CHOLESTEROL_HOMEOSTASIS,6.396929655216146
GOBP_ASSOCIATIVE_LEARNING,GO:0008306,5,93,False,0.020905923344947737,HALLMARK_INFLAMMATORY_RESPONSE,5.265527543725046
GOBP_ENDOSOME_TO_LYSOSOME_TRANSPORT,GO:0008333,3,68,False,0.025,HALLMARK_PROTEIN_SECRETION,5.578619331702195
GOBP_HISTONE_MRNA_METABOLIC_PROCESS,GO:0008334,7,24,False,0.03007518796992481,HALLMARK_UNFOLDED_PROTEIN_RESPONSE,6.620073206530356
GOBP_DETERMINATION_OF_ADULT_LIFESPAN,GO:0008340,2,38,False,0.023529411764705882,HALLMARK_REACTIVE_OXYGEN_SPECIES_PATHWAY,6.160540877151916
GOBP_ADULT_LOCOMOTORY_BEHAVIOR,GO:0008344,4,85,False,0.016853932584269662,HALLMARK_PROTEIN_SECRETION,5.3554757803879856
GOBP_GLIAL_CELL_MIGRATION,GO:0008347,4,63,False,0.03125,HALLMARK_HEDGEHOG_SIGNALING,5.654992310486769
GOBP_REGULATION_OF_CELL_SHAPE,GO:0008360,3,140,False,0.036585365853658534,HALLMARK_APICAL_JUNCTION,4.8564846142689975
GOBP_REGULATION_OF_CELL_SIZE,GO:0008361,5,185,False,0.03271028037383177,HALLMARK_HEDGEHOG_SIGNALING,4.577771211799977
GOBP_RESPIRATORY_CHAIN_COMPLEX_IV_ASSEMBLY,GO:0008535,7,31,True,0.013157894736842105,HALLMARK_OXIDATIVE_PHOSPHORYLATION,6.364139832393156
GOBP_FIBROBLAST_GROWTH_FACTOR_RECEPTOR_SIGNALING_PATHWAY,GO:0008543,6,93,False,0.025906735751295335,HALLMARK_PI3K_AKT_MTOR_SIGNALING,5.265527543725046
GOBP_REGULATION_OF_SMOOTHENED_SIGNALING_PATHWAY,GO:0008589,5,94,False,0.023622047244094488,HALLMARK_HEDGEHOG_SIGNALING,5.2548322546082975
GOBP_REGULATION_OF_NOTCH_SIGNALING_PATHWAY,GO:0008593,5,105,False,0.05384615384615385,HALLMARK_NOTCH_SIGNALING,5.144166686720778
GOBP_ATTACHMENT_OF_SPINDLE_MICROTUBULES_TO_KINETOCHORE,GO:0008608,3,55,False,0.05394190871369295,HALLMARK_MITOTIC_SPINDLE,5.790793851645831
GOBP_EXTRINSIC_APOPTOTIC_SIGNALING_PATHWAY_VIA_DEATH_DOMAIN_RECEPTORS,GO:0008625,5,86,False,0.0881057268722467,HALLMARK_APOPTOSIS,5.343779740624794
GOBP_INTRINSIC_APOPTOTIC_SIGNALING_PATHWAY_IN_RESPONSE_TO_DNA_DAMAGE,GO:0008630,5,111,False,0.0625,HALLMARK_APOPTOSIS,5.088596835565967
GOBP_INTRINSIC_APOPTOTIC_SIGNALING_PATHWAY_IN_RESPONSE_TO_OXIDATIVE_STRESS,GO:0008631,5,66,False,0.0365296803652968,HALLMARK_APOPTOSIS,5.608472294851876
GOBP_APOPTOTIC_MITOCHONDRIAL_CHANGES,GO:0008637,6,112,False,0.08764940239043825,HALLMARK_APOPTOSIS,5.079628165583207
GOBP_CARBOHYDRATE_TRANSPORT,GO:0008643,4,138,True,0.024242424242424242,HALLMARK_TNFA_SIGNALING_VIA_NFKB,4.870873351721097
GOBP_AMINO_ACID_BIOSYNTHETIC_PROCESS,GO:0008652,4,68,False,0.03875968992248062,HALLMARK_MTORC1_SIGNALING,5.578619331702195
GOBP_PHOSPHOLIPID_BIOSYNTHETIC_PROCESS,GO:0008654,5,247,False,0.035483870967741936,HALLMARK_CHOLESTEROL_HOMEOSTASIS,4.288738700250325
GOBP_AEROBIC_RESPIRATION,GO:0009060,6,198,False,0.2964169381107492,HALLMARK_OXIDATIVE_PHOSPHORYLATION,4.509860006183766
GOBP_FATTY_ACID_CATABOLIC_PROCESS,GO:0009062,5,104,False,0.11965811965811966,HALLMARK_FATTY_ACID_METABOLISM,5.153736137736929
GOBP_AMINO_ACID_CATABOLIC_PROCESS,GO:0009063,4,112,True,0.0546875,HALLMARK_FATTY_ACID_METABOLISM,5.079628165583207
GOBP_GLUTAMINE_FAMILY_AMINO_ACID_METABOLIC_PROCESS,GO:0009064,6,71,False,0.030418250950570342,HALLMARK_XENOBIOTIC_METABOLISM,5.535447159836986
GOBP_GLUTAMINE_FAMILY_AMINO_ACID_CATABOLIC_PROCESS,GO:0009065,7,26,False,0.018018018018018018,HALLMARK_XENOBIOTIC_METABOLISM,6.54003049885682
GOBP_ASPARTATE_FAMILY_AMINO_ACID_METABOLIC_PROCESS,GO:0009066,6,38,False,0.017094017094017096,HALLMARK_MTORC1_SIGNALING,6.160540877151916
GOBP_SERINE_FAMILY_AMINO_ACID_METABOLIC_PROCESS,GO:0009069,6,32,False,0.022026431718061675,HALLMARK_MTORC1_SIGNALING,6.332391134078575
GOBP_AROMATIC_AMINO_ACID_METABOLIC_PROCESS,GO:0009072,5,40,False,0.025906735751295335,HALLMARK_FATTY_ACID_METABOLISM,6.1092475827643655
GOBP_AROMATIC_AMINO_ACID_FAMILY_CATABOLIC_PROCESS,GO:0009074,6,24,False,0.01818181818181818,HALLMARK_XENOBIOTIC_METABOLISM,6.620073206530356
GOBP_BRANCHED_CHAIN_AMINO_ACID_METABOLIC_PROCESS,GO:0009081,5,26,True,0.03954802259887006,HALLMARK_FATTY_ACID_METABOLISM,6.54003049885682
GOBP_VITAMIN_BIOSYNTHETIC_PROCESS,GO:0009110,5,23,False,0.012121212121212121,HALLMARK_UV_RESPONSE_DN,6.662632820949152
GOBP_NUCLEOBASE_METABOLIC_PROCESS,GO:0009112,5,40,False,0.03260869565217391,HALLMARK_DNA_REPAIR,6.1092475827643655
GOBP_NUCLEOSIDE_METABOLIC_PROCESS,GO:0009116,5,50,False,0.04712041884816754,HALLMARK_DNA_REPAIR,5.886104031450156
GOBP_RIBONUCLEOSIDE_METABOLIC_PROCESS,GO:0009119,6,30,False,0.034482758620689655,HALLMARK_DNA_REPAIR,6.396929655216146
GOBP_NUCLEOSIDE_MONOPHOSPHATE_METABOLIC_PROCESS,GO:0009123,6,77,False,0.08095238095238096,HALLMARK_DNA_REPAIR,5.454321615024618
GOBP_NUCLEOSIDE_MONOPHOSPHATE_BIOSYNTHETIC_PROCESS,GO:0009124,6,43,False,0.0546448087431694,HALLMARK_DNA_REPAIR,6.036926921184739
GOBP_PURINE_NUCLEOSIDE_MONOPHOSPHATE_METABOLIC_PROCESS,GO:0009126,7,44,True,0.060109289617486336,HALLMARK_DNA_REPAIR,6.013937402960041
GOBP_PURINE_NUCLEOSIDE_MONOPHOSPHATE_BIOSYNTHETIC_PROCESS,GO:0009127,7,21,True,0.030120481927710843,HALLMARK_DNA_REPAIR,6.753604599154879
GOBP_PYRIMIDINE_NUCLEOSIDE_MONOPHOSPHATE_METABOLIC_PROCESS,GO:0009129,7,22,False,0.029940119760479042,HALLMARK_DNA_REPAIR,6.707084583519986
GOBP_NUCLEOSIDE_DIPHOSPHATE_METABOLIC_PROCESS,GO:0009132,6,135,True,0.08414239482200647,HALLMARK_HYPOXIA,4.892852258439873
GOBP_NUCLEOSIDE_DIPHOSPHATE_CATABOLIC_PROCESS,GO:0009134,6,109,True,0.0880281690140845,HALLMARK_HYPOXIA,5.106779154649158
GOBP_NUCLEOSIDE_TRIPHOSPHATE_METABOLIC_PROCESS,GO:0009141,6,283,True,0.1258741258741259,HALLMARK_OXIDATIVE_PHOSPHORYLATION,4.1526801392350645
GOBP_NUCLEOSIDE_TRIPHOSPHATE_BIOSYNTHETIC_PROCESS,GO:0009142,6,129,True,0.175,HALLMARK_OXIDATIVE_PHOSPHORYLATION,4.938314632516629
GOBP_PYRIMIDINE_NUCLEOSIDE_TRIPHOSPHATE_METABOLIC_PROCESS,GO:0009147,7,24,False,0.041916167664670656,HALLMARK_DNA_REPAIR,6.620073206530356
GOBP_RIBONUCLEOSIDE_MONOPHOSPHATE_BIOSYNTHETIC_PROCESS,GO:0009156,7,35,False,0.0335195530726257,HALLMARK_DNA_REPAIR,6.242778975388888
GOBP_NUCLEOSIDE_CATABOLIC_PROCESS,GO:0009164,6,20,False,0.018518518518518517,HALLMARK_XENOBIOTIC_METABOLISM,6.802394763324311
GOBP_NUCLEOTIDE_BIOSYNTHETIC_PROCESS,GO:0009165,6,227,False,0.13262599469496023,HALLMARK_OXIDATIVE_PHOSPHORYLATION,4.373177019396899
GOBP_CYCLIC_NUCLEOTIDE_METABOLIC_PROCESS,GO:0009187,7,41,True,0.015957446808510637,HALLMARK_DNA_REPAIR,6.084554970173994
GOBP_CYCLIC_NUCLEOTIDE_BIOSYNTHETIC_PROCESS,GO:0009190,7,21,False,0.011834319526627219,HALLMARK_DNA_REPAIR,6.753604599154879
GOBP_PYRIMIDINE_RIBONUCLEOTIDE_METABOLIC_PROCESS,GO:0009218,5,33,False,0.03977272727272727,HALLMARK_DNA_REPAIR,6.3016194754118215
GOBP_PYRIMIDINE_DEOXYRIBONUCLEOTIDE_METABOLIC_PROCESS,GO:0009219,5,24,False,0.025,HALLMARK_MYC_TARGETS_V2,6.620073206530356
GOBP_PYRIMIDINE_RIBONUCLEOTIDE_BIOSYNTHETIC_PROCESS,GO:0009220,6,25,False,0.029411764705882353,HALLMARK_DNA_REPAIR,6.579251212010101
GOBP_NUCLEOTIDE_SUGAR_METABOLIC_PROCESS,GO:0009225,4,46,False,0.05128205128205128,HALLMARK_GLYCOLYSIS,5.969485640389206
GOBP_NUCLEOTIDE_SUGAR_BIOSYNTHETIC_PROCESS,GO:0009226,5,30,False,0.045454545454545456,HALLMARK_GLYCOLYSIS,6.396929655216146
GOBP_GLYCOLIPID_BIOSYNTHETIC_PROCESS,GO:0009247,5,79,False,0.00909090909090909,HALLMARK_NOTCH_SIGNALING,5.42867918441128
GOBP_GLUCAN_BIOSYNTHETIC_PROCESS,GO:0009250,6,45,True,0.029411764705882353,HALLMARK_HYPOXIA,5.991464547107982
GOBP_DEOXYRIBONUCLEOTIDE_METABOLIC_PROCESS,GO:0009262,4,44,True,0.04864864864864865,HALLMARK_DNA_REPAIR,6.013937402960041
GOBP_DEOXYRIBONUCLEOTIDE_CATABOLIC_PROCESS,GO:0009264,5,30,True,0.023255813953488372,HALLMARK_MYC_TARGETS_V2,6.396929655216146
GOBP_RESPONSE_TO_TEMPERATURE_STIMULUS,GO:0009266,3,175,False,0.02491103202846975,HALLMARK_UNFOLDED_PROTEIN_RESPONSE,4.633341062954788
GOBP_CELLULAR_RESPONSE_TO_STARVATION,GO:0009267,4,188,False,0.0353356890459364,HALLMARK_PI3K_AKT_MTOR_SIGNALING,4.561685074048353
GOBP_RESPONSE_TO_PH,GO:0009268,3,40,False,0.02564102564102564,HALLMARK_PANCREAS_BETA_CELLS,6.1092475827643655
GOBP_MRNA_TRANSCRIPTION,GO:0009299,7,52,True,0.035897435897435895,HALLMARK_DNA_REPAIR,5.846883318296874
GOBP_SNRNA_TRANSCRIPTION,GO:0009301,7,20,False,0.017964071856287425,HALLMARK_DNA_REPAIR,6.802394763324311
GOBP_RRNA_TRANSCRIPTION,GO:0009303,7,42,False,0.03225806451612903,HALLMARK_DNA_REPAIR,6.060457418594933
GOBP_AMINE_METABOLIC_PROCESS,GO:0009308,3,114,True,0.039735099337748346,HALLMARK_XENOBIOTIC_METABOLISM,5.061928588483807
GOBP_AMINE_BIOSYNTHETIC_PROCESS,GO:0009309,4,42,True,0.02109704641350211,HALLMARK_XENOBIOTIC_METABOLISM,6.060457418594933
GOBP_AMINE_CATABOLIC_PROCESS,GO:0009310,4,22,True,0.01834862385321101,HALLMARK_XENOBIOTIC_METABOLISM,6.707084583519986
GOBP_OLIGOSACCHARIDE_METABOLIC_PROCESS,GO:0009311,5,64,False,0.015384615384615385,HALLMARK_GLYCOLYSIS,5.63924395351863
GOBP_OLIGOSACCHARIDE_BIOSYNTHETIC_PROCESS,GO:0009312,5,27,False,0.017241379310344827,HALLMARK_NOTCH_SIGNALING,6.502290170873972
GOBP_PHOSPHOLIPID_CATABOLIC_PROCESS,GO:0009395,5,56,False,0.015873015873015872,HALLMARK_COMPLEMENT,5.772775346143153
GOBP_RESPONSE_TO_HEAT,GO:0009408,3,104,False,0.0234375,HALLMARK_UV_RESPONSE_UP,5.153736137736929
GOBP_RESPONSE_TO_COLD,GO:0009409,3,44,False,0.020202020202020204,HALLMARK_FATTY_ACID_METABOLISM,6.013937402960041
GOBP_RESPONSE_TO_UV,GO:0009411,5,158,False,0.058419243986254296,HALLMARK_DNA_REPAIR,4.735532003851334
GOBP_RNA_MODIFICATION,GO:0009451,5,173,False,0.021917808219178082,HALLMARK_MYC_TARGETS_V1,4.644835442380523
GOBP_FERTILIZATION,GO:0009566,2,236,False,0.027700831024930747,HALLMARK_SPERMATOGENESIS,4.334295231852692
GOBP_DETECTION_OF_ABIOTIC_STIMULUS,GO:0009582,3,155,True,0.014285714285714285,HALLMARK_APICAL_JUNCTION,4.7547019199590554
GOBP_DETECTION_OF_LIGHT_STIMULUS,GO:0009583,4,75,False,0.010810810810810811,HALLMARK_BILE_ACID_METABOLISM,5.480638923341991
GOBP_DETECTION_OF_VISIBLE_LIGHT,GO:0009584,5,38,False,0.013513513513513514,HALLMARK_BILE_ACID_METABOLISM,6.160540877151916
GOBP_DETECTION_OF_BIOTIC_STIMULUS,GO:0009595,3,37,False,0.030434782608695653,HALLMARK_ALLOGRAFT_REJECTION,6.187209124234077
GOBP_RESPONSE_TO_MECHANICAL_STIMULUS,GO:0009612,3,228,False,0.049019607843137254,HALLMARK_INFLAMMATORY_RESPONSE,4.368781407923861
GOBP_RESPONSE_TO_FUNGUS,GO:0009620,3,80,True,0.024539877300613498,HALLMARK_IL6_JAK_STAT3_SIGNALING,5.41610040220442
GOBP_RESPONSE_TO_TOXIC_SUBSTANCE,GO:0009636,3,274,False,0.066006600660066,HALLMARK_REACTIVE_OXYGEN_SPECIES_PATHWAY,4.184998930490232
GOBP_PHOTOPERIODISM,GO:0009648,5,29,False,0.024691358024691357,HALLMARK_TGF_BETA_SIGNALING,6.430831206891828
GOBP_ENTRAINMENT_OF_CIRCADIAN_CLOCK,GO:0009649,3,29,False,0.024691358024691357,HALLMARK_TGF_BETA_SIGNALING,6.430831206891828
GOBP_RESPONSE_TO_SALT_STRESS,GO:0009651,4,22,False,0.015873015873015872,HALLMARK_WNT_BETA_CATENIN_SIGNALING,6.707084583519986
GOBP_CATECHOL_CONTAINING_COMPOUND_METABOLIC_PROCESS,GO:0009712,4,58,True,0.027888446215139442,HALLMARK_XENOBIOTIC_METABOLISM,5.737684026331882
GOBP_CATECHOL_CONTAINING_COMPOUND_BIOSYNTHETIC_PROCESS,GO:0009713,5,24,True,0.01818181818181818,HALLMARK_XENOBIOTIC_METABOLISM,6.620073206530356
GOBP_RESPONSE_TO_CARBOHYDRATE,GO:0009743,4,247,True,0.036101083032490974,HALLMARK_PANCREAS_BETA_CELLS,4.288738700250325
GOBP_HORMONE_MEDIATED_SIGNALING_PATHWAY,GO:0009755,3,236,False,0.02107728337236534,HALLMARK_ESTROGEN_RESPONSE_EARLY,4.334295231852692
GOBP_POST_EMBRYONIC_DEVELOPMENT,GO:0009791,2,97,False,0.019762845849802372,HALLMARK_APOPTOSIS,5.2234160583749185
GOBP_AXIS_SPECIFICATION,GO:0009798,3,100,False,0.06766917293233082,HALLMARK_WNT_BETA_CATENIN_SIGNALING,5.19295685089021
GOBP_SPECIFICATION_OF_SYMMETRY,GO:0009799,3,147,True,0.025510204081632654,HALLMARK_TGF_BETA_SIGNALING,4.807694450099565
GOBP_EMBRYONIC_PATTERN_SPECIFICATION,GO:0009880,3,78,False,0.03636363636363636,HALLMARK_HEDGEHOG_SIGNALING,5.44141821018871
GOBP_EPIDERMAL_CELL_DIFFERENTIATION,GO:0009913,5,255,False,0.03409090909090909,HALLMARK_P53_PATHWAY,4.2568634917198755
GOBP_ANTERIOR_POSTERIOR_AXIS_SPECIFICATION,GO:0009948,4,60,False,0.043478260869565216,HALLMARK_HEDGEHOG_SIGNALING,5.703782474656201
GOBP_ANTERIOR_POSTERIOR_PATTERN_SPECIFICATION,GO:0009952,4,224,False,0.05138339920948617,HALLMARK_WNT_BETA_CATENIN_SIGNALING,4.386480985023262
GOBP_DORSAL_VENTRAL_PATTERN_FORMATION,GO:0009953,4,92,False,0.04285714285714286,HALLMARK_TGF_BETA_SIGNALING,5.276338459829262
GOBP_PROXIMAL_DISTAL_PATTERN_FORMATION,GO:0009954,4,34,False,0.02702702702702703,HALLMARK_WNT_BETA_CATENIN_SIGNALING,6.271766512262141
GOBP_CELL_CELL_RECOGNITION,GO:0009988,3,78,False,0.02403846153846154,HALLMARK_SPERMATOGENESIS,5.44141821018871
GOBP_OOCYTE_DIFFERENTIATION,GO:0009994,3,69,True,0.02,HALLMARK_SPERMATOGENESIS,5.5640205322810425
GOBP_GLIAL_CELL_DIFFERENTIATION,GO:0010001,4,263,False,0.041666666666666664,HALLMARK_IL6_JAK_STAT3_SIGNALING,4.2259730047005375
GOBP_RESPONSE_TO_IRON_ION,GO:0010039,4,32,False,0.022026431718061675,HALLMARK_HEME_METABOLISM,6.332391134078575
GOBP_RESPONSE_TO_ZINC_ION,GO:0010043,4,53,False,0.01948051948051948,HALLMARK_PEROXISOME,5.82783512332618
GOBP_SPECIFICATION_OF_ANIMAL_ORGAN_IDENTITY,GO:0010092,4,38,False,0.05263157894736842,HALLMARK_WNT_BETA_CATENIN_SIGNALING,6.160540877151916
GOBP_RESPONSE_TO_X_RAY,GO:0010165,5,30,False,0.03125,HALLMARK_ANGIOGENESIS,6.396929655216146
GOBP_BODY_MORPHOGENESIS,GO:0010171,3,49,False,0.03,HALLMARK_TGF_BETA_SIGNALING,5.906306738767675
GOBP_RESPONSE_TO_IONIZING_RADIATION,GO:0010212,4,146,False,0.04067796610169491,HALLMARK_APOPTOSIS,4.814520415169965
GOBP_RESPONSE_TO_UV_B,GO:0010224,6,21,False,0.013761467889908258,HALLMARK_TNFA_SIGNALING_VIA_NFKB,6.753604599154879
GOBP_VASCULAR_TRANSPORT,GO:0010232,4,88,True,0.03225806451612903,HALLMARK_ESTROGEN_RESPONSE_EARLY,5.320790222400095
GOBP_NADH_DEHYDROGENASE_COMPLEX_ASSEMBLY,GO:0010257,6,43,True,0.05194805194805195,HALLMARK_OXIDATIVE_PHOSPHORYLATION,6.036926921184739
GOBP_MEMBRANE_INVAGINATION,GO:0010324,5,64,True,0.03508771929824561,HALLMARK_TGF_BETA_SIGNALING,5.63924395351863
GOBP_RESPONSE_TO_GAMMA_RADIATION,GO:0010332,5,53,False,0.029411764705882353,HALLMARK_IL6_JAK_STAT3_SIGNALING,5.82783512332618
GOBP_RESPONSE_TO_ACIDIC_PH,GO:0010447,4,27,False,0.015151515151515152,HALLMARK_PANCREAS_BETA_CELLS,6.502290170873972
GOBP_REGULATION_OF_CELL_FATE_COMMITMENT,GO:0010453,4,49,False,0.02531645569620253,HALLMARK_NOTCH_SIGNALING,5.906306738767675
GOBP_EXIT_FROM_MITOSIS,GO:0010458,5,32,False,0.023809523809523808,HALLMARK_TGF_BETA_SIGNALING,6.332391134078575
GOBP_POSITIVE_REGULATION_OF_HEART_RATE,GO:0010460,4,28,False,0.02242152466367713,HALLMARK_INFLAMMATORY_RESPONSE,6.465922526703098
GOBP_MESENCHYMAL_CELL_PROLIFERATION,GO:0010463,3,47,False,0.0375,HALLMARK_ANGIOGENESIS,5.947979435168243
GOBP_REGULATION_OF_MESENCHYMAL_CELL_PROLIFERATION,GO:0010464,5,35,False,0.03076923076923077,HALLMARK_NOTCH_SIGNALING,6.242778975388888
GOBP_REGULATION_OF_SIGNALING_RECEPTOR_ACTIVITY,GO:0010469,3,45,False,0.011627906976744186,HALLMARK_WNT_BETA_CATENIN_SIGNALING,5.991464547107982
GOBP_NEGATIVE_REGULATION_OF_AUTOPHAGY,GO:0010507,7,100,False,0.03162055335968379,HALLMARK_APOPTOSIS,5.19295685089021
GOBP_POSITIVE_REGULATION_OF_AUTOPHAGY,GO:0010508,7,162,False,0.03488372093023256,HALLMARK_PI3K_AKT_MTOR_SIGNALING,4.710530701645918
GOBP_REGULATION_OF_CALCIUM_ION_TRANSPORT_INTO_CYTOSOL,GO:0010522,3,20,False,0.01818181818181818,HALLMARK_HEDGEHOG_SIGNALING,6.802394763324311
GOBP_REGULATION_OF_PLATELET_ACTIVATION,GO:0010543,5,55,False,0.04938271604938271,HALLMARK_COMPLEMENT,5.790793851645831
GOBP_NEGATIVE_REGULATION_OF_PHOSPHORUS_METABOLIC_PROCESS,GO:0010563,6,179,True,0.03551912568306011,HALLMARK_HYPOXIA,4.610741231037546
GOBP_REGULATION_OF_KETONE_METABOLIC_PROCESS,GO:0010565,5,145,False,0.028169014084507043,HALLMARK_CHOLESTEROL_HOMEOSTASIS,4.821393294457727
GOBP_REGULATION_OF_KETONE_BIOSYNTHETIC_PROCESS,GO:0010566,6,22,False,0.013333333333333334,HALLMARK_TGF_BETA_SIGNALING,6.707084583519986
GOBP_REGULATION_OF_DOUBLE_STRAND_BREAK_REPAIR_VIA_HOMOLOGOUS_RECOMBINATION,GO:0010569,7,82,False,0.025454545454545455,HALLMARK_E2F_TARGETS,5.391407789614049
GOBP_VASCULAR_ENDOTHELIAL_GROWTH_FACTOR_PRODUCTION,GO:0010573,3,65,True,0.0410958904109589,HALLMARK_IL6_JAK_STAT3_SIGNALING,5.6237397669826645
GOBP_POSITIVE_REGULATION_OF_VASCULAR_ENDOTHELIAL_GROWTH_FACTOR_PRODUCTION,GO:0010575,6,32,False,0.043859649122807015,HALLMARK_IL6_JAK_STAT3_SIGNALING,6.332391134078575
GOBP_MIRNA_METABOLIC_PROCESS,GO:0010586,6,110,False,0.0472972972972973,HALLMARK_TNFA_SIGNALING_VIA_NFKB,5.097646671085886
GOBP_MIRNA_CATABOLIC_PROCESS,GO:0010587,7,20,False,0.008620689655172414,HALLMARK_INTERFERON_ALPHA_RESPONSE,6.802394763324311
GOBP_REGULATION_OF_LAMELLIPODIUM_ASSEMBLY,GO:0010591,7,40,False,0.028368794326241134,HALLMARK_PI3K_AKT_MTOR_SIGNALING,6.1092475827643655
GOBP_POSITIVE_REGULATION_OF_LAMELLIPODIUM_ASSEMBLY,GO:0010592,7,28,False,0.031007751937984496,HALLMARK_PI3K_AKT_MTOR_SIGNALING,6.465922526703098
GOBP_REGULATION_OF_ENDOTHELIAL_CELL_MIGRATION,GO:0010594,6,240,False,0.03529411764705882,HALLMARK_EPITHELIAL_MESENCHYMAL_TRANSITION,4.31748811353631
GOBP_POSITIVE_REGULATION_OF_ENDOTHELIAL_CELL_MIGRATION,GO:0010595,7,137,False,0.036923076923076927,HALLMARK_EPITHELIAL_MESENCHYMAL_TRANSITION,4.878146111050177
GOBP_NEGATIVE_REGULATION_OF_ENDOTHELIAL_CELL_MIGRATION,GO:0010596,7,102,False,0.021621621621621623,HALLMARK_IL6_JAK_STAT3_SIGNALING,5.173154223594031
GOBP_REGULATION_OF_CARDIAC_MUSCLE_ADAPTATION,GO:0010612,5,20,True,0.021739130434782608,HALLMARK_CHOLESTEROL_HOMEOSTASIS,6.802394763324311
GOBP_PROGRAMMED_CELL_DEATH_INVOLVED_IN_CELL_DEVELOPMENT,GO:0010623,3,25,False,0.03910614525139665,HALLMARK_APOPTOSIS,6.579251212010101
GOBP_REGULATION_OF_EPITHELIAL_CELL_MIGRATION,GO:0010632,4,72,False,0.03816793893129771,HALLMARK_APICAL_JUNCTION,5.521460917862246
GOBP_POSITIVE_REGULATION_OF_EPITHELIAL_CELL_MIGRATION,GO:0010634,5,50,False,0.03305785123966942,HALLMARK_APICAL_JUNCTION,5.886104031450156
GOBP_REGULATION_OF_PLATELET_DERIVED_GROWTH_FACTOR_RECEPTOR_SIGNALING_PATHWAY,GO:0010640,5,27,False,0.03636363636363636,HALLMARK_IL6_JAK_STAT3_SIGNALING,6.502290170873972
GOBP_CELL_COMMUNICATION_BY_ELECTRICAL_COUPLING,GO:0010644,3,34,False,0.017142857142857144,HALLMARK_UV_RESPONSE_DN,6.271766512262141
GOBP_NEGATIVE_REGULATION_OF_MUSCLE_CELL_APOPTOTIC_PROCESS,GO:0010656,7,58,False,0.02040816326530612,HALLMARK_WNT_BETA_CATENIN_SIGNALING,5.737684026331882
GOBP_MUSCLE_CELL_APOPTOTIC_PROCESS,GO:0010657,5,101,True,0.023809523809523808,HALLMARK_TNFA_SIGNALING_VIA_NFKB,5.1830065200370425
GOBP_STRIATED_MUSCLE_CELL_APOPTOTIC_PROCESS,GO:0010658,6,61,True,0.03,HALLMARK_WNT_BETA_CATENIN_SIGNALING,5.687253172704991
GOBP_POSITIVE_REGULATION_OF_MUSCLE_CELL_APOPTOTIC_PROCESS,GO:0010661,7,35,False,0.017316017316017316,HALLMARK_ALLOGRAFT_REJECTION,6.242778975388888
GOBP_NEGATIVE_REGULATION_OF_STRIATED_MUSCLE_CELL_APOPTOTIC_PROCESS,GO:0010664,8,38,True,0.02564102564102564,HALLMARK_WNT_BETA_CATENIN_SIGNALING,6.160540877151916
GOBP_EPITHELIAL_STRUCTURE_MAINTENANCE,GO:0010669,5,39,False,0.02575107296137339,HALLMARK_ESTROGEN_RESPONSE_LATE,6.134565390748655
GOBP_REGULATION_OF_COLLAGEN_METABOLIC_PROCESS,GO:0010712,5,47,True,0.029166666666666667,HALLMARK_EPITHELIAL_MESENCHYMAL_TRANSITION,5.947979435168243
GOBP_POSITIVE_REGULATION_OF_COLLAGEN_METABOLIC_PROCESS,GO:0010714,6,26,True,0.018018018018018018,HALLMARK_EPITHELIAL_MESENCHYMAL_TRANSITION,6.54003049885682
GOBP_REGULATION_OF_EXTRACELLULAR_MATRIX_DISASSEMBLY,GO:0010715,6,26,False,0.02727272727272727,HALLMARK_IL6_JAK_STAT3_SIGNALING,6.54003049885682
GOBP_REGULATION_OF_EPITHELIAL_TO_MESENCHYMAL_TRANSITION,GO:0010717,5,123,False,0.059880239520958084,HALLMARK_TGF_BETA_SIGNALING,4.985942681505884
GOBP_POSITIVE_REGULATION_OF_EPITHELIAL_TO_MESENCHYMAL_TRANSITION,GO:0010718,5,60,False,0.07547169811320754,HALLMARK_TGF_BETA_SIGNALING,5.703782474656201
GOBP_NEGATIVE_REGULATION_OF_EPITHELIAL_TO_MESENCHYMAL_TRANSITION,GO:0010719,5,57,False,0.01834862385321101,HALLMARK_TGF_BETA_SIGNALING,5.755075769043752
GOBP_NEGATIVE_REGULATION_OF_CELL_DEVELOPMENT,GO:0010721,6,286,False,0.04516129032258064,HALLMARK_ALLOGRAFT_REJECTION,4.142135226058449
GOBP_PROTEIN_KINASE_A_SIGNALING,GO:0010737,4,21,False,0.016666666666666666,HALLMARK_PANCREAS_BETA_CELLS,6.753604599154879
GOBP_POSITIVE_REGULATION_OF_MACROPHAGE_DERIVED_FOAM_CELL_DIFFERENTIATION,GO:0010744,6,21,False,0.06930693069306931,HALLMARK_IL6_JAK_STAT3_SIGNALING,6.753604599154879
GOBP_REGULATION_OF_MACROPHAGE_CHEMOTAXIS,GO:0010758,6,30,False,0.03139013452914798,HALLMARK_INFLAMMATORY_RESPONSE,6.396929655216146
GOBP_POSITIVE_REGULATION_OF_MACROPHAGE_CHEMOTAXIS,GO:0010759,7,21,False,0.03271028037383177,HALLMARK_INFLAMMATORY_RESPONSE,6.753604599154879
GOBP_FIBROBLAST_MIGRATION,GO:0010761,5,58,False,0.027888446215139442,HALLMARK_EPITHELIAL_MESENCHYMAL_TRANSITION,5.737684026331882
GOBP_REGULATION_OF_FIBROBLAST_MIGRATION,GO:0010762,6,42,False,0.029787234042553193,HALLMARK_EPITHELIAL_MESENCHYMAL_TRANSITION,6.060457418594933
GOBP_POSITIVE_REGULATION_OF_SODIUM_ION_TRANSPORT,GO:0010765,6,35,False,0.022556390977443608,HALLMARK_ANDROGEN_RESPONSE,6.242778975388888
GOBP_POSITIVE_REGULATION_OF_CELL_MORPHOGENESIS,GO:0010770,6,37,True,0.008547008547008548,HALLMARK_MITOTIC_SPINDLE,6.187209124234077
GOBP_REGULATION_OF_TUMOR_NECROSIS_FACTOR_MEDIATED_SIGNALING_PATHWAY,GO:0010803,6,76,False,0.026022304832713755,HALLMARK_INTERFERON_GAMMA_RESPONSE,5.467393696591971
GOBP_NEGATIVE_REGULATION_OF_TUMOR_NECROSIS_FACTOR_MEDIATED_SIGNALING_PATHWAY,GO:0010804,7,37,False,0.013605442176870748,HALLMARK_BILE_ACID_METABOLISM,6.187209124234077
GOBP_REGULATION_OF_CELL_SUBSTRATE_ADHESION,GO:0010810,5,225,False,0.0625,HALLMARK_EPITHELIAL_MESENCHYMAL_TRANSITION,4.382026634673881
GOBP_POSITIVE_REGULATION_OF_CELL_SUBSTRATE_ADHESION,GO:0010811,6,128,False,0.05806451612903226,HALLMARK_EPITHELIAL_MESENCHYMAL_TRANSITION,4.946096772958684
GOBP_NEGATIVE_REGULATION_OF_CELL_SUBSTRATE_ADHESION,GO:0010812,6,66,False,0.031578947368421054,HALLMARK_NOTCH_SIGNALING,5.608472294851876
GOBP_T_CELL_CHEMOTAXIS,GO:0010818,5,29,False,0.02654867256637168,HALLMARK_IL6_JAK_STAT3_SIGNALING,6.430831206891828
GOBP_REGULATION_OF_MITOCHONDRION_ORGANIZATION,GO:0010821,6,118,False,0.060836501901140684,HALLMARK_APOPTOSIS,5.027442412412637
GOBP_REGULATION_OF_CENTROSOME_DUPLICATION,GO:0010824,6,50,False,0.02459016393442623,HALLMARK_G2M_CHECKPOINT,5.886104031450156
GOBP_REGULATION_OF_D_GLUCOSE_TRANSMEMBRANE_TRANSPORT,GO:0010827,5,80,False,0.022099447513812154,HALLMARK_PI3K_AKT_MTOR_SIGNALING,5.41610040220442
GOBP_POSITIVE_REGULATION_OF_D_GLUCOSE_TRANSMEMBRANE_TRANSPORT,GO:0010828,6,46,False,0.01652892561983471,HALLMARK_MYOGENESIS,5.969485640389206
GOBP_NEGATIVE_REGULATION_OF_D_GLUCOSE_TRANSMEMBRANE_TRANSPORT,GO:0010829,6,22,False,0.018691588785046728,HALLMARK_IL6_JAK_STAT3_SIGNALING,6.707084583519986
GOBP_REGULATION_OF_MYOTUBE_DIFFERENTIATION,GO:0010830,7,49,False,0.03409090909090909,HALLMARK_WNT_BETA_CATENIN_SIGNALING,5.906306738767675
GOBP_TELOMERE_MAINTENANCE_VIA_TELOMERE_LENGTHENING,GO:0010833,7,72,False,0.05426356589147287,HALLMARK_MYC_TARGETS_V1,5.521460917862246
GOBP_REGULATION_OF_KERATINOCYTE_PROLIFERATION,GO:0010837,6,49,False,0.020491803278688523,HALLMARK_ESTROGEN_RESPONSE_LATE,5.906306738767675
GOBP_NEGATIVE_REGULATION_OF_KERATINOCYTE_PROLIFERATION,GO:0010839,7,24,False,0.01694915254237288,HALLMARK_HEDGEHOG_SIGNALING,6.620073206530356
GOBP_RETINA_LAYER_FORMATION,GO:0010842,3,26,False,0.012658227848101266,HALLMARK_TGF_BETA_SIGNALING,6.54003049885682
GOBP_REGULATION_OF_TRIGLYCERIDE_BIOSYNTHETIC_PROCESS,GO:0010866,7,22,False,0.0136986301369863,HALLMARK_ADIPOGENESIS,6.707084583519986
GOBP_REGULATION_OF_CHOLESTEROL_EFFLUX,GO:0010874,8,57,False,0.049689440993788817,HALLMARK_BILE_ACID_METABOLISM,5.755075769043752
GOBP_POSITIVE_REGULATION_OF_CHOLESTEROL_EFFLUX,GO:0010875,8,27,False,0.045112781954887216,HALLMARK_BILE_ACID_METABOLISM,6.502290170873972
GOBP_CHOLESTEROL_STORAGE,GO:0010878,4,25,False,0.042105263157894736,HALLMARK_CHOLESTEROL_HOMEOSTASIS,6.579251212010101
GOBP_REGULATION_OF_RELEASE_OF_SEQUESTERED_CALCIUM_ION_INTO_CYTOSOL_BY_SARCOPLASMIC_RETICULUM,GO:0010880,6,37,False,0.021551724137931036,HALLMARK_MYOGENESIS,6.187209124234077
GOBP_REGULATION_OF_CARDIAC_MUSCLE_CONTRACTION_BY_REGULATION_OF_THE_RELEASE_OF_SEQUESTERED_CALCIUM_ION,GO:0010881,7,25,False,0.01809954751131222,HALLMARK_MYOGENESIS,6.579251212010101
GOBP_REGULATION_OF_CARDIAC_MUSCLE_CONTRACTION_BY_CALCIUM_ION_SIGNALING,GO:0010882,6,34,False,0.021834061135371178,HALLMARK_MYOGENESIS,6.271766512262141
GOBP_REGULATION_OF_LIPID_STORAGE,GO:0010883,4,51,False,0.03759398496240601,HALLMARK_IL6_JAK_STAT3_SIGNALING,5.866301404153976
GOBP_POSITIVE_REGULATION_OF_LIPID_STORAGE,GO:0010884,5,23,False,0.022935779816513763,HALLMARK_ADIPOGENESIS,6.662632820949152
GOBP_NEGATIVE_REGULATION_OF_LIPID_STORAGE,GO:0010888,5,22,False,0.0380952380952381,HALLMARK_IL6_JAK_STAT3_SIGNALING,6.707084583519986
GOBP_POSITIVE_REGULATION_OF_STEROID_BIOSYNTHETIC_PROCESS,GO:0010893,8,30,False,0.0297029702970297,HALLMARK_CHOLESTEROL_HOMEOSTASIS,6.396929655216146
GOBP_NEGATIVE_REGULATION_OF_STEROID_BIOSYNTHETIC_PROCESS,GO:0010894,8,30,False,0.017543859649122806,HALLMARK_UV_RESPONSE_DN,6.396929655216146
GOBP_REGULATION_OF_GLUCOSE_METABOLIC_PROCESS,GO:0010906,6,105,False,0.030405405405405407,HALLMARK_HYPOXIA,5.144166686720778
GOBP_POSITIVE_REGULATION_OF_GLUCOSE_METABOLIC_PROCESS,GO:0010907,7,49,False,0.047058823529411764,HALLMARK_PANCREAS_BETA_CELLS,5.906306738767675
GOBP_CELLULAR_COMPONENT_ASSEMBLY_INVOLVED_IN_MORPHOGENESIS,GO:0010927,3,136,True,0.07348242811501597,HALLMARK_MYOGENESIS,4.88547215114225
GOBP_MACROPHAGE_CYTOKINE_PRODUCTION,GO:0010934,5,38,True,0.02586206896551724,HALLMARK_ALLOGRAFT_REJECTION,6.160540877151916
GOBP_POSITIVE_REGULATION_OF_NEURON_PROJECTION_DEVELOPMENT,GO:0010976,7,159,False,0.019886363636363636,HALLMARK_APICAL_JUNCTION,4.72922283465807
GOBP_NEGATIVE_REGULATION_OF_NEURON_PROJECTION_DEVELOPMENT,GO:0010977,7,132,False,0.031055900621118012,HALLMARK_EPITHELIAL_MESENCHYMAL_TRANSITION,4.915325114291931
GOBP_REGULATION_OF_LIPOPROTEIN_PARTICLE_CLEARANCE,GO:0010984,4,38,False,0.027777777777777776,HALLMARK_ANGIOGENESIS,6.160540877151916
GOBP_NEGATIVE_REGULATION_OF_LIPOPROTEIN_PARTICLE_CLEARANCE,GO:0010985,5,23,False,0.03508771929824561,HALLMARK_ANGIOGENESIS,6.662632820949152
GOBP_REGULATION_OF_LOW_DENSITY_LIPOPROTEIN_PARTICLE_CLEARANCE,GO:0010988,5,24,False,0.01818181818181818,HALLMARK_UV_RESPONSE_DN,6.620073206530356
GOBP_RESPONSE_TO_AUDITORY_STIMULUS,GO:0010996,4,36,False,0.014084507042253521,HALLMARK_ANGIOGENESIS,6.214608098422191
GOBP_ASTROCYTE_DEVELOPMENT,GO:0014002,5,43,False,0.031746031746031744,HALLMARK_IL6_JAK_STAT3_SIGNALING,6.036926921184739
GOBP_OLIGODENDROCYTE_DEVELOPMENT,GO:0014003,5,49,False,0.025,HALLMARK_CHOLESTEROL_HOMEOSTASIS,5.906306738767675
GOBP_GLIAL_CELL_PROLIFERATION,GO:0014009,3,62,False,0.034722222222222224,HALLMARK_IL6_JAK_STAT3_SIGNALING,5.6709926518332106
GOBP_REGULATION_OF_GLIOGENESIS,GO:0014013,7,109,False,0.04487179487179487,HALLMARK_TGF_BETA_SIGNALING,5.106779154649158
GOBP_NEGATIVE_REGULATION_OF_GLIOGENESIS,GO:0014014,7,46,False,0.041666666666666664,HALLMARK_TGF_BETA_SIGNALING,5.969485640389206
GOBP_POSITIVE_REGULATION_OF_GLIOGENESIS,GO:0014015,7,70,False,0.04247104247104247,HALLMARK_TNFA_SIGNALING_VIA_NFKB,5.549631794828943
GOBP_NEURAL_CREST_CELL_DIFFERENTIATION,GO:0014033,5,96,False,0.023255813953488372,HALLMARK_HEDGEHOG_SIGNALING,5.233778845410465
GOBP_SCHWANN_CELL_DIFFERENTIATION,GO:0014037,5,50,True,0.040268456375838924,HALLMARK_PI3K_AKT_MTOR_SIGNALING,5.886104031450156
GOBP_DOPAMINE_SECRETION,GO:0014046,5,28,False,0.013333333333333334,HALLMARK_ESTROGEN_RESPONSE_EARLY,6.465922526703098
GOBP_GLUTAMATE_SECRETION,GO:0014047,4,30,False,0.029411764705882353,HALLMARK_PANCREAS_BETA_CELLS,6.396929655216146
GOBP_REGULATION_OF_DOPAMINE_SECRETION,GO:0014059,6,23,False,0.00904977375565611,HALLMARK_INFLAMMATORY_RESPONSE,6.662632820949152
GOBP_RESPONSE_TO_PURINE_CONTAINING_COMPOUND,GO:0014074,4,149,False,0.026470588235294117,HALLMARK_TNFA_SIGNALING_VIA_NFKB,4.794180730932842
GOBP_RESPONSE_TO_AMINE,GO:0014075,4,47,False,0.013333333333333334,HALLMARK_PI3K_AKT_MTOR_SIGNALING,5.947979435168243
GOBP_NEGATIVE_REGULATION_OF_MUSCLE_HYPERTROPHY,GO:0014741,5,41,True,0.027777777777777776,HALLMARK_UV_RESPONSE_DN,6.084554970173994
GOBP_POSITIVE_REGULATION_OF_MUSCLE_HYPERTROPHY,GO:0014742,5,38,True,0.029411764705882353,HALLMARK_NOTCH_SIGNALING,6.160540877151916
GOBP_REGULATION_OF_MUSCLE_HYPERTROPHY,GO:0014743,6,76,True,0.02857142857142857,HALLMARK_NOTCH_SIGNALING,5.467393696591971
GOBP_MUSCLE_CELL_MIGRATION,GO:0014812,4,110,False,0.03333333333333333,HALLMARK_COAGULATION,5.097646671085886
GOBP_PHASIC_SMOOTH_MUSCLE_CONTRACTION,GO:0014821,6,23,False,0.0182648401826484,HALLMARK_KRAS_SIGNALING_DN,6.662632820949152
GOBP_RESPONSE_TO_ACTIVITY,GO:0014823,2,84,False,0.03272727272727273,HALLMARK_EPITHELIAL_MESENCHYMAL_TRANSITION,5.367310238034988
GOBP_VASCULAR_ASSOCIATED_SMOOTH_MUSCLE_CONTRACTION,GO:0014829,6,27,False,0.0125,HALLMARK_TGF_BETA_SIGNALING,6.502290170873972
GOBP_RESPONSE_TO_MUSCLE_ACTIVITY,GO:0014850,3,33,False,0.021929824561403508,HALLMARK_EPITHELIAL_MESENCHYMAL_TRANSITION,6.3016194754118215
GOBP_STRIATED_MUSCLE_CELL_PROLIFERATION,GO:0014855,4,88,False,0.0364963503649635,HALLMARK_TGF_BETA_SIGNALING,5.320790222400095
GOBP_SKELETAL_MUSCLE_CELL_PROLIFERATION,GO:0014856,5,25,False,0.017857142857142856,HALLMARK_NOTCH_SIGNALING,6.579251212010101
GOBP_STRIATED_MUSCLE_ADAPTATION,GO:0014888,3,56,False,0.044897959183673466,HALLMARK_MYOGENESIS,5.772775346143153
GOBP_MUSCLE_HYPERTROPHY,GO:0014896,4,109,True,0.028455284552845527,HALLMARK_UV_RESPONSE_DN,5.106779154649158
GOBP_MYOTUBE_DIFFERENTIATION,GO:0014902,6,138,False,0.05956112852664577,HALLMARK_MYOGENESIS,4.870873351721097
GOBP_MYOTUBE_CELL_DEVELOPMENT,GO:0014904,6,44,True,0.029535864978902954,HALLMARK_MYOGENESIS,6.013937402960041
GOBP_SMOOTH_MUSCLE_CELL_MIGRATION,GO:0014909,5,96,True,0.034482758620689655,HALLMARK_UV_RESPONSE_DN,5.233778845410465
GOBP_POSITIVE_REGULATION_OF_SMOOTH_MUSCLE_CELL_MIGRATION,GO:0014911,7,47,False,0.0375,HALLMARK_ANGIOGENESIS,5.947979435168243
GOBP_NEGATIVE_REGULATION_OF_SMOOTH_MUSCLE_CELL_MIGRATION,GO:0014912,7,40,False,0.021739130434782608,HALLMARK_TGF_BETA_SIGNALING,6.1092475827643655
GOBP_HEPARAN_SULFATE_PROTEOGLYCAN_BIOSYNTHETIC_PROCESS,GO:0015012,7,34,False,0.04,HALLMARK_GLYCOLYSIS,6.271766512262141
GOBP_GAS_TRANSPORT,GO:0015669,4,22,False,0.03255813953488372,HALLMARK_HEME_METABOLISM,6.707084583519986
GOBP_MAGNESIUM_ION_TRANSPORT,GO:0015693,7,21,True,0.004545454545454545,HALLMARK_INFLAMMATORY_RESPONSE,6.753604599154879
GOBP_ORGANIC_CATION_TRANSPORT,GO:0015695,4,121,False,0.025559105431309903,HALLMARK_HEME_METABOLISM,5.002336491281561
GOBP_INORGANIC_ANION_TRANSPORT,GO:0015698,4,177,False,0.016172506738544475,HALLMARK_KRAS_SIGNALING_UP,4.6219773043044725
GOBP_BICARBONATE_TRANSPORT,GO:0015701,5,37,False,0.00851063829787234,HALLMARK_INFLAMMATORY_RESPONSE,6.187209124234077
GOBP_MONOCARBOXYLIC_ACID_TRANSPORT,GO:0015718,6,182,False,0.05,HALLMARK_BILE_ACID_METABOLISM,4.594120349801506
GOBP_BILE_ACID_AND_BILE_SALT_TRANSPORT,GO:0015721,5,30,False,0.04411764705882353,HALLMARK_BILE_ACID_METABOLISM,6.396929655216146
GOBP_PROSTAGLANDIN_TRANSPORT,GO:0015732,6,28,False,0.017857142857142856,HALLMARK_INFLAMMATORY_RESPONSE,6.465922526703098
GOBP_C4_DICARBOXYLATE_TRANSPORT,GO:0015740,7,28,False,0.017857142857142856,HALLMARK_ESTROGEN_RESPONSE_EARLY,6.465922526703098
GOBP_ORGANOPHOSPHATE_ESTER_TRANSPORT,GO:0015748,4,179,False,0.03663003663003663,HALLMARK_PEROXISOME,4.610741231037546
GOBP_MONOSACCHARIDE_TRANSMEMBRANE_TRANSPORT,GO:0015749,4,122,True,0.025477707006369428,HALLMARK_TNFA_SIGNALING_VIA_NFKB,4.9941059921450455
GOBP_ACIDIC_AMINO_ACID_TRANSPORT,GO:0015800,5,73,False,0.018656716417910446,HALLMARK_INFLAMMATORY_RESPONSE,5.50766759572991
GOBP_BASIC_AMINO_ACID_TRANSPORT,GO:0015802,5,23,True,0.00904977375565611,HALLMARK_G2M_CHECKPOINT,6.662632820949152
GOBP_NEUTRAL_AMINO_ACID_TRANSPORT,GO:0015804,5,59,False,0.01968503937007874,HALLMARK_HEME_METABOLISM,5.7205895929725825
GOBP_L_AMINO_ACID_TRANSPORT,GO:0015807,5,95,False,0.015037593984962405,HALLMARK_PANCREAS_BETA_CELLS,5.233778845410465
GOBP_ASPARTATE_TRANSMEMBRANE_TRANSPORT,GO:0015810,4,20,False,0.009216589861751152,HALLMARK_IL2_STAT5_SIGNALING,6.802394763324311
GOBP_L_GLUTAMATE_TRANSMEMBRANE_TRANSPORT,GO:0015813,5,34,False,0.010362694300518135,HALLMARK_APOPTOSIS,6.271766512262141
GOBP_PEPTIDE_TRANSPORT,GO:0015833,6,291,True,0.04416403785488959,HALLMARK_PANCREAS_BETA_CELLS,4.124803769706809
GOBP_AMINE_TRANSPORT,GO:0015837,5,90,True,0.017543859649122806,HALLMARK_INFLAMMATORY_RESPONSE,5.298317366548036
GOBP_MONOAMINE_TRANSPORT,GO:0015844,5,75,False,0.0299625468164794,HALLMARK_KRAS_SIGNALING_DN,5.480638923341991
GOBP_ORGANIC_HYDROXY_COMPOUND_TRANSPORT,GO:0015850,4,297,False,0.05412371134020619,HALLMARK_BILE_ACID_METABOLISM,4.104394898075602
GOBP_PURINE_NUCLEOTIDE_TRANSPORT,GO:0015865,6,42,True,0.028169014084507043,HALLMARK_PEROXISOME,6.060457418594933
GOBP_ATP_TRANSPORT,GO:0015867,5,24,False,0.015873015873015872,HALLMARK_PEROXISOME,6.620073206530356
GOBP_DOPAMINE_TRANSPORT,GO:0015872,6,43,False,0.016736401673640166,HALLMARK_KRAS_SIGNALING_DN,6.036926921184739
GOBP_NOREPINEPHRINE_TRANSPORT,GO:0015874,5,23,False,0.0182648401826484,HALLMARK_KRAS_SIGNALING_DN,6.662632820949152
GOBP_FATTY_ACID_TRANSPORT,GO:0015908,5,118,False,0.05714285714285714,HALLMARK_PEROXISOME,5.027442412412637
GOBP_LONG_CHAIN_FATTY_ACID_TRANSPORT,GO:0015909,6,65,False,0.047337278106508875,HALLMARK_BILE_ACID_METABOLISM,5.6237397669826645
GOBP_PHOSPHOLIPID_TRANSPORT,GO:0015914,5,108,False,0.028037383177570093,HALLMARK_BILE_ACID_METABOLISM,5.115995809754082
GOBP_STEROL_TRANSPORT,GO:0015918,5,136,True,0.05084745762711865,HALLMARK_BILE_ACID_METABOLISM,4.88547215114225
GOBP_NUCLEOBASE_CONTAINING_COMPOUND_TRANSPORT,GO:0015931,5,237,False,0.030660377358490566,HALLMARK_MYC_TARGETS_V1,4.330066895743171
GOBP_PROTON_MOTIVE_FORCE_DRIVEN_ATP_SYNTHESIS,GO:0015986,8,76,True,0.21052631578947367,HALLMARK_OXIDATIVE_PHOSPHORYLATION,5.467393696591971
GOBP_DETECTION_OF_TEMPERATURE_STIMULUS,GO:0016048,4,27,True,0.0044444444444444444,HALLMARK_IL2_STAT5_SIGNALING,6.502290170873972
GOBP_CARBOHYDRATE_BIOSYNTHETIC_PROCESS,GO:0016051,4,198,False,0.07859078590785908,HALLMARK_HYPOXIA,4.509860006183766
GOBP_CARBOHYDRATE_CATABOLIC_PROCESS,GO:0016052,4,181,False,0.08547008547008547,HALLMARK_HYPOXIA,4.599630005612476
GOBP_ORGANIC_ACID_CATABOLIC_PROCESS,GO:0016054,5,246,True,0.11294765840220386,HALLMARK_FATTY_ACID_METABOLISM,4.292795500945939
GOBP_RRNA_METABOLIC_PROCESS,GO:0016072,6,266,False,0.0728476821192053,HALLMARK_MYC_TARGETS_V2,4.214630728096602
GOBP_SNRNA_METABOLIC_PROCESS,GO:0016073,6,59,False,0.04878048780487805,HALLMARK_UNFOLDED_PROTEIN_RESPONSE,5.7205895929725825
GOBP_SYNAPTIC_VESICLE_EXOCYTOSIS,GO:0016079,4,106,False,0.01507537688442211,HALLMARK_PROTEIN_SECRETION,5.134687942766234
GOBP_SYNAPTIC_VESICLE_PRIMING,GO:0016082,3,27,False,0.01652892561983471,HALLMARK_PROTEIN_SECRETION,6.502290170873972
GOBP_STEROL_BIOSYNTHETIC_PROCESS,GO:0016126,6,75,True,0.15503875968992248,HALLMARK_CHOLESTEROL_HOMEOSTASIS,5.480638923341991
GOBP_SNRNA_PROCESSING,GO:0016180,5,36,False,0.04195804195804196,HALLMARK_UNFOLDED_PROTEIN_RESPONSE,6.214608098422191
GOBP_SYNAPTIC_VESICLE_MATURATION,GO:0016188,3,27,False,0.031818181818181815,HALLMARK_OXIDATIVE_PHOSPHORYLATION,6.502290170873972
GOBP_ENDOSOMAL_TRANSPORT,GO:0016197,3,298,False,0.053475935828877004,HALLMARK_PROTEIN_SECRETION,4.101033550372898
GOBP_TELOMERE_CAPPING,GO:0016233,7,27,False,0.027149321266968326,HALLMARK_E2F_TARGETS,6.502290170873972
GOBP_MICROAUTOPHAGY,GO:0016237,4,22,False,0.008547008547008548,HALLMARK_PROTEIN_SECRETION,6.707084583519986
GOBP_POSITIVE_REGULATION_OF_MACROAUTOPHAGY,GO:0016239,8,96,False,0.03608247422680412,HALLMARK_PI3K_AKT_MTOR_SIGNALING,5.233778845410465
GOBP_REGULATION_OF_MACROAUTOPHAGY,GO:0016241,7,195,False,0.031331592689295036,HALLMARK_OXIDATIVE_PHOSPHORYLATION,4.5251274783145545
GOBP_NEGATIVE_REGULATION_OF_MACROAUTOPHAGY,GO:0016242,8,40,False,0.015151515151515152,HALLMARK_APOPTOSIS,6.1092475827643655
GOBP_O_GLYCAN_PROCESSING,GO:0016266,7,39,False,0.008438818565400843,HALLMARK_GLYCOLYSIS,6.134565390748655
GOBP_DEPHOSPHORYLATION,GO:0016311,5,156,False,0.02005730659025788,HALLMARK_TNFA_SIGNALING_VIA_NFKB,4.748271029628765
GOBP_MORPHOGENESIS_OF_EMBRYONIC_EPITHELIUM,GO:0016331,4,155,False,0.031413612565445025,HALLMARK_WNT_BETA_CATENIN_SIGNALING,4.7547019199590554
GOBP_CALCIUM_INDEPENDENT_CELL_CELL_ADHESION_VIA_PLASMA_MEMBRANE_CELL_ADHESION_MOLECULES,GO:0016338,5,23,False,0.05687203791469194,HALLMARK_APICAL_JUNCTION,6.662632820949152
GOBP_CALCIUM_DEPENDENT_CELL_CELL_ADHESION_VIA_PLASMA_MEMBRANE_CELL_ADHESION_MOLECULES,GO:0016339,5,48,False,0.029045643153526972,HALLMARK_APICAL_JUNCTION,5.926926025970411
GOBP_DENDRITE_DEVELOPMENT,GO:0016358,3,240,False,0.03294117647058824,HALLMARK_MITOTIC_SPINDLE,4.31748811353631
GOBP_SOMATIC_DIVERSIFICATION_OF_IMMUNOGLOBULINS,GO:0016445,3,69,True,0.03461538461538462,HALLMARK_ALLOGRAFT_REJECTION,5.5640205322810425
GOBP_CYTOSOLIC_TRANSPORT,GO:0016482,4,146,False,0.06607929515418502,HALLMARK_PROTEIN_SECRETION,4.814520415169965
GOBP_PROTEIN_PROCESSING,GO:0016485,6,239,False,0.08333333333333333,HALLMARK_COAGULATION,4.321663484946791
GOBP_PROTEIN_AUTOPROCESSING,GO:0016540,7,25,False,0.01809954751131222,HALLMARK_COMPLEMENT,6.579251212010101
GOBP_MRNA_MODIFICATION,GO:0016556,6,20,False,0.012987012987012988,HALLMARK_MYC_TARGETS_V2,6.802394763324311
GOBP_RAC_PROTEIN_SIGNAL_TRANSDUCTION,GO:0016601,6,56,False,0.028225806451612902,HALLMARK_MITOTIC_SPINDLE,5.772775346143153
GOBP_PROTEIN_SUMOYLATION,GO:0016925,8,68,False,0.018072289156626505,HALLMARK_ANDROGEN_RESPONSE,5.578619331702195
GOBP_POLY_A_PLUS_MRNA_EXPORT_FROM_NUCLEUS,GO:0016973,7,25,False,0.006289308176100629,HALLMARK_SPERMATOGENESIS,6.579251212010101
GOBP_CYTOCHROME_COMPLEX_ASSEMBLY,GO:0017004,6,43,False,0.029661016949152543,HALLMARK_OXIDATIVE_PHOSPHORYLATION,6.036926921184739
GOBP_PLASMA_MEMBRANE_PHOSPHOLIPID_SCRAMBLING,GO:0017121,6,30,False,0.010582010582010581,HALLMARK_APOPTOSIS,6.396929655216146
GOBP_STEM_CELL_DIVISION,GO:0017145,3,37,False,0.029850746268656716,HALLMARK_NOTCH_SIGNALING,6.187209124234077
GOBP_NEGATIVE_REGULATION_OF_TRANSLATION,GO:0017148,8,216,False,0.03134796238244514,HALLMARK_UNFOLDED_PROTEIN_RESPONSE,4.422848629194137
GOBP_CALCIUM_ION_REGULATED_EXOCYTOSIS,GO:0017156,5,67,False,0.01904761904761905,HALLMARK_PANCREAS_BETA_CELLS,5.593434417487336
GOBP_REGULATION_OF_EXOCYTOSIS,GO:0017157,5,191,False,0.02894736842105263,HALLMARK_ALLOGRAFT_REJECTION,4.545853608831671
GOBP_REGULATION_OF_CALCIUM_ION_DEPENDENT_EXOCYTOSIS,GO:0017158,7,41,False,0.02531645569620253,HALLMARK_PANCREAS_BETA_CELLS,6.084554970173994
GOBP_PEPTIDYL_THREONINE_PHOSPHORYLATION,GO:0018107,7,40,False,0.04316546762589928,HALLMARK_PI3K_AKT_MTOR_SIGNALING,6.1092475827643655
GOBP_PEPTIDE_CROSS_LINKING,GO:0018149,6,21,False,0.019230769230769232,HALLMARK_COAGULATION,6.753604599154879
GOBP_PEPTIDYL_CYSTEINE_MODIFICATION,GO:0018198,7,22,False,0.014285714285714285,HALLMARK_REACTIVE_OXYGEN_SPECIES_PATHWAY,6.707084583519986
GOBP_PEPTIDYL_GLUTAMIC_ACID_MODIFICATION,GO:0018200,7,21,False,0.0,,6.753604599154879
GOBP_PEPTIDYL_LYSINE_MODIFICATION,GO:0018205,7,130,False,0.015384615384615385,HALLMARK_EPITHELIAL_MESENCHYMAL_TRANSITION,4.930592586422719
GOBP_PEPTIDYL_SERINE_MODIFICATION,GO:0018209,7,93,True,0.06451612903225806,HALLMARK_PI3K_AKT_MTOR_SIGNALING,5.265527543725046
GOBP_PEPTIDYL_THREONINE_MODIFICATION,GO:0018210,7,50,False,0.040268456375838924,HALLMARK_PI3K_AKT_MTOR_SIGNALING,5.886104031450156
GOBP_PEPTIDYL_TYROSINE_MODIFICATION,GO:0018212,7,131,True,0.06430868167202572,HALLMARK_ALLOGRAFT_REJECTION,4.92292971367715
GOBP_PROTEIN_N_LINKED_GLYCOSYLATION_VIA_ASPARAGINE,GO:0018279,7,43,False,0.0125,HALLMARK_GLYCOLYSIS,6.036926921184739
GOBP_PROTEIN_PALMITOYLATION,GO:0018345,7,26,False,0.00546448087431694,HALLMARK_FATTY_ACID_METABOLISM,6.54003049885682
GOBP_PHENOL_CONTAINING_COMPOUND_METABOLIC_PROCESS,GO:0018958,3,116,False,0.039473684210526314,HALLMARK_XENOBIOTIC_METABOLISM,5.044536845771937
GOBP_VIRAL_LIFE_CYCLE,GO:0019058,2,298,False,0.05732484076433121,HALLMARK_INTERFERON_GAMMA_RESPONSE,4.101033550372898
GOBP_VIRION_ASSEMBLY,GO:0019068,2,35,False,0.022099447513812154,HALLMARK_DNA_REPAIR,6.242778975388888
GOBP_VIRAL_RELEASE_FROM_HOST_CELL,GO:0019076,2,29,True,0.02459016393442623,HALLMARK_PROTEIN_SECRETION,6.430831206891828
GOBP_VIRAL_GENOME_REPLICATION,GO:0019079,2,125,False,0.07246376811594203,HALLMARK_INTERFERON_ALPHA_RESPONSE,4.969813299576001
GOBP_VIRAL_GENE_EXPRESSION,GO:0019080,2,109,False,0.019801980198019802,HALLMARK_INTERFERON_ALPHA_RESPONSE,5.106779154649158
GOBP_VIRAL_TRANSLATION,GO:0019081,2,26,False,0.013452914798206279,HALLMARK_MYC_TARGETS_V1,6.54003049885682
GOBP_VIRAL_PROTEIN_PROCESSING,GO:0019082,2,31,False,0.014285714285714285,HALLMARK_PANCREAS_BETA_CELLS,6.364139832393156
GOBP_VIRAL_TRANSCRIPTION,GO:0019083,2,53,False,0.02040816326530612,HALLMARK_INTERFERON_ALPHA_RESPONSE,5.82783512332618
GOBP_REPRODUCTIVE_BEHAVIOR,GO:0019098,3,48,False,0.01639344262295082,HALLMARK_P53_PATHWAY,5.926926025970411
GOBP_REGULATION_OF_FATTY_ACID_METABOLIC_PROCESS,GO:0019217,6,111,False,0.027777777777777776,HALLMARK_CHOLESTEROL_HOMEOSTASIS,5.088596835565967
GOBP_REGULATION_OF_STEROID_METABOLIC_PROCESS,GO:0019218,7,118,False,0.04072398190045249,HALLMARK_BILE_ACID_METABOLISM,5.027442412412637
GOBP_TRANSMISSION_OF_NERVE_IMPULSE,GO:0019226,4,81,False,0.014492753623188406,HALLMARK_IL2_STAT5_SIGNALING,5.403677882205863
GOBP_NEURONAL_ACTION_POTENTIAL,GO:0019228,5,39,False,0.011494252873563218,HALLMARK_REACTIVE_OXYGEN_SPECIES_PATHWAY,6.134565390748655
GOBP_REGULATION_OF_VASOCONSTRICTION,GO:0019229,6,67,False,0.022988505747126436,HALLMARK_INFLAMMATORY_RESPONSE,5.593434417487336
GOBP_SENSORY_PERCEPTION_OF_PAIN,GO:0019233,5,84,False,0.017921146953405017,HALLMARK_INFLAMMATORY_RESPONSE,5.367310238034988
GOBP_ARACHIDONATE_METABOLIC_PROCESS,GO:0019369,4,52,False,0.037037037037037035,HALLMARK_XENOBIOTIC_METABOLISM,5.846883318296874
GOBP_LEUKOTRIENE_BIOSYNTHETIC_PROCESS,GO:0019370,8,21,False,0.0091324200913242,HALLMARK_ADIPOGENESIS,6.753604599154879
GOBP_GLYCOLIPID_CATABOLIC_PROCESS,GO:0019377,5,26,True,0.025210084033613446,HALLMARK_PROTEIN_SECRETION,6.54003049885682
GOBP_TRIGLYCERIDE_BIOSYNTHETIC_PROCESS,GO:0019432,7,42,False,0.025423728813559324,HALLMARK_ADIPOGENESIS,6.060457418594933
GOBP_TRIGLYCERIDE_CATABOLIC_PROCESS,GO:0019433,7,32,False,0.017964071856287425,HALLMARK_COAGULATION,6.332391134078575
GOBP_NAD_METABOLIC_PROCESS,GO:0019674,5,37,False,0.025974025974025976,HALLMARK_OXIDATIVE_PHOSPHORYLATION,6.187209124234077
GOBP_CALCIUM_MEDIATED_SIGNALING,GO:0019722,5,240,False,0.04018912529550828,HALLMARK_MYOGENESIS,4.31748811353631
GOBP_B_CELL_MEDIATED_IMMUNITY,GO:0019724,5,198,True,0.06133333333333333,HALLMARK_ALLOGRAFT_REJECTION,4.509860006183766
GOBP_ANTIMICROBIAL_HUMORAL_RESPONSE,GO:0019730,4,184,False,0.052054794520547946,HALLMARK_ALLOGRAFT_REJECTION,4.583191279269316
GOBP_ANTIBACTERIAL_HUMORAL_RESPONSE,GO:0019731,5,79,False,0.018779342723004695,HALLMARK_COAGULATION,5.42867918441128
GOBP_SECONDARY_METABOLIC_PROCESS,GO:0019748,3,60,False,0.031746031746031744,HALLMARK_XENOBIOTIC_METABOLISM,5.703782474656201
GOBP_POLYOL_METABOLIC_PROCESS,GO:0019751,5,109,False,0.01644736842105263,HALLMARK_ADIPOGENESIS,5.106779154649158
GOBP_ONE_CARBON_COMPOUND_TRANSPORT,GO:0019755,4,25,False,0.0273972602739726,HALLMARK_HEME_METABOLISM,6.579251212010101
GOBP_ANTIGEN_PROCESSING_AND_PRESENTATION,GO:0019882,2,120,False,0.0738255033557047,HALLMARK_ALLOGRAFT_REJECTION,5.0106352940962555
GOBP_ANTIGEN_PROCESSING_AND_PRESENTATION_OF_ENDOGENOUS_ANTIGEN,GO:0019883,3,31,False,0.04524886877828054,HALLMARK_ALLOGRAFT_REJECTION,6.364139832393156
GOBP_ANTIGEN_PROCESSING_AND_PRESENTATION_OF_EXOGENOUS_ANTIGEN,GO:0019884,3,50,False,0.06382978723404255,HALLMARK_ALLOGRAFT_REJECTION,5.886104031450156
GOBP_ANTIGEN_PROCESSING_AND_PRESENTATION_OF_EXOGENOUS_PEPTIDE_ANTIGEN_VIA_MHC_CLASS_II,GO:0019886,5,31,False,0.04524886877828054,HALLMARK_ALLOGRAFT_REJECTION,6.364139832393156
GOBP_CAMP_MEDIATED_SIGNALING,GO:0019933,5,29,False,0.00881057268722467,HALLMARK_INFLAMMATORY_RESPONSE,6.430831206891828
GOBP_CGMP_MEDIATED_SIGNALING,GO:0019934,5,37,False,0.013157894736842105,HALLMARK_PANCREAS_BETA_CELLS,6.187209124234077
GOBP_TRANSLESION_SYNTHESIS,GO:0019985,7,26,False,0.029239766081871343,HALLMARK_DNA_REPAIR,6.54003049885682
GOBP_SPINAL_CORD_DEVELOPMENT,GO:0021510,3,104,False,0.037037037037037035,HALLMARK_HEDGEHOG_SIGNALING,5.153736137736929
GOBP_CELL_DIFFERENTIATION_IN_SPINAL_CORD,GO:0021515,4,53,False,0.03260869565217391,HALLMARK_WNT_BETA_CATENIN_SIGNALING,5.82783512332618
GOBP_DORSAL_SPINAL_CORD_DEVELOPMENT,GO:0021516,3,21,False,0.016129032258064516,HALLMARK_WNT_BETA_CATENIN_SIGNALING,6.753604599154879
GOBP_VENTRAL_SPINAL_CORD_DEVELOPMENT,GO:0021517,3,47,False,0.0375,HALLMARK_HEDGEHOG_SIGNALING,5.947979435168243
GOBP_SPINAL_CORD_MOTOR_NEURON_DIFFERENTIATION,GO:0021522,5,31,False,0.03076923076923077,HALLMARK_HEDGEHOG_SIGNALING,6.364139832393156
GOBP_NEURAL_TUBE_PATTERNING,GO:0021532,4,34,False,0.029411764705882353,HALLMARK_HEDGEHOG_SIGNALING,6.271766512262141
GOBP_CELL_DIFFERENTIATION_IN_HINDBRAIN,GO:0021533,4,24,False,0.034482758620689655,HALLMARK_HEDGEHOG_SIGNALING,6.620073206530356
GOBP_DIENCEPHALON_DEVELOPMENT,GO:0021536,3,83,False,0.03787878787878788,HALLMARK_TGF_BETA_SIGNALING,5.379286429081704
GOBP_TELENCEPHALON_DEVELOPMENT,GO:0021537,3,287,False,0.0228310502283105,HALLMARK_APOPTOSIS,4.138644821118681
GOBP_DENTATE_GYRUS_DEVELOPMENT,GO:0021542,3,26,False,0.01639344262295082,HALLMARK_HEDGEHOG_SIGNALING,6.54003049885682
GOBP_PALLIUM_DEVELOPMENT,GO:0021543,3,197,False,0.023728813559322035,HALLMARK_PI3K_AKT_MTOR_SIGNALING,4.514923308140313
GOBP_SUBPALLIUM_DEVELOPMENT,GO:0021544,3,27,False,0.008888888888888889,HALLMARK_KRAS_SIGNALING_UP,6.502290170873972
GOBP_CRANIAL_NERVE_DEVELOPMENT,GO:0021545,4,62,False,0.030303030303030304,HALLMARK_PANCREAS_BETA_CELLS,5.6709926518332106
GOBP_HINDBRAIN_MORPHOGENESIS,GO:0021575,3,48,True,0.037037037037037035,HALLMARK_HEDGEHOG_SIGNALING,5.926926025970411
GOBP_VENTRICULAR_SYSTEM_DEVELOPMENT,GO:0021591,4,34,False,0.014492753623188406,HALLMARK_HEDGEHOG_SIGNALING,6.271766512262141
GOBP_CRANIAL_NERVE_MORPHOGENESIS,GO:0021602,3,31,False,0.03076923076923077,HALLMARK_HEDGEHOG_SIGNALING,6.364139832393156
GOBP_NERVE_DEVELOPMENT,GO:0021675,3,97,False,0.022388059701492536,HALLMARK_PANCREAS_BETA_CELLS,5.2234160583749185
GOBP_CEREBELLAR_PURKINJE_CELL_LAYER_DEVELOPMENT,GO:0021680,3,30,False,0.01639344262295082,HALLMARK_NOTCH_SIGNALING,6.396929655216146
GOBP_CEREBELLAR_PURKINJE_CELL_LAYER_MORPHOGENESIS,GO:0021692,3,20,False,0.0196078431372549,HALLMARK_NOTCH_SIGNALING,6.802394763324311
GOBP_CEREBELLAR_CORTEX_DEVELOPMENT,GO:0021695,3,56,False,0.033707865168539325,HALLMARK_HEDGEHOG_SIGNALING,5.772775346143153
GOBP_CEREBELLAR_CORTEX_MORPHOGENESIS,GO:0021696,3,38,False,0.04225352112676056,HALLMARK_HEDGEHOG_SIGNALING,6.160540877151916
GOBP_CEREBELLAR_CORTEX_FORMATION,GO:0021697,3,27,False,0.03278688524590164,HALLMARK_HEDGEHOG_SIGNALING,6.502290170873972
GOBP_STRIATUM_DEVELOPMENT,GO:0021756,3,21,False,0.0091324200913242,HALLMARK_KRAS_SIGNALING_UP,6.753604599154879
GOBP_LIMBIC_SYSTEM_DEVELOPMENT,GO:0021761,4,126,False,0.03184713375796178,HALLMARK_HEDGEHOG_SIGNALING,4.961845129926823
GOBP_SUBSTANTIA_NIGRA_DEVELOPMENT,GO:0021762,4,46,False,0.029288702928870293,HALLMARK_OXIDATIVE_PHOSPHORYLATION,5.969485640389206
GOBP_HIPPOCAMPUS_DEVELOPMENT,GO:0021766,3,94,False,0.02,HALLMARK_APOPTOSIS,5.2548322546082975
GOBP_GLIAL_CELL_DEVELOPMENT,GO:0021782,4,136,False,0.038461538461538464,HALLMARK_APOPTOSIS,4.88547215114225
GOBP_CEREBRAL_CORTEX_CELL_MIGRATION,GO:0021795,6,50,False,0.023809523809523808,HALLMARK_HEDGEHOG_SIGNALING,5.886104031450156
GOBP_CEREBRAL_CORTEX_RADIALLY_ORIENTED_CELL_MIGRATION,GO:0021799,7,38,False,0.027777777777777776,HALLMARK_HEDGEHOG_SIGNALING,6.160540877151916
GOBP_CELL_PROLIFERATION_IN_FOREBRAIN,GO:0021846,4,28,False,0.015873015873015872,HALLMARK_ANGIOGENESIS,6.465922526703098
GOBP_HYPOTHALAMUS_DEVELOPMENT,GO:0021854,3,30,False,0.03125,HALLMARK_HEDGEHOG_SIGNALING,6.396929655216146
GOBP_FOREBRAIN_REGIONALIZATION,GO:0021871,4,24,False,0.034482758620689655,HALLMARK_HEDGEHOG_SIGNALING,6.620073206530356
GOBP_FOREBRAIN_GENERATION_OF_NEURONS,GO:0021872,6,87,True,0.03361344537815126,HALLMARK_HEDGEHOG_SIGNALING,5.332218918223718
GOBP_FOREBRAIN_NEURON_DEVELOPMENT,GO:0021884,6,39,False,0.041666666666666664,HALLMARK_HEDGEHOG_SIGNALING,6.134565390748655
GOBP_FOREBRAIN_CELL_MIGRATION,GO:0021885,4,67,True,0.03,HALLMARK_HEDGEHOG_SIGNALING,5.593434417487336
GOBP_CEREBRAL_CORTEX_NEURON_DIFFERENTIATION,GO:0021895,7,28,False,0.01694915254237288,HALLMARK_NOTCH_SIGNALING,6.465922526703098
GOBP_NEURAL_TUBE_DEVELOPMENT,GO:0021915,4,165,False,0.024752475247524754,HALLMARK_WNT_BETA_CATENIN_SIGNALING,4.692181562977721
GOBP_CENTRAL_NERVOUS_SYSTEM_PROJECTION_NEURON_AXONOGENESIS,GO:0021952,8,29,False,0.01327433628318584,HALLMARK_KRAS_SIGNALING_UP,6.430831206891828
GOBP_CENTRAL_NERVOUS_SYSTEM_NEURON_DIFFERENTIATION,GO:0021953,5,242,False,0.02962962962962963,HALLMARK_HEDGEHOG_SIGNALING,4.296868826333575
GOBP_CENTRAL_NERVOUS_SYSTEM_NEURON_DEVELOPMENT,GO:0021954,5,99,False,0.022727272727272728,HALLMARK_HEDGEHOG_SIGNALING,5.2030071867437115
GOBP_CENTRAL_NERVOUS_SYSTEM_NEURON_AXONOGENESIS,GO:0021955,7,38,False,0.01675977653631285,HALLMARK_UV_RESPONSE_DN,6.160540877151916
GOBP_PITUITARY_GLAND_DEVELOPMENT,GO:0021983,5,43,False,0.043010752688172046,HALLMARK_TGF_BETA_SIGNALING,6.036926921184739
GOBP_CEREBRAL_CORTEX_DEVELOPMENT,GO:0021987,3,131,False,0.021645021645021644,HALLMARK_PI3K_AKT_MTOR_SIGNALING,4.92292971367715
GOBP_OLFACTORY_LOBE_DEVELOPMENT,GO:0021988,3,39,True,0.02197802197802198,HALLMARK_TGF_BETA_SIGNALING,6.134565390748655
GOBP_TELENCEPHALON_GLIAL_CELL_MIGRATION,GO:0022030,5,28,True,0.03225806451612903,HALLMARK_HEDGEHOG_SIGNALING,6.465922526703098
GOBP_METENCEPHALON_DEVELOPMENT,GO:0022037,3,119,True,0.03870967741935484,HALLMARK_WNT_BETA_CATENIN_SIGNALING,5.019003543766773
GOBP_CORPUS_CALLOSUM_DEVELOPMENT,GO:0022038,3,27,False,0.014285714285714285,HALLMARK_APICAL_SURFACE,6.502290170873972
GOBP_NEGATIVE_ADAPTATION_OF_SIGNALING_PATHWAY,GO:0022401,6,21,True,0.019230769230769232,HALLMARK_NOTCH_SIGNALING,6.753604599154879
GOBP_MOLTING_CYCLE_PROCESS,GO:0022404,2,102,True,0.043478260869565216,HALLMARK_WNT_BETA_CATENIN_SIGNALING,5.173154223594031
GOBP_MEMBRANE_DOCKING,GO:0022406,2,89,True,0.03932584269662921,HALLMARK_PROTEIN_SECRETION,5.309490667146162
GOBP_NEGATIVE_REGULATION_OF_CELL_CELL_ADHESION,GO:0022408,6,215,False,0.05063291139240506,HALLMARK_ALLOGRAFT_REJECTION,4.427489008750639
GOBP_DIGESTIVE_SYSTEM_PROCESS,GO:0022600,3,113,False,0.033003300330033,HALLMARK_ESTROGEN_RESPONSE_LATE,5.070739218165961
GOBP_OVULATION_CYCLE_PROCESS,GO:0022602,2,50,False,0.024271844660194174,HALLMARK_APOPTOSIS,5.886104031450156
GOBP_REGULATION_OF_CELL_MORPHOGENESIS,GO:0022604,5,246,False,0.03488372093023256,HALLMARK_MITOTIC_SPINDLE,4.292795500945939
GOBP_GLAND_MORPHOGENESIS,GO:0022612,4,130,False,0.03773584905660377,HALLMARK_EPITHELIAL_MESENCHYMAL_TRANSITION,4.930592586422719
GOBP_DNA_STRAND_ELONGATION,GO:0022616,6,37,False,0.06278026905829596,HALLMARK_E2F_TARGETS,6.187209124234077
GOBP_EXTRACELLULAR_MATRIX_DISASSEMBLY,GO:0022617,5,74,False,0.10416666666666667,HALLMARK_COAGULATION,5.494061943674132
GOBP_ELECTRON_TRANSPORT_CHAIN,GO:0022900,4,127,True,0.2339622641509434,HALLMARK_OXIDATIVE_PHOSPHORYLATION,4.95393995041971
GOBP_SIGNAL_TRANSDUCTION_INVOLVED_IN_REGULATION_OF_GENE_EXPRESSION,GO:0023019,3,29,False,0.029850746268656716,HALLMARK_PANCREAS_BETA_CELLS,6.430831206891828
GOBP_ESTABLISHMENT_OF_CELL_POLARITY,GO:0030010,3,165,False,0.06432748538011696,HALLMARK_MITOTIC_SPINDLE,4.692181562977721
GOBP_LAMELLIPODIUM_ASSEMBLY,GO:0030032,7,72,False,0.038314176245210725,HALLMARK_MITOTIC_SPINDLE,5.521460917862246
GOBP_MICROVILLUS_ASSEMBLY,GO:0030033,7,23,False,0.015151515151515152,HALLMARK_APICAL_SURFACE,6.662632820949152
GOBP_ACTIN_FILAMENT_POLYMERIZATION,GO:0030041,7,157,False,0.07228915662650602,HALLMARK_MITOTIC_SPINDLE,4.741881231529994
GOBP_ACTIN_FILAMENT_DEPOLYMERIZATION,GO:0030042,7,60,True,0.0196078431372549,HALLMARK_MYOGENESIS,5.703782474656201
GOBP_ACTIN_FILAMENT_BASED_MOVEMENT,GO:0030048,3,146,False,0.07453416149068323,HALLMARK_MYOGENESIS,4.814520415169965
GOBP_INSULIN_SECRETION,GO:0030073,5,213,False,0.05416666666666667,HALLMARK_PANCREAS_BETA_CELLS,4.436834871168877
GOBP_NATURAL_KILLER_CELL_ACTIVATION,GO:0030101,4,108,False,0.04406779661016949,HALLMARK_ALLOGRAFT_REJECTION,5.115995809754082
GOBP_SPHINGOLIPID_BIOSYNTHETIC_PROCESS,GO:0030148,6,114,False,0.012903225806451613,HALLMARK_TNFA_SIGNALING_VIA_NFKB,5.061928588483807
GOBP_PROTEIN_IMPORT_INTO_MITOCHONDRIAL_MATRIX,GO:0030150,4,24,False,0.0228310502283105,HALLMARK_OXIDATIVE_PHOSPHORYLATION,6.620073206530356
GOBP_PROTEOGLYCAN_BIOSYNTHETIC_PROCESS,GO:0030166,6,81,False,0.07251908396946564,HALLMARK_GLYCOLYSIS,5.403677882205863
GOBP_PLATELET_ACTIVATION,GO:0030168,3,142,False,0.06875,HALLMARK_COMPLEMENT,4.8422999792770405
GOBP_POSITIVE_REGULATION_OF_WNT_SIGNALING_PATHWAY,GO:0030177,6,155,False,0.03684210526315789,HALLMARK_WNT_BETA_CATENIN_SIGNALING,4.7547019199590554
GOBP_NEGATIVE_REGULATION_OF_WNT_SIGNALING_PATHWAY,GO:0030178,6,184,False,0.046296296296296294,HALLMARK_WNT_BETA_CATENIN_SIGNALING,4.583191279269316
GOBP_B_CELL_DIFFERENTIATION,GO:0030183,5,149,False,0.05757575757575758,HALLMARK_ALLOGRAFT_REJECTION,4.794180730932842
GOBP_COLLAGEN_FIBRIL_ORGANIZATION,GO:0030199,6,71,False,0.09716599190283401,HALLMARK_EPITHELIAL_MESENCHYMAL_TRANSITION,5.535447159836986
GOBP_HEPARAN_SULFATE_PROTEOGLYCAN_METABOLIC_PROCESS,GO:0030201,6,46,False,0.05128205128205128,HALLMARK_GLYCOLYSIS,5.969485640389206
GOBP_GLYCOSAMINOGLYCAN_METABOLIC_PROCESS,GO:0030203,5,82,False,0.056179775280898875,HALLMARK_GLYCOLYSIS,5.391407789614049
GOBP_HYALURONAN_METABOLIC_PROCESS,GO:0030212,6,34,False,0.025423728813559324,HALLMARK_IL6_JAK_STAT3_SIGNALING,6.271766512262141
GOBP_KERATINOCYTE_DIFFERENTIATION,GO:0030216,6,179,False,0.03551912568306011,HALLMARK_P53_PATHWAY,4.610741231037546
GOBP_MEGAKARYOCYTE_DIFFERENTIATION,GO:0030219,5,67,False,0.019083969465648856,HALLMARK_ALLOGRAFT_REJECTION,5.593434417487336
GOBP_MONOCYTE_DIFFERENTIATION,GO:0030224,6,37,False,0.04285714285714286,HALLMARK_HEDGEHOG_SIGNALING,6.187209124234077
GOBP_MACROPHAGE_DIFFERENTIATION,GO:0030225,6,74,False,0.05384615384615385,HALLMARK_ALLOGRAFT_REJECTION,5.494061943674132
GOBP_MYOFIBRIL_ASSEMBLY,GO:0030239,4,75,False,0.08695652173913043,HALLMARK_MYOGENESIS,5.480638923341991
GOBP_LIPID_MODIFICATION,GO:0030258,5,194,False,0.1,HALLMARK_FATTY_ACID_METABOLISM,4.530268877814973
GOBP_CHROMOSOME_CONDENSATION,GO:0030261,6,47,False,0.037815126050420166,HALLMARK_G2M_CHECKPOINT,5.947979435168243
GOBP_MAINTENANCE_OF_GASTROINTESTINAL_EPITHELIUM,GO:0030277,4,25,False,0.01809954751131222,HALLMARK_KRAS_SIGNALING_UP,6.579251212010101
GOBP_REGULATION_OF_OSSIFICATION,GO:0030278,4,127,False,0.046242774566473986,HALLMARK_TGF_BETA_SIGNALING,4.95393995041971
GOBP_NEGATIVE_REGULATION_OF_OSSIFICATION,GO:0030279,5,44,False,0.0425531914893617,HALLMARK_TGF_BETA_SIGNALING,6.013937402960041
GOBP_BONE_MINERALIZATION,GO:0030282,5,127,False,0.03428571428571429,HALLMARK_TGF_BETA_SIGNALING,4.95393995041971
GOBP_POSITIVE_REGULATION_OF_CELL_GROWTH,GO:0030307,5,167,False,0.034220532319391636,HALLMARK_PI3K_AKT_MTOR_SIGNALING,4.680133224461547
GOBP_NEGATIVE_REGULATION_OF_CELL_GROWTH,GO:0030308,5,175,False,0.04748603351955307,HALLMARK_P53_PATHWAY,4.633341062954788
GOBP_OSTEOCLAST_DIFFERENTIATION,GO:0030316,6,116,False,0.039473684210526314,HALLMARK_TNFA_SIGNALING_VIA_NFKB,5.044536845771937
GOBP_MELANOCYTE_DIFFERENTIATION,GO:0030318,5,24,False,0.00904977375565611,HALLMARK_IL2_STAT5_SIGNALING,6.620073206530356
GOBP_ADRENAL_GLAND_DEVELOPMENT,GO:0030325,5,27,False,0.02531645569620253,HALLMARK_TGF_BETA_SIGNALING,6.502290170873972
GOBP_DNA_DAMAGE_RESPONSE_SIGNAL_TRANSDUCTION_BY_P53_CLASS_MEDIATOR,GO:0030330,5,78,False,0.045112781954887216,HALLMARK_P53_PATHWAY,5.44141821018871
GOBP_SLEEP,GO:0030431,2,27,False,0.014285714285714285,HALLMARK_APICAL_SURFACE,6.502290170873972
GOBP_REGULATION_OF_COMPLEMENT_ACTIVATION,GO:0030449,5,23,False,0.04205607476635514,HALLMARK_COMPLEMENT,6.662632820949152
GOBP_TRNA_METHYLATION,GO:0030488,6,40,False,0.007142857142857143,HALLMARK_ANDROGEN_RESPONSE,6.1092475827643655
GOBP_MATURATION_OF_SSU_RRNA,GO:0030490,6,54,False,0.05660377358490566,HALLMARK_MYC_TARGETS_V2,5.809142990314028
GOBP_REGULATION_OF_BONE_MINERALIZATION,GO:0030500,5,82,False,0.03816793893129771,HALLMARK_TGF_BETA_SIGNALING,5.391407789614049
GOBP_POSITIVE_REGULATION_OF_BONE_MINERALIZATION,GO:0030501,6,44,False,0.053763440860215055,HALLMARK_TGF_BETA_SIGNALING,6.013937402960041
GOBP_NEGATIVE_REGULATION_OF_BONE_MINERALIZATION,GO:0030502,6,20,False,0.013888888888888888,HALLMARK_IL2_STAT5_SIGNALING,6.802394763324311
GOBP_REGULATION_OF_BMP_SIGNALING_PATHWAY,GO:0030510,5,124,False,0.07878787878787878,HALLMARK_TGF_BETA_SIGNALING,4.977845471273265
GOBP_NEGATIVE_REGULATION_OF_TRANSFORMING_GROWTH_FACTOR_BETA_RECEPTOR_SIGNALING_PATHWAY,GO:0030512,7,134,False,0.07428571428571429,HALLMARK_TGF_BETA_SIGNALING,4.90028723692739
GOBP_POSITIVE_REGULATION_OF_BMP_SIGNALING_PATHWAY,GO:0030513,6,40,False,0.043478260869565216,HALLMARK_NOTCH_SIGNALING,6.1092475827643655
GOBP_NEGATIVE_REGULATION_OF_BMP_SIGNALING_PATHWAY,GO:0030514,6,75,False,0.09322033898305085,HALLMARK_TGF_BETA_SIGNALING,5.480638923341991
GOBP_REGULATION_OF_AXON_EXTENSION,GO:0030516,5,84,False,0.05263157894736842,HALLMARK_HEDGEHOG_SIGNALING,5.367310238034988
GOBP_NEGATIVE_REGULATION_OF_AXON_EXTENSION,GO:0030517,6,33,False,0.029850746268656716,HALLMARK_HEDGEHOG_SIGNALING,6.3016194754118215
GOBP_ESTROGEN_RECEPTOR_SIGNALING_PATHWAY,GO:0030520,6,58,False,0.02040816326530612,HALLMARK_WNT_BETA_CATENIN_SIGNALING,5.737684026331882
GOBP_ANDROGEN_RECEPTOR_SIGNALING_PATHWAY,GO:0030521,6,52,False,0.0392156862745098,HALLMARK_TGF_BETA_SIGNALING,5.846883318296874
GOBP_ADULT_BEHAVIOR,GO:0030534,3,154,False,0.016286644951140065,HALLMARK_UV_RESPONSE_UP,4.761174434464673
GOBP_MALE_GENITALIA_DEVELOPMENT,GO:0030539,5,23,False,0.022727272727272728,HALLMARK_BILE_ACID_METABOLISM,6.662632820949152
GOBP_COLLAGEN_CATABOLIC_PROCESS,GO:0030574,4,45,False,0.08284023668639054,HALLMARK_COAGULATION,5.991464547107982
GOBP_NEUTROPHIL_CHEMOTAXIS,GO:0030593,5,83,False,0.04814814814814815,HALLMARK_INFLAMMATORY_RESPONSE,5.379286429081704
GOBP_LEUKOCYTE_CHEMOTAXIS,GO:0030595,3,236,False,0.06862745098039216,HALLMARK_INFLAMMATORY_RESPONSE,4.334295231852692
GOBP_CYTOSKELETON_DEPENDENT_INTRACELLULAR_TRANSPORT,GO:0030705,4,210,True,0.06233766233766234,HALLMARK_MITOTIC_SPINDLE,4.451019506160833
GOBP_REGULATION_OF_NUCLEOTIDE_BIOSYNTHETIC_PROCESS,GO:0030808,6,25,True,0.009009009009009009,HALLMARK_IL6_JAK_STAT3_SIGNALING,6.579251212010101
GOBP_NEGATIVE_REGULATION_OF_NUCLEOTIDE_CATABOLIC_PROCESS,GO:0030812,7,20,True,0.013824884792626729,HALLMARK_HYPOXIA,6.802394763324311
GOBP_POSITIVE_REGULATION_OF_NUCLEOTIDE_CATABOLIC_PROCESS,GO:0030813,7,24,True,0.01818181818181818,HALLMARK_INFLAMMATORY_RESPONSE,6.620073206530356
GOBP_REGULATION_OF_ACTIN_FILAMENT_LENGTH,GO:0030832,5,153,True,0.060240963855421686,HALLMARK_MITOTIC_SPINDLE,4.767689115485866
GOBP_REGULATION_OF_ACTIN_FILAMENT_POLYMERIZATION,GO:0030833,7,130,False,0.06472491909385113,HALLMARK_MITOTIC_SPINDLE,4.930592586422719
GOBP_NEGATIVE_REGULATION_OF_ACTIN_FILAMENT_DEPOLYMERIZATION,GO:0030835,7,47,True,0.02066115702479339,HALLMARK_HEME_METABOLISM,5.947979435168243
GOBP_NEGATIVE_REGULATION_OF_ACTIN_FILAMENT_POLYMERIZATION,GO:0030837,7,61,False,0.023622047244094488,HALLMARK_MITOTIC_SPINDLE,5.687253172704991
GOBP_POSITIVE_REGULATION_OF_ACTIN_FILAMENT_POLYMERIZATION,GO:0030838,7,52,False,0.04149377593360996,HALLMARK_MITOTIC_SPINDLE,5.846883318296874
GOBP_PROSTATE_GLAND_DEVELOPMENT,GO:0030850,4,51,False,0.03571428571428571,HALLMARK_HEDGEHOG_SIGNALING,5.866301404153976
GOBP_GRANULOCYTE_DIFFERENTIATION,GO:0030851,6,43,False,0.016736401673640166,HALLMARK_TNFA_SIGNALING_VIA_NFKB,6.036926921184739
GOBP_REGULATION_OF_EPITHELIAL_CELL_DIFFERENTIATION,GO:0030856,5,177,False,0.03856749311294766,HALLMARK_TNFA_SIGNALING_VIA_NFKB,4.6219773043044725
GOBP_NEGATIVE_REGULATION_OF_EPITHELIAL_CELL_DIFFERENTIATION,GO:0030857,6,55,False,0.06097560975609756,HALLMARK_NOTCH_SIGNALING,5.790793851645831
GOBP_POSITIVE_REGULATION_OF_EPITHELIAL_CELL_DIFFERENTIATION,GO:0030858,6,75,False,0.036036036036036036,HALLMARK_PANCREAS_BETA_CELLS,5.480638923341991
GOBP_POLARIZED_EPITHELIAL_CELL_DIFFERENTIATION,GO:0030859,5,27,False,0.017241379310344827,HALLMARK_NOTCH_SIGNALING,6.502290170873972
GOBP_CORTICAL_CYTOSKELETON_ORGANIZATION,GO:0030865,6,57,False,0.044897959183673466,HALLMARK_MITOTIC_SPINDLE,5.755075769043752
GOBP_CORTICAL_ACTIN_CYTOSKELETON_ORGANIZATION,GO:0030866,4,41,False,0.043478260869565216,HALLMARK_MITOTIC_SPINDLE,6.084554970173994
GOBP_THYROID_GLAND_DEVELOPMENT,GO:0030878,5,31,False,0.024096385542168676,HALLMARK_TGF_BETA_SIGNALING,6.364139832393156
GOBP_MAMMARY_GLAND_DEVELOPMENT,GO:0030879,5,140,False,0.036585365853658534,HALLMARK_ESTROGEN_RESPONSE_LATE,4.8564846142689975
GOBP_REGULATION_OF_B_CELL_PROLIFERATION,GO:0030888,7,68,False,0.042801556420233464,HALLMARK_ALLOGRAFT_REJECTION,5.578619331702195
GOBP_POSITIVE_REGULATION_OF_B_CELL_PROLIFERATION,GO:0030890,8,47,False,0.029166666666666667,HALLMARK_ALLOGRAFT_REJECTION,5.947979435168243
GOBP_MIDBRAIN_DEVELOPMENT,GO:0030901,3,93,False,0.041666666666666664,HALLMARK_NOTCH_SIGNALING,5.265527543725046
GOBP_HINDBRAIN_DEVELOPMENT,GO:0030902,3,163,False,0.04060913705583756,HALLMARK_WNT_BETA_CATENIN_SIGNALING,4.704376836071539
GOBP_REGULATION_OF_VASCULAR_ENDOTHELIAL_GROWTH_FACTOR_RECEPTOR_SIGNALING_PATHWAY,GO:0030947,5,37,False,0.028169014084507043,HALLMARK_ANGIOGENESIS,6.187209124234077
GOBP_PANCREAS_DEVELOPMENT,GO:0031016,4,81,False,0.09009009009009009,HALLMARK_PANCREAS_BETA_CELLS,5.403677882205863
GOBP_ENDOCRINE_PANCREAS_DEVELOPMENT,GO:0031018,3,47,False,0.10126582278481013,HALLMARK_PANCREAS_BETA_CELLS,5.947979435168243
GOBP_MICROTUBULE_ORGANIZING_CENTER_ORGANIZATION,GO:0031023,3,162,True,0.08083832335329341,HALLMARK_MITOTIC_SPINDLE,4.710530701645918
GOBP_ACTOMYOSIN_STRUCTURE_ORGANIZATION,GO:0031032,4,216,False,0.06940874035989718,HALLMARK_MYOGENESIS,4.422848629194137
GOBP_REGULATORY_NCRNA_MEDIATED_HETEROCHROMATIN_FORMATION,GO:0031048,9,27,False,0.0125,HALLMARK_SPERMATOGENESIS,6.502290170873972
GOBP_EMBRYONIC_CAMERA_TYPE_EYE_DEVELOPMENT,GO:0031076,5,40,False,0.02857142857142857,HALLMARK_NOTCH_SIGNALING,6.1092475827643655
GOBP_STRESS_ACTIVATED_PROTEIN_KINASE_SIGNALING_CASCADE,GO:0031098,4,57,True,0.038461538461538464,HALLMARK_PI3K_AKT_MTOR_SIGNALING,5.755075769043752
GOBP_REGENERATION,GO:0031099,3,192,False,0.03823529411764706,HALLMARK_APOPTOSIS,4.54063166485052
GOBP_ANIMAL_ORGAN_REGENERATION,GO:0031100,4,53,False,0.036885245901639344,HALLMARK_G2M_CHECKPOINT,5.82783512332618
GOBP_NEURON_PROJECTION_REGENERATION,GO:0031102,4,60,True,0.02766798418972332,HALLMARK_EPITHELIAL_MESENCHYMAL_TRANSITION,5.703782474656201
GOBP_MICROTUBULE_POLYMERIZATION_OR_DEPOLYMERIZATION,GO:0031109,4,148,False,0.09119496855345911,HALLMARK_MITOTIC_SPINDLE,4.800914763114187
GOBP_REGULATION_OF_MICROTUBULE_POLYMERIZATION_OR_DEPOLYMERIZATION,GO:0031110,6,104,False,0.05944055944055944,HALLMARK_MITOTIC_SPINDLE,5.153736137736929
GOBP_NEGATIVE_REGULATION_OF_MICROTUBULE_POLYMERIZATION_OR_DEPOLYMERIZATION,GO:0031111,7,45,False,0.04721030042918455,HALLMARK_MITOTIC_SPINDLE,5.991464547107982
GOBP_POSITIVE_REGULATION_OF_MICROTUBULE_POLYMERIZATION_OR_DEPOLYMERIZATION,GO:0031112,7,38,True,0.030434782608695653,HALLMARK_MITOTIC_SPINDLE,6.160540877151916
GOBP_REGULATION_OF_MICROTUBULE_POLYMERIZATION,GO:0031113,6,67,False,0.03501945525291829,HALLMARK_MITOTIC_SPINDLE,5.593434417487336
GOBP_REGULATION_OF_MICROTUBULE_DEPOLYMERIZATION,GO:0031114,6,38,False,0.039473684210526314,HALLMARK_MITOTIC_SPINDLE,6.160540877151916
GOBP_CYTOPLASMIC_MICROTUBULE_ORGANIZATION,GO:0031122,4,65,False,0.07317073170731707,HALLMARK_MITOTIC_SPINDLE,5.6237397669826645
GOBP_RNA_3_END_PROCESSING,GO:0031123,5,94,False,0.035,HALLMARK_UNFOLDED_PROTEIN_RESPONSE,5.2548322546082975
GOBP_MRNA_3_END_PROCESSING,GO:0031124,6,41,False,0.0213903743315508,HALLMARK_DNA_REPAIR,6.084554970173994
GOBP_DEVELOPMENTAL_INDUCTION,GO:0031128,2,35,False,0.04054054054054054,HALLMARK_WNT_BETA_CATENIN_SIGNALING,6.242778975388888
GOBP_ANAPHASE_PROMOTING_COMPLEX_DEPENDENT_CATABOLIC_PROCESS,GO:0031145,8,24,False,0.027522935779816515,HALLMARK_G2M_CHECKPOINT,6.620073206530356
GOBP_SCF_DEPENDENT_PROTEASOMAL_UBIQUITIN_DEPENDENT_PROTEIN_CATABOLIC_PROCESS,GO:0031146,8,45,False,0.0547945205479452,HALLMARK_NOTCH_SIGNALING,5.991464547107982
GOBP_METALLO_SULFUR_CLUSTER_ASSEMBLY,GO:0031163,5,27,True,0.027149321266968326,HALLMARK_OXIDATIVE_PHOSPHORYLATION,6.502290170873972
GOBP_RRNA_METHYLATION,GO:0031167,6,26,False,0.024390243902439025,HALLMARK_MYC_TARGETS_V2,6.54003049885682
GOBP_BIOMINERAL_TISSUE_DEVELOPMENT,GO:0031214,4,181,False,0.03524229074889868,HALLMARK_TGF_BETA_SIGNALING,4.599630005612476
GOBP_POSITIVE_REGULATION_OF_CYCLASE_ACTIVITY,GO:0031281,5,25,False,0.018072289156626505,HALLMARK_UV_RESPONSE_DN,6.579251212010101
GOBP_RETINAL_GANGLION_CELL_AXON_GUIDANCE,GO:0031290,9,23,False,0.07272727272727272,HALLMARK_HEDGEHOG_SIGNALING,6.662632820949152
GOBP_LYMPHOCYTE_COSTIMULATION,GO:0031294,2,50,True,0.04602510460251046,HALLMARK_ALLOGRAFT_REJECTION,5.886104031450156
GOBP_NEGATIVE_REGULATION_OF_PROTEIN_CONTAINING_COMPLEX_ASSEMBLY,GO:0031333,6,150,False,0.03254437869822485,HALLMARK_MITOTIC_SPINDLE,4.787491742782046
GOBP_POSITIVE_REGULATION_OF_PROTEIN_CONTAINING_COMPLEX_ASSEMBLY,GO:0031334,6,206,False,0.0546875,HALLMARK_MITOTIC_SPINDLE,4.470250868088721
GOBP_REGULATION_OF_VESICLE_FUSION,GO:0031338,5,35,False,0.0273972602739726,HALLMARK_PANCREAS_BETA_CELLS,6.242778975388888
GOBP_POSITIVE_REGULATION_OF_VESICLE_FUSION,GO:0031340,5,22,False,0.01639344262295082,HALLMARK_PANCREAS_BETA_CELLS,6.707084583519986
GOBP_REGULATION_OF_CELL_KILLING,GO:0031341,4,113,True,0.09059233449477352,HALLMARK_ALLOGRAFT_REJECTION,5.070739218165961
GOBP_NEGATIVE_REGULATION_OF_CELL_KILLING,GO:0031342,5,34,True,0.04,HALLMARK_ALLOGRAFT_REJECTION,6.271766512262141
GOBP_POSITIVE_REGULATION_OF_CELL_KILLING,GO:0031343,5,72,True,0.06666666666666667,HALLMARK_ALLOGRAFT_REJECTION,5.521460917862246
GOBP_NEGATIVE_REGULATION_OF_CELL_PROJECTION_ORGANIZATION,GO:0031345,6,190,False,0.029023746701846966,HALLMARK_EPITHELIAL_MESENCHYMAL_TRANSITION,4.551102964717815
GOBP_N_TERMINAL_PROTEIN_AMINO_ACID_MODIFICATION,GO:0031365,6,20,False,0.0136986301369863,HALLMARK_TGF_BETA_SIGNALING,6.802394763324311
GOBP_REGULATION_OF_PROTEIN_UBIQUITINATION,GO:0031396,10,200,False,0.02348993288590604,HALLMARK_PI3K_AKT_MTOR_SIGNALING,4.499809670330265
GOBP_NEGATIVE_REGULATION_OF_PROTEIN_UBIQUITINATION,GO:0031397,11,78,False,0.01702127659574468,HALLMARK_APOPTOSIS,5.44141821018871
GOBP_POSITIVE_REGULATION_OF_PROTEIN_UBIQUITINATION,GO:0031398,11,110,False,0.023809523809523808,HALLMARK_PI3K_AKT_MTOR_SIGNALING,5.097646671085886
GOBP_NEGATIVE_REGULATION_OF_PROTEIN_MODIFICATION_PROCESS,GO:0031400,8,222,False,0.02956989247311828,HALLMARK_APOPTOSIS,4.395449655006022
GOBP_KERATINIZATION,GO:0031424,2,82,False,0.018050541516245487,HALLMARK_KRAS_SIGNALING_DN,5.391407789614049
GOBP_NUCLEAR_MEMBRANE_REASSEMBLY,GO:0031468,6,26,False,0.008264462809917356,HALLMARK_PROTEIN_SECRETION,6.54003049885682
GOBP_PROTEIN_CONTAINING_COMPLEX_LOCALIZATION,GO:0031503,3,221,False,0.03194103194103194,HALLMARK_MITOTIC_SPINDLE,4.399964335360549
GOBP_HETEROCHROMATIN_FORMATION,GO:0031507,8,161,False,0.03735632183908046,HALLMARK_E2F_TARGETS,4.716722671893839
GOBP_RUFFLE_ORGANIZATION,GO:0031529,6,57,False,0.02390438247011952,HALLMARK_APICAL_JUNCTION,5.755075769043752
GOBP_DNA_INTEGRITY_CHECKPOINT_SIGNALING,GO:0031570,5,124,True,0.06578947368421052,HALLMARK_E2F_TARGETS,4.977845471273265
GOBP_MEMBRANE_RAFT_ORGANIZATION,GO:0031579,5,30,False,0.0213903743315508,HALLMARK_APOPTOSIS,6.396929655216146
GOBP_RECEPTOR_INTERNALIZATION,GO:0031623,5,142,False,0.034782608695652174,HALLMARK_PROTEIN_SECRETION,4.8422999792770405
GOBP_ZYMOGEN_ACTIVATION,GO:0031638,7,47,False,0.09467455621301775,HALLMARK_COAGULATION,5.947979435168243
GOBP_PLASMINOGEN_ACTIVATION,GO:0031639,8,26,False,0.06493506493506493,HALLMARK_COAGULATION,6.54003049885682
GOBP_REGULATION_OF_MYELINATION,GO:0031641,4,48,False,0.022727272727272728,HALLMARK_IL6_JAK_STAT3_SIGNALING,5.926926025970411
GOBP_POSITIVE_REGULATION_OF_MYELINATION,GO:0031643,5,21,False,0.009345794392523364,HALLMARK_IL6_JAK_STAT3_SIGNALING,6.753604599154879
GOBP_REGULATION_OF_NERVOUS_SYSTEM_PROCESS,GO:0031644,5,124,False,0.018867924528301886,HALLMARK_KRAS_SIGNALING_UP,4.977845471273265
GOBP_POSITIVE_REGULATION_OF_NERVOUS_SYSTEM_PROCESS,GO:0031646,5,38,False,0.00851063829787234,HALLMARK_IL2_STAT5_SIGNALING,6.160540877151916
GOBP_PROTEIN_DESTABILIZATION,GO:0031648,4,56,False,0.018518518518518517,HALLMARK_TGF_BETA_SIGNALING,5.772775346143153
GOBP_LIPOPOLYSACCHARIDE_MEDIATED_SIGNALING_PATHWAY,GO:0031663,4,63,False,0.03543307086614173,HALLMARK_INFLAMMATORY_RESPONSE,5.654992310486769
GOBP_REGULATION_OF_LIPOPOLYSACCHARIDE_MEDIATED_SIGNALING_PATHWAY,GO:0031664,5,31,False,0.02608695652173913,HALLMARK_IL6_JAK_STAT3_SIGNALING,6.364139832393156
GOBP_CELLULAR_RESPONSE_TO_NUTRIENT_LEVELS,GO:0031669,3,256,False,0.0410958904109589,HALLMARK_P53_PATHWAY,4.252949592398739
GOBP_CELLULAR_RESPONSE_TO_NUTRIENT,GO:0031670,4,50,False,0.023809523809523808,HALLMARK_ANGIOGENESIS,5.886104031450156
GOBP_TOR_SIGNALING,GO:0031929,4,183,True,0.039711191335740074,HALLMARK_PI3K_AKT_MTOR_SIGNALING,4.588640884036881
GOBP_RESPONSE_TO_CORTICOSTEROID,GO:0031960,5,153,True,0.04129793510324484,HALLMARK_TNFA_SIGNALING_VIA_NFKB,4.767689115485866
GOBP_NEGATIVE_REGULATION_OF_TOR_SIGNALING,GO:0032007,7,76,False,0.040229885057471264,HALLMARK_PI3K_AKT_MTOR_SIGNALING,5.467393696591971
GOBP_POSITIVE_REGULATION_OF_TOR_SIGNALING,GO:0032008,7,78,False,0.025830258302583026,HALLMARK_COMPLEMENT,5.44141821018871
GOBP_ARF_PROTEIN_SIGNAL_TRANSDUCTION,GO:0032011,6,22,True,0.02608695652173913,HALLMARK_PROTEIN_SECRETION,6.707084583519986
GOBP_POSITIVE_REGULATION_OF_INSULIN_SECRETION,GO:0032024,7,94,False,0.05511811023622047,HALLMARK_PANCREAS_BETA_CELLS,5.2548322546082975
GOBP_MITOCHONDRIAL_DNA_METABOLIC_PROCESS,GO:0032042,6,23,False,0.015625,HALLMARK_WNT_BETA_CATENIN_SIGNALING,6.662632820949152
GOBP_NEGATIVE_REGULATION_OF_NF_KAPPAB_TRANSCRIPTION_FACTOR_ACTIVITY,GO:0032088,5,49,False,0.020491803278688523,HALLMARK_INTERFERON_GAMMA_RESPONSE,5.906306738767675
GOBP_NEGATIVE_REGULATION_OF_PROTEIN_BINDING,GO:0032091,5,44,False,0.02054794520547945,HALLMARK_PI3K_AKT_MTOR_SIGNALING,6.013937402960041
GOBP_POSITIVE_REGULATION_OF_PROTEIN_BINDING,GO:0032092,5,25,False,0.023622047244094488,HALLMARK_PI3K_AKT_MTOR_SIGNALING,6.579251212010101
GOBP_RESPONSE_TO_FOOD,GO:0032094,3,47,False,0.02127659574468085,HALLMARK_REACTIVE_OXYGEN_SPECIES_PATHWAY,5.947979435168243
GOBP_REGULATION_OF_APPETITE,GO:0032098,3,25,False,0.014705882352941176,HALLMARK_APICAL_SURFACE,6.579251212010101
GOBP_REGULATION_OF_RESPONSE_TO_NUTRIENT_LEVELS,GO:0032107,4,35,False,0.013793103448275862,HALLMARK_BILE_ACID_METABOLISM,6.242778975388888
GOBP_ACTIVATION_OF_PROTEIN_KINASE_ACTIVITY,GO:0032147,8,41,False,0.01694915254237288,HALLMARK_MITOTIC_SPINDLE,6.084554970173994
GOBP_TRANSPOSITION,GO:0032196,2,46,True,0.012345679012345678,HALLMARK_COMPLEMENT,5.969485640389206
GOBP_TELOMERE_ORGANIZATION,GO:0032200,6,191,True,0.05675675675675676,HALLMARK_MYC_TARGETS_V1,4.545853608831671
GOBP_REGULATION_OF_TELOMERE_MAINTENANCE,GO:0032204,7,111,False,0.05067567567567568,HALLMARK_MYC_TARGETS_V1,5.088596835565967
GOBP_NEGATIVE_REGULATION_OF_TELOMERE_MAINTENANCE,GO:0032205,8,39,False,0.016129032258064516,HALLMARK_DNA_REPAIR,6.134565390748655
GOBP_POSITIVE_REGULATION_OF_TELOMERE_MAINTENANCE,GO:0032206,8,74,False,0.04980842911877394,HALLMARK_MYC_TARGETS_V1,5.494061943674132
GOBP_REGULATION_OF_TELOMERE_MAINTENANCE_VIA_TELOMERASE,GO:0032210,8,45,False,0.04700854700854701,HALLMARK_MYC_TARGETS_V1,5.991464547107982
GOBP_NEGATIVE_REGULATION_OF_TELOMERE_MAINTENANCE_VIA_TELOMERASE,GO:0032211,9,22,False,0.017543859649122806,HALLMARK_HEDGEHOG_SIGNALING,6.707084583519986
GOBP_REGULATION_OF_SYNAPTIC_TRANSMISSION_GABAERGIC,GO:0032228,6,34,False,0.014492753623188406,HALLMARK_HEDGEHOG_SIGNALING,6.271766512262141
GOBP_REGULATION_OF_ACTIN_FILAMENT_BUNDLE_ASSEMBLY,GO:0032231,5,110,False,0.03691275167785235,HALLMARK_MITOTIC_SPINDLE,5.097646671085886
GOBP_NEGATIVE_REGULATION_OF_ACTIN_FILAMENT_BUNDLE_ASSEMBLY,GO:0032232,6,38,True,0.01675977653631285,HALLMARK_UV_RESPONSE_DN,6.160540877151916
GOBP_POSITIVE_REGULATION_OF_ACTIN_FILAMENT_BUNDLE_ASSEMBLY,GO:0032233,6,62,False,0.027450980392156862,HALLMARK_EPITHELIAL_MESENCHYMAL_TRANSITION,5.6709926518332106
GOBP_SECRETORY_GRANULE_LOCALIZATION,GO:0032252,4,25,True,0.01680672268907563,HALLMARK_PROTEIN_SECRETION,6.579251212010101
GOBP_METHYLATION,GO:0032259,3,225,False,0.019184652278177457,HALLMARK_MYC_TARGETS_V1,4.382026634673881
GOBP_REGULATION_OF_PROTEIN_POLYMERIZATION,GO:0032271,6,202,False,0.07795698924731183,HALLMARK_MITOTIC_SPINDLE,4.489859339477097
GOBP_NEGATIVE_REGULATION_OF_PROTEIN_POLYMERIZATION,GO:0032272,7,75,False,0.033962264150943396,HALLMARK_MITOTIC_SPINDLE,5.480638923341991
GOBP_POSITIVE_REGULATION_OF_PROTEIN_POLYMERIZATION,GO:0032273,7,91,False,0.058394160583941604,HALLMARK_MITOTIC_SPINDLE,5.287267530361452
GOBP_MYELIN_ASSEMBLY,GO:0032288,4,22,False,0.02127659574468085,HALLMARK_CHOLESTEROL_HOMEOSTASIS,6.707084583519986
GOBP_AXON_ENSHEATHMENT_IN_CENTRAL_NERVOUS_SYSTEM,GO:0032291,4,25,True,0.020618556701030927,HALLMARK_CHOLESTEROL_HOMEOSTASIS,6.579251212010101
GOBP_PERIPHERAL_NERVOUS_SYSTEM_AXON_ENSHEATHMENT,GO:0032292,4,30,True,0.017699115044247787,HALLMARK_APICAL_JUNCTION,6.396929655216146
GOBP_ICOSANOID_SECRETION,GO:0032309,5,44,False,0.016666666666666666,HALLMARK_INFLAMMATORY_RESPONSE,6.013937402960041
GOBP_REGULATION_OF_CHONDROCYTE_DIFFERENTIATION,GO:0032330,5,54,False,0.038461538461538464,HALLMARK_TGF_BETA_SIGNALING,5.809142990314028
GOBP_NEGATIVE_REGULATION_OF_CHONDROCYTE_DIFFERENTIATION,GO:0032331,6,25,False,0.025974025974025976,HALLMARK_TGF_BETA_SIGNALING,6.579251212010101
GOBP_POSITIVE_REGULATION_OF_CHONDROCYTE_DIFFERENTIATION,GO:0032332,6,21,False,0.0273972602739726,HALLMARK_TGF_BETA_SIGNALING,6.753604599154879
GOBP_REGULATION_OF_HORMONE_METABOLIC_PROCESS,GO:0032350,4,37,False,0.015625,HALLMARK_UV_RESPONSE_UP,6.187209124234077
GOBP_RESPONSE_TO_ESTRADIOL,GO:0032355,4,113,False,0.04980842911877394,HALLMARK_APOPTOSIS,5.070739218165961
GOBP_INTRACELLULAR_LIPID_TRANSPORT,GO:0032365,4,51,False,0.04487179487179487,HALLMARK_BILE_ACID_METABOLISM,5.866301404153976
GOBP_INTRACELLULAR_STEROL_TRANSPORT,GO:0032366,5,37,True,0.037383177570093455,HALLMARK_CHOLESTEROL_HOMEOSTASIS,6.187209124234077
GOBP_REGULATION_OF_LIPID_TRANSPORT,GO:0032368,5,157,False,0.04669260700389105,HALLMARK_BILE_ACID_METABOLISM,4.741881231529994
GOBP_NEGATIVE_REGULATION_OF_LIPID_TRANSPORT,GO:0032369,5,52,False,0.02702702702702703,HALLMARK_COAGULATION,5.846883318296874
GOBP_POSITIVE_REGULATION_OF_LIPID_TRANSPORT,GO:0032370,5,87,False,0.05851063829787234,HALLMARK_BILE_ACID_METABOLISM,5.332218918223718
GOBP_REGULATION_OF_STEROL_TRANSPORT,GO:0032371,6,80,True,0.04918032786885246,HALLMARK_BILE_ACID_METABOLISM,5.41610040220442
GOBP_NEGATIVE_REGULATION_OF_STEROL_TRANSPORT,GO:0032372,6,34,True,0.018867924528301886,HALLMARK_CHOLESTEROL_HOMEOSTASIS,6.271766512262141
GOBP_POSITIVE_REGULATION_OF_STEROL_TRANSPORT,GO:0032373,6,37,True,0.05673758865248227,HALLMARK_BILE_ACID_METABOLISM,6.187209124234077
GOBP_REGULATION_OF_INTRACELLULAR_TRANSPORT,GO:0032386,5,274,False,0.026030368763557483,HALLMARK_MITOTIC_SPINDLE,4.184998930490232
GOBP_NEGATIVE_REGULATION_OF_INTRACELLULAR_TRANSPORT,GO:0032387,5,60,False,0.0196078431372549,HALLMARK_MYOGENESIS,5.703782474656201
GOBP_POSITIVE_REGULATION_OF_INTRACELLULAR_TRANSPORT,GO:0032388,5,137,False,0.033846153846153845,HALLMARK_MITOTIC_SPINDLE,4.878146111050177
GOBP_REGULATION_OF_TRANSPORTER_ACTIVITY,GO:0032409,3,102,True,0.02027027027027027,HALLMARK_COMPLEMENT,5.173154223594031
GOBP_NEGATIVE_REGULATION_OF_TRANSPORTER_ACTIVITY,GO:0032410,4,32,False,0.008695652173913044,HALLMARK_COMPLEMENT,6.332391134078575
GOBP_POSITIVE_REGULATION_OF_TRANSPORTER_ACTIVITY,GO:0032411,4,43,True,0.0125,HALLMARK_MYOGENESIS,6.036926921184739
GOBP_NEGATIVE_REGULATION_OF_ION_TRANSMEMBRANE_TRANSPORTER_ACTIVITY,GO:0032413,5,27,False,0.008888888888888889,HALLMARK_COMPLEMENT,6.502290170873972
GOBP_REGULATION_OF_PROTEASOMAL_UBIQUITIN_DEPENDENT_PROTEIN_CATABOLIC_PROCESS,GO:0032434,7,135,False,0.02564102564102564,HALLMARK_PI3K_AKT_MTOR_SIGNALING,4.892852258439873
GOBP_NEGATIVE_REGULATION_OF_PROTEASOMAL_UBIQUITIN_DEPENDENT_PROTEIN_CATABOLIC_PROCESS,GO:0032435,8,43,False,0.01282051282051282,HALLMARK_HEDGEHOG_SIGNALING,6.036926921184739
GOBP_POSITIVE_REGULATION_OF_PROTEASOMAL_UBIQUITIN_DEPENDENT_PROTEIN_CATABOLIC_PROCESS,GO:0032436,8,82,False,0.024793388429752067,HALLMARK_WNT_BETA_CATENIN_SIGNALING,5.391407789614049
GOBP_ENDOCYTIC_RECYCLING,GO:0032456,4,92,False,0.021739130434782608,HALLMARK_PROTEIN_SECRETION,5.276338459829262
GOBP_REGULATION_OF_CYTOKINESIS,GO:0032465,5,95,False,0.046263345195729534,HALLMARK_MITOTIC_SPINDLE,5.244250145277761
GOBP_POSITIVE_REGULATION_OF_CYTOKINESIS,GO:0032467,6,50,False,0.0375,HALLMARK_MITOTIC_SPINDLE,5.886104031450156
GOBP_ENDOPLASMIC_RETICULUM_CALCIUM_ION_HOMEOSTASIS,GO:0032469,6,26,False,0.016574585635359115,HALLMARK_UV_RESPONSE_UP,6.54003049885682
GOBP_NEGATIVE_REGULATION_OF_TYPE_I_INTERFERON_PRODUCTION,GO:0032480,6,48,False,0.013986013986013986,HALLMARK_INTERFERON_ALPHA_RESPONSE,5.926926025970411
GOBP_POSITIVE_REGULATION_OF_TYPE_I_INTERFERON_PRODUCTION,GO:0032481,6,77,False,0.045283018867924525,HALLMARK_INTERFERON_GAMMA_RESPONSE,5.454321615024618
GOBP_RAB_PROTEIN_SIGNAL_TRANSDUCTION,GO:0032482,6,23,False,0.00847457627118644,HALLMARK_PROTEIN_SECRETION,6.662632820949152
GOBP_RESPONSE_TO_MURAMYL_DIPEPTIDE,GO:0032495,4,21,False,0.0392156862745098,HALLMARK_NOTCH_SIGNALING,6.753604599154879
GOBP_CYTOKINETIC_PROCESS,GO:0032506,3,52,False,0.028688524590163935,HALLMARK_MITOTIC_SPINDLE,5.846883318296874
GOBP_LATE_ENDOSOME_TO_VACUOLE_TRANSPORT_VIA_MULTIVESICULAR_BODY_SORTING_PATHWAY,GO:0032511,4,28,False,0.022988505747126436,HALLMARK_DNA_REPAIR,6.465922526703098
GOBP_RESPONSE_TO_RETINOIC_ACID,GO:0032526,4,108,False,0.034482758620689655,HALLMARK_WNT_BETA_CATENIN_SIGNALING,5.115995809754082
GOBP_PROTEIN_EXIT_FROM_ENDOPLASMIC_RETICULUM,GO:0032527,5,50,False,0.02027027027027027,HALLMARK_ANDROGEN_RESPONSE,5.886104031450156
GOBP_MICROVILLUS_ORGANIZATION,GO:0032528,6,31,False,0.013513513513513514,HALLMARK_APICAL_SURFACE,6.364139832393156
GOBP_MITOCHONDRIAL_TRANSLATION,GO:0032543,6,132,False,0.0375,HALLMARK_OXIDATIVE_PHOSPHORYLATION,4.915325114291931
GOBP_RESPONSE_TO_PROGESTERONE,GO:0032570,5,36,False,0.031413612565445025,HALLMARK_APOPTOSIS,6.214608098422191
GOBP_CHEMOKINE_PRODUCTION,GO:0032602,3,104,True,0.05555555555555555,HALLMARK_ALLOGRAFT_REJECTION,5.153736137736929
GOBP_TYPE_I_INTERFERON_PRODUCTION,GO:0032606,3,131,True,0.050793650793650794,HALLMARK_INTERFERON_GAMMA_RESPONSE,4.92292971367715
GOBP_INTERFERON_ALPHA_PRODUCTION,GO:0032607,4,32,True,0.032,HALLMARK_INTERFERON_ALPHA_RESPONSE,6.332391134078575
GOBP_INTERFERON_BETA_PRODUCTION,GO:0032608,4,63,True,0.0457516339869281,HALLMARK_INTERFERON_ALPHA_RESPONSE,5.654992310486769
GOBP_TYPE_II_INTERFERON_PRODUCTION,GO:0032609,3,123,True,0.07308970099667775,HALLMARK_ALLOGRAFT_REJECTION,4.985942681505884
GOBP_INTERLEUKIN_1_BETA_PRODUCTION,GO:0032611,4,113,True,0.03642384105960265,HALLMARK_TNFA_SIGNALING_VIA_NFKB,5.070739218165961
GOBP_INTERLEUKIN_1_PRODUCTION,GO:0032612,3,133,True,0.037383177570093455,HALLMARK_INFLAMMATORY_RESPONSE,4.907777908656548
GOBP_INTERLEUKIN_10_PRODUCTION,GO:0032613,3,67,True,0.038910505836575876,HALLMARK_ALLOGRAFT_REJECTION,5.593434417487336
GOBP_INTERLEUKIN_12_PRODUCTION,GO:0032615,3,64,True,0.056,HALLMARK_ALLOGRAFT_REJECTION,5.63924395351863
GOBP_INTERLEUKIN_13_PRODUCTION,GO:0032616,3,22,True,0.02830188679245283,HALLMARK_IL6_JAK_STAT3_SIGNALING,6.707084583519986
GOBP_INTERLEUKIN_17_PRODUCTION,GO:0032620,3,49,True,0.04184100418410042,HALLMARK_ALLOGRAFT_REJECTION,5.906306738767675
GOBP_INTERLEUKIN_2_PRODUCTION,GO:0032623,3,67,True,0.051181102362204724,HALLMARK_ALLOGRAFT_REJECTION,5.593434417487336
GOBP_INTERLEUKIN_4_PRODUCTION,GO:0032633,3,35,True,0.03070175438596491,HALLMARK_ALLOGRAFT_REJECTION,6.242778975388888
GOBP_INTERLEUKIN_5_PRODUCTION,GO:0032634,3,22,True,0.0380952380952381,HALLMARK_IL6_JAK_STAT3_SIGNALING,6.707084583519986
GOBP_INTERLEUKIN_6_PRODUCTION,GO:0032635,3,177,True,0.06497175141242938,HALLMARK_ALLOGRAFT_REJECTION,4.6219773043044725
GOBP_INTERLEUKIN_8_PRODUCTION,GO:0032637,3,105,True,0.05536332179930796,HALLMARK_ALLOGRAFT_REJECTION,5.144166686720778
GOBP_NEGATIVE_REGULATION_OF_CHEMOKINE_PRODUCTION,GO:0032682,6,32,False,0.017543859649122806,HALLMARK_ALLOGRAFT_REJECTION,6.332391134078575
GOBP_NEGATIVE_REGULATION_OF_TYPE_II_INTERFERON_PRODUCTION,GO:0032689,6,44,False,0.02092050209205021,HALLMARK_KRAS_SIGNALING_UP,6.013937402960041
GOBP_NEGATIVE_REGULATION_OF_INTERLEUKIN_1_BETA_PRODUCTION,GO:0032691,7,46,False,0.022727272727272728,HALLMARK_APICAL_SURFACE,5.969485640389206
GOBP_NEGATIVE_REGULATION_OF_INTERLEUKIN_1_PRODUCTION,GO:0032692,6,55,False,0.020618556701030927,HALLMARK_APICAL_SURFACE,5.790793851645831
GOBP_NEGATIVE_REGULATION_OF_INTERLEUKIN_10_PRODUCTION,GO:0032693,6,25,False,0.03389830508474576,HALLMARK_ANGIOGENESIS,6.579251212010101
GOBP_NEGATIVE_REGULATION_OF_INTERLEUKIN_17_PRODUCTION,GO:0032700,6,23,False,0.022935779816513763,HALLMARK_ALLOGRAFT_REJECTION,6.662632820949152
GOBP_NEGATIVE_REGULATION_OF_INTERLEUKIN_2_PRODUCTION,GO:0032703,6,29,False,0.013888888888888888,HALLMARK_APICAL_SURFACE,6.430831206891828
GOBP_NEGATIVE_REGULATION_OF_INTERLEUKIN_6_PRODUCTION,GO:0032715,6,67,False,0.026923076923076925,HALLMARK_ALLOGRAFT_REJECTION,5.593434417487336
GOBP_NEGATIVE_REGULATION_OF_INTERLEUKIN_8_PRODUCTION,GO:0032717,6,37,False,0.017167381974248927,HALLMARK_ALLOGRAFT_REJECTION,6.187209124234077
GOBP_POSITIVE_REGULATION_OF_CHEMOKINE_PRODUCTION,GO:0032722,6,72,False,0.06711409395973154,HALLMARK_IL6_JAK_STAT3_SIGNALING,5.521460917862246
GOBP_POSITIVE_REGULATION_OF_INTERFERON_ALPHA_PRODUCTION,GO:0032727,7,26,False,0.02727272727272727,HALLMARK_INTERFERON_GAMMA_RESPONSE,6.54003049885682
GOBP_POSITIVE_REGULATION_OF_INTERFERON_BETA_PRODUCTION,GO:0032728,7,42,False,0.045112781954887216,HALLMARK_INTERFERON_ALPHA_RESPONSE,6.060457418594933
GOBP_POSITIVE_REGULATION_OF_TYPE_II_INTERFERON_PRODUCTION,GO:0032729,6,78,False,0.06923076923076923,HALLMARK_ALLOGRAFT_REJECTION,5.44141821018871
GOBP_POSITIVE_REGULATION_OF_INTERLEUKIN_1_PRODUCTION,GO:0032732,6,74,True,0.033962264150943396,HALLMARK_ALLOGRAFT_REJECTION,5.494061943674132
GOBP_POSITIVE_REGULATION_OF_INTERLEUKIN_10_PRODUCTION,GO:0032733,6,43,False,0.03404255319148936,HALLMARK_ALLOGRAFT_REJECTION,6.036926921184739
GOBP_POSITIVE_REGULATION_OF_INTERLEUKIN_12_PRODUCTION,GO:0032735,6,43,False,0.05194805194805195,HALLMARK_ALLOGRAFT_REJECTION,6.036926921184739
GOBP_POSITIVE_REGULATION_OF_INTERLEUKIN_17_PRODUCTION,GO:0032740,6,28,False,0.036036036036036036,HALLMARK_IL6_JAK_STAT3_SIGNALING,6.465922526703098
GOBP_POSITIVE_REGULATION_OF_INTERLEUKIN_2_PRODUCTION,GO:0032743,6,37,False,0.05803571428571429,HALLMARK_ALLOGRAFT_REJECTION,6.187209124234077
GOBP_POSITIVE_REGULATION_OF_INTERLEUKIN_4_PRODUCTION,GO:0032753,6,27,False,0.031818181818181815,HALLMARK_ALLOGRAFT_REJECTION,6.502290170873972
GOBP_POSITIVE_REGULATION_OF_INTERLEUKIN_6_PRODUCTION,GO:0032755,6,103,False,0.05574912891986063,HALLMARK_ALLOGRAFT_REJECTION,5.163398048648666
GOBP_POSITIVE_REGULATION_OF_INTERLEUKIN_8_PRODUCTION,GO:0032757,6,65,False,0.04827586206896552,HALLMARK_IL6_JAK_STAT3_SIGNALING,5.6237397669826645
GOBP_POSITIVE_REGULATION_OF_ATP_DEPENDENT_ACTIVITY,GO:0032781,4,23,False,0.027649769585253458,HALLMARK_MYOGENESIS,6.662632820949152
GOBP_REGULATION_OF_DNA_TEMPLATED_TRANSCRIPTION_ELONGATION,GO:0032784,9,103,True,0.0326530612244898,HALLMARK_DNA_REPAIR,5.163398048648666
GOBP_NEGATIVE_REGULATION_OF_DNA_TEMPLATED_TRANSCRIPTION_ELONGATION,GO:0032785,10,25,True,0.029411764705882353,HALLMARK_DNA_REPAIR,6.579251212010101
GOBP_POSITIVE_REGULATION_OF_DNA_TEMPLATED_TRANSCRIPTION_ELONGATION,GO:0032786,10,62,True,0.02654867256637168,HALLMARK_TGF_BETA_SIGNALING,5.6709926518332106
GOBP_RIBOSOME_DISASSEMBLY,GO:0032790,6,42,False,0.008333333333333333,HALLMARK_MYC_TARGETS_V1,6.060457418594933
GOBP_RECEPTOR_CATABOLIC_PROCESS,GO:0032801,5,31,False,0.036585365853658534,HALLMARK_TGF_BETA_SIGNALING,6.364139832393156
GOBP_REGULATION_OF_NATURAL_KILLER_CELL_ACTIVATION,GO:0032814,6,45,False,0.03375527426160337,HALLMARK_ALLOGRAFT_REJECTION,5.991464547107982
GOBP_POSITIVE_REGULATION_OF_NATURAL_KILLER_CELL_ACTIVATION,GO:0032816,7,26,False,0.02727272727272727,HALLMARK_INFLAMMATORY_RESPONSE,6.54003049885682
GOBP_GLOMERULUS_DEVELOPMENT,GO:0032835,3,75,False,0.0594059405940594,HALLMARK_NOTCH_SIGNALING,5.480638923341991
GOBP_RESPONSE_TO_INSULIN,GO:0032868,5,280,False,0.03773584905660377,HALLMARK_PI3K_AKT_MTOR_SIGNALING,4.163337433709052
GOBP_CELLULAR_RESPONSE_TO_INSULIN_STIMULUS,GO:0032869,6,219,False,0.04180064308681672,HALLMARK_PI3K_AKT_MTOR_SIGNALING,4.409055307061801
GOBP_REGULATION_OF_ESTABLISHMENT_OR_MAINTENANCE_OF_CELL_POLARITY,GO:0032878,4,28,True,0.031818181818181815,HALLMARK_MITOTIC_SPINDLE,6.465922526703098
GOBP_REGULATION_OF_POLYSACCHARIDE_METABOLIC_PROCESS,GO:0032881,6,49,False,0.02666666666666667,HALLMARK_PI3K_AKT_MTOR_SIGNALING,5.906306738767675
GOBP_REGULATION_OF_POLYSACCHARIDE_BIOSYNTHETIC_PROCESS,GO:0032885,7,40,False,0.028368794326241134,HALLMARK_PI3K_AKT_MTOR_SIGNALING,6.1092475827643655
GOBP_REGULATION_OF_MICROTUBULE_BASED_PROCESS,GO:0032886,4,278,False,0.06,HALLMARK_MITOTIC_SPINDLE,4.170505923187664
GOBP_REGULATION_OF_ORGANIC_ACID_TRANSPORT,GO:0032890,5,72,False,0.026785714285714284,HALLMARK_FATTY_ACID_METABOLISM,5.521460917862246
GOBP_NEGATIVE_REGULATION_OF_ORGANIC_ACID_TRANSPORT,GO:0032891,5,23,False,0.016,HALLMARK_PEROXISOME,6.662632820949152
GOBP_POSITIVE_REGULATION_OF_ORGANIC_ACID_TRANSPORT,GO:0032892,5,42,False,0.025423728813559324,HALLMARK_INFLAMMATORY_RESPONSE,6.060457418594933
GOBP_CIRCADIAN_REGULATION_OF_GENE_EXPRESSION,GO:0032922,3,67,False,0.025423728813559324,HALLMARK_TGF_BETA_SIGNALING,5.593434417487336
GOBP_ACTIVIN_RECEPTOR_SIGNALING_PATHWAY,GO:0032924,7,54,False,0.1134020618556701,HALLMARK_TGF_BETA_SIGNALING,5.809142990314028
GOBP_REGULATION_OF_ACTIVIN_RECEPTOR_SIGNALING_PATHWAY,GO:0032925,6,28,False,0.07894736842105263,HALLMARK_TGF_BETA_SIGNALING,6.465922526703098
GOBP_REGULATION_OF_SUPEROXIDE_ANION_GENERATION,GO:0032928,7,22,True,0.017543859649122806,HALLMARK_ANGIOGENESIS,6.707084583519986
GOBP_SECRETION_BY_TISSUE,GO:0032941,2,47,False,0.00816326530612245,HALLMARK_APICAL_JUNCTION,5.947979435168243
GOBP_INOSITOL_PHOSPHATE_BIOSYNTHETIC_PROCESS,GO:0032958,5,26,False,0.012345679012345678,HALLMARK_COAGULATION,6.54003049885682
GOBP_COLLAGEN_METABOLIC_PROCESS,GO:0032963,3,115,False,0.06751054852320675,HALLMARK_COAGULATION,5.053194908515052
GOBP_COLLAGEN_BIOSYNTHETIC_PROCESS,GO:0032964,4,54,False,0.036734693877551024,HALLMARK_EPITHELIAL_MESENCHYMAL_TRANSITION,5.809142990314028
GOBP_PROTEIN_CONTAINING_COMPLEX_DISASSEMBLY,GO:0032984,5,267,False,0.04017857142857143,HALLMARK_MITOTIC_SPINDLE,4.210878378478053
GOBP_PROTEIN_DNA_COMPLEX_DISASSEMBLY,GO:0032986,6,23,True,0.02531645569620253,HALLMARK_MYC_TARGETS_V2,6.662632820949152
GOBP_MUSCLE_CELL_PROLIFERATION,GO:0033002,3,253,False,0.050761421319796954,HALLMARK_APOPTOSIS,4.264737548150782
GOBP_TETRAPYRROLE_METABOLIC_PROCESS,GO:0033013,3,64,False,0.06882591093117409,HALLMARK_HEME_METABOLISM,5.63924395351863
GOBP_TETRAPYRROLE_BIOSYNTHETIC_PROCESS,GO:0033014,4,35,True,0.06334841628959276,HALLMARK_HEME_METABOLISM,6.242778975388888
GOBP_MYELOID_CELL_APOPTOTIC_PROCESS,GO:0033028,5,41,False,0.02553191489361702,HALLMARK_COMPLEMENT,6.084554970173994
GOBP_REGULATION_OF_MYELOID_CELL_APOPTOTIC_PROCESS,GO:0033032,6,34,False,0.021834061135371178,HALLMARK_INFLAMMATORY_RESPONSE,6.271766512262141
GOBP_NEGATIVE_REGULATION_OF_MYELOID_CELL_APOPTOTIC_PROCESS,GO:0033033,7,21,False,0.023148148148148147,HALLMARK_INFLAMMATORY_RESPONSE,6.753604599154879
GOBP_REGULATION_OF_CHROMOSOME_ORGANIZATION,GO:0033044,6,244,False,0.09359605911330049,HALLMARK_G2M_CHECKPOINT,4.3009588115851
GOBP_REGULATION_OF_SISTER_CHROMATID_SEGREGATION,GO:0033045,7,107,True,0.09642857142857143,HALLMARK_G2M_CHECKPOINT,5.1252982024163956
GOBP_REGULATION_OF_MITOTIC_SISTER_CHROMATID_SEGREGATION,GO:0033047,8,57,False,0.07531380753138076,HALLMARK_G2M_CHECKPOINT,5.755075769043752
GOBP_CELLULAR_PIGMENTATION,GO:0033059,2,64,False,0.02564102564102564,HALLMARK_PROTEIN_SECRETION,5.63924395351863
GOBP_T_CELL_DIFFERENTIATION_IN_THYMUS,GO:0033077,6,89,False,0.048,HALLMARK_WNT_BETA_CATENIN_SIGNALING,5.309490667146162
GOBP_REGULATION_OF_T_CELL_DIFFERENTIATION_IN_THYMUS,GO:0033081,8,28,False,0.017699115044247787,HALLMARK_IL6_JAK_STAT3_SIGNALING,6.465922526703098
GOBP_MITOCHONDRIAL_RESPIRATORY_CHAIN_COMPLEX_ASSEMBLY,GO:0033108,6,103,False,0.0706713780918728,HALLMARK_OXIDATIVE_PHOSPHORYLATION,5.163398048648666
GOBP_NEGATIVE_REGULATION_OF_RNA_SPLICING,GO:0033119,7,27,False,0.017937219730941704,HALLMARK_MYC_TARGETS_V1,6.502290170873972
GOBP_POSITIVE_REGULATION_OF_RNA_SPLICING,GO:0033120,7,48,False,0.024793388429752067,HALLMARK_G2M_CHECKPOINT,5.926926025970411
GOBP_REGULATION_OF_PEPTIDYL_SERINE_PHOSPHORYLATION,GO:0033135,9,31,False,0.030303030303030304,HALLMARK_PI3K_AKT_MTOR_SIGNALING,6.364139832393156
GOBP_POSITIVE_REGULATION_OF_PEPTIDYL_SERINE_PHOSPHORYLATION,GO:0033138,10,22,False,0.027777777777777776,HALLMARK_ALLOGRAFT_REJECTION,6.707084583519986
GOBP_REGULATION_OF_INTRACELLULAR_STEROID_HORMONE_RECEPTOR_SIGNALING_PATHWAY,GO:0033143,6,83,False,0.02459016393442623,HALLMARK_WNT_BETA_CATENIN_SIGNALING,5.379286429081704
GOBP_NEGATIVE_REGULATION_OF_INTRACELLULAR_STEROID_HORMONE_RECEPTOR_SIGNALING_PATHWAY,GO:0033144,7,42,False,0.03225806451612903,HALLMARK_TGF_BETA_SIGNALING,6.060457418594933
GOBP_REGULATION_OF_INTRACELLULAR_ESTROGEN_RECEPTOR_SIGNALING_PATHWAY,GO:0033146,7,38,False,0.02564102564102564,HALLMARK_WNT_BETA_CATENIN_SIGNALING,6.160540877151916
GOBP_REGULATION_OF_INTRACELLULAR_PROTEIN_TRANSPORT,GO:0033157,6,151,False,0.026392961876832845,HALLMARK_MITOTIC_SPINDLE,4.780847200063377
GOBP_RESPONSE_TO_HYDROPEROXIDE,GO:0033194,4,20,False,0.029850746268656716,HALLMARK_REACTIVE_OXYGEN_SPECIES_PATHWAY,6.802394763324311
GOBP_RESPONSE_TO_ATP,GO:0033198,4,33,False,0.017467248908296942,HALLMARK_INFLAMMATORY_RESPONSE,6.3016194754118215
GOBP_TUMOR_NECROSIS_FACTOR_MEDIATED_SIGNALING_PATHWAY,GO:0033209,5,130,False,0.03773584905660377,HALLMARK_INTERFERON_GAMMA_RESPONSE,4.930592586422719
GOBP_REGULATION_OF_PROTEIN_SUMOYLATION,GO:0033233,10,24,False,0.015384615384615385,HALLMARK_WNT_BETA_CATENIN_SIGNALING,6.620073206530356
GOBP_REGULATION_OF_AMINE_METABOLIC_PROCESS,GO:0033238,5,26,False,0.013452914798206279,HALLMARK_KRAS_SIGNALING_DN,6.54003049885682
GOBP_RESPONSE_TO_VITAMIN,GO:0033273,4,89,False,0.029850746268656716,HALLMARK_REACTIVE_OXYGEN_SPECIES_PATHWAY,5.309490667146162
GOBP_RESPONSE_TO_VITAMIN_D,GO:0033280,4,40,False,0.02702702702702703,HALLMARK_ANGIOGENESIS,6.1092475827643655
GOBP_CHOLESTEROL_EFFLUX,GO:0033344,7,78,False,0.061452513966480445,HALLMARK_BILE_ACID_METABOLISM,5.44141821018871
GOBP_SECRETORY_GRANULE_ORGANIZATION,GO:0033363,6,76,False,0.023809523809523808,HALLMARK_PROTEIN_SECRETION,5.467393696591971
GOBP_CARBOHYDRATE_HOMEOSTASIS,GO:0033500,3,279,True,0.042483660130718956,HALLMARK_PANCREAS_BETA_CELLS,4.166915255056936
GOBP_MULTICELLULAR_ORGANISMAL_RESPONSE_TO_STRESS,GO:0033555,2,99,False,0.017167381974248927,HALLMARK_COAGULATION,5.2030071867437115
GOBP_UNSATURATED_FATTY_ACID_METABOLIC_PROCESS,GO:0033559,6,119,False,0.07046979865771812,HALLMARK_XENOBIOTIC_METABOLISM,5.019003543766773
GOBP_RESPONSE_TO_TESTOSTERONE,GO:0033574,4,45,False,0.016597510373443983,HALLMARK_MTORC1_SIGNALING,5.991464547107982
GOBP_MAMMARY_GLAND_EPITHELIAL_CELL_PROLIFERATION,GO:0033598,4,28,False,0.034482758620689655,HALLMARK_NOTCH_SIGNALING,6.465922526703098
GOBP_MEMBRANE_PROTEIN_PROTEOLYSIS,GO:0033619,6,64,False,0.041666666666666664,HALLMARK_APOPTOSIS,5.63924395351863
GOBP_INTEGRIN_ACTIVATION,GO:0033622,6,27,False,0.017937219730941704,HALLMARK_APICAL_JUNCTION,6.502290170873972
GOBP_CELL_ADHESION_MEDIATED_BY_INTEGRIN,GO:0033627,3,89,False,0.05090909090909091,HALLMARK_APICAL_JUNCTION,5.309490667146162
GOBP_REGULATION_OF_CELL_ADHESION_MEDIATED_BY_INTEGRIN,GO:0033628,5,49,False,0.03314917127071823,HALLMARK_COAGULATION,5.906306738767675
GOBP_POSITIVE_REGULATION_OF_CELL_ADHESION_MEDIATED_BY_INTEGRIN,GO:0033630,6,22,False,0.027777777777777776,HALLMARK_ALLOGRAFT_REJECTION,6.707084583519986
GOBP_NEGATIVE_REGULATION_OF_KINASE_ACTIVITY,GO:0033673,6,87,True,0.025,HALLMARK_ALLOGRAFT_REJECTION,5.332218918223718
GOBP_POSITIVE_REGULATION_OF_KINASE_ACTIVITY,GO:0033674,6,149,True,0.041791044776119404,HALLMARK_ALLOGRAFT_REJECTION,4.794180730932842
GOBP_OSTEOBLAST_PROLIFERATION,GO:0033687,3,36,False,0.046511627906976744,HALLMARK_TGF_BETA_SIGNALING,6.214608098422191
GOBP_REGULATION_OF_OSTEOBLAST_PROLIFERATION,GO:0033688,5,30,False,0.037037037037037035,HALLMARK_TGF_BETA_SIGNALING,6.396929655216146
GOBP_RESPONSE_TO_GLUCAGON,GO:0033762,5,20,False,0.017142857142857144,HALLMARK_UV_RESPONSE_UP,6.802394763324311
GOBP_P_BODY_ASSEMBLY,GO:0033962,7,23,False,0.022556390977443608,HALLMARK_UNFOLDED_PROTEIN_RESPONSE,6.662632820949152
GOBP_STRESS_GRANULE_ASSEMBLY,GO:0034063,7,35,False,0.009259259259259259,HALLMARK_CHOLESTEROL_HOMEOSTASIS,6.242778975388888
GOBP_PROTEIN_LOCALIZATION_TO_GOLGI_APPARATUS,GO:0034067,5,35,False,0.015503875968992248,HALLMARK_PROTEIN_SECRETION,6.242778975388888
GOBP_ERYTHROCYTE_HOMEOSTASIS,GO:0034101,3,159,True,0.0621301775147929,HALLMARK_HEME_METABOLISM,4.72922283465807
GOBP_REGULATION_OF_TISSUE_REMODELING,GO:0034103,4,86,False,0.02976190476190476,HALLMARK_IL6_JAK_STAT3_SIGNALING,5.343779740624794
GOBP_NEGATIVE_REGULATION_OF_TISSUE_REMODELING,GO:0034104,5,22,False,0.018691588785046728,HALLMARK_IL6_JAK_STAT3_SIGNALING,6.707084583519986
GOBP_POSITIVE_REGULATION_OF_TISSUE_REMODELING,GO:0034105,5,23,False,0.0182648401826484,HALLMARK_ALLOGRAFT_REJECTION,6.662632820949152
GOBP_HOMOTYPIC_CELL_CELL_ADHESION,GO:0034109,4,105,False,0.03389830508474576,HALLMARK_APICAL_JUNCTION,5.144166686720778
GOBP_REGULATION_OF_HOMOTYPIC_CELL_CELL_ADHESION,GO:0034110,6,41,False,0.029914529914529916,HALLMARK_COMPLEMENT,6.084554970173994
GOBP_POSITIVE_REGULATION_OF_HOMOTYPIC_CELL_CELL_ADHESION,GO:0034112,7,20,False,0.023255813953488372,HALLMARK_TNFA_SIGNALING_VIA_NFKB,6.802394763324311
GOBP_HETEROTYPIC_CELL_CELL_ADHESION,GO:0034113,4,63,False,0.039525691699604744,HALLMARK_ALLOGRAFT_REJECTION,5.654992310486769
GOBP_REGULATION_OF_HETEROTYPIC_CELL_CELL_ADHESION,GO:0034114,6,25,False,0.027522935779816515,HALLMARK_IL6_JAK_STAT3_SIGNALING,6.579251212010101
GOBP_REGULATION_OF_TOLL_LIKE_RECEPTOR_SIGNALING_PATHWAY,GO:0034121,6,40,False,0.01694915254237288,HALLMARK_COMPLEMENT,6.1092475827643655
GOBP_NEGATIVE_REGULATION_OF_TOLL_LIKE_RECEPTOR_SIGNALING_PATHWAY,GO:0034122,5,22,False,0.011235955056179775,HALLMARK_UV_RESPONSE_UP,6.707084583519986
GOBP_TOLL_LIKE_RECEPTOR_3_SIGNALING_PATHWAY,GO:0034138,7,28,False,0.017857142857142856,HALLMARK_TNFA_SIGNALING_VIA_NFKB,6.465922526703098
GOBP_REGULATION_OF_TOLL_LIKE_RECEPTOR_4_SIGNALING_PATHWAY,GO:0034143,6,38,False,0.017094017094017096,HALLMARK_TNFA_SIGNALING_VIA_NFKB,6.160540877151916
GOBP_NEGATIVE_REGULATION_OF_TOLL_LIKE_RECEPTOR_4_SIGNALING_PATHWAY,GO:0034144,5,21,False,0.015625,HALLMARK_APICAL_SURFACE,6.753604599154879
GOBP_TOLL_LIKE_RECEPTOR_9_SIGNALING_PATHWAY,GO:0034162,7,20,False,0.008695652173913044,HALLMARK_PROTEIN_SECRETION,6.802394763324311
GOBP_AMYLOID_BETA_FORMATION,GO:0034205,5,60,True,0.03755868544600939,HALLMARK_APOPTOSIS,5.703782474656201
GOBP_REGULATION_OF_AMIDE_METABOLIC_PROCESS,GO:0034248,5,88,False,0.024691358024691357,HALLMARK_APOPTOSIS,5.320790222400095
GOBP_NEGATIVE_REGULATION_OF_AMIDE_METABOLIC_PROCESS,GO:0034249,6,38,False,0.02145922746781116,HALLMARK_MYOGENESIS,6.160540877151916
GOBP_POSITIVE_REGULATION_OF_AMIDE_METABOLIC_PROCESS,GO:0034250,6,31,False,0.026737967914438502,HALLMARK_APOPTOSIS,6.364139832393156
GOBP_PRIMARY_ALCOHOL_METABOLIC_PROCESS,GO:0034308,5,103,False,0.041237113402061855,HALLMARK_XENOBIOTIC_METABOLISM,5.163398048648666
GOBP_DIOL_METABOLIC_PROCESS,GO:0034311,6,33,False,0.013043478260869565,HALLMARK_TNFA_SIGNALING_VIA_NFKB,6.3016194754118215
GOBP_DIOL_BIOSYNTHETIC_PROCESS,GO:0034312,7,23,False,0.0111731843575419,HALLMARK_FATTY_ACID_METABOLISM,6.662632820949152
GOBP_ARP2_3_COMPLEX_MEDIATED_ACTIN_NUCLEATION,GO:0034314,7,46,False,0.027210884353741496,HALLMARK_PI3K_AKT_MTOR_SIGNALING,5.969485640389206
GOBP_REGULATION_OF_ARP2_3_COMPLEX_MEDIATED_ACTIN_NUCLEATION,GO:0034315,8,31,False,0.016,HALLMARK_PROTEIN_SECRETION,6.364139832393156
GOBP_CELL_JUNCTION_MAINTENANCE,GO:0034331,5,53,False,0.01606425702811245,HALLMARK_APICAL_JUNCTION,5.82783512332618
GOBP_ADHERENS_JUNCTION_ORGANIZATION,GO:0034332,6,59,False,0.04435483870967742,HALLMARK_APICAL_JUNCTION,5.7205895929725825
GOBP_RESPONSE_TO_TYPE_I_INTERFERON,GO:0034340,5,92,True,0.08550185873605948,HALLMARK_INTERFERON_GAMMA_RESPONSE,5.276338459829262
GOBP_RESPONSE_TO_TYPE_II_INTERFERON,GO:0034341,5,128,False,0.06840390879478828,HALLMARK_INTERFERON_GAMMA_RESPONSE,4.946096772958684
GOBP_PROTEIN_CONTAINING_COMPLEX_REMODELING,GO:0034367,5,44,True,0.02824858757062147,HALLMARK_COAGULATION,6.013937402960041
GOBP_HIGH_DENSITY_LIPOPROTEIN_PARTICLE_REMODELING,GO:0034375,4,21,False,0.019230769230769232,HALLMARK_COAGULATION,6.753604599154879
GOBP_PLASMA_LIPOPROTEIN_PARTICLE_CLEARANCE,GO:0034381,2,61,False,0.031914893617021274,HALLMARK_ANGIOGENESIS,5.687253172704991
GOBP_LOW_DENSITY_LIPOPROTEIN_PARTICLE_CLEARANCE,GO:0034383,3,37,False,0.024793388429752067,HALLMARK_IL6_JAK_STAT3_SIGNALING,6.187209124234077
GOBP_LIPID_DROPLET_ORGANIZATION,GO:0034389,5,39,False,0.018018018018018018,HALLMARK_CHOLESTEROL_HOMEOSTASIS,6.134565390748655
GOBP_SMOOTH_MUSCLE_CELL_APOPTOTIC_PROCESS,GO:0034390,6,40,True,0.01694915254237288,HALLMARK_TNFA_SIGNALING_VIA_NFKB,6.1092475827643655
GOBP_PROTEIN_LOCALIZATION_TO_CELL_SURFACE,GO:0034394,4,68,False,0.019011406844106463,HALLMARK_APICAL_JUNCTION,5.578619331702195
GOBP_RESPONSE_TO_FLUID_SHEAR_STRESS,GO:0034405,3,44,False,0.031578947368421054,HALLMARK_TGF_BETA_SIGNALING,6.013937402960041
GOBP_LIPID_OXIDATION,GO:0034440,6,114,True,0.12396694214876033,HALLMARK_FATTY_ACID_METABOLISM,5.061928588483807
GOBP_SUBSTRATE_ADHESION_DEPENDENT_CELL_SPREADING,GO:0034446,4,100,False,0.030927835051546393,HALLMARK_EPITHELIAL_MESENCHYMAL_TRANSITION,5.19295685089021
GOBP_MICROTUBULE_ANCHORING,GO:0034453,4,25,False,0.0228310502283105,HALLMARK_MITOTIC_SPINDLE,6.579251212010101
GOBP_SNRNA_3_END_PROCESSING,GO:0034472,6,24,False,0.03007518796992481,HALLMARK_UNFOLDED_PROTEIN_RESPONSE,6.620073206530356
GOBP_PROTEIN_LOCALIZATION_TO_CHROMOSOME,GO:0034502,5,128,False,0.04792332268370607,HALLMARK_G2M_CHECKPOINT,4.946096772958684
GOBP_TOOTH_MINERALIZATION,GO:0034505,5,34,False,0.014492753623188406,HALLMARK_ANGIOGENESIS,6.271766512262141
GOBP_CENTROMERE_COMPLEX_ASSEMBLY,GO:0034508,6,30,False,0.017777777777777778,HALLMARK_MITOTIC_SPINDLE,6.396929655216146
GOBP_PIRNA_PROCESSING,GO:0034587,6,22,False,0.00847457627118644,HALLMARK_INTERFERON_ALPHA_RESPONSE,6.707084583519986
GOBP_CELLULAR_RESPONSE_TO_OXIDATIVE_STRESS,GO:0034599,4,259,False,0.0547945205479452,HALLMARK_REACTIVE_OXYGEN_SPECIES_PATHWAY,4.241298975178764
GOBP_CELLULAR_RESPONSE_TO_HEAT,GO:0034605,4,67,False,0.01809954751131222,HALLMARK_UV_RESPONSE_UP,5.593434417487336
GOBP_RESPONSE_TO_TUMOR_NECROSIS_FACTOR,GO:0034612,5,243,True,0.04976303317535545,HALLMARK_TNFA_SIGNALING_VIA_NFKB,4.305065593537753
GOBP_CELLULAR_RESPONSE_TO_REACTIVE_OXYGEN_SPECIES,GO:0034614,5,152,False,0.046875,HALLMARK_REACTIVE_OXYGEN_SPECIES_PATHWAY,4.774246516032026
GOBP_RESPONSE_TO_LAMINAR_FLUID_SHEAR_STRESS,GO:0034616,4,22,False,0.0410958904109589,HALLMARK_TGF_BETA_SIGNALING,6.707084583519986
GOBP_CELLULAR_RESPONSE_TO_UNFOLDED_PROTEIN,GO:0034620,5,102,True,0.075,HALLMARK_UNFOLDED_PROTEIN_RESPONSE,5.173154223594031
GOBP_ESTABLISHMENT_OF_MITOCHONDRION_LOCALIZATION_MICROTUBULE_MEDIATED,GO:0034643,4,28,True,0.0365296803652968,HALLMARK_MITOTIC_SPINDLE,6.465922526703098
GOBP_CELLULAR_RESPONSE_TO_UV,GO:0034644,6,91,False,0.05240174672489083,HALLMARK_DNA_REPAIR,5.287267530361452
GOBP_NUCLEOBASE_CONTAINING_SMALL_MOLECULE_CATABOLIC_PROCESS,GO:0034656,5,24,False,0.01818181818181818,HALLMARK_XENOBIOTIC_METABOLISM,6.620073206530356
GOBP_RESPONSE_TO_PROSTAGLANDIN,GO:0034694,4,38,False,0.02142857142857143,HALLMARK_PI3K_AKT_MTOR_SIGNALING,6.160540877151916
GOBP_RESPONSE_TO_PROSTAGLANDIN_E,GO:0034695,5,28,False,0.023076923076923078,HALLMARK_PI3K_AKT_MTOR_SIGNALING,6.465922526703098
GOBP_RESPONSE_TO_GONADOTROPIN,GO:0034698,4,28,False,0.02666666666666667,HALLMARK_REACTIVE_OXYGEN_SPECIES_PATHWAY,6.465922526703098
GOBP_NUCLEOSOME_ORGANIZATION,GO:0034728,6,139,True,0.030395136778115502,HALLMARK_E2F_TARGETS,4.86365310374761
GOBP_IRON_ION_TRANSMEMBRANE_TRANSPORT,GO:0034755,5,23,False,0.013636363636363636,HALLMARK_HEME_METABOLISM,6.662632820949152
GOBP_NEGATIVE_REGULATION_OF_TRANSMEMBRANE_TRANSPORT,GO:0034763,5,134,False,0.024539877300613498,HALLMARK_MYOGENESIS,4.90028723692739
GOBP_POSITIVE_REGULATION_OF_TRANSMEMBRANE_TRANSPORT,GO:0034764,5,192,False,0.0425531914893617,HALLMARK_INFLAMMATORY_RESPONSE,4.54063166485052
GOBP_NEGATIVE_REGULATION_OF_MONOATOMIC_ION_TRANSMEMBRANE_TRANSPORT,GO:0034766,6,87,True,0.025,HALLMARK_MYOGENESIS,5.332218918223718
GOBP_POSITIVE_REGULATION_OF_MONOATOMIC_ION_TRANSMEMBRANE_TRANSPORT,GO:0034767,6,132,True,0.04075235109717868,HALLMARK_INFLAMMATORY_RESPONSE,4.915325114291931
GOBP_RESPONSE_TO_ENDOPLASMIC_RETICULUM_STRESS,GO:0034976,4,283,False,0.06451612903225806,HALLMARK_UNFOLDED_PROTEIN_RESPONSE,4.1526801392350645
GOBP_SOMATIC_STEM_CELL_POPULATION_MAINTENANCE,GO:0035019,3,78,False,0.03125,HALLMARK_TGF_BETA_SIGNALING,5.44141821018871
GOBP_REGULATION_OF_RAC_PROTEIN_SIGNAL_TRANSDUCTION,GO:0035020,7,32,False,0.014925373134328358,HALLMARK_HEDGEHOG_SIGNALING,6.332391134078575
GOBP_REGULATION_OF_RHO_PROTEIN_SIGNAL_TRANSDUCTION,GO:0035023,7,94,False,0.0353356890459364,HALLMARK_MITOTIC_SPINDLE,5.2548322546082975
GOBP_NEGATIVE_REGULATION_OF_RHO_PROTEIN_SIGNAL_TRANSDUCTION,GO:0035024,8,25,False,0.011976047904191617,HALLMARK_UV_RESPONSE_DN,6.579251212010101
GOBP_POSITIVE_REGULATION_OF_RHO_PROTEIN_SIGNAL_TRANSDUCTION,GO:0035025,8,29,False,0.01764705882352941,HALLMARK_UV_RESPONSE_DN,6.430831206891828
GOBP_SPERM_EGG_RECOGNITION,GO:0035036,4,54,False,0.02717391304347826,HALLMARK_SPERMATOGENESIS,5.809142990314028
GOBP_EMBRYONIC_HEART_TUBE_DEVELOPMENT,GO:0035050,4,88,False,0.043478260869565216,HALLMARK_NOTCH_SIGNALING,5.320790222400095
GOBP_CARDIOCYTE_DIFFERENTIATION,GO:0035051,4,173,False,0.04189944134078212,HALLMARK_MYOGENESIS,4.644835442380523
GOBP_AXONEME_ASSEMBLY,GO:0035082,5,105,False,0.006944444444444444,HALLMARK_PANCREAS_BETA_CELLS,5.144166686720778
GOBP_RESPONSE_TO_NICOTINE,GO:0035094,3,49,False,0.029411764705882353,HALLMARK_APOPTOSIS,5.906306738767675
GOBP_APPENDAGE_MORPHOGENESIS,GO:0035107,3,156,True,0.03125,HALLMARK_WNT_BETA_CATENIN_SIGNALING,4.748271029628765
GOBP_EMBRYONIC_APPENDAGE_MORPHOGENESIS,GO:0035113,4,129,True,0.03636363636363636,HALLMARK_WNT_BETA_CATENIN_SIGNALING,4.938314632516629
GOBP_EMBRYONIC_FORELIMB_MORPHOGENESIS,GO:0035115,6,33,False,0.014705882352941176,HALLMARK_HEDGEHOG_SIGNALING,6.3016194754118215
GOBP_EMBRYONIC_HINDLIMB_MORPHOGENESIS,GO:0035116,6,29,False,0.028985507246376812,HALLMARK_WNT_BETA_CATENIN_SIGNALING,6.430831206891828
GOBP_FORELIMB_MORPHOGENESIS,GO:0035136,5,40,False,0.013333333333333334,HALLMARK_HEDGEHOG_SIGNALING,6.1092475827643655
GOBP_HINDLIMB_MORPHOGENESIS,GO:0035137,5,36,False,0.04,HALLMARK_WNT_BETA_CATENIN_SIGNALING,6.214608098422191
GOBP_TUBE_FORMATION,GO:0035148,3,153,True,0.031746031746031744,HALLMARK_WNT_BETA_CATENIN_SIGNALING,4.767689115485866
GOBP_REGULATION_OF_TUBE_SIZE,GO:0035150,4,162,True,0.03194888178913738,HALLMARK_APOPTOSIS,4.710530701645918
GOBP_EMBRYONIC_HEMOPOIESIS,GO:0035162,5,24,False,0.01694915254237288,HALLMARK_HEDGEHOG_SIGNALING,6.620073206530356
GOBP_MIRNA_PROCESSING,GO:0035196,6,44,False,0.031578947368421054,HALLMARK_TGF_BETA_SIGNALING,6.013937402960041
GOBP_IONOTROPIC_GLUTAMATE_RECEPTOR_SIGNALING_PATHWAY,GO:0035235,4,31,False,0.015151515151515152,HALLMARK_HEDGEHOG_SIGNALING,6.364139832393156
GOBP_SYNAPTIC_TRANSMISSION_GLUTAMATERGIC,GO:0035249,8,108,False,0.016556291390728478,HALLMARK_MITOTIC_SPINDLE,5.115995809754082
GOBP_MULTICELLULAR_ORGANISM_GROWTH,GO:0035264,2,178,False,0.02821316614420063,HALLMARK_DNA_REPAIR,4.616343486586216
GOBP_ORGAN_GROWTH,GO:0035265,2,188,False,0.02786377708978328,HALLMARK_UV_RESPONSE_DN,4.561685074048353
GOBP_ENDOCRINE_SYSTEM_DEVELOPMENT,GO:0035270,4,138,False,0.05325443786982249,HALLMARK_PANCREAS_BETA_CELLS,4.870873351721097
GOBP_EXOCRINE_SYSTEM_DEVELOPMENT,GO:0035272,4,51,False,0.03571428571428571,HALLMARK_ANGIOGENESIS,5.866301404153976
GOBP_MIRNA_MEDIATED_GENE_SILENCING_BY_INHIBITION_OF_TRANSLATION,GO:0035278,9,99,False,0.004739336492890996,HALLMARK_UNFOLDED_PROTEIN_RESPONSE,5.2030071867437115
GOBP_MIRNA_MEDIATED_GENE_SILENCING_BY_MRNA_DESTABILIZATION,GO:0035279,6,105,False,0.004975124378109453,HALLMARK_INTERFERON_ALPHA_RESPONSE,5.144166686720778
GOBP_SEGMENTATION,GO:0035282,4,104,False,0.07352941176470588,HALLMARK_WNT_BETA_CATENIN_SIGNALING,5.153736137736929
GOBP_REGULATION_OF_DEPHOSPHORYLATION,GO:0035303,7,24,False,0.012987012987012988,HALLMARK_TGF_BETA_SIGNALING,6.620073206530356
GOBP_WOUND_HEALING_SPREADING_OF_EPIDERMAL_CELLS,GO:0035313,5,27,False,0.031818181818181815,HALLMARK_EPITHELIAL_MESENCHYMAL_TRANSITION,6.502290170873972
GOBP_HAIR_CELL_DIFFERENTIATION,GO:0035315,5,59,True,0.07446808510638298,HALLMARK_WNT_BETA_CATENIN_SIGNALING,5.7205895929725825
GOBP_HIPPO_SIGNALING,GO:0035329,4,58,False,0.015748031496062992,HALLMARK_APICAL_JUNCTION,5.737684026331882
GOBP_REGULATION_OF_HIPPO_SIGNALING,GO:0035330,6,42,False,0.01680672268907563,HALLMARK_APICAL_JUNCTION,6.060457418594933
GOBP_NEGATIVE_REGULATION_OF_HIPPO_SIGNALING,GO:0035331,7,24,False,0.009009009009009009,HALLMARK_APICAL_JUNCTION,6.620073206530356
GOBP_PEPTIDYL_TYROSINE_DEPHOSPHORYLATION,GO:0035335,7,22,False,0.02830188679245283,HALLMARK_IL6_JAK_STAT3_SIGNALING,6.707084583519986
GOBP_LONG_CHAIN_FATTY_ACYL_COA_METABOLIC_PROCESS,GO:0035336,6,25,False,0.032,HALLMARK_PEROXISOME,6.579251212010101
GOBP_FATTY_ACYL_COA_METABOLIC_PROCESS,GO:0035337,5,41,False,0.058394160583941604,HALLMARK_PEROXISOME,6.084554970173994
GOBP_PEROXISOME_PROLIFERATOR_ACTIVATED_RECEPTOR_SIGNALING_PATHWAY,GO:0035357,6,30,False,0.0297029702970297,HALLMARK_CHOLESTEROL_HOMEOSTASIS,6.396929655216146
GOBP_REGULATION_OF_PEROXISOME_PROLIFERATOR_ACTIVATED_RECEPTOR_SIGNALING_PATHWAY,GO:0035358,6,20,False,0.0136986301369863,HALLMARK_TGF_BETA_SIGNALING,6.802394763324311
GOBP_THIOESTER_BIOSYNTHETIC_PROCESS,GO:0035384,5,51,True,0.05555555555555555,HALLMARK_FATTY_ACID_METABOLISM,5.866301404153976
GOBP_PROTEIN_LOCALIZATION_TO_SYNAPSE,GO:0035418,5,90,False,0.017543859649122806,HALLMARK_APICAL_JUNCTION,5.298317366548036
GOBP_RESPONSE_TO_INTERFERON_ALPHA,GO:0035455,5,21,False,0.07272727272727272,HALLMARK_INTERFERON_ALPHA_RESPONSE,6.753604599154879
GOBP_RESPONSE_TO_INTERFERON_BETA,GO:0035456,5,37,False,0.06349206349206349,HALLMARK_INTERFERON_ALPHA_RESPONSE,6.187209124234077
GOBP_CELLULAR_RESPONSE_TO_INTERFERON_BETA,GO:0035458,6,29,False,0.03278688524590164,HALLMARK_INTERFERON_ALPHA_RESPONSE,6.430831206891828
GOBP_VESICLE_CARGO_LOADING,GO:0035459,4,36,False,0.047619047619047616,HALLMARK_PROTEIN_SECRETION,6.214608098422191
GOBP_VITAMIN_TRANSMEMBRANE_TRANSPORT,GO:0035461,3,21,False,0.02459016393442623,HALLMARK_PEROXISOME,6.753604599154879
GOBP_SNARE_COMPLEX_ASSEMBLY,GO:0035493,6,24,False,0.01694915254237288,HALLMARK_PROTEIN_SECRETION,6.620073206530356
GOBP_NON_CANONICAL_WNT_SIGNALING_PATHWAY,GO:0035567,5,69,False,0.0673076923076923,HALLMARK_WNT_BETA_CATENIN_SIGNALING,5.5640205322810425
GOBP_PURINERGIC_NUCLEOTIDE_RECEPTOR_SIGNALING_PATHWAY,GO:0035590,4,32,False,0.022026431718061675,HALLMARK_INFLAMMATORY_RESPONSE,6.332391134078575
GOBP_PROTEIN_DEACYLATION,GO:0035601,6,33,False,0.013043478260869565,HALLMARK_ALLOGRAFT_REJECTION,6.3016194754118215
GOBP_MAINTENANCE_OF_BLOOD_BRAIN_BARRIER,GO:0035633,5,39,False,0.03463203463203463,HALLMARK_APICAL_JUNCTION,6.134565390748655
GOBP_EXPLORATION_BEHAVIOR,GO:0035640,3,40,False,0.012658227848101266,HALLMARK_XENOBIOTIC_METABOLISM,6.1092475827643655
GOBP_CD4_POSITIVE_ALPHA_BETA_T_CELL_ACTIVATION,GO:0035710,6,135,False,0.07717041800643087,HALLMARK_ALLOGRAFT_REJECTION,4.892852258439873
GOBP_SODIUM_ION_TRANSMEMBRANE_TRANSPORT,GO:0035725,5,186,False,0.018469656992084433,HALLMARK_KRAS_SIGNALING_DN,4.5723803631651005
GOBP_CD4_POSITIVE_ALPHA_BETA_T_CELL_PROLIFERATION,GO:0035739,7,22,True,0.02304147465437788,HALLMARK_ALLOGRAFT_REJECTION,6.707084583519986
GOBP_REGULATION_OF_LYSOSOMAL_LUMEN_PH,GO:0035751,4,32,False,0.03225806451612903,HALLMARK_PROTEIN_SECRETION,6.332391134078575
GOBP_ENDOTHELIAL_CELL_CHEMOTAXIS,GO:0035767,5,33,False,0.045454545454545456,HALLMARK_ANGIOGENESIS,6.3016194754118215
GOBP_INSULIN_SECRETION_INVOLVED_IN_CELLULAR_RESPONSE_TO_GLUCOSE_STIMULUS,GO:0035773,4,75,True,0.045454545454545456,HALLMARK_PANCREAS_BETA_CELLS,5.480638923341991
GOBP_POSITIVE_REGULATION_OF_INSULIN_SECRETION_INVOLVED_IN_CELLULAR_RESPONSE_TO_GLUCOSE_STIMULUS,GO:0035774,6,40,False,0.05263157894736842,HALLMARK_PANCREAS_BETA_CELLS,6.1092475827643655
GOBP_POSITIVE_REGULATION_OF_MITOCHONDRIAL_MEMBRANE_PERMEABILITY,GO:0035794,5,45,True,0.04040404040404041,HALLMARK_APOPTOSIS,5.991464547107982
GOBP_REGULATION_OF_URINE_VOLUME,GO:0035809,4,21,False,0.013761467889908258,HALLMARK_INFLAMMATORY_RESPONSE,6.753604599154879
GOBP_MODULATION_OF_PROCESS_OF_ANOTHER_ORGANISM,GO:0035821,2,122,True,0.04285714285714286,HALLMARK_INTERFERON_ALPHA_RESPONSE,4.9941059921450455
GOBP_HOMOLOGOUS_RECOMBINATION,GO:0035825,7,68,True,0.046875,HALLMARK_E2F_TARGETS,5.578619331702195
GOBP_EPITHELIAL_CELL_DIFFERENTIATION_INVOLVED_IN_KIDNEY_DEVELOPMENT,GO:0035850,5,50,False,0.0379746835443038,HALLMARK_NOTCH_SIGNALING,5.886104031450156
GOBP_MEGAKARYOCYTE_DEVELOPMENT,GO:0035855,6,23,False,0.0136986301369863,HALLMARK_MITOTIC_SPINDLE,6.662632820949152
GOBP_RESPONSE_TO_POTASSIUM_ION,GO:0035864,4,21,False,0.016260162601626018,HALLMARK_PEROXISOME,6.753604599154879
GOBP_NUCLEOTIDE_BINDING_DOMAIN_LEUCINE_RICH_REPEAT_CONTAINING_RECEPTOR_SIGNALING_PATHWAY,GO:0035872,6,30,False,0.026785714285714284,HALLMARK_TNFA_SIGNALING_VIA_NFKB,6.396929655216146
GOBP_ENTEROENDOCRINE_CELL_DIFFERENTIATION,GO:0035883,5,38,False,0.09859154929577464,HALLMARK_PANCREAS_BETA_CELLS,6.160540877151916
GOBP_VASCULAR_ASSOCIATED_SMOOTH_MUSCLE_CELL_DIFFERENTIATION,GO:0035886,6,41,False,0.028169014084507043,HALLMARK_NOTCH_SIGNALING,6.084554970173994
GOBP_RESPONSE_TO_IMMOBILIZATION_STRESS,GO:0035902,3,25,False,0.0223463687150838,HALLMARK_UV_RESPONSE_UP,6.579251212010101
GOBP_AORTA_DEVELOPMENT,GO:0035904,5,69,False,0.04716981132075472,HALLMARK_WNT_BETA_CATENIN_SIGNALING,5.5640205322810425
GOBP_AORTA_MORPHOGENESIS,GO:0035909,6,38,False,0.06666666666666667,HALLMARK_WNT_BETA_CATENIN_SIGNALING,6.160540877151916
GOBP_SKELETAL_MUSCLE_CELL_DIFFERENTIATION,GO:0035914,4,83,False,0.02909090909090909,HALLMARK_TNFA_SIGNALING_VIA_NFKB,5.379286429081704
GOBP_CELLULAR_RESPONSE_TO_VASCULAR_ENDOTHELIAL_GROWTH_FACTOR_STIMULUS,GO:0035924,5,85,False,0.03636363636363636,HALLMARK_EPITHELIAL_MESENCHYMAL_TRANSITION,5.3554757803879856
GOBP_STEROID_HORMONE_SECRETION,GO:0035929,4,30,False,0.015384615384615385,HALLMARK_ANGIOGENESIS,6.396929655216146
GOBP_CORTICOSTEROID_HORMONE_SECRETION,GO:0035930,5,22,True,0.015384615384615385,HALLMARK_APICAL_SURFACE,6.707084583519986
GOBP_RESPONSE_TO_TOPOLOGICALLY_INCORRECT_PROTEIN,GO:0035966,3,165,True,0.06923076923076923,HALLMARK_UNFOLDED_PROTEIN_RESPONSE,4.692181562977721
GOBP_CELLULAR_RESPONSE_TO_TOPOLOGICALLY_INCORRECT_PROTEIN,GO:0035967,4,117,False,0.06976744186046512,HALLMARK_UNFOLDED_PROTEIN_RESPONSE,5.035953102080546
GOBP_CHONDROCYTE_PROLIFERATION,GO:0035988,3,26,False,0.02564102564102564,HALLMARK_TGF_BETA_SIGNALING,6.54003049885682
GOBP_RESPONSE_TO_MUSCLE_STRETCH,GO:0035994,4,26,False,0.027472527472527472,HALLMARK_APOPTOSIS,6.54003049885682
GOBP_PROTEIN_LOCALIZATION_TO_ENDOSOME,GO:0036010,5,27,False,0.03278688524590164,HALLMARK_HEDGEHOG_SIGNALING,6.502290170873972
GOBP_CD8_POSITIVE_ALPHA_BETA_T_CELL_ACTIVATION,GO:0036037,6,28,False,0.02702702702702703,HALLMARK_INTERFERON_GAMMA_RESPONSE,6.465922526703098
GOBP_REPLACEMENT_OSSIFICATION,GO:0036075,3,31,True,0.016129032258064516,HALLMARK_UV_RESPONSE_UP,6.364139832393156
GOBP_PHOSPHATIDYLINOSITOL_3_PHOSPHATE_BIOSYNTHETIC_PROCESS,GO:0036092,9,23,False,0.024539877300613498,HALLMARK_UV_RESPONSE_DN,6.662632820949152
GOBP_RESPONSE_TO_PLATELET_DERIVED_GROWTH_FACTOR,GO:0036119,4,27,True,0.02702702702702703,HALLMARK_IL6_JAK_STAT3_SIGNALING,6.502290170873972
GOBP_OUTER_DYNEIN_ARM_ASSEMBLY,GO:0036158,7,23,False,0.0,,6.662632820949152
GOBP_GRANULOCYTE_ACTIVATION,GO:0036230,4,57,True,0.044715447154471545,HALLMARK_ALLOGRAFT_REJECTION,5.755075769043752
GOBP_MULTIVESICULAR_BODY_ORGANIZATION,GO:0036257,7,33,True,0.023809523809523808,HALLMARK_PROTEIN_SECRETION,6.3016194754118215
GOBP_RESPONSE_TO_INCREASED_OXYGEN_LEVELS,GO:0036296,4,27,False,0.0410958904109589,HALLMARK_REACTIVE_OXYGEN_SPECIES_PATHWAY,6.502290170873972
GOBP_INTERSTRAND_CROSS_LINK_REPAIR,GO:0036297,6,42,False,0.015873015873015872,HALLMARK_DNA_REPAIR,6.060457418594933
GOBP_LYMPH_VESSEL_MORPHOGENESIS,GO:0036303,3,24,False,0.01818181818181818,HALLMARK_EPITHELIAL_MESENCHYMAL_TRANSITION,6.620073206530356
GOBP_RESPONSE_TO_STEROL,GO:0036314,4,36,True,0.027777777777777776,HALLMARK_BILE_ACID_METABOLISM,6.214608098422191
GOBP_CELLULAR_RESPONSE_TO_STEROL,GO:0036315,5,26,False,0.01639344262295082,HALLMARK_HEDGEHOG_SIGNALING,6.54003049885682
GOBP_DENDRITIC_CELL_MIGRATION,GO:0036336,4,33,False,0.030973451327433628,HALLMARK_ALLOGRAFT_REJECTION,6.3016194754118215
GOBP_POST_ANAL_TAIL_MORPHOGENESIS,GO:0036342,3,21,False,0.019230769230769232,HALLMARK_NOTCH_SIGNALING,6.753604599154879
GOBP_PLATELET_MORPHOGENESIS,GO:0036344,4,27,True,0.016129032258064516,HALLMARK_HEDGEHOG_SIGNALING,6.502290170873972
GOBP_SODIUM_ION_EXPORT_ACROSS_PLASMA_MEMBRANE,GO:0036376,4,22,False,0.008547008547008548,HALLMARK_PROTEIN_SECRETION,6.707084583519986
GOBP_SYNAPTIC_VESICLE_RECYCLING,GO:0036465,4,87,False,0.05172413793103448,HALLMARK_PROTEIN_SECRETION,5.332218918223718
GOBP_NEURON_INTRINSIC_APOPTOTIC_SIGNALING_PATHWAY_IN_RESPONSE_TO_OXIDATIVE_STRESS,GO:0036480,6,24,True,0.047619047619047616,HALLMARK_WNT_BETA_CATENIN_SIGNALING,6.620073206530356
GOBP_IRE1_MEDIATED_UNFOLDED_PROTEIN_RESPONSE,GO:0036498,5,22,False,0.030534351145038167,HALLMARK_UNFOLDED_PROTEIN_RESPONSE,6.707084583519986
GOBP_PERK_MEDIATED_UNFOLDED_PROTEIN_RESPONSE,GO:0036499,5,24,False,0.03007518796992481,HALLMARK_UNFOLDED_PROTEIN_RESPONSE,6.620073206530356
GOBP_ERAD_PATHWAY,GO:0036503,4,112,False,0.041666666666666664,HALLMARK_UNFOLDED_PROTEIN_RESPONSE,5.079628165583207
GOBP_SIGNAL_TRANSDUCTION_IN_ABSENCE_OF_LIGAND,GO:0038034,3,73,True,0.05405405405405406,HALLMARK_APOPTOSIS,5.50766759572991
GOBP_NON_CANONICAL_NF_KAPPAB_SIGNAL_TRANSDUCTION,GO:0038061,5,140,False,0.055900621118012424,HALLMARK_TNFA_SIGNALING_VIA_NFKB,4.8564846142689975
GOBP_P38MAPK_CASCADE,GO:0038066,6,60,False,0.04,HALLMARK_TNFA_SIGNALING_VIA_NFKB,5.703782474656201
GOBP_VASCULAR_ENDOTHELIAL_GROWTH_FACTOR_SIGNALING_PATHWAY,GO:0038084,6,58,False,0.044444444444444446,HALLMARK_HEDGEHOG_SIGNALING,5.737684026331882
GOBP_NODAL_SIGNALING_PATHWAY,GO:0038092,8,22,False,0.0410958904109589,HALLMARK_TGF_BETA_SIGNALING,6.707084583519986
GOBP_FC_RECEPTOR_SIGNALING_PATHWAY,GO:0038093,5,61,False,0.0440251572327044,HALLMARK_PI3K_AKT_MTOR_SIGNALING,5.687253172704991
GOBP_FC_GAMMA_RECEPTOR_SIGNALING_PATHWAY,GO:0038094,6,38,False,0.030303030303030304,HALLMARK_ALLOGRAFT_REJECTION,6.160540877151916
GOBP_FC_EPSILON_RECEPTOR_SIGNALING_PATHWAY,GO:0038095,6,25,False,0.04838709677419355,HALLMARK_PI3K_AKT_MTOR_SIGNALING,6.579251212010101
GOBP_ERBB_SIGNALING_PATHWAY,GO:0038127,6,141,True,0.0423728813559322,HALLMARK_PI3K_AKT_MTOR_SIGNALING,4.849367146500134
GOBP_ERBB2_SIGNALING_PATHWAY,GO:0038128,7,23,False,0.024,HALLMARK_PI3K_AKT_MTOR_SIGNALING,6.662632820949152
GOBP_ANGIOTENSIN_ACTIVATED_SIGNALING_PATHWAY,GO:0038166,4,23,False,0.018518518518518517,HALLMARK_NOTCH_SIGNALING,6.662632820949152
GOBP_NEUROTROPHIN_SIGNALING_PATHWAY,GO:0038179,4,39,False,0.02857142857142857,HALLMARK_PI3K_AKT_MTOR_SIGNALING,6.134565390748655
GOBP_TORC1_SIGNALING,GO:0038202,5,114,True,0.04285714285714286,HALLMARK_PI3K_AKT_MTOR_SIGNALING,5.061928588483807
GOBP_TORC2_SIGNALING,GO:0038203,5,22,False,0.032520325203252036,HALLMARK_PI3K_AKT_MTOR_SIGNALING,6.707084583519986
GOBP_RIG_I_SIGNALING_PATHWAY,GO:0039529,6,30,False,0.032520325203252036,HALLMARK_INTERFERON_ALPHA_RESPONSE,6.396929655216146
GOBP_REGULATION_OF_CYTOPLASMIC_PATTERN_RECOGNITION_RECEPTOR_SIGNALING_PATHWAY,GO:0039531,6,137,False,0.027439024390243903,HALLMARK_INTERFERON_GAMMA_RESPONSE,4.878146111050177
GOBP_NEGATIVE_REGULATION_OF_CYTOPLASMIC_PATTERN_RECOGNITION_RECEPTOR_SIGNALING_PATHWAY,GO:0039532,5,65,False,0.012578616352201259,HALLMARK_PROTEIN_SECRETION,5.6237397669826645
GOBP_REGULATION_OF_RIG_I_SIGNALING_PATHWAY,GO:0039535,7,22,False,0.02586206896551724,HALLMARK_INTERFERON_ALPHA_RESPONSE,6.707084583519986
GOBP_VIRAL_RNA_GENOME_REPLICATION,GO:0039694,3,26,False,0.013452914798206279,HALLMARK_MYC_TARGETS_V1,6.54003049885682
GOBP_ESTABLISHMENT_OF_MITOTIC_SPINDLE_LOCALIZATION,GO:0040001,5,42,True,0.03879310344827586,HALLMARK_MITOTIC_SPINDLE,6.060457418594933
GOBP_REGULATION_OF_MULTICELLULAR_ORGANISM_GROWTH,GO:0040014,4,68,False,0.01818181818181818,HALLMARK_APICAL_SURFACE,5.578619331702195
GOBP_POSITIVE_REGULATION_OF_MULTICELLULAR_ORGANISM_GROWTH,GO:0040018,5,34,False,0.012987012987012988,HALLMARK_APICAL_SURFACE,6.271766512262141
GOBP_POSITIVE_REGULATION_OF_EMBRYONIC_DEVELOPMENT,GO:0040019,5,22,False,0.017543859649122806,HALLMARK_HEDGEHOG_SIGNALING,6.707084583519986
GOBP_REGULATION_OF_MEIOTIC_NUCLEAR_DIVISION,GO:0040020,5,35,False,0.017316017316017316,HALLMARK_E2F_TARGETS,6.242778975388888
GOBP_REGULATION_OF_FIBROBLAST_GROWTH_FACTOR_RECEPTOR_SIGNALING_PATHWAY,GO:0040036,5,41,False,0.03260869565217391,HALLMARK_TGF_BETA_SIGNALING,6.084554970173994
GOBP_NEGATIVE_REGULATION_OF_FIBROBLAST_GROWTH_FACTOR_RECEPTOR_SIGNALING_PATHWAY,GO:0040037,6,25,False,0.029850746268656716,HALLMARK_APICAL_SURFACE,6.579251212010101
GOBP_PROTEIN_REFOLDING,GO:0042026,3,29,False,0.02158273381294964,HALLMARK_UNFOLDED_PROTEIN_RESPONSE,6.430831206891828
GOBP_FLUID_TRANSPORT,GO:0042044,4,39,False,0.01702127659574468,HALLMARK_INFLAMMATORY_RESPONSE,6.134565390748655
GOBP_REGULATION_OF_CATECHOLAMINE_METABOLIC_PROCESS,GO:0042069,6,21,True,0.013761467889908258,HALLMARK_KRAS_SIGNALING_DN,6.753604599154879
GOBP_INTRACILIARY_TRANSPORT,GO:0042073,5,50,False,0.012195121951219513,HALLMARK_MITOTIC_SPINDLE,5.886104031450156
GOBP_T_HELPER_1_TYPE_IMMUNE_RESPONSE,GO:0042088,5,50,False,0.05485232067510549,HALLMARK_ALLOGRAFT_REJECTION,5.886104031450156
GOBP_TYPE_2_IMMUNE_RESPONSE,GO:0042092,3,45,False,0.05150214592274678,HALLMARK_ALLOGRAFT_REJECTION,5.991464547107982
GOBP_T_CELL_PROLIFERATION,GO:0042098,5,225,True,0.09819121447028424,HALLMARK_ALLOGRAFT_REJECTION,4.382026634673881
GOBP_B_CELL_PROLIFERATION,GO:0042100,5,93,False,0.05017921146953405,HALLMARK_ALLOGRAFT_REJECTION,5.265527543725046
GOBP_POSITIVE_REGULATION_OF_T_CELL_PROLIFERATION,GO:0042102,8,108,False,0.1,HALLMARK_ALLOGRAFT_REJECTION,5.115995809754082
GOBP_POSITIVE_REGULATION_OF_ACTIVATED_T_CELL_PROLIFERATION,GO:0042104,9,28,False,0.02702702702702703,HALLMARK_TNFA_SIGNALING_VIA_NFKB,6.465922526703098
GOBP_B_CELL_ACTIVATION,GO:0042113,4,292,False,0.06724511930585683,HALLMARK_ALLOGRAFT_REJECTION,4.1213732346100205
GOBP_MACROPHAGE_ACTIVATION,GO:0042116,4,116,False,0.056856187290969896,HALLMARK_ALLOGRAFT_REJECTION,5.044536845771937
GOBP_NEGATIVE_REGULATION_OF_T_CELL_PROLIFERATION,GO:0042130,8,79,False,0.041044776119402986,HALLMARK_ALLOGRAFT_REJECTION,5.42867918441128
GOBP_RETROGRADE_TRANSPORT_ENDOSOME_TO_GOLGI,GO:0042147,4,108,False,0.05699481865284974,HALLMARK_PROTEIN_SECRETION,5.115995809754082
GOBP_CELLULAR_RESPONSE_TO_GLUCOSE_STARVATION,GO:0042149,5,50,False,0.04487179487179487,HALLMARK_UNFOLDED_PROTEIN_RESPONSE,5.886104031450156
GOBP_LIPOPROTEIN_METABOLIC_PROCESS,GO:0042157,5,89,False,0.027149321266968326,HALLMARK_COAGULATION,5.309490667146162
GOBP_LIPOPROTEIN_BIOSYNTHETIC_PROCESS,GO:0042158,5,49,True,0.0163265306122449,HALLMARK_ADIPOGENESIS,5.906306738767675
GOBP_NEGATIVE_REGULATION_OF_PROTEIN_CATABOLIC_PROCESS,GO:0042177,7,121,False,0.01968503937007874,HALLMARK_COAGULATION,5.002336491281561
GOBP_XENOBIOTIC_CATABOLIC_PROCESS,GO:0042178,4,26,False,0.023622047244094488,HALLMARK_PEROXISOME,6.54003049885682
GOBP_KETONE_METABOLIC_PROCESS,GO:0042180,3,231,False,0.03625377643504532,HALLMARK_BILE_ACID_METABOLISM,4.355709326356508
GOBP_KETONE_BIOSYNTHETIC_PROCESS,GO:0042181,4,53,False,0.018518518518518517,HALLMARK_BILE_ACID_METABOLISM,5.82783512332618
GOBP_MODIFIED_AMINO_ACID_CATABOLIC_PROCESS,GO:0042219,4,35,False,0.013793103448275862,HALLMARK_BILE_ACID_METABOLISM,6.242778975388888
GOBP_RESPONSE_TO_COCAINE,GO:0042220,4,48,False,0.022727272727272728,HALLMARK_WNT_BETA_CATENIN_SIGNALING,5.926926025970411
GOBP_TISSUE_REGENERATION,GO:0042246,3,84,False,0.03272727272727273,HALLMARK_MYOGENESIS,5.367310238034988
GOBP_RIBOSOME_ASSEMBLY,GO:0042255,7,63,False,0.03418803418803419,HALLMARK_MYC_TARGETS_V2,5.654992310486769
GOBP_RIBOSOMAL_LARGE_SUBUNIT_BIOGENESIS,GO:0042273,5,68,False,0.08620689655172414,HALLMARK_MYC_TARGETS_V2,5.578619331702195
GOBP_RIBOSOMAL_SMALL_SUBUNIT_BIOGENESIS,GO:0042274,5,108,False,0.05732484076433121,HALLMARK_MYC_TARGETS_V2,5.115995809754082
GOBP_PURINE_NUCLEOSIDE_METABOLIC_PROCESS,GO:0042278,4,27,False,0.029069767441860465,HALLMARK_DNA_REPAIR,6.502290170873972
GOBP_MOLTING_CYCLE,GO:0042303,2,122,True,0.0379746835443038,HALLMARK_WNT_BETA_CATENIN_SIGNALING,4.9941059921450455
GOBP_REGULATION_OF_FATTY_ACID_BIOSYNTHETIC_PROCESS,GO:0042304,7,56,False,0.023622047244094488,HALLMARK_CHOLESTEROL_HOMEOSTASIS,5.772775346143153
GOBP_REGULATION_OF_PROTEIN_IMPORT_INTO_NUCLEUS,GO:0042306,6,62,False,0.02654867256637168,HALLMARK_TGF_BETA_SIGNALING,5.6709926518332106
GOBP_POSITIVE_REGULATION_OF_PROTEIN_IMPORT_INTO_NUCLEUS,GO:0042307,6,40,False,0.03296703296703297,HALLMARK_TGF_BETA_SIGNALING,6.1092475827643655
GOBP_VASOCONSTRICTION,GO:0042310,6,87,False,0.021352313167259787,HALLMARK_INFLAMMATORY_RESPONSE,5.332218918223718
GOBP_VASODILATION,GO:0042311,6,59,False,0.021505376344086023,HALLMARK_ANGIOGENESIS,5.7205895929725825
GOBP_NEGATIVE_REGULATION_OF_PHOSPHORYLATION,GO:0042326,8,131,True,0.02476780185758514,HALLMARK_INTERFERON_GAMMA_RESPONSE,4.92292971367715
GOBP_POSITIVE_REGULATION_OF_PHOSPHORYLATION,GO:0042327,8,273,True,0.06772009029345373,HALLMARK_ALLOGRAFT_REJECTION,4.188655241693342
GOBP_VITAMIN_D_METABOLIC_PROCESS,GO:0042359,6,21,False,0.017857142857142856,HALLMARK_ANGIOGENESIS,6.753604599154879
GOBP_MODIFIED_AMINO_ACID_BIOSYNTHETIC_PROCESS,GO:0042398,4,47,False,0.02127659574468085,HALLMARK_REACTIVE_OXYGEN_SPECIES_PATHWAY,5.947979435168243
GOBP_THYROID_HORMONE_METABOLIC_PROCESS,GO:0042403,4,31,False,0.024242424242424242,HALLMARK_COAGULATION,6.364139832393156
GOBP_CRISTAE_FORMATION,GO:0042407,7,20,False,0.013824884792626729,HALLMARK_ADIPOGENESIS,6.802394763324311
GOBP_DOPAMINE_METABOLIC_PROCESS,GO:0042417,6,44,False,0.029535864978902954,HALLMARK_XENOBIOTIC_METABOLISM,6.013937402960041
GOBP_INDOLE_CONTAINING_COMPOUND_METABOLIC_PROCESS,GO:0042430,3,27,False,0.017937219730941704,HALLMARK_XENOBIOTIC_METABOLISM,6.502290170873972
GOBP_PIGMENT_METABOLIC_PROCESS,GO:0042440,3,81,False,0.06844106463878327,HALLMARK_HEME_METABOLISM,5.403677882205863
GOBP_HORMONE_METABOLIC_PROCESS,GO:0042445,3,246,False,0.04678362573099415,HALLMARK_BILE_ACID_METABOLISM,4.292795500945939
GOBP_HORMONE_BIOSYNTHETIC_PROCESS,GO:0042446,4,65,False,0.041176470588235294,HALLMARK_BILE_ACID_METABOLISM,5.6237397669826645
GOBP_PHOTORECEPTOR_CELL_DEVELOPMENT,GO:0042461,5,54,False,0.022727272727272728,HALLMARK_HEDGEHOG_SIGNALING,5.809142990314028
GOBP_EYE_PHOTORECEPTOR_CELL_DEVELOPMENT,GO:0042462,6,39,False,0.0273972602739726,HALLMARK_HEDGEHOG_SIGNALING,6.134565390748655
GOBP_EAR_MORPHOGENESIS,GO:0042471,5,136,False,0.024390243902439025,HALLMARK_KRAS_SIGNALING_UP,4.88547215114225
GOBP_INNER_EAR_MORPHOGENESIS,GO:0042472,4,114,False,0.026143790849673203,HALLMARK_KRAS_SIGNALING_UP,5.061928588483807
GOBP_MIDDLE_EAR_MORPHOGENESIS,GO:0042474,4,22,False,0.03571428571428571,HALLMARK_ANGIOGENESIS,6.707084583519986
GOBP_ODONTOGENESIS_OF_DENTIN_CONTAINING_TOOTH,GO:0042475,5,89,False,0.043795620437956206,HALLMARK_TGF_BETA_SIGNALING,5.309490667146162
GOBP_ODONTOGENESIS,GO:0042476,4,131,False,0.04519774011299435,HALLMARK_TGF_BETA_SIGNALING,4.92292971367715
GOBP_MECHANORECEPTOR_DIFFERENTIATION,GO:0042490,5,79,True,0.05217391304347826,HALLMARK_WNT_BETA_CATENIN_SIGNALING,5.42867918441128
GOBP_REGULATION_OF_TYROSINE_PHOSPHORYLATION_OF_STAT_PROTEIN,GO:0042509,10,26,True,0.018018018018018018,HALLMARK_ALLOGRAFT_REJECTION,6.54003049885682
GOBP_BENZENE_CONTAINING_COMPOUND_METABOLIC_PROCESS,GO:0042537,3,23,False,0.027649769585253458,HALLMARK_XENOBIOTIC_METABOLISM,6.662632820949152
GOBP_RESPONSE_TO_HYDROGEN_PEROXIDE,GO:0042542,5,103,False,0.04844290657439446,HALLMARK_TNFA_SIGNALING_VIA_NFKB,5.163398048648666
GOBP_NEURON_MATURATION,GO:0042551,4,55,False,0.020618556701030927,HALLMARK_APICAL_SURFACE,5.790793851645831
GOBP_SUPEROXIDE_ANION_GENERATION,GO:0042554,5,45,False,0.021739130434782608,HALLMARK_REACTIVE_OXYGEN_SPECIES_PATHWAY,5.991464547107982
GOBP_PTERIDINE_CONTAINING_COMPOUND_METABOLIC_PROCESS,GO:0042558,3,35,False,0.021739130434782608,HALLMARK_MTORC1_SIGNALING,6.242778975388888
GOBP_RETINOL_METABOLIC_PROCESS,GO:0042572,4,52,False,0.039603960396039604,HALLMARK_FATTY_ACID_METABOLISM,5.846883318296874
GOBP_RETINOIC_ACID_METABOLIC_PROCESS,GO:0042573,4,33,False,0.030973451327433628,HALLMARK_XENOBIOTIC_METABOLISM,6.3016194754118215
GOBP_RESPONSE_TO_STARVATION,GO:0042594,3,223,False,0.03470031545741325,HALLMARK_PI3K_AKT_MTOR_SIGNALING,4.390955265418183
GOBP_FEAR_RESPONSE,GO:0042596,3,54,True,0.012121212121212121,HALLMARK_UNFOLDED_PROTEIN_RESPONSE,5.809142990314028
GOBP_REGULATION_OF_HAIR_CYCLE,GO:0042634,4,29,False,0.016666666666666666,HALLMARK_NOTCH_SIGNALING,6.430831206891828
GOBP_REGULATION_OF_CELL_FATE_SPECIFICATION,GO:0042659,5,23,False,0.031746031746031744,HALLMARK_WNT_BETA_CATENIN_SIGNALING,6.662632820949152
GOBP_OVULATION_CYCLE,GO:0042698,2,68,False,0.028037383177570093,HALLMARK_WNT_BETA_CATENIN_SIGNALING,5.578619331702195
GOBP_FIBRINOLYSIS,GO:0042730,6,27,False,0.12244897959183673,HALLMARK_COAGULATION,6.502290170873972
GOBP_EMBRYONIC_DIGIT_MORPHOGENESIS,GO:0042733,4,61,False,0.036036036036036036,HALLMARK_TGF_BETA_SIGNALING,5.687253172704991
GOBP_HYDROGEN_PEROXIDE_METABOLIC_PROCESS,GO:0042743,4,56,False,0.10526315789473684,HALLMARK_REACTIVE_OXYGEN_SPECIES_PATHWAY,5.772775346143153
GOBP_HYDROGEN_PEROXIDE_CATABOLIC_PROCESS,GO:0042744,4,32,False,0.0945945945945946,HALLMARK_REACTIVE_OXYGEN_SPECIES_PATHWAY,6.332391134078575
GOBP_CIRCADIAN_SLEEP_WAKE_CYCLE,GO:0042745,4,26,True,0.014492753623188406,HALLMARK_APICAL_SURFACE,6.54003049885682
GOBP_REGULATION_OF_CIRCADIAN_SLEEP_WAKE_CYCLE,GO:0042749,4,22,False,0.015384615384615385,HALLMARK_APICAL_SURFACE,6.707084583519986
GOBP_REGULATION_OF_CIRCADIAN_RHYTHM,GO:0042752,3,115,False,0.03286384976525822,HALLMARK_PI3K_AKT_MTOR_SIGNALING,5.053194908515052
GOBP_POSITIVE_REGULATION_OF_CIRCADIAN_RHYTHM,GO:0042753,4,20,False,0.0196078431372549,HALLMARK_NOTCH_SIGNALING,6.802394763324311
GOBP_EATING_BEHAVIOR,GO:0042755,4,41,False,0.0125,HALLMARK_PANCREAS_BETA_CELLS,6.084554970173994
GOBP_LONG_CHAIN_FATTY_ACID_BIOSYNTHETIC_PROCESS,GO:0042759,6,40,False,0.07462686567164178,HALLMARK_PEROXISOME,6.1092475827643655
GOBP_SIGNAL_TRANSDUCTION_IN_RESPONSE_TO_DNA_DAMAGE,GO:0042770,4,195,False,0.058981233243967826,HALLMARK_E2F_TARGETS,4.5251274783145545
GOBP_INTRINSIC_APOPTOTIC_SIGNALING_PATHWAY_IN_RESPONSE_TO_DNA_DAMAGE_BY_P53_CLASS_MEDIATOR,GO:0042771,6,48,False,0.03765690376569038,HALLMARK_P53_PATHWAY,5.926926025970411
GOBP_ATP_SYNTHESIS_COUPLED_ELECTRON_TRANSPORT,GO:0042773,6,101,True,0.22857142857142856,HALLMARK_OXIDATIVE_PHOSPHORYLATION,5.1830065200370425
GOBP_NUCLEOLAR_LARGE_RRNA_TRANSCRIPTION_BY_RNA_POLYMERASE_I,GO:0042790,8,24,False,0.023529411764705882,HALLMARK_DNA_REPAIR,6.620073206530356
GOBP_XENOBIOTIC_TRANSPORT,GO:0042908,4,62,False,0.029585798816568046,HALLMARK_BILE_ACID_METABOLISM,5.6709926518332106
GOBP_AMYLOID_PRECURSOR_PROTEIN_METABOLIC_PROCESS,GO:0042982,5,102,False,0.03543307086614173,HALLMARK_APOPTOSIS,5.173154223594031
GOBP_AMYLOID_PRECURSOR_PROTEIN_BIOSYNTHETIC_PROCESS,GO:0042983,5,27,True,0.014705882352941176,HALLMARK_WNT_BETA_CATENIN_SIGNALING,6.502290170873972
GOBP_NEGATIVE_REGULATION_OF_AMYLOID_PRECURSOR_PROTEIN_BIOSYNTHETIC_PROCESS,GO:0042985,9,20,False,0.005649717514124294,HALLMARK_UV_RESPONSE_UP,6.802394763324311
GOBP_AMYLOID_PRECURSOR_PROTEIN_CATABOLIC_PROCESS,GO:0042987,6,74,False,0.03982300884955752,HALLMARK_APOPTOSIS,5.494061943674132
GOBP_GOLGI_TO_PLASMA_MEMBRANE_PROTEIN_TRANSPORT,GO:0043001,5,44,False,0.029411764705882353,HALLMARK_PROTEIN_SECRETION,6.013937402960041
GOBP_MYELOID_DENDRITIC_CELL_DIFFERENTIATION,GO:0043011,5,21,False,0.02857142857142857,HALLMARK_IL6_JAK_STAT3_SIGNALING,6.753604599154879
GOBP_T_CELL_HOMEOSTASIS,GO:0043029,4,50,False,0.02926829268292683,HALLMARK_APOPTOSIS,5.886104031450156
GOBP_REGULATION_OF_MACROPHAGE_ACTIVATION,GO:0043030,5,62,False,0.031496062992125984,HALLMARK_ALLOGRAFT_REJECTION,5.6709926518332106
GOBP_POSITIVE_REGULATION_OF_MACROPHAGE_ACTIVATION,GO:0043032,6,31,False,0.017699115044247787,HALLMARK_IL2_STAT5_SIGNALING,6.364139832393156
GOBP_AMINO_ACID_ACTIVATION,GO:0043038,5,45,True,0.016597510373443983,HALLMARK_ALLOGRAFT_REJECTION,5.991464547107982
GOBP_PEPTIDE_BIOSYNTHETIC_PROCESS,GO:0043043,4,26,False,0.0273972602739726,HALLMARK_REACTIVE_OXYGEN_SPECIES_PATHWAY,6.54003049885682
GOBP_EPIGENETIC_PROGRAMMING_OF_GENE_EXPRESSION,GO:0043045,7,36,False,0.022727272727272728,HALLMARK_TGF_BETA_SIGNALING,6.214608098422191
GOBP_NEGATIVE_REGULATION_OF_CATALYTIC_ACTIVITY,GO:0043086,4,177,False,0.030054644808743168,HALLMARK_ALLOGRAFT_REJECTION,4.6219773043044725
GOBP_REGULATION_OF_GTPASE_ACTIVITY,GO:0043087,5,147,False,0.048484848484848485,HALLMARK_MITOTIC_SPINDLE,4.807694450099565
GOBP_METABOLIC_COMPOUND_SALVAGE,GO:0043094,4,35,False,0.03932584269662921,HALLMARK_DNA_REPAIR,6.242778975388888
GOBP_RECEPTOR_METABOLIC_PROCESS,GO:0043112,4,76,False,0.03296703296703297,HALLMARK_BILE_ACID_METABOLISM,5.467393696591971
GOBP_RECEPTOR_CLUSTERING,GO:0043113,5,65,False,0.019230769230769232,HALLMARK_APICAL_JUNCTION,5.6237397669826645
GOBP_REGULATION_OF_VASCULAR_PERMEABILITY,GO:0043114,3,50,False,0.023809523809523808,HALLMARK_HEDGEHOG_SIGNALING,5.886104031450156
GOBP_NEGATIVE_REGULATION_OF_VASCULAR_PERMEABILITY,GO:0043116,4,20,False,0.037037037037037035,HALLMARK_HEDGEHOG_SIGNALING,6.802394763324311
GOBP_POSITIVE_REGULATION_OF_CANONICAL_NF_KAPPAB_SIGNAL_TRANSDUCTION,GO:0043123,7,227,False,0.05432098765432099,HALLMARK_ALLOGRAFT_REJECTION,4.373177019396899
GOBP_NEGATIVE_REGULATION_OF_CANONICAL_NF_KAPPAB_SIGNAL_TRANSDUCTION,GO:0043124,7,92,False,0.028169014084507043,HALLMARK_TNFA_SIGNALING_VIA_NFKB,5.276338459829262
GOBP_SURFACTANT_HOMEOSTASIS,GO:0043129,4,20,False,0.01818181818181818,HALLMARK_HEDGEHOG_SIGNALING,6.802394763324311
GOBP_STRESS_FIBER_ASSEMBLY,GO:0043149,5,117,True,0.03594771241830065,HALLMARK_APICAL_JUNCTION,5.035953102080546
GOBP_ENTRAINMENT_OF_CIRCADIAN_CLOCK_BY_PHOTOPERIOD,GO:0043153,4,24,False,0.02631578947368421,HALLMARK_TGF_BETA_SIGNALING,6.620073206530356
GOBP_UBIQUITIN_DEPENDENT_PROTEIN_CATABOLIC_PROCESS_VIA_THE_MULTIVESICULAR_BODY_SORTING_PATHWAY,GO:0043162,8,37,False,0.031007751937984496,HALLMARK_PROTEIN_SECRETION,6.187209124234077
GOBP_PEPTIDE_CATABOLIC_PROCESS,GO:0043171,4,20,False,0.01935483870967742,HALLMARK_COAGULATION,6.802394763324311
GOBP_NEGATIVE_REGULATION_OF_PROTEIN_CONTAINING_COMPLEX_DISASSEMBLY,GO:0043242,6,88,True,0.04363636363636364,HALLMARK_MITOTIC_SPINDLE,5.320790222400095
GOBP_POSITIVE_REGULATION_OF_PROTEIN_CONTAINING_COMPLEX_DISASSEMBLY,GO:0043243,6,40,False,0.013986013986013986,HALLMARK_PI3K_AKT_MTOR_SIGNALING,6.1092475827643655
GOBP_REGULATION_OF_PROTEIN_CONTAINING_COMPLEX_DISASSEMBLY,GO:0043244,5,134,False,0.040625,HALLMARK_MITOTIC_SPINDLE,4.90028723692739
GOBP_TELOMERE_MAINTENANCE_IN_RESPONSE_TO_DNA_DAMAGE,GO:0043247,5,33,False,0.014705882352941176,HALLMARK_PI3K_AKT_MTOR_SIGNALING,6.3016194754118215
GOBP_ERYTHROCYTE_MATURATION,GO:0043249,4,24,False,0.028169014084507043,HALLMARK_REACTIVE_OXYGEN_SPECIES_PATHWAY,6.620073206530356
GOBP_REGULATION_OF_CARBOHYDRATE_BIOSYNTHETIC_PROCESS,GO:0043255,6,104,False,0.02857142857142857,HALLMARK_PANCREAS_BETA_CELLS,5.153736137736929
GOBP_REGULATION_OF_POTASSIUM_ION_TRANSPORT,GO:0043266,7,95,False,0.027874564459930314,HALLMARK_MYOGENESIS,5.244250145277761
GOBP_NEGATIVE_REGULATION_OF_POTASSIUM_ION_TRANSPORT,GO:0043267,6,35,False,0.026200873362445413,HALLMARK_MYOGENESIS,6.242778975388888
GOBP_POSITIVE_REGULATION_OF_POTASSIUM_ION_TRANSPORT,GO:0043268,6,39,False,0.01702127659574468,HALLMARK_APICAL_JUNCTION,6.134565390748655
GOBP_POSITIVE_REGULATION_OF_MONOATOMIC_ION_TRANSPORT,GO:0043270,5,195,False,0.04221635883905013,HALLMARK_INFLAMMATORY_RESPONSE,4.5251274783145545
GOBP_NEGATIVE_REGULATION_OF_MONOATOMIC_ION_TRANSPORT,GO:0043271,5,118,False,0.02912621359223301,HALLMARK_MYOGENESIS,5.027442412412637
GOBP_ANOIKIS,GO:0043276,5,36,False,0.03676470588235294,HALLMARK_PI3K_AKT_MTOR_SIGNALING,6.214608098422191
GOBP_APOPTOTIC_CELL_CLEARANCE,GO:0043277,5,44,False,0.04,HALLMARK_COAGULATION,6.013937402960041
GOBP_RESPONSE_TO_ALKALOID,GO:0043279,4,93,False,0.022727272727272728,HALLMARK_WNT_BETA_CATENIN_SIGNALING,5.265527543725046
GOBP_APICAL_JUNCTION_ASSEMBLY,GO:0043297,7,83,False,0.0599250936329588,HALLMARK_APICAL_JUNCTION,5.379286429081704
GOBP_LEUKOCYTE_DEGRANULATION,GO:0043299,3,83,False,0.02909090909090909,HALLMARK_ALLOGRAFT_REJECTION,5.379286429081704
GOBP_REGULATION_OF_LEUKOCYTE_DEGRANULATION,GO:0043300,5,46,False,0.03361344537815126,HALLMARK_ALLOGRAFT_REJECTION,5.969485640389206
GOBP_POSITIVE_REGULATION_OF_LEUKOCYTE_DEGRANULATION,GO:0043302,6,25,False,0.01809954751131222,HALLMARK_ALLOGRAFT_REJECTION,6.579251212010101
GOBP_REGULATION_OF_MAST_CELL_DEGRANULATION,GO:0043304,6,29,False,0.017777777777777778,HALLMARK_ALLOGRAFT_REJECTION,6.430831206891828
GOBP_RESPONSE_TO_DSRNA,GO:0043331,4,57,True,0.0321285140562249,HALLMARK_INTERFERON_GAMMA_RESPONSE,5.755075769043752
GOBP_CD4_POSITIVE_ALPHA_BETA_T_CELL_DIFFERENTIATION,GO:0043367,7,108,False,0.07317073170731707,HALLMARK_ALLOGRAFT_REJECTION,5.115995809754082
GOBP_POSITIVE_T_CELL_SELECTION,GO:0043368,3,51,False,0.045454545454545456,HALLMARK_IL6_JAK_STAT3_SIGNALING,5.866301404153976
GOBP_CD4_POSITIVE_OR_CD8_POSITIVE_ALPHA_BETA_T_CELL_LINEAGE_COMMITMENT,GO:0043369,5,36,True,0.0423728813559322,HALLMARK_IL6_JAK_STAT3_SIGNALING,6.214608098422191
GOBP_REGULATION_OF_CD4_POSITIVE_ALPHA_BETA_T_CELL_DIFFERENTIATION,GO:0043370,9,64,False,0.06882591093117409,HALLMARK_ALLOGRAFT_REJECTION,5.63924395351863
GOBP_NEGATIVE_REGULATION_OF_CD4_POSITIVE_ALPHA_BETA_T_CELL_DIFFERENTIATION,GO:0043371,10,25,False,0.01809954751131222,HALLMARK_TNFA_SIGNALING_VIA_NFKB,6.579251212010101
GOBP_POSITIVE_REGULATION_OF_CD4_POSITIVE_ALPHA_BETA_T_CELL_DIFFERENTIATION,GO:0043372,10,39,False,0.06696428571428571,HALLMARK_ALLOGRAFT_REJECTION,6.134565390748655
GOBP_POSITIVE_REGULATION_OF_DNA_BINDING,GO:0043388,5,29,False,0.028169014084507043,HALLMARK_APICAL_SURFACE,6.430831206891828
GOBP_NEGATIVE_REGULATION_OF_DNA_BINDING,GO:0043392,5,22,False,0.03225806451612903,HALLMARK_WNT_BETA_CATENIN_SIGNALING,6.707084583519986
GOBP_REGULATION_OF_PROTEIN_BINDING,GO:0043393,4,70,False,0.029411764705882353,HALLMARK_PI3K_AKT_MTOR_SIGNALING,5.549631794828943
GOBP_STEROID_HORMONE_RECEPTOR_SIGNALING_PATHWAY,GO:0043401,4,147,True,0.024793388429752067,HALLMARK_ANDROGEN_RESPONSE,4.807694450099565
GOBP_SKELETAL_MUSCLE_TISSUE_REGENERATION,GO:0043403,4,45,False,0.02666666666666667,HALLMARK_NOTCH_SIGNALING,5.991464547107982
GOBP_REGULATION_OF_MAP_KINASE_ACTIVITY,GO:0043405,8,70,False,0.022727272727272728,HALLMARK_COMPLEMENT,5.549631794828943
GOBP_POSITIVE_REGULATION_OF_MAP_KINASE_ACTIVITY,GO:0043406,8,40,False,0.024193548387096774,HALLMARK_IL6_JAK_STAT3_SIGNALING,6.1092475827643655
GOBP_NEGATIVE_REGULATION_OF_MAP_KINASE_ACTIVITY,GO:0043407,8,22,False,0.015384615384615385,HALLMARK_APICAL_SURFACE,6.707084583519986
GOBP_NEGATIVE_REGULATION_OF_MAPK_CASCADE,GO:0043409,7,182,False,0.03804347826086957,HALLMARK_TNFA_SIGNALING_VIA_NFKB,4.594120349801506
GOBP_MACROMOLECULE_METHYLATION,GO:0043414,4,124,False,0.022082018927444796,HALLMARK_MYC_TARGETS_V1,4.977845471273265
GOBP_NEGATIVE_REGULATION_OF_DNA_BINDING_TRANSCRIPTION_FACTOR_ACTIVITY,GO:0043433,4,76,False,0.023622047244094488,HALLMARK_TGF_BETA_SIGNALING,5.467393696591971
GOBP_REGULATION_OF_CELLULAR_RESPIRATION,GO:0043457,6,47,False,0.022900763358778626,HALLMARK_IL6_JAK_STAT3_SIGNALING,5.947979435168243
GOBP_REGULATION_OF_ATP_DEPENDENT_ACTIVITY,GO:0043462,3,41,False,0.034334763948497854,HALLMARK_MYOGENESIS,6.084554970173994
GOBP_REGULATION_OF_GENERATION_OF_PRECURSOR_METABOLITES_AND_ENERGY,GO:0043467,5,141,False,0.0364741641337386,HALLMARK_HYPOXIA,4.849367146500134
GOBP_REGULATION_OF_CARBOHYDRATE_CATABOLIC_PROCESS,GO:0043470,6,68,False,0.023668639053254437,HALLMARK_PI3K_AKT_MTOR_SIGNALING,5.578619331702195
GOBP_PIGMENTATION,GO:0043473,1,115,False,0.02926829268292683,HALLMARK_PROTEIN_SECRETION,5.053194908515052
GOBP_REGULATION_OF_RNA_SPLICING,GO:0043484,6,189,False,0.037333333333333336,HALLMARK_MYC_TARGETS_V1,4.55638002181866
GOBP_MUSCLE_ADAPTATION,GO:0043500,2,126,False,0.05161290322580645,HALLMARK_MYOGENESIS,4.961845129926823
GOBP_SKELETAL_MUSCLE_ADAPTATION,GO:0043501,4,23,False,0.032407407407407406,HALLMARK_MYOGENESIS,6.662632820949152
GOBP_REGULATION_OF_MUSCLE_ADAPTATION,GO:0043502,4,99,False,0.045454545454545456,HALLMARK_MYOGENESIS,5.2030071867437115
GOBP_REGULATION_OF_JUN_KINASE_ACTIVITY,GO:0043506,9,23,False,0.018518518518518517,HALLMARK_IL6_JAK_STAT3_SIGNALING,6.662632820949152
GOBP_REGULATION_OF_DNA_DAMAGE_RESPONSE_SIGNAL_TRANSDUCTION_BY_P53_CLASS_MEDIATOR,GO:0043516,5,39,False,0.01702127659574468,HALLMARK_ALLOGRAFT_REJECTION,6.134565390748655
GOBP_REGULATION_OF_NEURON_APOPTOTIC_PROCESS,GO:0043523,6,264,False,0.0759493670886076,HALLMARK_APOPTOSIS,4.222177933731985
GOBP_NEGATIVE_REGULATION_OF_NEURON_APOPTOTIC_PROCESS,GO:0043524,7,181,False,0.042682926829268296,HALLMARK_APOPTOSIS,4.599630005612476
GOBP_POSITIVE_REGULATION_OF_NEURON_APOPTOTIC_PROCESS,GO:0043525,7,69,False,0.08490566037735849,HALLMARK_APOPTOSIS,5.5640205322810425
GOBP_BLOOD_VESSEL_ENDOTHELIAL_CELL_MIGRATION,GO:0043534,5,187,True,0.032,HALLMARK_TNFA_SIGNALING_VIA_NFKB,4.567018420023715
GOBP_POSITIVE_REGULATION_OF_BLOOD_VESSEL_ENDOTHELIAL_CELL_MIGRATION,GO:0043536,8,80,False,0.03571428571428571,HALLMARK_HEDGEHOG_SIGNALING,5.41610040220442
GOBP_NEGATIVE_REGULATION_OF_BLOOD_VESSEL_ENDOTHELIAL_CELL_MIGRATION,GO:0043537,8,83,False,0.022388059701492536,HALLMARK_TGF_BETA_SIGNALING,5.379286429081704
GOBP_PROTEIN_ACYLATION,GO:0043543,6,75,False,0.009615384615384616,HALLMARK_SPERMATOGENESIS,5.480638923341991
GOBP_POSITIVE_REGULATION_OF_GTPASE_ACTIVITY,GO:0043547,6,93,False,0.04285714285714286,HALLMARK_MITOTIC_SPINDLE,5.265527543725046
GOBP_REGULATION_OF_KINASE_ACTIVITY,GO:0043549,5,273,True,0.046460176991150445,HALLMARK_ALLOGRAFT_REJECTION,4.188655241693342
GOBP_REGULATION_OF_TRANSLATION_IN_RESPONSE_TO_STRESS,GO:0043555,8,22,False,0.038461538461538464,HALLMARK_UNFOLDED_PROTEIN_RESPONSE,6.707084583519986
GOBP_REGULATION_OF_INSULIN_LIKE_GROWTH_FACTOR_RECEPTOR_SIGNALING_PATHWAY,GO:0043567,5,26,False,0.014925373134328358,HALLMARK_WNT_BETA_CATENIN_SIGNALING,6.54003049885682
GOBP_PEROXISOMAL_TRANSPORT,GO:0043574,4,22,True,0.09836065573770492,HALLMARK_BILE_ACID_METABOLISM,6.707084583519986
GOBP_REGULATION_OF_RESPIRATORY_GASEOUS_EXCHANGE,GO:0043576,4,24,False,0.009009009009009009,HALLMARK_APICAL_JUNCTION,6.620073206530356
GOBP_EAR_DEVELOPMENT,GO:0043583,5,238,True,0.033210332103321034,HALLMARK_WNT_BETA_CATENIN_SIGNALING,4.325856363206827
GOBP_AMIDE_BIOSYNTHETIC_PROCESS,GO:0043604,4,176,False,0.037267080745341616,HALLMARK_FATTY_ACID_METABOLISM,4.62764304184015
GOBP_KERATINOCYTE_PROLIFERATION,GO:0043616,4,63,False,0.03137254901960784,HALLMARK_P53_PATHWAY,5.654992310486769
GOBP_RESPONSE_TO_ESTROGEN,GO:0043627,4,65,False,0.02830188679245283,HALLMARK_APICAL_SURFACE,5.6237397669826645
GOBP_INOSITOL_PHOSPHATE_METABOLIC_PROCESS,GO:0043647,5,42,False,0.01680672268907563,HALLMARK_HEME_METABOLISM,6.060457418594933
GOBP_DICARBOXYLIC_ACID_METABOLIC_PROCESS,GO:0043648,7,103,False,0.0653061224489796,HALLMARK_FATTY_ACID_METABOLISM,5.163398048648666
GOBP_LINOLEIC_ACID_METABOLIC_PROCESS,GO:0043651,4,22,False,0.046875,HALLMARK_BILE_ACID_METABOLISM,6.707084583519986
GOBP_REVERSE_CHOLESTEROL_TRANSPORT,GO:0043691,7,21,False,0.032467532467532464,HALLMARK_COAGULATION,6.753604599154879
GOBP_REGULATION_OF_BIOLOGICAL_PROCESS_INVOLVED_IN_SYMBIOTIC_INTERACTION,GO:0043903,3,42,False,0.03731343283582089,HALLMARK_INTERFERON_ALPHA_RESPONSE,6.060457418594933
GOBP_CELLULAR_COMPONENT_MAINTENANCE,GO:0043954,4,83,False,0.02252252252252252,HALLMARK_UV_RESPONSE_DN,5.379286429081704
GOBP_GLUCAN_METABOLIC_PROCESS,GO:0044042,5,89,True,0.039568345323741004,HALLMARK_HYPOXIA,5.309490667146162
GOBP_REGULATION_OF_DIGESTIVE_SYSTEM_PROCESS,GO:0044058,5,44,False,0.0196078431372549,HALLMARK_BILE_ACID_METABOLISM,6.013937402960041
GOBP_REGULATION_OF_ENDOCRINE_PROCESS,GO:0044060,5,44,False,0.02564102564102564,HALLMARK_ANGIOGENESIS,6.013937402960041
GOBP_REGULATION_OF_VACUOLE_ORGANIZATION,GO:0044088,6,61,False,0.012903225806451613,HALLMARK_PROTEIN_SECRETION,5.687253172704991
GOBP_POSITIVE_REGULATION_OF_VACUOLE_ORGANIZATION,GO:0044090,7,25,False,0.007751937984496124,HALLMARK_PI3K_AKT_MTOR_SIGNALING,6.579251212010101
GOBP_MEMBRANE_BIOGENESIS,GO:0044091,4,70,True,0.018867924528301886,HALLMARK_APICAL_JUNCTION,5.549631794828943
GOBP_LIPID_DIGESTION,GO:0044241,3,22,False,0.03875968992248062,HALLMARK_BILE_ACID_METABOLISM,6.707084583519986
GOBP_SULFUR_COMPOUND_BIOSYNTHETIC_PROCESS,GO:0044272,4,162,False,0.05539358600583091,HALLMARK_GLYCOLYSIS,4.710530701645918
GOBP_SULFUR_COMPOUND_CATABOLIC_PROCESS,GO:0044273,4,48,False,0.03,HALLMARK_FATTY_ACID_METABOLISM,5.926926025970411
GOBP_RESPONSE_TO_LEPTIN,GO:0044321,4,21,False,0.019230769230769232,HALLMARK_NOTCH_SIGNALING,6.753604599154879
GOBP_CELL_CELL_ADHESION_MEDIATED_BY_CADHERIN,GO:0044331,4,53,False,0.049019607843137254,HALLMARK_TGF_BETA_SIGNALING,5.82783512332618
GOBP_TYPE_B_PANCREATIC_CELL_PROLIFERATION,GO:0044342,4,29,False,0.029850746268656716,HALLMARK_PANCREAS_BETA_CELLS,6.430831206891828
GOBP_FIBROBLAST_APOPTOTIC_PROCESS,GO:0044346,5,27,False,0.029850746268656716,HALLMARK_WNT_BETA_CATENIN_SIGNALING,6.502290170873972
GOBP_PROTEIN_LOCALIZATION_TO_CYTOSKELETON,GO:0044380,5,66,True,0.0642570281124498,HALLMARK_MITOTIC_SPINDLE,5.608472294851876
GOBP_BIOLOGICAL_PROCESS_INVOLVED_IN_SYMBIOTIC_INTERACTION,GO:0044403,2,224,False,0.03667481662591687,HALLMARK_APICAL_JUNCTION,4.386480985023262
GOBP_SYMBIONT_ENTRY_INTO_HOST,GO:0044409,4,138,True,0.04643962848297214,HALLMARK_APICAL_JUNCTION,4.870873351721097
GOBP_MOTILE_CILIUM_ASSEMBLY,GO:0044458,7,83,False,0.013953488372093023,HALLMARK_SPERMATOGENESIS,5.379286429081704
GOBP_SECONDARY_METABOLITE_BIOSYNTHETIC_PROCESS,GO:0044550,4,26,True,0.017543859649122806,HALLMARK_NOTCH_SIGNALING,6.54003049885682
GOBP_MULTI_MULTICELLULAR_ORGANISM_PROCESS,GO:0044706,2,226,True,0.03902439024390244,HALLMARK_EPITHELIAL_MESENCHYMAL_TRANSITION,4.377592037606016
GOBP_PROTEIN_TRANSMEMBRANE_IMPORT_INTO_INTRACELLULAR_ORGANELLE,GO:0044743,5,43,False,0.05442176870748299,HALLMARK_BILE_ACID_METABOLISM,6.036926921184739
GOBP_MITOTIC_DNA_INTEGRITY_CHECKPOINT_SIGNALING,GO:0044774,5,75,True,0.057692307692307696,HALLMARK_E2F_TARGETS,5.480638923341991
GOBP_CELL_CYCLE_DNA_REPLICATION,GO:0044786,3,47,True,0.05555555555555555,HALLMARK_E2F_TARGETS,5.947979435168243
GOBP_MODULATION_BY_HOST_OF_VIRAL_PROCESS,GO:0044788,4,50,False,0.02097902097902098,HALLMARK_PROTEIN_SECRETION,5.454321615024618
GOBP_POSITIVE_REGULATION_BY_HOST_OF_VIRAL_PROCESS,GO:0044794,5,21,False,0.017391304347826087,HALLMARK_PROTEIN_SECRETION,6.160540877151916
GOBP_NUCLEOPHAGY,GO:0044804,5,23,False,0.007407407407407408,HALLMARK_UNFOLDED_PROTEIN_RESPONSE,6.662632820949152
GOBP_MITOTIC_G2_M_TRANSITION_CHECKPOINT,GO:0044818,5,54,False,0.04526748971193416,HALLMARK_E2F_TARGETS,5.809142990314028
GOBP_MODULATION_BY_HOST_OF_VIRAL_GENOME_REPLICATION,GO:0044827,5,27,False,0.011904761904761904,HALLMARK_MYC_TARGETS_V2,6.502290170873972
GOBP_CELL_CYCLE_G2_M_PHASE_TRANSITION,GO:0044839,4,161,True,0.0744047619047619,HALLMARK_E2F_TARGETS,4.716722671893839
GOBP_CELL_CYCLE_G1_S_PHASE_TRANSITION,GO:0044843,4,272,True,0.0654627539503386,HALLMARK_G2M_CHECKPOINT,4.1923249705823045
GOBP_LIPOPROTEIN_LOCALIZATION,GO:0044872,3,27,True,0.02252252252252252,HALLMARK_XENOBIOTIC_METABOLISM,6.502290170873972
GOBP_DNA_TEMPLATED_DNA_REPLICATION_MAINTENANCE_OF_FIDELITY,GO:0045005,6,59,True,0.05714285714285714,HALLMARK_E2F_TARGETS,5.7205895929725825
GOBP_ACTIN_NUCLEATION,GO:0045010,6,58,False,0.025157232704402517,HALLMARK_PI3K_AKT_MTOR_SIGNALING,5.737684026331882
GOBP_GLYCEROLIPID_BIOSYNTHETIC_PROCESS,GO:0045017,5,241,False,0.020833333333333332,HALLMARK_ADIPOGENESIS,4.3133301033876466
GOBP_G0_TO_G1_TRANSITION,GO:0045023,3,42,True,0.008333333333333333,HALLMARK_G2M_CHECKPOINT,6.060457418594933
GOBP_PLASMA_MEMBRANE_FUSION,GO:0045026,6,35,True,0.014285714285714285,HALLMARK_ANGIOGENESIS,6.242778975388888
GOBP_PROTEIN_INSERTION_INTO_ER_MEMBRANE,GO:0045048,6,31,False,0.005555555555555556,HALLMARK_DNA_REPAIR,6.364139832393156
GOBP_REGULATED_EXOCYTOSIS,GO:0045055,4,231,False,0.028639618138424822,HALLMARK_COMPLEMENT,4.355709326356508
GOBP_TRANSCYTOSIS,GO:0045056,2,21,False,0.02631578947368421,HALLMARK_PROTEIN_SECRETION,6.753604599154879
GOBP_T_CELL_SELECTION,GO:0045058,2,64,False,0.056,HALLMARK_ALLOGRAFT_REJECTION,5.63924395351863
GOBP_THYMIC_T_CELL_SELECTION,GO:0045061,3,24,False,0.03225806451612903,HALLMARK_ALLOGRAFT_REJECTION,6.620073206530356
GOBP_T_HELPER_1_CELL_DIFFERENTIATION,GO:0045063,10,24,False,0.027522935779816515,HALLMARK_ALLOGRAFT_REJECTION,6.620073206530356
GOBP_REGULATORY_T_CELL_DIFFERENTIATION,GO:0045066,6,43,True,0.038461538461538464,HALLMARK_ALLOGRAFT_REJECTION,6.036926921184739
GOBP_REGULATION_OF_VIRAL_GENOME_REPLICATION,GO:0045069,5,80,False,0.08588957055214724,HALLMARK_INTERFERON_ALPHA_RESPONSE,5.41610040220442
GOBP_POSITIVE_REGULATION_OF_VIRAL_GENOME_REPLICATION,GO:0045070,5,31,False,0.016129032258064516,HALLMARK_NOTCH_SIGNALING,6.364139832393156
GOBP_NEGATIVE_REGULATION_OF_VIRAL_GENOME_REPLICATION,GO:0045071,5,50,False,0.09701492537313433,HALLMARK_INTERFERON_ALPHA_RESPONSE,5.886104031450156
GOBP_INTERMEDIATE_FILAMENT_BASED_PROCESS,GO:0045103,2,97,True,0.020618556701030927,HALLMARK_KRAS_SIGNALING_DN,5.2234160583749185
GOBP_INTERMEDIATE_FILAMENT_ORGANIZATION,GO:0045109,4,75,False,0.022304832713754646,HALLMARK_KRAS_SIGNALING_DN,5.480638923341991
GOBP_PROTEIN_NEDDYLATION,GO:0045116,9,28,False,0.01694915254237288,HALLMARK_NOTCH_SIGNALING,6.465922526703098
GOBP_CELLULAR_EXTRAVASATION,GO:0045123,3,74,False,0.04182509505703422,HALLMARK_APICAL_JUNCTION,5.494061943674132
GOBP_MEIOTIC_CHROMOSOME_SEGREGATION,GO:0045132,3,97,False,0.042105263157894736,HALLMARK_G2M_CHECKPOINT,5.2234160583749185
GOBP_DEVELOPMENT_OF_PRIMARY_SEXUAL_CHARACTERISTICS,GO:0045137,3,247,True,0.03553299492385787,HALLMARK_APOPTOSIS,4.288738700250325
GOBP_HOMOLOGOUS_CHROMOSOME_SEGREGATION,GO:0045143,4,68,False,0.03076923076923077,HALLMARK_E2F_TARGETS,5.578619331702195
GOBP_MAINTENANCE_OF_PROTEIN_LOCATION,GO:0045185,3,67,True,0.01932367149758454,HALLMARK_UV_RESPONSE_DN,5.593434417487336
GOBP_REGULATION_OF_ISOTYPE_SWITCHING,GO:0045191,7,38,False,0.034782608695652174,HALLMARK_ALLOGRAFT_REJECTION,6.160540877151916
GOBP_SARCOMERE_ORGANIZATION,GO:0045214,5,50,False,0.07296137339055794,HALLMARK_MYOGENESIS,5.886104031450156
GOBP_CELL_CELL_JUNCTION_ORGANIZATION,GO:0045216,5,225,False,0.08142493638676845,HALLMARK_APICAL_JUNCTION,4.382026634673881
GOBP_CELL_CELL_JUNCTION_MAINTENANCE,GO:0045217,6,21,False,0.013761467889908258,HALLMARK_APICAL_JUNCTION,6.753604599154879
GOBP_MRNA_CIS_SPLICING_VIA_SPLICEOSOME,GO:0045292,7,47,False,0.024896265560165973,HALLMARK_MYC_TARGETS_V1,5.947979435168243
GOBP_LATE_ENDOSOME_TO_VACUOLE_TRANSPORT,GO:0045324,3,38,False,0.022900763358778626,HALLMARK_PROTEIN_SECRETION,6.160540877151916
GOBP_PHOSPHOLIPID_TRANSLOCATION,GO:0045332,5,56,False,0.012658227848101266,HALLMARK_PEROXISOME,5.772775346143153
GOBP_CELLULAR_RESPIRATION,GO:0045333,5,240,False,0.2753623188405797,HALLMARK_OXIDATIVE_PHOSPHORYLATION,4.31748811353631
GOBP_MHC_CLASS_II_BIOSYNTHETIC_PROCESS,GO:0045342,5,20,True,0.028037383177570093,HALLMARK_ALLOGRAFT_REJECTION,6.802394763324311
GOBP_FAT_CELL_DIFFERENTIATION,GO:0045444,4,260,False,0.0502283105022831,HALLMARK_TNFA_SIGNALING_VIA_NFKB,4.237445405862774
GOBP_MYOBLAST_DIFFERENTIATION,GO:0045445,4,114,False,0.04318936877076412,HALLMARK_MYOGENESIS,5.061928588483807
GOBP_ENDOTHELIAL_CELL_DIFFERENTIATION,GO:0045446,5,129,False,0.05555555555555555,HALLMARK_WNT_BETA_CATENIN_SIGNALING,4.938314632516629
GOBP_BONE_RESORPTION,GO:0045453,5,63,False,0.0273972602739726,HALLMARK_IL6_JAK_STAT3_SIGNALING,5.654992310486769
GOBP_CELL_REDOX_HOMEOSTASIS,GO:0045454,3,44,False,0.1625,HALLMARK_REACTIVE_OXYGEN_SPECIES_PATHWAY,6.013937402960041
GOBP_RESPONSE_TO_ETHANOL,GO:0045471,5,124,False,0.03431372549019608,HALLMARK_IL6_JAK_STAT3_SIGNALING,4.977845471273265
GOBP_RESPONSE_TO_ETHER,GO:0045472,4,22,False,0.032520325203252036,HALLMARK_PI3K_AKT_MTOR_SIGNALING,6.707084583519986
GOBP_PHOTORECEPTOR_CELL_MAINTENANCE,GO:0045494,2,45,False,0.012396694214876033,HALLMARK_HEME_METABOLISM,5.991464547107982
GOBP_REGULATION_OF_CHOLESTEROL_BIOSYNTHETIC_PROCESS,GO:0045540,7,34,True,0.02857142857142857,HALLMARK_CHOLESTEROL_HOMEOSTASIS,6.271766512262141
GOBP_MAST_CELL_ACTIVATION,GO:0045576,4,74,False,0.03007518796992481,HALLMARK_COMPLEMENT,5.494061943674132
GOBP_REGULATION_OF_B_CELL_DIFFERENTIATION,GO:0045577,7,37,False,0.030434782608695653,HALLMARK_ALLOGRAFT_REJECTION,6.187209124234077
GOBP_NEGATIVE_REGULATION_OF_T_CELL_DIFFERENTIATION,GO:0045581,8,54,False,0.029197080291970802,HALLMARK_IL6_JAK_STAT3_SIGNALING,5.809142990314028
GOBP_POSITIVE_REGULATION_OF_REGULATORY_T_CELL_DIFFERENTIATION,GO:0045591,9,24,False,0.03225806451612903,HALLMARK_ALLOGRAFT_REJECTION,6.620073206530356
GOBP_REGULATION_OF_FAT_CELL_DIFFERENTIATION,GO:0045598,5,148,False,0.03880597014925373,HALLMARK_TNFA_SIGNALING_VIA_NFKB,4.800914763114187
GOBP_NEGATIVE_REGULATION_OF_FAT_CELL_DIFFERENTIATION,GO:0045599,6,62,False,0.03571428571428571,HALLMARK_TGF_BETA_SIGNALING,5.6709926518332106
GOBP_POSITIVE_REGULATION_OF_FAT_CELL_DIFFERENTIATION,GO:0045600,6,72,False,0.02702702702702703,HALLMARK_WNT_BETA_CATENIN_SIGNALING,5.521460917862246
GOBP_REGULATION_OF_ENDOTHELIAL_CELL_DIFFERENTIATION,GO:0045601,6,47,False,0.047058823529411764,HALLMARK_WNT_BETA_CATENIN_SIGNALING,5.947979435168243
GOBP_REGULATION_OF_KERATINOCYTE_DIFFERENTIATION,GO:0045616,6,41,False,0.0211864406779661,HALLMARK_P53_PATHWAY,6.084554970173994
GOBP_POSITIVE_REGULATION_OF_KERATINOCYTE_DIFFERENTIATION,GO:0045618,5,21,False,0.019230769230769232,HALLMARK_NOTCH_SIGNALING,6.753604599154879
GOBP_REGULATION_OF_LYMPHOCYTE_DIFFERENTIATION,GO:0045619,6,228,True,0.09462915601023018,HALLMARK_ALLOGRAFT_REJECTION,4.368781407923861
GOBP_NEGATIVE_REGULATION_OF_LYMPHOCYTE_DIFFERENTIATION,GO:0045620,7,64,False,0.0273972602739726,HALLMARK_APOPTOSIS,5.63924395351863
GOBP_POSITIVE_REGULATION_OF_LYMPHOCYTE_DIFFERENTIATION,GO:0045621,7,141,True,0.08945686900958466,HALLMARK_ALLOGRAFT_REJECTION,4.849367146500134
GOBP_REGULATION_OF_T_HELPER_CELL_DIFFERENTIATION,GO:0045622,5,50,False,0.059322033898305086,HALLMARK_ALLOGRAFT_REJECTION,5.886104031450156
GOBP_NEGATIVE_REGULATION_OF_T_HELPER_CELL_DIFFERENTIATION,GO:0045623,6,21,False,0.018433179723502304,HALLMARK_TNFA_SIGNALING_VIA_NFKB,6.753604599154879
GOBP_POSITIVE_REGULATION_OF_T_HELPER_CELL_DIFFERENTIATION,GO:0045624,6,27,False,0.05092592592592592,HALLMARK_ALLOGRAFT_REJECTION,6.502290170873972
GOBP_REGULATION_OF_MYELOID_CELL_DIFFERENTIATION,GO:0045637,5,228,False,0.056790123456790124,HALLMARK_ALLOGRAFT_REJECTION,4.368781407923861
GOBP_NEGATIVE_REGULATION_OF_MYELOID_CELL_DIFFERENTIATION,GO:0045638,6,103,False,0.02364864864864865,HALLMARK_TNFA_SIGNALING_VIA_NFKB,5.163398048648666
GOBP_POSITIVE_REGULATION_OF_MYELOID_CELL_DIFFERENTIATION,GO:0045639,6,111,False,0.05423728813559322,HALLMARK_ALLOGRAFT_REJECTION,5.088596835565967
GOBP_REGULATION_OF_ERYTHROCYTE_DIFFERENTIATION,GO:0045646,6,53,False,0.0326530612244898,HALLMARK_ALLOGRAFT_REJECTION,5.82783512332618
GOBP_POSITIVE_REGULATION_OF_ERYTHROCYTE_DIFFERENTIATION,GO:0045648,7,37,False,0.024793388429752067,HALLMARK_IL6_JAK_STAT3_SIGNALING,6.187209124234077
GOBP_REGULATION_OF_MACROPHAGE_DIFFERENTIATION,GO:0045649,7,27,False,0.03636363636363636,HALLMARK_IL6_JAK_STAT3_SIGNALING,6.502290170873972
GOBP_REGULATION_OF_MEGAKARYOCYTE_DIFFERENTIATION,GO:0045652,6,38,False,0.0136986301369863,HALLMARK_ANGIOGENESIS,6.160540877151916
GOBP_NEGATIVE_REGULATION_OF_MEGAKARYOCYTE_DIFFERENTIATION,GO:0045653,7,20,False,0.01818181818181818,HALLMARK_ANGIOGENESIS,6.802394763324311
GOBP_REGULATION_OF_MONOCYTE_DIFFERENTIATION,GO:0045655,7,20,False,0.02631578947368421,HALLMARK_INTERFERON_ALPHA_RESPONSE,6.802394763324311
GOBP_REGULATION_OF_MYOBLAST_DIFFERENTIATION,GO:0045661,5,77,False,0.02973977695167286,HALLMARK_MYOGENESIS,5.454321615024618
GOBP_NEGATIVE_REGULATION_OF_MYOBLAST_DIFFERENTIATION,GO:0045662,6,27,False,0.05357142857142857,HALLMARK_NOTCH_SIGNALING,6.502290170873972
GOBP_POSITIVE_REGULATION_OF_MYOBLAST_DIFFERENTIATION,GO:0045663,6,47,False,0.02066115702479339,HALLMARK_MYOGENESIS,5.947979435168243
GOBP_REGULATION_OF_NEURON_DIFFERENTIATION,GO:0045664,5,199,False,0.03125,HALLMARK_NOTCH_SIGNALING,4.504822212153809
GOBP_NEGATIVE_REGULATION_OF_NEURON_DIFFERENTIATION,GO:0045665,6,76,False,0.058823529411764705,HALLMARK_NOTCH_SIGNALING,5.467393696591971
GOBP_POSITIVE_REGULATION_OF_NEURON_DIFFERENTIATION,GO:0045666,6,97,False,0.03007518796992481,HALLMARK_PANCREAS_BETA_CELLS,5.2234160583749185
GOBP_REGULATION_OF_OSTEOBLAST_DIFFERENTIATION,GO:0045667,5,160,False,0.07,HALLMARK_TGF_BETA_SIGNALING,4.722953221644475
GOBP_NEGATIVE_REGULATION_OF_OSTEOBLAST_DIFFERENTIATION,GO:0045668,6,69,False,0.0603448275862069,HALLMARK_TGF_BETA_SIGNALING,5.5640205322810425
GOBP_POSITIVE_REGULATION_OF_OSTEOBLAST_DIFFERENTIATION,GO:0045669,6,80,False,0.05511811023622047,HALLMARK_TGF_BETA_SIGNALING,5.41610040220442
GOBP_REGULATION_OF_OSTEOCLAST_DIFFERENTIATION,GO:0045670,7,74,False,0.03007518796992481,HALLMARK_TNFA_SIGNALING_VIA_NFKB,5.494061943674132
GOBP_NEGATIVE_REGULATION_OF_OSTEOCLAST_DIFFERENTIATION,GO:0045671,8,34,False,0.027777777777777776,HALLMARK_PANCREAS_BETA_CELLS,6.271766512262141
GOBP_POSITIVE_REGULATION_OF_OSTEOCLAST_DIFFERENTIATION,GO:0045672,8,30,False,0.026785714285714284,HALLMARK_TNFA_SIGNALING_VIA_NFKB,6.396929655216146
GOBP_REGULATION_OF_EPIDERMIS_DEVELOPMENT,GO:0045682,4,70,True,0.04672897196261682,HALLMARK_WNT_BETA_CATENIN_SIGNALING,5.549631794828943
GOBP_POSITIVE_REGULATION_OF_EPIDERMIS_DEVELOPMENT,GO:0045684,5,35,True,0.04054054054054054,HALLMARK_WNT_BETA_CATENIN_SIGNALING,6.242778975388888
GOBP_REGULATION_OF_GLIAL_CELL_DIFFERENTIATION,GO:0045685,5,77,False,0.048,HALLMARK_TGF_BETA_SIGNALING,5.454321615024618
GOBP_NEGATIVE_REGULATION_OF_GLIAL_CELL_DIFFERENTIATION,GO:0045686,6,29,False,0.0375,HALLMARK_TGF_BETA_SIGNALING,6.430831206891828
GOBP_POSITIVE_REGULATION_OF_GLIAL_CELL_DIFFERENTIATION,GO:0045687,6,43,False,0.043010752688172046,HALLMARK_TGF_BETA_SIGNALING,6.036926921184739
GOBP_NEGATIVE_REGULATION_OF_FATTY_ACID_BIOSYNTHETIC_PROCESS,GO:0045717,8,27,False,0.014285714285714285,HALLMARK_APICAL_SURFACE,6.502290170873972
GOBP_NEGATIVE_REGULATION_OF_GLUCONEOGENESIS,GO:0045721,7,20,False,0.04,HALLMARK_NOTCH_SIGNALING,6.802394763324311
GOBP_POSITIVE_REGULATION_OF_GLUCONEOGENESIS,GO:0045722,7,23,False,0.03278688524590164,HALLMARK_PANCREAS_BETA_CELLS,6.662632820949152
GOBP_POSITIVE_REGULATION_OF_FATTY_ACID_BIOSYNTHETIC_PROCESS,GO:0045723,8,24,False,0.024,HALLMARK_PEROXISOME,6.620073206530356
GOBP_POSITIVE_REGULATION_OF_CILIUM_ASSEMBLY,GO:0045724,7,30,False,0.017777777777777778,HALLMARK_MITOTIC_SPINDLE,6.396929655216146
GOBP_POSITIVE_REGULATION_OF_TRANSLATION,GO:0045727,8,137,False,0.02880658436213992,HALLMARK_UNFOLDED_PROTEIN_RESPONSE,4.878146111050177
GOBP_RESPIRATORY_BURST,GO:0045730,3,40,False,0.022988505747126436,HALLMARK_REACTIVE_OXYGEN_SPECIES_PATHWAY,6.1092475827643655
GOBP_POSITIVE_REGULATION_OF_PROTEIN_CATABOLIC_PROCESS,GO:0045732,7,216,False,0.0297029702970297,HALLMARK_P53_PATHWAY,4.422848629194137
GOBP_NEGATIVE_REGULATION_OF_DNA_REPAIR,GO:0045738,5,41,True,0.016877637130801686,HALLMARK_G2M_CHECKPOINT,6.084554970173994
GOBP_POSITIVE_REGULATION_OF_DNA_REPAIR,GO:0045739,5,142,False,0.03323262839879154,HALLMARK_E2F_TARGETS,4.8422999792770405
GOBP_POSITIVE_REGULATION_OF_DNA_REPLICATION,GO:0045740,8,42,False,0.0425531914893617,HALLMARK_PI3K_AKT_MTOR_SIGNALING,6.060457418594933
GOBP_NEGATIVE_REGULATION_OF_G_PROTEIN_COUPLED_RECEPTOR_SIGNALING_PATHWAY,GO:0045744,6,66,False,0.023076923076923078,HALLMARK_INFLAMMATORY_RESPONSE,5.608472294851876
GOBP_POSITIVE_REGULATION_OF_G_PROTEIN_COUPLED_RECEPTOR_SIGNALING_PATHWAY,GO:0045745,6,42,False,0.01694915254237288,HALLMARK_COAGULATION,6.060457418594933
GOBP_NEGATIVE_REGULATION_OF_NOTCH_SIGNALING_PATHWAY,GO:0045746,6,43,False,0.041666666666666664,HALLMARK_NOTCH_SIGNALING,6.036926921184739
GOBP_POSITIVE_REGULATION_OF_NOTCH_SIGNALING_PATHWAY,GO:0045747,6,50,False,0.06493506493506493,HALLMARK_NOTCH_SIGNALING,5.886104031450156
GOBP_REGULATION_OF_ADENYLATE_CYCLASE_ACTIVITY,GO:0045761,4,31,False,0.011560693641618497,HALLMARK_UV_RESPONSE_DN,6.364139832393156
GOBP_POSITIVE_REGULATION_OF_AXON_EXTENSION,GO:0045773,6,39,False,0.041666666666666664,HALLMARK_HEDGEHOG_SIGNALING,6.134565390748655
GOBP_NEGATIVE_REGULATION_OF_BLOOD_PRESSURE,GO:0045776,4,51,False,0.014354066985645933,HALLMARK_APOPTOSIS,5.866301404153976
GOBP_POSITIVE_REGULATION_OF_BLOOD_PRESSURE,GO:0045777,4,37,False,0.03409090909090909,HALLMARK_TGF_BETA_SIGNALING,6.187209124234077
GOBP_POSITIVE_REGULATION_OF_OSSIFICATION,GO:0045778,5,56,False,0.047619047619047616,HALLMARK_TGF_BETA_SIGNALING,5.772775346143153
GOBP_NEGATIVE_REGULATION_OF_ENDOCYTOSIS,GO:0045806,5,74,False,0.027777777777777776,HALLMARK_CHOLESTEROL_HOMEOSTASIS,5.494061943674132
GOBP_POSITIVE_REGULATION_OF_ENDOCYTOSIS,GO:0045807,5,165,False,0.039886039886039885,HALLMARK_ALLOGRAFT_REJECTION,4.692181562977721
GOBP_NEGATIVE_REGULATION_OF_GENE_EXPRESSION_EPIGENETIC,GO:0045814,7,209,False,0.04071246819338423,HALLMARK_G2M_CHECKPOINT,4.45579278491349
GOBP_NEGATIVE_REGULATION_OF_INNATE_IMMUNE_RESPONSE,GO:0045824,6,98,False,0.07194244604316546,HALLMARK_INTERFERON_GAMMA_RESPONSE,5.21315955820773
GOBP_POSITIVE_REGULATION_OF_ISOTYPE_SWITCHING,GO:0045830,5,29,False,0.026905829596412557,HALLMARK_ALLOGRAFT_REJECTION,6.430831206891828
GOBP_NEGATIVE_REGULATION_OF_LIPID_METABOLIC_PROCESS,GO:0045833,6,119,False,0.019169329073482427,HALLMARK_TNFA_SIGNALING_VIA_NFKB,5.019003543766773
GOBP_POSITIVE_REGULATION_OF_LIPID_METABOLIC_PROCESS,GO:0045834,6,137,False,0.0375,HALLMARK_BILE_ACID_METABOLISM,4.878146111050177
GOBP_POSITIVE_REGULATION_OF_MITOTIC_NUCLEAR_DIVISION,GO:0045840,7,46,False,0.029288702928870293,HALLMARK_G2M_CHECKPOINT,5.969485640389206
GOBP_NEGATIVE_REGULATION_OF_PROTEOLYSIS,GO:0045861,8,143,False,0.029304029304029304,HALLMARK_COAGULATION,4.835282406618394
GOBP_POSITIVE_REGULATION_OF_PROTEOLYSIS,GO:0045862,8,209,False,0.03282828282828283,HALLMARK_P53_PATHWAY,4.45579278491349
GOBP_NEGATIVE_REGULATION_OF_SMOOTHENED_SIGNALING_PATHWAY,GO:0045879,6,37,False,0.013888888888888888,HALLMARK_HEDGEHOG_SIGNALING,6.187209124234077
GOBP_POSITIVE_REGULATION_OF_SMOOTHENED_SIGNALING_PATHWAY,GO:0045880,6,39,False,0.0273972602739726,HALLMARK_HEDGEHOG_SIGNALING,6.134565390748655
GOBP_POSITIVE_REGULATION_OF_VASOCONSTRICTION,GO:0045907,5,29,False,0.021505376344086023,HALLMARK_APOPTOSIS,6.430831206891828
GOBP_NEGATIVE_REGULATION_OF_DNA_RECOMBINATION,GO:0045910,8,51,False,0.016194331983805668,HALLMARK_G2M_CHECKPOINT,5.866301404153976
GOBP_POSITIVE_REGULATION_OF_DNA_RECOMBINATION,GO:0045911,8,76,False,0.029850746268656716,HALLMARK_E2F_TARGETS,5.467393696591971
GOBP_NEGATIVE_REGULATION_OF_CARBOHYDRATE_METABOLIC_PROCESS,GO:0045912,6,61,False,0.02197802197802198,HALLMARK_NOTCH_SIGNALING,5.687253172704991
GOBP_POSITIVE_REGULATION_OF_CARBOHYDRATE_METABOLIC_PROCESS,GO:0045913,6,83,False,0.03361344537815126,HALLMARK_PANCREAS_BETA_CELLS,5.379286429081704
GOBP_NEGATIVE_REGULATION_OF_EXOCYTOSIS,GO:0045920,6,38,False,0.014492753623188406,HALLMARK_NOTCH_SIGNALING,6.160540877151916
GOBP_POSITIVE_REGULATION_OF_EXOCYTOSIS,GO:0045921,6,85,False,0.040229885057471264,HALLMARK_PROTEIN_SECRETION,5.3554757803879856
GOBP_NEGATIVE_REGULATION_OF_FATTY_ACID_METABOLIC_PROCESS,GO:0045922,7,50,False,0.014634146341463415,HALLMARK_FATTY_ACID_METABOLISM,5.886104031450156
GOBP_POSITIVE_REGULATION_OF_FATTY_ACID_METABOLIC_PROCESS,GO:0045923,7,40,False,0.02857142857142857,HALLMARK_PEROXISOME,6.1092475827643655
GOBP_NEGATIVE_REGULATION_OF_GROWTH,GO:0045926,4,231,False,0.043583535108958835,HALLMARK_P53_PATHWAY,4.355709326356508
GOBP_POSITIVE_REGULATION_OF_GROWTH,GO:0045927,4,263,False,0.03081232492997199,HALLMARK_PI3K_AKT_MTOR_SIGNALING,4.2259730047005375
GOBP_NEGATIVE_REGULATION_OF_MITOTIC_CELL_CYCLE,GO:0045930,6,245,False,0.0748792270531401,HALLMARK_E2F_TARGETS,4.296868826333575
GOBP_POSITIVE_REGULATION_OF_MITOTIC_CELL_CYCLE,GO:0045931,6,136,False,0.07006369426751592,HALLMARK_G2M_CHECKPOINT,4.88547215114225
GOBP_NEGATIVE_REGULATION_OF_MUSCLE_CONTRACTION,GO:0045932,5,24,False,0.013888888888888888,HALLMARK_REACTIVE_OXYGEN_SPECIES_PATHWAY,6.620073206530356
GOBP_POSITIVE_REGULATION_OF_MUSCLE_CONTRACTION,GO:0045933,5,50,False,0.02040816326530612,HALLMARK_INFLAMMATORY_RESPONSE,5.886104031450156
GOBP_NEGATIVE_REGULATION_OF_STEROID_METABOLIC_PROCESS,GO:0045939,7,36,False,0.01694915254237288,HALLMARK_UV_RESPONSE_DN,6.214608098422191
GOBP_POSITIVE_REGULATION_OF_STEROID_METABOLIC_PROCESS,GO:0045940,7,37,False,0.034722222222222224,HALLMARK_BILE_ACID_METABOLISM,6.187209124234077
GOBP_POSITIVE_REGULATION_OF_TRANSCRIPTION_BY_RNA_POLYMERASE_I,GO:0045943,10,36,False,0.021739130434782608,HALLMARK_MYC_TARGETS_V2,6.214608098422191
GOBP_NEGATIVE_REGULATION_OF_TRANSLATIONAL_INITIATION,GO:0045947,9,25,False,0.029850746268656716,HALLMARK_UNFOLDED_PROTEIN_RESPONSE,6.579251212010101
GOBP_POSITIVE_REGULATION_OF_TRANSLATIONAL_INITIATION,GO:0045948,9,30,False,0.013215859030837005,HALLMARK_TNFA_SIGNALING_VIA_NFKB,6.396929655216146
GOBP_POSITIVE_REGULATION_OF_NATURAL_KILLER_CELL_MEDIATED_CYTOTOXICITY,GO:0045954,7,30,False,0.026785714285714284,HALLMARK_ALLOGRAFT_REJECTION,6.396929655216146
GOBP_NEGATIVE_REGULATION_OF_NUCLEOTIDE_METABOLIC_PROCESS,GO:0045980,7,30,True,0.017699115044247787,HALLMARK_HYPOXIA,6.396929655216146
GOBP_POSITIVE_REGULATION_OF_NUCLEOTIDE_METABOLIC_PROCESS,GO:0045981,7,42,True,0.020833333333333332,HALLMARK_PI3K_AKT_MTOR_SIGNALING,6.060457418594933
GOBP_POSITIVE_REGULATION_OF_SMOOTH_MUSCLE_CONTRACTION,GO:0045987,6,30,False,0.022222222222222223,HALLMARK_INFLAMMATORY_RESPONSE,6.396929655216146
GOBP_REGULATION_OF_EMBRYONIC_DEVELOPMENT,GO:0045995,5,88,False,0.05263157894736842,HALLMARK_NOTCH_SIGNALING,5.320790222400095
GOBP_AMP_METABOLIC_PROCESS,GO:0046033,6,23,False,0.02976190476190476,HALLMARK_DNA_REPAIR,6.662632820949152
GOBP_ATP_METABOLIC_PROCESS,GO:0046034,6,236,False,0.13838120104438642,HALLMARK_OXIDATIVE_PHOSPHORYLATION,4.334295231852692
GOBP_GMP_METABOLIC_PROCESS,GO:0046037,6,28,False,0.03488372093023256,HALLMARK_DNA_REPAIR,6.465922526703098
GOBP_GTP_METABOLIC_PROCESS,GO:0046039,6,25,False,0.029411764705882353,HALLMARK_DNA_REPAIR,6.579251212010101
GOBP_CAMP_METABOLIC_PROCESS,GO:0046058,6,23,False,0.011695906432748537,HALLMARK_DNA_REPAIR,6.662632820949152
GOBP_PURINE_RIBONUCLEOSIDE_METABOLIC_PROCESS,GO:0046128,5,22,False,0.029940119760479042,HALLMARK_DNA_REPAIR,6.707084583519986
GOBP_PIGMENT_BIOSYNTHETIC_PROCESS,GO:0046148,4,58,False,0.06611570247933884,HALLMARK_HEME_METABOLISM,5.737684026331882
GOBP_ALCOHOL_CATABOLIC_PROCESS,GO:0046164,5,38,False,0.04895104895104895,HALLMARK_BILE_ACID_METABOLISM,6.160540877151916
GOBP_ALCOHOL_BIOSYNTHETIC_PROCESS,GO:0046165,5,150,False,0.09268292682926829,HALLMARK_CHOLESTEROL_HOMEOSTASIS,4.787491742782046
GOBP_POLYOL_BIOSYNTHETIC_PROCESS,GO:0046173,6,62,False,0.017543859649122806,HALLMARK_BILE_ACID_METABOLISM,5.6709926518332106
GOBP_PHENOL_CONTAINING_COMPOUND_BIOSYNTHETIC_PROCESS,GO:0046189,4,49,False,0.024691358024691357,HALLMARK_XENOBIOTIC_METABOLISM,5.906306738767675
GOBP_REGULATION_OF_FATTY_ACID_OXIDATION,GO:0046320,7,34,False,0.03225806451612903,HALLMARK_FATTY_ACID_METABOLISM,6.271766512262141
GOBP_D_GLUCOSE_IMPORT,GO:0046323,7,83,False,0.025,HALLMARK_PANCREAS_BETA_CELLS,5.379286429081704
GOBP_REGULATION_OF_D_GLUCOSE_IMPORT,GO:0046324,6,60,False,0.015625,HALLMARK_MYOGENESIS,5.703782474656201
GOBP_POSITIVE_REGULATION_OF_D_GLUCOSE_IMPORT,GO:0046326,7,38,False,0.017094017094017096,HALLMARK_MYOGENESIS,6.160540877151916
GOBP_REGULATION_OF_JNK_CASCADE,GO:0046328,7,148,False,0.033444816053511704,HALLMARK_APOPTOSIS,4.800914763114187
GOBP_NEGATIVE_REGULATION_OF_JNK_CASCADE,GO:0046329,8,38,False,0.015306122448979591,HALLMARK_APOPTOSIS,6.160540877151916
GOBP_POSITIVE_REGULATION_OF_JNK_CASCADE,GO:0046330,8,99,False,0.02512562814070352,HALLMARK_PI3K_AKT_MTOR_SIGNALING,5.2030071867437115
GOBP_PHOSPHATIDYLETHANOLAMINE_METABOLIC_PROCESS,GO:0046337,7,28,False,0.02,HALLMARK_CHOLESTEROL_HOMEOSTASIS,6.465922526703098
GOBP_DIACYLGLYCEROL_METABOLIC_PROCESS,GO:0046339,7,26,False,0.018018018018018018,HALLMARK_ADIPOGENESIS,6.54003049885682
GOBP_MONOSACCHARIDE_BIOSYNTHETIC_PROCESS,GO:0046364,5,96,True,0.06093189964157706,HALLMARK_HYPOXIA,5.233778845410465
GOBP_MONOSACCHARIDE_CATABOLIC_PROCESS,GO:0046365,5,57,True,0.07083333333333333,HALLMARK_HYPOXIA,5.755075769043752
GOBP_RIBOSE_PHOSPHATE_BIOSYNTHETIC_PROCESS,GO:0046390,5,182,True,0.14714714714714713,HALLMARK_OXIDATIVE_PHOSPHORYLATION,4.594120349801506
GOBP_REGULATION_OF_RECEPTOR_SIGNALING_PATHWAY_VIA_JAK_STAT,GO:0046425,6,79,False,0.05063291139240506,HALLMARK_IL6_JAK_STAT3_SIGNALING,5.42867918441128
GOBP_NEGATIVE_REGULATION_OF_RECEPTOR_SIGNALING_PATHWAY_VIA_JAK_STAT,GO:0046426,7,24,False,0.027777777777777776,HALLMARK_IL6_JAK_STAT3_SIGNALING,6.620073206530356
GOBP_ORGANOPHOSPHATE_CATABOLIC_PROCESS,GO:0046434,4,248,False,0.06413301662707839,HALLMARK_HYPOXIA,4.28469829071332
GOBP_ICOSANOID_BIOSYNTHETIC_PROCESS,GO:0046456,7,62,False,0.023255813953488372,HALLMARK_FATTY_ACID_METABOLISM,5.6709926518332106
GOBP_PROSTANOID_BIOSYNTHETIC_PROCESS,GO:0046457,7,33,True,0.021929824561403508,HALLMARK_XENOBIOTIC_METABOLISM,6.3016194754118215
GOBP_NEUTRAL_LIPID_BIOSYNTHETIC_PROCESS,GO:0046460,5,51,True,0.024489795918367346,HALLMARK_ADIPOGENESIS,5.866301404153976
GOBP_NEUTRAL_LIPID_CATABOLIC_PROCESS,GO:0046461,6,43,True,0.016853932584269662,HALLMARK_COAGULATION,6.036926921184739
GOBP_MEMBRANE_LIPID_CATABOLIC_PROCESS,GO:0046466,5,54,True,0.0273972602739726,HALLMARK_PROTEIN_SECRETION,5.809142990314028
GOBP_MEMBRANE_LIPID_BIOSYNTHETIC_PROCESS,GO:0046467,5,153,False,0.011461318051575931,HALLMARK_TNFA_SIGNALING_VIA_NFKB,4.767689115485866
GOBP_PHOSPHATIDYLCHOLINE_METABOLIC_PROCESS,GO:0046470,7,75,False,0.02054794520547945,HALLMARK_CHOLESTEROL_HOMEOSTASIS,5.480638923341991
GOBP_PHOSPHATIDYLGLYCEROL_METABOLIC_PROCESS,GO:0046471,7,37,False,0.013605442176870748,HALLMARK_BILE_ACID_METABOLISM,6.187209124234077
GOBP_PHOSPHATIDIC_ACID_METABOLIC_PROCESS,GO:0046473,7,39,True,0.013422818791946308,HALLMARK_BILE_ACID_METABOLISM,6.134565390748655
GOBP_GLYCEROPHOSPHOLIPID_BIOSYNTHETIC_PROCESS,GO:0046474,6,199,False,0.017857142857142856,HALLMARK_COMPLEMENT,4.504822212153809
GOBP_GLYCEROPHOSPHOLIPID_CATABOLIC_PROCESS,GO:0046475,6,34,False,0.012987012987012988,HALLMARK_COMPLEMENT,6.271766512262141
GOBP_PHOSPHATIDYLINOSITOL_METABOLIC_PROCESS,GO:0046488,7,152,False,0.020689655172413793,HALLMARK_UV_RESPONSE_DN,4.774246516032026
GOBP_GLYCEROLIPID_CATABOLIC_PROCESS,GO:0046503,5,69,False,0.01893939393939394,HALLMARK_ADIPOGENESIS,5.5640205322810425
GOBP_CERAMIDE_BIOSYNTHETIC_PROCESS,GO:0046513,5,71,False,0.011194029850746268,HALLMARK_TNFA_SIGNALING_VIA_NFKB,5.535447159836986
GOBP_CERAMIDE_CATABOLIC_PROCESS,GO:0046514,5,26,False,0.016666666666666666,HALLMARK_PROTEIN_SECRETION,6.54003049885682
GOBP_SPHINGOID_METABOLIC_PROCESS,GO:0046519,7,23,True,0.010416666666666666,HALLMARK_CHOLESTEROL_HOMEOSTASIS,6.662632820949152
GOBP_PHOTORECEPTOR_CELL_DIFFERENTIATION,GO:0046530,5,73,False,0.018691588785046728,HALLMARK_HEDGEHOG_SIGNALING,5.50766759572991
GOBP_DEVELOPMENT_OF_PRIMARY_FEMALE_SEXUAL_CHARACTERISTICS,GO:0046545,4,111,True,0.026415094339622643,HALLMARK_APOPTOSIS,5.088596835565967
GOBP_REGULATION_OF_RAS_PROTEIN_SIGNAL_TRANSDUCTION,GO:0046578,7,48,False,0.02564102564102564,HALLMARK_NOTCH_SIGNALING,5.926926025970411
GOBP_NEGATIVE_REGULATION_OF_RAS_PROTEIN_SIGNAL_TRANSDUCTION,GO:0046580,8,24,False,0.01694915254237288,HALLMARK_HEDGEHOG_SIGNALING,6.620073206530356
GOBP_REGULATION_OF_VIRAL_ENTRY_INTO_HOST_CELL,GO:0046596,5,21,False,0.03508771929824561,HALLMARK_INTERFERON_ALPHA_RESPONSE,6.753604599154879
GOBP_HOST_MEDIATED_SUPPRESSION_OF_SYMBIONT_INVASION,GO:0046597,4,24,False,0.07079646017699115,HALLMARK_INTERFERON_ALPHA_RESPONSE,6.620073206530356
GOBP_REGULATION_OF_CENTRIOLE_REPLICATION,GO:0046599,6,25,False,0.024691358024691357,HALLMARK_MYC_TARGETS_V2,6.579251212010101
GOBP_REGULATION_OF_CENTROSOME_CYCLE,GO:0046605,5,59,False,0.03187250996015936,HALLMARK_G2M_CHECKPOINT,5.7205895929725825
GOBP_XENOBIOTIC_EXPORT_FROM_CELL,GO:0046618,3,29,True,0.015267175572519083,HALLMARK_PEROXISOME,6.430831206891828
GOBP_REGULATION_OF_ORGAN_GROWTH,GO:0046620,4,104,False,0.024793388429752067,HALLMARK_UV_RESPONSE_DN,5.153736137736929
GOBP_NEGATIVE_REGULATION_OF_ORGAN_GROWTH,GO:0046621,5,37,False,0.011764705882352941,HALLMARK_REACTIVE_OXYGEN_SPECIES_PATHWAY,6.187209124234077
GOBP_POSITIVE_REGULATION_OF_ORGAN_GROWTH,GO:0046622,5,55,False,0.031914893617021274,HALLMARK_WNT_BETA_CATENIN_SIGNALING,5.790793851645831
GOBP_REGULATION_OF_INSULIN_RECEPTOR_SIGNALING_PATHWAY,GO:0046626,5,78,False,0.03773584905660377,HALLMARK_IL6_JAK_STAT3_SIGNALING,5.44141821018871
GOBP_GAMMA_DELTA_T_CELL_ACTIVATION,GO:0046629,5,28,False,0.04477611940298507,HALLMARK_WNT_BETA_CATENIN_SIGNALING,6.465922526703098
GOBP_ALPHA_BETA_T_CELL_ACTIVATION,GO:0046631,5,204,False,0.10382513661202186,HALLMARK_ALLOGRAFT_REJECTION,4.480007043034085
GOBP_ALPHA_BETA_T_CELL_DIFFERENTIATION,GO:0046632,6,140,False,0.07255520504731862,HALLMARK_ALLOGRAFT_REJECTION,4.8564846142689975
GOBP_ALPHA_BETA_T_CELL_PROLIFERATION,GO:0046633,6,47,True,0.06465517241379311,HALLMARK_ALLOGRAFT_REJECTION,5.947979435168243
GOBP_REGULATION_OF_ALPHA_BETA_T_CELL_ACTIVATION,GO:0046634,7,124,False,0.0945945945945946,HALLMARK_ALLOGRAFT_REJECTION,4.977845471273265
GOBP_POSITIVE_REGULATION_OF_ALPHA_BETA_T_CELL_ACTIVATION,GO:0046635,8,76,False,0.09523809523809523,HALLMARK_ALLOGRAFT_REJECTION,5.467393696591971
GOBP_NEGATIVE_REGULATION_OF_ALPHA_BETA_T_CELL_ACTIVATION,GO:0046636,8,50,False,0.02040816326530612,HALLMARK_INTERFERON_GAMMA_RESPONSE,5.886104031450156
GOBP_REGULATION_OF_ALPHA_BETA_T_CELL_DIFFERENTIATION,GO:0046637,8,82,False,0.06818181818181818,HALLMARK_ALLOGRAFT_REJECTION,5.391407789614049
GOBP_POSITIVE_REGULATION_OF_ALPHA_BETA_T_CELL_DIFFERENTIATION,GO:0046638,9,57,False,0.06639004149377593,HALLMARK_ALLOGRAFT_REJECTION,5.755075769043752
GOBP_NEGATIVE_REGULATION_OF_ALPHA_BETA_T_CELL_DIFFERENTIATION,GO:0046639,9,30,False,0.017699115044247787,HALLMARK_TNFA_SIGNALING_VIA_NFKB,6.396929655216146
GOBP_POSITIVE_REGULATION_OF_ALPHA_BETA_T_CELL_PROLIFERATION,GO:0046641,9,24,False,0.051643192488262914,HALLMARK_ALLOGRAFT_REJECTION,6.620073206530356
GOBP_TETRAHYDROFOLATE_METABOLIC_PROCESS,GO:0046653,5,20,False,0.018518518518518517,HALLMARK_MTORC1_SIGNALING,6.802394763324311
GOBP_FEMALE_SEX_DIFFERENTIATION,GO:0046660,4,126,False,0.028391167192429023,HALLMARK_EPITHELIAL_MESENCHYMAL_TRANSITION,4.961845129926823
GOBP_MALE_SEX_DIFFERENTIATION,GO:0046661,4,177,True,0.03048780487804878,HALLMARK_APOPTOSIS,4.6219773043044725
GOBP_RESPONSE_TO_ANTIBIOTIC,GO:0046677,3,37,False,0.02247191011235955,HALLMARK_TGF_BETA_SIGNALING,6.187209124234077
GOBP_RESPONSE_TO_ORGANOPHOSPHORUS,GO:0046683,3,129,False,0.028125,HALLMARK_TNFA_SIGNALING_VIA_NFKB,4.938314632516629
GOBP_RESPONSE_TO_ARSENIC_CONTAINING_SUBSTANCE,GO:0046685,3,30,False,0.022222222222222223,HALLMARK_XENOBIOTIC_METABOLISM,6.396929655216146
GOBP_RESPONSE_TO_CADMIUM_ION,GO:0046686,4,48,False,0.05434782608695652,HALLMARK_REACTIVE_OXYGEN_SPECIES_PATHWAY,5.926926025970411
GOBP_RESPONSE_TO_COPPER_ION,GO:0046688,4,40,False,0.022988505747126436,HALLMARK_REACTIVE_OXYGEN_SPECIES_PATHWAY,6.1092475827643655
GOBP_DECIDUALIZATION,GO:0046697,3,25,False,0.03389830508474576,HALLMARK_ANGIOGENESIS,6.579251212010101
GOBP_MUSCLE_CELL_CELLULAR_HOMEOSTASIS,GO:0046716,3,26,False,0.0319634703196347,HALLMARK_MYOGENESIS,6.54003049885682
GOBP_ACID_SECRETION,GO:0046717,5,42,False,0.02109704641350211,HALLMARK_ESTROGEN_RESPONSE_LATE,6.060457418594933
GOBP_VIRAL_BUDDING,GO:0046755,2,26,True,0.023255813953488372,HALLMARK_DNA_REPAIR,6.54003049885682
GOBP_PROTEIN_AUTOPHOSPHORYLATION,GO:0046777,7,140,False,0.023255813953488372,HALLMARK_ANGIOGENESIS,4.8564846142689975
GOBP_REGULATION_OF_VIRAL_TRANSCRIPTION,GO:0046782,4,20,False,0.02631578947368421,HALLMARK_INTERFERON_ALPHA_RESPONSE,6.802394763324311
GOBP_MICROTUBULE_POLYMERIZATION,GO:0046785,5,104,False,0.07446808510638298,HALLMARK_MITOTIC_SPINDLE,5.153736137736929
GOBP_REGULATION_OF_NUCLEOCYTOPLASMIC_TRANSPORT,GO:0046822,6,120,False,0.02564102564102564,HALLMARK_G2M_CHECKPOINT,5.0106352940962555
GOBP_NEGATIVE_REGULATION_OF_NUCLEOCYTOPLASMIC_TRANSPORT,GO:0046823,6,30,False,0.015384615384615385,HALLMARK_HEDGEHOG_SIGNALING,6.396929655216146
GOBP_POSITIVE_REGULATION_OF_NUCLEOCYTOPLASMIC_TRANSPORT,GO:0046824,6,63,False,0.035398230088495575,HALLMARK_TGF_BETA_SIGNALING,5.654992310486769
GOBP_REGULATION_OF_PROTEIN_EXPORT_FROM_NUCLEUS,GO:0046825,7,37,False,0.02158273381294964,HALLMARK_PI3K_AKT_MTOR_SIGNALING,6.187209124234077
GOBP_POSITIVE_REGULATION_OF_PROTEIN_EXPORT_FROM_NUCLEUS,GO:0046827,7,20,False,0.016260162601626018,HALLMARK_PI3K_AKT_MTOR_SIGNALING,6.802394763324311
GOBP_CARBOHYDRATE_PHOSPHORYLATION,GO:0046835,5,24,False,0.027522935779816515,HALLMARK_HYPOXIA,6.620073206530356
GOBP_PHOSPHOLIPID_DEPHOSPHORYLATION,GO:0046839,6,43,False,0.016304347826086956,HALLMARK_UV_RESPONSE_DN,6.036926921184739
GOBP_FILOPODIUM_ASSEMBLY,GO:0046847,7,68,False,0.03088803088803089,HALLMARK_MITOTIC_SPINDLE,5.578619331702195
GOBP_BONE_REMODELING,GO:0046849,3,88,False,0.03225806451612903,HALLMARK_EPITHELIAL_MESENCHYMAL_TRANSITION,5.320790222400095
GOBP_REGULATION_OF_BONE_REMODELING,GO:0046850,5,47,True,0.03076923076923077,HALLMARK_IL6_JAK_STAT3_SIGNALING,5.947979435168243
GOBP_PHOSPHATIDYLINOSITOL_PHOSPHATE_BIOSYNTHETIC_PROCESS,GO:0046854,8,56,False,0.02040816326530612,HALLMARK_UV_RESPONSE_DN,5.772775346143153
GOBP_PHOSPHATIDYLINOSITOL_DEPHOSPHORYLATION,GO:0046856,7,29,False,0.011695906432748537,HALLMARK_UV_RESPONSE_DN,6.430831206891828
GOBP_REGULATION_OF_HORMONE_SECRETION,GO:0046883,4,273,False,0.043333333333333335,HALLMARK_PANCREAS_BETA_CELLS,4.188655241693342
GOBP_REGULATION_OF_HORMONE_BIOSYNTHETIC_PROCESS,GO:0046885,5,22,False,0.0136986301369863,HALLMARK_HYPOXIA,6.707084583519986
GOBP_POSITIVE_REGULATION_OF_HORMONE_SECRETION,GO:0046887,5,154,False,0.043010752688172046,HALLMARK_PANCREAS_BETA_CELLS,4.761174434464673
GOBP_NEGATIVE_REGULATION_OF_HORMONE_SECRETION,GO:0046888,5,70,False,0.028037383177570093,HALLMARK_PANCREAS_BETA_CELLS,5.549631794828943
GOBP_POSITIVE_REGULATION_OF_LIPID_BIOSYNTHETIC_PROCESS,GO:0046889,7,99,False,0.02976190476190476,HALLMARK_CHOLESTEROL_HOMEOSTASIS,5.2030071867437115
GOBP_REGULATION_OF_LIPID_BIOSYNTHETIC_PROCESS,GO:0046890,6,201,False,0.033003300330033,HALLMARK_BILE_ACID_METABOLISM,4.494822128819226
GOBP_REGULATION_OF_MITOCHONDRIAL_MEMBRANE_PERMEABILITY,GO:0046902,4,59,False,0.04265402843601896,HALLMARK_APOPTOSIS,5.7205895929725825
GOBP_REGULATION_OF_NEUROTRANSMITTER_SECRETION,GO:0046928,5,90,False,0.015625,HALLMARK_PANCREAS_BETA_CELLS,5.298317366548036
GOBP_PORE_COMPLEX_ASSEMBLY,GO:0046931,6,20,False,0.015873015873015872,HALLMARK_APICAL_SURFACE,6.802394763324311
GOBP_FATTY_ACYL_COA_BIOSYNTHETIC_PROCESS,GO:0046949,6,28,False,0.03937007874015748,HALLMARK_PEROXISOME,6.465922526703098
GOBP_VESICLE_TRANSPORT_ALONG_MICROTUBULE,GO:0047496,5,49,False,0.02112676056338028,HALLMARK_PROTEIN_SECRETION,5.906306738767675
GOBP_ANTIGEN_PROCESSING_AND_PRESENTATION_OF_PEPTIDE_ANTIGEN,GO:0048002,3,72,False,0.06666666666666667,HALLMARK_ALLOGRAFT_REJECTION,5.521460917862246
GOBP_PLATELET_DERIVED_GROWTH_FACTOR_RECEPTOR_SIGNALING_PATHWAY,GO:0048008,6,62,False,0.05673758865248227,HALLMARK_IL6_JAK_STAT3_SIGNALING,5.6709926518332106
GOBP_INSULIN_LIKE_GROWTH_FACTOR_RECEPTOR_SIGNALING_PATHWAY,GO:0048009,6,54,False,0.032467532467532464,HALLMARK_PI3K_AKT_MTOR_SIGNALING,5.809142990314028
GOBP_VASCULAR_ENDOTHELIAL_GROWTH_FACTOR_RECEPTOR_SIGNALING_PATHWAY,GO:0048010,6,63,False,0.05319148936170213,HALLMARK_ANGIOGENESIS,5.654992310486769
GOBP_NEUROTROPHIN_TRK_RECEPTOR_SIGNALING_PATHWAY,GO:0048011,5,26,False,0.031496062992125984,HALLMARK_PI3K_AKT_MTOR_SIGNALING,6.54003049885682
GOBP_EPHRIN_RECEPTOR_SIGNALING_PATHWAY,GO:0048013,6,53,False,0.031914893617021274,HALLMARK_APICAL_SURFACE,5.82783512332618
GOBP_PHOSPHATIDYLINOSITOL_MEDIATED_SIGNALING,GO:0048015,4,24,False,0.01694915254237288,HALLMARK_ANGIOGENESIS,6.620073206530356
GOBP_REGULATION_OF_MRNA_SPLICING_VIA_SPLICEOSOME,GO:0048024,7,112,False,0.04,HALLMARK_MYC_TARGETS_V1,5.079628165583207
GOBP_FOCAL_ADHESION_ASSEMBLY,GO:0048041,7,84,False,0.05185185185185185,HALLMARK_APICAL_JUNCTION,5.367310238034988
GOBP_EMBRYONIC_EYE_MORPHOGENESIS,GO:0048048,5,36,False,0.030303030303030304,HALLMARK_NOTCH_SIGNALING,6.214608098422191
GOBP_DEVELOPMENTAL_PIGMENTATION,GO:0048066,2,48,False,0.014778325123152709,HALLMARK_UV_RESPONSE_UP,5.926926025970411
GOBP_ASTROCYTE_ACTIVATION,GO:0048143,4,26,False,0.03669724770642202,HALLMARK_IL6_JAK_STAT3_SIGNALING,6.54003049885682
GOBP_FIBROBLAST_PROLIFERATION,GO:0048144,3,114,False,0.036303630363036306,HALLMARK_P53_PATHWAY,5.061928588483807
GOBP_REGULATION_OF_FIBROBLAST_PROLIFERATION,GO:0048145,5,94,False,0.038869257950530034,HALLMARK_P53_PATHWAY,5.2548322546082975
GOBP_POSITIVE_REGULATION_OF_FIBROBLAST_PROLIFERATION,GO:0048146,6,57,False,0.0321285140562249,HALLMARK_G2M_CHECKPOINT,5.755075769043752
GOBP_NEGATIVE_REGULATION_OF_FIBROBLAST_PROLIFERATION,GO:0048147,6,35,False,0.02666666666666667,HALLMARK_WNT_BETA_CATENIN_SIGNALING,6.242778975388888
GOBP_REGULATION_OF_SYNAPTIC_PLASTICITY,GO:0048167,3,229,False,0.021406727828746176,HALLMARK_PI3K_AKT_MTOR_SIGNALING,4.364405033324062
GOBP_REGULATION_OF_NEURONAL_SYNAPTIC_PLASTICITY,GO:0048168,4,61,False,0.012269938650306749,HALLMARK_PEROXISOME,5.687253172704991
GOBP_REGULATION_OF_LONG_TERM_NEURONAL_SYNAPTIC_PLASTICITY,GO:0048169,5,26,False,0.01639344262295082,HALLMARK_HEDGEHOG_SIGNALING,6.54003049885682
GOBP_VESICLE_TARGETING_TO_FROM_OR_WITHIN_GOLGI,GO:0048199,3,32,False,0.03225806451612903,HALLMARK_PROTEIN_SECRETION,6.332391134078575
GOBP_VESICLE_TARGETING_ROUGH_ER_TO_CIS_GOLGI,GO:0048207,4,25,True,0.01680672268907563,HALLMARK_PROTEIN_SECRETION,6.579251212010101
GOBP_SPERM_CAPACITATION,GO:0048240,3,34,False,0.018072289156626505,HALLMARK_SPERMATOGENESIS,6.271766512262141
GOBP_EOSINOPHIL_CHEMOTAXIS,GO:0048245,5,21,False,0.03755868544600939,HALLMARK_ALLOGRAFT_REJECTION,6.753604599154879
GOBP_MACROPHAGE_CHEMOTAXIS,GO:0048246,4,43,False,0.03404255319148936,HALLMARK_INFLAMMATORY_RESPONSE,6.036926921184739
GOBP_LYMPHOCYTE_CHEMOTAXIS,GO:0048247,4,48,False,0.030534351145038167,HALLMARK_IL6_JAK_STAT3_SIGNALING,5.926926025970411
GOBP_REGULATION_OF_RECEPTOR_MEDIATED_ENDOCYTOSIS,GO:0048259,6,130,False,0.03474903474903475,HALLMARK_COAGULATION,4.930592586422719
GOBP_POSITIVE_REGULATION_OF_RECEPTOR_MEDIATED_ENDOCYTOSIS,GO:0048260,6,56,False,0.033707865168539325,HALLMARK_ANGIOGENESIS,5.772775346143153
GOBP_NEGATIVE_REGULATION_OF_RECEPTOR_MEDIATED_ENDOCYTOSIS,GO:0048261,6,35,False,0.023668639053254437,HALLMARK_COAGULATION,6.242778975388888
GOBP_RESPONSE_TO_PAIN,GO:0048265,3,34,False,0.013043478260869565,HALLMARK_IL2_STAT5_SIGNALING,6.271766512262141
GOBP_BEHAVIORAL_RESPONSE_TO_PAIN,GO:0048266,3,20,False,0.0136986301369863,HALLMARK_TGF_BETA_SIGNALING,6.802394763324311
GOBP_CLATHRIN_COAT_ASSEMBLY,GO:0048268,6,21,False,0.035398230088495575,HALLMARK_PROTEIN_SECRETION,6.753604599154879
GOBP_VESICLE_DOCKING,GO:0048278,4,60,False,0.04697986577181208,HALLMARK_PROTEIN_SECRETION,5.703782474656201
GOBP_ORGANELLE_FUSION,GO:0048284,5,184,False,0.05263157894736842,HALLMARK_PROTEIN_SECRETION,4.583191279269316
GOBP_LUNG_ALVEOLUS_DEVELOPMENT,GO:0048286,3,55,False,0.02,HALLMARK_HYPOXIA,5.790793851645831
GOBP_MITOCHONDRION_DISTRIBUTION,GO:0048311,4,21,False,0.019230769230769232,HALLMARK_NOTCH_SIGNALING,6.753604599154879
GOBP_MESODERM_MORPHOGENESIS,GO:0048332,4,79,True,0.047244094488188976,HALLMARK_TGF_BETA_SIGNALING,5.42867918441128
GOBP_MESODERMAL_CELL_DIFFERENTIATION,GO:0048333,4,35,False,0.03070175438596491,HALLMARK_EPITHELIAL_MESENCHYMAL_TRANSITION,6.242778975388888
GOBP_PARAXIAL_MESODERM_DEVELOPMENT,GO:0048339,5,20,False,0.027777777777777776,HALLMARK_TGF_BETA_SIGNALING,6.802394763324311
GOBP_RETINOIC_ACID_RECEPTOR_SIGNALING_PATHWAY,GO:0048384,4,38,False,0.014285714285714285,HALLMARK_PEROXISOME,6.160540877151916
GOBP_CELL_MATURATION,GO:0048469,3,219,False,0.019464720194647202,HALLMARK_INFLAMMATORY_RESPONSE,4.409055307061801
GOBP_OOGENESIS,GO:0048477,4,116,False,0.016194331983805668,HALLMARK_SPERMATOGENESIS,5.044536845771937
GOBP_AUTONOMIC_NERVOUS_SYSTEM_DEVELOPMENT,GO:0048483,4,46,False,0.0379746835443038,HALLMARK_HEDGEHOG_SIGNALING,5.969485640389206
GOBP_SYMPATHETIC_NERVOUS_SYSTEM_DEVELOPMENT,GO:0048485,4,22,False,0.05454545454545454,HALLMARK_HEDGEHOG_SIGNALING,6.707084583519986
GOBP_SYNAPTIC_VESICLE_TRANSPORT,GO:0048489,2,47,False,0.02877697841726619,HALLMARK_PROTEIN_SECRETION,5.947979435168243
GOBP_SYNAPTIC_VESICLE_MEMBRANE_ORGANIZATION,GO:0048499,5,36,False,0.02702702702702703,HALLMARK_PANCREAS_BETA_CELLS,6.214608098422191
GOBP_SPERMATID_DIFFERENTIATION,GO:0048515,3,256,True,0.0625,HALLMARK_SPERMATOGENESIS,4.252949592398739
GOBP_POSITIVE_REGULATION_OF_BEHAVIOR,GO:0048520,5,29,False,0.014285714285714285,HALLMARK_WNT_BETA_CATENIN_SIGNALING,6.430831206891828
GOBP_POSITIVE_REGULATION_OF_VIRAL_PROCESS,GO:0048524,4,64,False,0.023255813953488372,HALLMARK_INTERFERON_GAMMA_RESPONSE,5.63924395351863
GOBP_NEGATIVE_REGULATION_OF_VIRAL_PROCESS,GO:0048525,4,76,False,0.0949367088607595,HALLMARK_INTERFERON_ALPHA_RESPONSE,5.467393696591971
GOBP_HEMATOPOIETIC_OR_LYMPHOID_ORGAN_DEVELOPMENT,GO:0048534,4,106,False,0.02564102564102564,HALLMARK_TGF_BETA_SIGNALING,5.134687942766234
GOBP_LYMPH_NODE_DEVELOPMENT,GO:0048535,5,21,False,0.018867924528301886,HALLMARK_IL6_JAK_STAT3_SIGNALING,6.753604599154879
GOBP_SPLEEN_DEVELOPMENT,GO:0048536,5,42,False,0.02040816326530612,HALLMARK_UV_RESPONSE_UP,6.060457418594933
GOBP_THYMUS_DEVELOPMENT,GO:0048538,5,51,False,0.02040816326530612,HALLMARK_REACTIVE_OXYGEN_SPECIES_PATHWAY,5.866301404153976
GOBP_DIGESTIVE_TRACT_MORPHOGENESIS,GO:0048546,4,53,False,0.028846153846153848,HALLMARK_TGF_BETA_SIGNALING,5.82783512332618
GOBP_EMBRYONIC_DIGESTIVE_TRACT_DEVELOPMENT,GO:0048566,5,35,False,0.014285714285714285,HALLMARK_HEDGEHOG_SIGNALING,6.242778975388888
GOBP_DEVELOPMENTAL_CELL_GROWTH,GO:0048588,3,235,False,0.02843601895734597,HALLMARK_MITOTIC_SPINDLE,4.338541522734142
GOBP_EYE_MORPHOGENESIS,GO:0048592,5,174,False,0.035175879396984924,HALLMARK_NOTCH_SIGNALING,4.639071737663772
GOBP_CAMERA_TYPE_EYE_MORPHOGENESIS,GO:0048593,6,141,False,0.04216867469879518,HALLMARK_NOTCH_SIGNALING,4.849367146500134
GOBP_EMBRYONIC_CAMERA_TYPE_EYE_MORPHOGENESIS,GO:0048596,6,27,False,0.03508771929824561,HALLMARK_NOTCH_SIGNALING,6.502290170873972
GOBP_REGULATION_OF_MUSCLE_ORGAN_DEVELOPMENT,GO:0048634,4,45,True,0.03571428571428571,HALLMARK_WNT_BETA_CATENIN_SIGNALING,5.991464547107982
GOBP_POSITIVE_REGULATION_OF_MUSCLE_ORGAN_DEVELOPMENT,GO:0048636,5,22,True,0.03225806451612903,HALLMARK_WNT_BETA_CATENIN_SIGNALING,6.707084583519986
GOBP_POSITIVE_REGULATION_OF_DEVELOPMENTAL_GROWTH,GO:0048639,5,174,False,0.025806451612903226,HALLMARK_UV_RESPONSE_DN,4.639071737663772
GOBP_NEGATIVE_REGULATION_OF_DEVELOPMENTAL_GROWTH,GO:0048640,5,102,False,0.022222222222222223,HALLMARK_HEDGEHOG_SIGNALING,5.173154223594031
GOBP_REGULATION_OF_SKELETAL_MUSCLE_TISSUE_DEVELOPMENT,GO:0048641,6,25,False,0.03076923076923077,HALLMARK_WNT_BETA_CATENIN_SIGNALING,6.579251212010101
GOBP_MUSCLE_ORGAN_MORPHOGENESIS,GO:0048644,4,86,True,0.06060606060606061,HALLMARK_TGF_BETA_SIGNALING,5.343779740624794
GOBP_ANIMAL_ORGAN_FORMATION,GO:0048645,3,69,False,0.04716981132075472,HALLMARK_WNT_BETA_CATENIN_SIGNALING,5.5640205322810425
GOBP_SMOOTH_MUSCLE_CELL_PROLIFERATION,GO:0048659,4,176,True,0.04984423676012461,HALLMARK_APOPTOSIS,4.62764304184015
GOBP_POSITIVE_REGULATION_OF_SMOOTH_MUSCLE_CELL_PROLIFERATION,GO:0048661,6,98,False,0.04929577464788732,HALLMARK_ALLOGRAFT_REJECTION,5.21315955820773
GOBP_NEGATIVE_REGULATION_OF_SMOOTH_MUSCLE_CELL_PROLIFERATION,GO:0048662,6,71,False,0.02654867256637168,HALLMARK_APOPTOSIS,5.535447159836986
GOBP_NEURON_FATE_COMMITMENT,GO:0048663,4,77,False,0.05309734513274336,HALLMARK_WNT_BETA_CATENIN_SIGNALING,5.454321615024618
GOBP_NEURON_FATE_SPECIFICATION,GO:0048665,4,37,False,0.02666666666666667,HALLMARK_PANCREAS_BETA_CELLS,6.187209124234077
GOBP_COLLATERAL_SPROUTING,GO:0048668,4,32,False,0.030303030303030304,HALLMARK_ANGIOGENESIS,6.332391134078575
GOBP_REGULATION_OF_COLLATERAL_SPROUTING,GO:0048670,5,22,False,0.017543859649122806,HALLMARK_ANGIOGENESIS,6.707084583519986
GOBP_AXON_EXTENSION,GO:0048675,5,113,False,0.04929577464788732,HALLMARK_HEDGEHOG_SIGNALING,5.070739218165961
GOBP_RESPONSE_TO_AXON_INJURY,GO:0048678,4,84,False,0.02527075812274368,HALLMARK_EPITHELIAL_MESENCHYMAL_TRANSITION,5.367310238034988
GOBP_EMBRYONIC_CRANIAL_SKELETON_MORPHOGENESIS,GO:0048701,6,43,False,0.02185792349726776,HALLMARK_UV_RESPONSE_DN,6.036926921184739
GOBP_EMBRYONIC_SKELETAL_SYSTEM_MORPHOGENESIS,GO:0048704,5,94,False,0.027777777777777776,HALLMARK_TGF_BETA_SIGNALING,5.2548322546082975
GOBP_SKELETAL_SYSTEM_MORPHOGENESIS,GO:0048705,4,231,False,0.04611650485436893,HALLMARK_EPITHELIAL_MESENCHYMAL_TRANSITION,4.355709326356508
GOBP_EMBRYONIC_SKELETAL_SYSTEM_DEVELOPMENT,GO:0048706,5,136,False,0.029411764705882353,HALLMARK_UV_RESPONSE_DN,4.88547215114225
GOBP_ASTROCYTE_DIFFERENTIATION,GO:0048708,5,90,False,0.041176470588235294,HALLMARK_IL6_JAK_STAT3_SIGNALING,5.298317366548036
GOBP_OLIGODENDROCYTE_DIFFERENTIATION,GO:0048709,5,109,False,0.027210884353741496,HALLMARK_WNT_BETA_CATENIN_SIGNALING,5.106779154649158
GOBP_REGULATION_OF_ASTROCYTE_DIFFERENTIATION,GO:0048710,6,33,False,0.03571428571428571,HALLMARK_TGF_BETA_SIGNALING,6.3016194754118215
GOBP_REGULATION_OF_OLIGODENDROCYTE_DIFFERENTIATION,GO:0048713,6,44,False,0.03896103896103896,HALLMARK_HEDGEHOG_SIGNALING,6.013937402960041
GOBP_POSITIVE_REGULATION_OF_OLIGODENDROCYTE_DIFFERENTIATION,GO:0048714,7,25,False,0.03389830508474576,HALLMARK_HEDGEHOG_SIGNALING,6.579251212010101
GOBP_EPIDERMIS_MORPHOGENESIS,GO:0048730,5,38,True,0.02564102564102564,HALLMARK_WNT_BETA_CATENIN_SIGNALING,6.160540877151916
GOBP_APPENDAGE_DEVELOPMENT,GO:0048736,3,194,True,0.03056768558951965,HALLMARK_WNT_BETA_CATENIN_SIGNALING,4.530268877814973
GOBP_CARDIAC_MUSCLE_TISSUE_DEVELOPMENT,GO:0048738,6,256,False,0.06046511627906977,HALLMARK_MYOGENESIS,4.252949592398739
GOBP_SMOOTH_MUSCLE_TISSUE_DEVELOPMENT,GO:0048745,5,28,False,0.04918032786885246,HALLMARK_HEDGEHOG_SIGNALING,6.465922526703098
GOBP_PIGMENT_GRANULE_ORGANIZATION,GO:0048753,6,40,True,0.022556390977443608,HALLMARK_PROTEIN_SECRETION,6.1092475827643655
GOBP_BRANCHING_MORPHOGENESIS_OF_AN_EPITHELIAL_TUBE,GO:0048754,4,166,False,0.04,HALLMARK_WNT_BETA_CATENIN_SIGNALING,4.686139248521759
GOBP_MESENCHYMAL_CELL_DIFFERENTIATION,GO:0048762,4,273,False,0.0350109409190372,HALLMARK_EPITHELIAL_MESENCHYMAL_TRANSITION,4.188655241693342
GOBP_TISSUE_REMODELING,GO:0048771,2,198,False,0.041884816753926704,HALLMARK_EPITHELIAL_MESENCHYMAL_TRANSITION,4.509860006183766
GOBP_ANIMAL_ORGAN_MATURATION,GO:0048799,4,32,False,0.023809523809523808,HALLMARK_TGF_BETA_SIGNALING,6.332391134078575
GOBP_GENITALIA_DEVELOPMENT,GO:0048806,4,47,False,0.019230769230769232,HALLMARK_BILE_ACID_METABOLISM,5.947979435168243
GOBP_DENDRITE_MORPHOGENESIS,GO:0048813,6,143,False,0.025,HALLMARK_UV_RESPONSE_DN,4.835282406618394
GOBP_REGULATION_OF_DENDRITE_MORPHOGENESIS,GO:0048814,5,65,False,0.009615384615384616,HALLMARK_PANCREAS_BETA_CELLS,5.6237397669826645
GOBP_ERYTHROCYTE_DEVELOPMENT,GO:0048821,6,45,False,0.04700854700854701,HALLMARK_HEME_METABOLISM,5.991464547107982
GOBP_ARTERY_MORPHOGENESIS,GO:0048844,5,84,False,0.045871559633027525,HALLMARK_UV_RESPONSE_DN,5.367310238034988
GOBP_BRAIN_MORPHOGENESIS,GO:0048854,4,37,False,0.029850746268656716,HALLMARK_NOTCH_SIGNALING,6.187209124234077
GOBP_NEURAL_NUCLEUS_DEVELOPMENT,GO:0048857,3,69,False,0.026717557251908396,HALLMARK_OXIDATIVE_PHOSPHORYLATION,5.5640205322810425
GOBP_STEM_CELL_DIFFERENTIATION,GO:0048863,4,265,False,0.02572347266881029,HALLMARK_TGF_BETA_SIGNALING,4.218397210892079
GOBP_STEM_CELL_DEVELOPMENT,GO:0048864,4,89,True,0.02459016393442623,HALLMARK_HEDGEHOG_SIGNALING,5.309490667146162
GOBP_HOMEOSTASIS_OF_NUMBER_OF_CELLS_WITHIN_A_TISSUE,GO:0048873,4,43,False,0.023622047244094488,HALLMARK_IL6_JAK_STAT3_SIGNALING,6.036926921184739
GOBP_CHROMOSOME_LOCALIZATION,GO:0050000,3,127,True,0.06885245901639345,HALLMARK_MITOTIC_SPINDLE,4.95393995041971
GOBP_CATECHOLAMINE_SECRETION,GO:0050432,4,46,False,0.01652892561983471,HALLMARK_KRAS_SIGNALING_DN,5.969485640389206
GOBP_REGULATION_OF_CATECHOLAMINE_SECRETION,GO:0050433,5,39,False,0.01702127659574468,HALLMARK_KRAS_SIGNALING_DN,6.134565390748655
GOBP_AMYLOID_BETA_METABOLIC_PROCESS,GO:0050435,4,74,False,0.03524229074889868,HALLMARK_APOPTOSIS,5.494061943674132
GOBP_ARACHIDONATE_SECRETION,GO:0050482,6,29,True,0.008695652173913044,HALLMARK_IL6_JAK_STAT3_SIGNALING,6.430831206891828
GOBP_CHONDROITIN_SULFATE_PROTEOGLYCAN_BIOSYNTHETIC_PROCESS,GO:0050650,7,22,False,0.03255813953488372,HALLMARK_GLYCOLYSIS,6.707084583519986
GOBP_CHONDROITIN_SULFATE_PROTEOGLYCAN_METABOLIC_PROCESS,GO:0050654,6,28,False,0.03636363636363636,HALLMARK_GLYCOLYSIS,6.465922526703098
GOBP_POSITIVE_REGULATION_OF_EPITHELIAL_CELL_PROLIFERATION,GO:0050679,6,221,False,0.039886039886039885,HALLMARK_UV_RESPONSE_DN,4.399964335360549
GOBP_NEGATIVE_REGULATION_OF_EPITHELIAL_CELL_PROLIFERATION,GO:0050680,6,177,False,0.030054644808743168,HALLMARK_ALLOGRAFT_REJECTION,4.6219773043044725
GOBP_REGULATION_OF_MRNA_PROCESSING,GO:0050684,8,134,False,0.040498442367601244,HALLMARK_MYC_TARGETS_V1,4.90028723692739
GOBP_POSITIVE_REGULATION_OF_MRNA_PROCESSING,GO:0050685,9,37,True,0.021551724137931036,HALLMARK_G2M_CHECKPOINT,6.187209124234077
GOBP_NEGATIVE_REGULATION_OF_MRNA_PROCESSING,GO:0050686,9,23,True,0.0182648401826484,HALLMARK_MYC_TARGETS_V1,6.662632820949152
GOBP_REGULATION_OF_DEFENSE_RESPONSE_TO_VIRUS,GO:0050688,5,67,False,0.022988505747126436,HALLMARK_TNFA_SIGNALING_VIA_NFKB,5.593434417487336
GOBP_REGULATION_OF_DEFENSE_RESPONSE_TO_VIRUS_BY_HOST,GO:0050691,6,45,False,0.02510460251046025,HALLMARK_TNFA_SIGNALING_VIA_NFKB,5.991464547107982
GOBP_REGULATION_OF_PROTEIN_SECRETION,GO:0050708,5,281,False,0.04565217391304348,HALLMARK_ALLOGRAFT_REJECTION,4.159772367544556
GOBP_NEGATIVE_REGULATION_OF_PROTEIN_SECRETION,GO:0050709,6,77,False,0.035398230088495575,HALLMARK_PANCREAS_BETA_CELLS,5.454321615024618
GOBP_POSITIVE_REGULATION_OF_PROTEIN_SECRETION,GO:0050714,6,157,False,0.042328042328042326,HALLMARK_PANCREAS_BETA_CELLS,4.741881231529994
GOBP_NEGATIVE_REGULATION_OF_INFLAMMATORY_RESPONSE,GO:0050728,6,208,False,0.043478260869565216,HALLMARK_ALLOGRAFT_REJECTION,4.4605889571769834
GOBP_POSITIVE_REGULATION_OF_INFLAMMATORY_RESPONSE,GO:0050729,6,166,False,0.06395348837209303,HALLMARK_INFLAMMATORY_RESPONSE,4.686139248521759
GOBP_REGULATION_OF_PEPTIDYL_TYROSINE_PHOSPHORYLATION,GO:0050730,9,84,False,0.055762081784386616,HALLMARK_ALLOGRAFT_REJECTION,5.367310238034988
GOBP_POSITIVE_REGULATION_OF_PEPTIDYL_TYROSINE_PHOSPHORYLATION,GO:0050731,10,57,False,0.04897959183673469,HALLMARK_ALLOGRAFT_REJECTION,5.755075769043752
GOBP_NEGATIVE_REGULATION_OF_PEPTIDYL_TYROSINE_PHOSPHORYLATION,GO:0050732,10,22,False,0.0136986301369863,HALLMARK_INTERFERON_GAMMA_RESPONSE,6.707084583519986
GOBP_REGULATION_OF_PHAGOCYTOSIS,GO:0050764,6,106,False,0.05517241379310345,HALLMARK_ALLOGRAFT_REJECTION,5.134687942766234
GOBP_NEGATIVE_REGULATION_OF_PHAGOCYTOSIS,GO:0050765,6,22,False,0.02304147465437788,HALLMARK_ALLOGRAFT_REJECTION,6.707084583519986
GOBP_POSITIVE_REGULATION_OF_PHAGOCYTOSIS,GO:0050766,6,77,False,0.041353383458646614,HALLMARK_ALLOGRAFT_REJECTION,5.454321615024618
GOBP_POSITIVE_REGULATION_OF_NEUROGENESIS,GO:0050769,6,233,False,0.03341288782816229,HALLMARK_EPITHELIAL_MESENCHYMAL_TRANSITION,4.347088583312601
GOBP_REGULATION_OF_AXONOGENESIS,GO:0050770,5,144,False,0.02857142857142857,HALLMARK_HEDGEHOG_SIGNALING,4.8283137373023015
GOBP_NEGATIVE_REGULATION_OF_AXONOGENESIS,GO:0050771,6,54,False,0.034482758620689655,HALLMARK_HEDGEHOG_SIGNALING,5.809142990314028
GOBP_POSITIVE_REGULATION_OF_AXONOGENESIS,GO:0050772,6,77,False,0.02727272727272727,HALLMARK_HEDGEHOG_SIGNALING,5.454321615024618
GOBP_REGULATION_OF_DENDRITE_DEVELOPMENT,GO:0050773,4,101,False,0.01694915254237288,HALLMARK_MITOTIC_SPINDLE,5.1830065200370425
GOBP_NEGATIVE_REGULATION_OF_IMMUNE_RESPONSE,GO:0050777,5,215,False,0.06683804627249357,HALLMARK_INTERFERON_GAMMA_RESPONSE,4.427489008750639
GOBP_REGULATION_OF_VIRAL_PROCESS,GO:0050792,3,141,False,0.09174311926605505,HALLMARK_INTERFERON_ALPHA_RESPONSE,4.849367146500134
GOBP_REGULATION_OF_BEHAVIOR,GO:0050795,4,77,False,0.018633540372670808,HALLMARK_IL6_JAK_STAT3_SIGNALING,5.454321615024618
GOBP_REGULATION_OF_INSULIN_SECRETION,GO:0050796,6,179,False,0.057971014492753624,HALLMARK_PANCREAS_BETA_CELLS,4.610741231037546
GOBP_ACTIVATED_T_CELL_PROLIFERATION,GO:0050798,6,51,True,0.028688524590163935,HALLMARK_ALLOGRAFT_REJECTION,5.866301404153976
GOBP_CIRCADIAN_SLEEP_WAKE_CYCLE_SLEEP,GO:0050802,3,21,True,0.015625,HALLMARK_APICAL_SURFACE,6.753604599154879
GOBP_NEGATIVE_REGULATION_OF_SYNAPTIC_TRANSMISSION,GO:0050805,5,57,False,0.014084507042253521,HALLMARK_IL6_JAK_STAT3_SIGNALING,5.755075769043752
GOBP_POSITIVE_REGULATION_OF_SYNAPTIC_TRANSMISSION,GO:0050806,5,179,False,0.016129032258064516,HALLMARK_MITOTIC_SPINDLE,4.610741231037546
GOBP_REGULATION_OF_STEROID_BIOSYNTHETIC_PROCESS,GO:0050810,7,88,False,0.02564102564102564,HALLMARK_BILE_ACID_METABOLISM,5.320790222400095
GOBP_REGULATION_OF_COAGULATION,GO:0050818,4,76,True,0.12631578947368421,HALLMARK_COAGULATION,5.467393696591971
GOBP_NEGATIVE_REGULATION_OF_COAGULATION,GO:0050819,5,54,True,0.12941176470588237,HALLMARK_COAGULATION,5.809142990314028
GOBP_POSITIVE_REGULATION_OF_COAGULATION,GO:0050820,5,30,True,0.06329113924050633,HALLMARK_COAGULATION,6.396929655216146
GOBP_PROTEIN_STABILIZATION,GO:0050821,4,243,False,0.030232558139534883,HALLMARK_MYC_TARGETS_V1,4.305065593537753
GOBP_DEFENSE_RESPONSE_TO_GRAM_NEGATIVE_BACTERIUM,GO:0050829,5,112,False,0.02631578947368421,HALLMARK_ALLOGRAFT_REJECTION,5.079628165583207
GOBP_DEFENSE_RESPONSE_TO_GRAM_POSITIVE_BACTERIUM,GO:0050830,5,135,False,0.046875,HALLMARK_ALLOGRAFT_REJECTION,4.892852258439873
GOBP_REGULATION_OF_CALCIUM_MEDIATED_SIGNALING,GO:0050848,6,99,False,0.027491408934707903,HALLMARK_MYOGENESIS,5.2030071867437115
GOBP_NEGATIVE_REGULATION_OF_CALCIUM_MEDIATED_SIGNALING,GO:0050849,7,22,False,0.01834862385321101,HALLMARK_MYOGENESIS,6.707084583519986
GOBP_POSITIVE_REGULATION_OF_CALCIUM_MEDIATED_SIGNALING,GO:0050850,7,59,False,0.027777777777777776,HALLMARK_ALLOGRAFT_REJECTION,5.7205895929725825
GOBP_ANTIGEN_RECEPTOR_MEDIATED_SIGNALING_PATHWAY,GO:0050851,5,214,False,0.07532467532467532,HALLMARK_ALLOGRAFT_REJECTION,4.43215102185645
GOBP_T_CELL_RECEPTOR_SIGNALING_PATHWAY,GO:0050852,6,152,False,0.0764525993883792,HALLMARK_ALLOGRAFT_REJECTION,4.774246516032026
GOBP_B_CELL_RECEPTOR_SIGNALING_PATHWAY,GO:0050853,6,78,False,0.02962962962962963,HALLMARK_ALLOGRAFT_REJECTION,5.44141821018871
GOBP_REGULATION_OF_ANTIGEN_RECEPTOR_MEDIATED_SIGNALING_PATHWAY,GO:0050854,5,74,False,0.03787878787878788,HALLMARK_ALLOGRAFT_REJECTION,5.494061943674132
GOBP_REGULATION_OF_B_CELL_RECEPTOR_SIGNALING_PATHWAY,GO:0050855,6,25,False,0.014705882352941176,HALLMARK_APICAL_SURFACE,6.579251212010101
GOBP_REGULATION_OF_T_CELL_RECEPTOR_SIGNALING_PATHWAY,GO:0050856,6,53,False,0.0326530612244898,HALLMARK_ALLOGRAFT_REJECTION,5.82783512332618
GOBP_POSITIVE_REGULATION_OF_ANTIGEN_RECEPTOR_MEDIATED_SIGNALING_PATHWAY,GO:0050857,6,28,False,0.017857142857142856,HALLMARK_ALLOGRAFT_REJECTION,6.465922526703098
GOBP_NEGATIVE_REGULATION_OF_ANTIGEN_RECEPTOR_MEDIATED_SIGNALING_PATHWAY,GO:0050858,5,39,False,0.024691358024691357,HALLMARK_APICAL_SURFACE,6.134565390748655
GOBP_NEGATIVE_REGULATION_OF_T_CELL_RECEPTOR_SIGNALING_PATHWAY,GO:0050860,6,30,False,0.027777777777777776,HALLMARK_APICAL_SURFACE,6.396929655216146
GOBP_REGULATION_OF_B_CELL_ACTIVATION,GO:0050864,6,135,False,0.060126582278481014,HALLMARK_ALLOGRAFT_REJECTION,4.892852258439873
GOBP_NEGATIVE_REGULATION_OF_CELL_ACTIVATION,GO:0050866,5,229,True,0.05665024630541872,HALLMARK_ALLOGRAFT_REJECTION,4.364405033324062
GOBP_NEGATIVE_REGULATION_OF_B_CELL_ACTIVATION,GO:0050869,7,34,False,0.021834061135371178,HALLMARK_ALLOGRAFT_REJECTION,6.271766512262141
GOBP_POSITIVE_REGULATION_OF_B_CELL_ACTIVATION,GO:0050871,7,87,False,0.04744525547445255,HALLMARK_ALLOGRAFT_REJECTION,5.332218918223718
GOBP_BROWN_FAT_CELL_DIFFERENTIATION,GO:0050873,5,53,False,0.024291497975708502,HALLMARK_ADIPOGENESIS,5.82783512332618
GOBP_MULTICELLULAR_ORGANISMAL_MOVEMENT,GO:0050879,2,65,True,0.07723577235772358,HALLMARK_MYOGENESIS,5.6237397669826645
GOBP_NEUROMUSCULAR_PROCESS_CONTROLLING_BALANCE,GO:0050885,5,59,False,0.015748031496062992,HALLMARK_MITOTIC_SPINDLE,5.7205895929725825
GOBP_ENDOCRINE_PROCESS,GO:0050886,3,104,False,0.020134228187919462,HALLMARK_EPITHELIAL_MESENCHYMAL_TRANSITION,5.153736137736929
GOBP_MULTICELLULAR_ORGANISMAL_LEVEL_WATER_HOMEOSTASIS,GO:0050891,4,33,False,0.015957446808510637,HALLMARK_UV_RESPONSE_UP,6.3016194754118215
GOBP_INTESTINAL_ABSORPTION,GO:0050892,4,44,False,0.033112582781456956,HALLMARK_BILE_ACID_METABOLISM,6.013937402960041
GOBP_LEUKOCYTE_TETHERING_OR_ROLLING,GO:0050901,6,32,False,0.017543859649122806,HALLMARK_ALLOGRAFT_REJECTION,6.332391134078575
GOBP_NEUROMUSCULAR_PROCESS,GO:0050905,4,185,False,0.0547945205479452,HALLMARK_MYOGENESIS,4.577771211799977
GOBP_SENSORY_PERCEPTION_OF_TASTE,GO:0050909,6,69,False,0.00909090909090909,HALLMARK_WNT_BETA_CATENIN_SIGNALING,5.5640205322810425
GOBP_DETECTION_OF_CHEMICAL_STIMULUS_INVOLVED_IN_SENSORY_PERCEPTION_OF_TASTE,GO:0050912,5,47,False,0.006993006993006993,HALLMARK_INTERFERON_ALPHA_RESPONSE,5.947979435168243
GOBP_SENSORY_PERCEPTION_OF_BITTER_TASTE,GO:0050913,7,46,True,0.007042253521126761,HALLMARK_INTERFERON_ALPHA_RESPONSE,5.969485640389206
GOBP_POSITIVE_CHEMOTAXIS,GO:0050918,4,72,False,0.038461538461538464,HALLMARK_ANGIOGENESIS,5.521460917862246
GOBP_NEGATIVE_CHEMOTAXIS,GO:0050919,4,45,False,0.038461538461538464,HALLMARK_HEDGEHOG_SIGNALING,5.991464547107982
GOBP_REGULATION_OF_CHEMOTAXIS,GO:0050920,4,215,False,0.05597964376590331,HALLMARK_INFLAMMATORY_RESPONSE,4.427489008750639
GOBP_POSITIVE_REGULATION_OF_CHEMOTAXIS,GO:0050921,5,145,False,0.05828220858895705,HALLMARK_INFLAMMATORY_RESPONSE,4.821393294457727
GOBP_NEGATIVE_REGULATION_OF_CHEMOTAXIS,GO:0050922,5,52,False,0.024390243902439025,HALLMARK_NOTCH_SIGNALING,5.846883318296874
GOBP_REGULATION_OF_POSITIVE_CHEMOTAXIS,GO:0050926,5,26,True,0.03333333333333333,HALLMARK_HEDGEHOG_SIGNALING,6.54003049885682
GOBP_PIGMENT_CELL_DIFFERENTIATION,GO:0050931,4,35,False,0.015503875968992248,HALLMARK_PROTEIN_SECRETION,6.242778975388888
GOBP_SENSORY_PERCEPTION_OF_TEMPERATURE_STIMULUS,GO:0050951,5,30,False,0.0043859649122807015,HALLMARK_IL2_STAT5_SIGNALING,6.396929655216146
GOBP_SENSORY_PERCEPTION_OF_LIGHT_STIMULUS,GO:0050953,5,227,True,0.012232415902140673,HALLMARK_PEROXISOME,4.373177019396899
GOBP_SENSORY_PERCEPTION_OF_MECHANICAL_STIMULUS,GO:0050954,5,197,True,0.024024024024024024,HALLMARK_UV_RESPONSE_DN,4.514923308140313
GOBP_DETECTION_OF_LIGHT_STIMULUS_INVOLVED_IN_SENSORY_PERCEPTION,GO:0050962,4,24,True,0.0055248618784530384,HALLMARK_FATTY_ACID_METABOLISM,6.620073206530356
GOBP_DETECTION_OF_TEMPERATURE_STIMULUS_INVOLVED_IN_SENSORY_PERCEPTION_OF_PAIN,GO:0050965,5,20,False,0.0045871559633027525,HALLMARK_IL2_STAT5_SIGNALING,6.802394763324311
GOBP_DETECTION_OF_MECHANICAL_STIMULUS_INVOLVED_IN_SENSORY_PERCEPTION,GO:0050974,4,39,False,0.0223463687150838,HALLMARK_UV_RESPONSE_DN,6.134565390748655
GOBP_DETECTION_OF_MECHANICAL_STIMULUS,GO:0050982,4,58,False,0.020833333333333332,HALLMARK_COAGULATION,5.737684026331882
GOBP_REGULATION_OF_LIPID_CATABOLIC_PROCESS,GO:0050994,6,65,False,0.03048780487804878,HALLMARK_PEROXISOME,5.6237397669826645
GOBP_NEGATIVE_REGULATION_OF_LIPID_CATABOLIC_PROCESS,GO:0050995,7,27,False,0.017857142857142856,HALLMARK_IL6_JAK_STAT3_SIGNALING,6.502290170873972
GOBP_POSITIVE_REGULATION_OF_LIPID_CATABOLIC_PROCESS,GO:0050996,7,27,False,0.015503875968992248,HALLMARK_PEROXISOME,6.502290170873972
GOBP_BARBED_END_ACTIN_FILAMENT_CAPPING,GO:0051016,9,27,False,0.013392857142857142,HALLMARK_MYOGENESIS,6.502290170873972
GOBP_MRNA_TRANSPORT,GO:0051028,5,133,False,0.027777777777777776,HALLMARK_MYC_TARGETS_V1,4.907777908656548
GOBP_REGULATION_OF_MEMBRANE_PROTEIN_ECTODOMAIN_PROTEOLYSIS,GO:0051043,7,28,False,0.038461538461538464,HALLMARK_APOPTOSIS,6.465922526703098
GOBP_NEGATIVE_REGULATION_OF_SECRETION,GO:0051048,5,179,True,0.038356164383561646,HALLMARK_ALLOGRAFT_REJECTION,4.610741231037546
GOBP_NEGATIVE_REGULATION_OF_DNA_METABOLIC_PROCESS,GO:0051053,7,136,False,0.03067484662576687,HALLMARK_E2F_TARGETS,4.88547215114225
GOBP_POSITIVE_REGULATION_OF_DNA_METABOLIC_PROCESS,GO:0051054,7,283,False,0.05921052631578947,HALLMARK_E2F_TARGETS,4.1526801392350645
GOBP_NEGATIVE_REGULATION_OF_LIPID_BIOSYNTHETIC_PROCESS,GO:0051055,7,70,False,0.018867924528301886,HALLMARK_P53_PATHWAY,5.549631794828943
GOBP_POSITIVE_REGULATION_OF_SMALL_GTPASE_MEDIATED_SIGNAL_TRANSDUCTION,GO:0051057,7,73,False,0.029411764705882353,HALLMARK_NOTCH_SIGNALING,5.50766759572991
GOBP_NEGATIVE_REGULATION_OF_SMALL_GTPASE_MEDIATED_SIGNAL_TRANSDUCTION,GO:0051058,7,67,False,0.015267175572519083,HALLMARK_MITOTIC_SPINDLE,5.593434417487336
GOBP_DE_NOVO_POST_TRANSLATIONAL_PROTEIN_FOLDING,GO:0051084,4,33,True,0.02097902097902098,HALLMARK_UNFOLDED_PROTEIN_RESPONSE,6.3016194754118215
GOBP_REGULATION_OF_DNA_BINDING_TRANSCRIPTION_FACTOR_ACTIVITY,GO:0051090,3,212,False,0.037783375314861464,HALLMARK_INTERFERON_GAMMA_RESPONSE,4.441540762206289
GOBP_POSITIVE_REGULATION_OF_DNA_BINDING_TRANSCRIPTION_FACTOR_ACTIVITY,GO:0051091,4,133,False,0.034161490683229816,HALLMARK_INTERFERON_GAMMA_RESPONSE,4.907777908656548
GOBP_POSITIVE_REGULATION_OF_NF_KAPPAB_TRANSCRIPTION_FACTOR_ACTIVITY,GO:0051092,5,94,False,0.038869257950530034,HALLMARK_ALLOGRAFT_REJECTION,5.2548322546082975
GOBP_REGULATION_OF_BINDING,GO:0051098,3,151,False,0.028112449799196786,HALLMARK_PI3K_AKT_MTOR_SIGNALING,4.780847200063377
GOBP_POSITIVE_REGULATION_OF_BINDING,GO:0051099,4,72,False,0.017543859649122806,HALLMARK_APICAL_SURFACE,5.521460917862246
GOBP_NEGATIVE_REGULATION_OF_BINDING,GO:0051100,4,71,False,0.02727272727272727,HALLMARK_WNT_BETA_CATENIN_SIGNALING,5.535447159836986
GOBP_REGULATION_OF_DNA_BINDING,GO:0051101,4,58,False,0.02040816326530612,HALLMARK_WNT_BETA_CATENIN_SIGNALING,5.737684026331882
GOBP_RNA_POLYMERASE_II_PREINITIATION_COMPLEX_ASSEMBLY,GO:0051123,8,68,False,0.0380952380952381,HALLMARK_DNA_REPAIR,5.578619331702195
GOBP_REGULATION_OF_ACTIN_NUCLEATION,GO:0051125,7,39,False,0.017094017094017096,HALLMARK_MITOTIC_SPINDLE,6.134565390748655
GOBP_CHAPERONE_MEDIATED_PROTEIN_COMPLEX_ASSEMBLY,GO:0051131,6,24,False,0.01818181818181818,HALLMARK_MYC_TARGETS_V1,6.620073206530356
GOBP_NK_T_CELL_ACTIVATION,GO:0051132,6,20,False,0.028037383177570093,HALLMARK_ALLOGRAFT_REJECTION,6.802394763324311
GOBP_SMOOTH_MUSCLE_CELL_DIFFERENTIATION,GO:0051145,5,80,False,0.042735042735042736,HALLMARK_WNT_BETA_CATENIN_SIGNALING,5.41610040220442
GOBP_REGULATION_OF_MUSCLE_CELL_DIFFERENTIATION,GO:0051147,5,170,False,0.04433497536945813,HALLMARK_WNT_BETA_CATENIN_SIGNALING,4.66232859982804
GOBP_NEGATIVE_REGULATION_OF_MUSCLE_CELL_DIFFERENTIATION,GO:0051148,6,75,False,0.05405405405405406,HALLMARK_WNT_BETA_CATENIN_SIGNALING,5.480638923341991
GOBP_POSITIVE_REGULATION_OF_MUSCLE_CELL_DIFFERENTIATION,GO:0051149,6,85,False,0.03636363636363636,HALLMARK_MYOGENESIS,5.3554757803879856
GOBP_REGULATION_OF_SMOOTH_MUSCLE_CELL_DIFFERENTIATION,GO:0051150,6,50,False,0.045454545454545456,HALLMARK_WNT_BETA_CATENIN_SIGNALING,5.886104031450156
GOBP_NEGATIVE_REGULATION_OF_SMOOTH_MUSCLE_CELL_DIFFERENTIATION,GO:0051151,7,23,False,0.05357142857142857,HALLMARK_HEDGEHOG_SIGNALING,6.662632820949152
GOBP_POSITIVE_REGULATION_OF_SMOOTH_MUSCLE_CELL_DIFFERENTIATION,GO:0051152,7,25,False,0.03636363636363636,HALLMARK_NOTCH_SIGNALING,6.579251212010101
GOBP_REGULATION_OF_STRIATED_MUSCLE_CELL_DIFFERENTIATION,GO:0051153,6,99,False,0.044444444444444446,HALLMARK_WNT_BETA_CATENIN_SIGNALING,5.2030071867437115
GOBP_NEGATIVE_REGULATION_OF_STRIATED_MUSCLE_CELL_DIFFERENTIATION,GO:0051154,7,44,False,0.04878048780487805,HALLMARK_WNT_BETA_CATENIN_SIGNALING,6.013937402960041
GOBP_POSITIVE_REGULATION_OF_STRIATED_MUSCLE_CELL_DIFFERENTIATION,GO:0051155,7,51,False,0.028688524590163935,HALLMARK_MYOGENESIS,5.866301404153976
GOBP_GLUCOSE_6_PHOSPHATE_METABOLIC_PROCESS,GO:0051156,4,30,False,0.029411764705882353,HALLMARK_PANCREAS_BETA_CELLS,6.396929655216146
GOBP_NUCLEAR_EXPORT,GO:0051168,6,172,False,0.03333333333333333,HALLMARK_MYC_TARGETS_V1,4.650632560064849
GOBP_IMPORT_INTO_NUCLEUS,GO:0051170,6,178,True,0.03561643835616438,HALLMARK_G2M_CHECKPOINT,4.616343486586216
GOBP_VITAMIN_TRANSPORT,GO:0051180,4,58,False,0.024096385542168676,HALLMARK_BILE_ACID_METABOLISM,5.737684026331882
GOBP_PROTEIN_INSERTION_INTO_MEMBRANE,GO:0051205,5,47,False,0.011111111111111112,HALLMARK_APICAL_SURFACE,5.535447159836986
GOBP_SEQUESTERING_OF_CALCIUM_ION,GO:0051208,3,138,True,0.04643962848297214,HALLMARK_ALLOGRAFT_REJECTION,4.870873351721097
GOBP_CARTILAGE_DEVELOPMENT,GO:0051216,4,215,False,0.0641025641025641,HALLMARK_EPITHELIAL_MESENCHYMAL_TRANSITION,4.427489008750639
GOBP_POSITIVE_REGULATION_OF_PROTEIN_TRANSPORT,GO:0051222,5,260,False,0.033707865168539325,HALLMARK_ALLOGRAFT_REJECTION,4.237445405862774
GOBP_SPINDLE_ASSEMBLY,GO:0051225,4,139,False,0.10457516339869281,HALLMARK_MITOTIC_SPINDLE,4.86365310374761
GOBP_MAINTENANCE_OF_LOCATION,GO:0051235,2,221,True,0.04466501240694789,HALLMARK_ALLOGRAFT_REJECTION,4.399964335360549
GOBP_ESTABLISHMENT_OF_RNA_LOCALIZATION,GO:0051236,3,165,True,0.036931818181818184,HALLMARK_MYC_TARGETS_V1,4.692181562977721
GOBP_NEGATIVE_REGULATION_OF_LYMPHOCYTE_ACTIVATION,GO:0051250,6,177,False,0.05898876404494382,HALLMARK_ALLOGRAFT_REJECTION,4.6219773043044725
GOBP_PROTEIN_POLYMERIZATION,GO:0051258,6,285,False,0.10250569476082004,HALLMARK_MITOTIC_SPINDLE,4.1456378566096515
GOBP_PROTEIN_COMPLEX_OLIGOMERIZATION,GO:0051259,6,277,False,0.021413276231263382,HALLMARK_INTERFERON_GAMMA_RESPONSE,4.174109530690963
GOBP_PROTEIN_HOMOOLIGOMERIZATION,GO:0051260,7,209,False,0.0225,HALLMARK_XENOBIOTIC_METABOLISM,4.45579278491349
GOBP_PROTEIN_DEPOLYMERIZATION,GO:0051261,6,122,False,0.049019607843137254,HALLMARK_MITOTIC_SPINDLE,4.9941059921450455
GOBP_PROTEIN_TETRAMERIZATION,GO:0051262,7,100,False,0.023890784982935155,HALLMARK_MTORC1_SIGNALING,5.19295685089021
GOBP_REGULATION_OF_RELEASE_OF_SEQUESTERED_CALCIUM_ION_INTO_CYTOSOL,GO:0051279,5,83,False,0.032846715328467155,HALLMARK_INFLAMMATORY_RESPONSE,5.379286429081704
GOBP_POSITIVE_REGULATION_OF_RELEASE_OF_SEQUESTERED_CALCIUM_ION_INTO_CYTOSOL,GO:0051281,6,35,False,0.03070175438596491,HALLMARK_INFLAMMATORY_RESPONSE,6.242778975388888
GOBP_PROTEIN_HOMOTETRAMERIZATION,GO:0051289,8,66,False,0.027522935779816515,HALLMARK_FATTY_ACID_METABOLISM,5.608472294851876
GOBP_PROTEIN_HETEROOLIGOMERIZATION,GO:0051291,7,31,False,0.013215859030837005,HALLMARK_MITOTIC_SPINDLE,6.364139832393156
GOBP_ESTABLISHMENT_OF_SPINDLE_ORIENTATION,GO:0051294,5,47,False,0.03361344537815126,HALLMARK_MITOTIC_SPINDLE,5.947979435168243
GOBP_CENTROSOME_DUPLICATION,GO:0051298,3,81,False,0.04868913857677903,HALLMARK_MITOTIC_SPINDLE,5.403677882205863
GOBP_REGULATION_OF_CELL_DIVISION,GO:0051302,4,189,False,0.04289544235924933,HALLMARK_G2M_CHECKPOINT,4.55638002181866
GOBP_CHROMOSOME_SEPARATION,GO:0051304,3,83,True,0.08015267175572519,HALLMARK_G2M_CHECKPOINT,5.379286429081704
GOBP_MITOTIC_SISTER_CHROMATID_SEPARATION,GO:0051306,4,64,True,0.07317073170731707,HALLMARK_G2M_CHECKPOINT,5.63924395351863
GOBP_METAPHASE_CHROMOSOME_ALIGNMENT,GO:0051310,4,107,False,0.06620209059233449,HALLMARK_MITOTIC_SPINDLE,5.1252982024163956
GOBP_ATTACHMENT_OF_MITOTIC_SPINDLE_MICROTUBULES_TO_KINETOCHORE,GO:0051315,4,26,False,0.03669724770642202,HALLMARK_G2M_CHECKPOINT,6.54003049885682
GOBP_MEIOTIC_CELL_CYCLE,GO:0051321,2,298,False,0.06638115631691649,HALLMARK_E2F_TARGETS,4.101033550372898
GOBP_REGULATION_OF_HYDROLASE_ACTIVITY,GO:0051336,4,219,False,0.03980099502487562,HALLMARK_MITOTIC_SPINDLE,4.409055307061801
GOBP_REGULATION_OF_OXIDOREDUCTASE_ACTIVITY,GO:0051341,4,28,False,0.017857142857142856,HALLMARK_KRAS_SIGNALING_DN,6.465922526703098
GOBP_POSITIVE_REGULATION_OF_HYDROLASE_ACTIVITY,GO:0051345,5,126,False,0.038338658146964855,HALLMARK_MITOTIC_SPINDLE,4.961845129926823
GOBP_NEGATIVE_REGULATION_OF_HYDROLASE_ACTIVITY,GO:0051346,5,48,False,0.024390243902439025,HALLMARK_ANGIOGENESIS,5.926926025970411
GOBP_POSITIVE_REGULATION_OF_TRANSFERASE_ACTIVITY,GO:0051347,5,176,False,0.03867403314917127,HALLMARK_ALLOGRAFT_REJECTION,4.62764304184015
GOBP_NEGATIVE_REGULATION_OF_TRANSFERASE_ACTIVITY,GO:0051348,5,103,False,0.024630541871921183,HALLMARK_PI3K_AKT_MTOR_SIGNALING,5.163398048648666
GOBP_POSITIVE_REGULATION_OF_LYASE_ACTIVITY,GO:0051349,5,23,True,0.012121212121212121,HALLMARK_UV_RESPONSE_DN,6.662632820949152
GOBP_KINETOCHORE_ORGANIZATION,GO:0051383,6,21,False,0.028037383177570093,HALLMARK_MITOTIC_SPINDLE,6.753604599154879
GOBP_RESPONSE_TO_MINERALOCORTICOID,GO:0051385,6,37,False,0.029850746268656716,HALLMARK_NOTCH_SIGNALING,6.187209124234077
GOBP_REGULATION_OF_UBIQUITIN_PROTEIN_TRANSFERASE_ACTIVITY,GO:0051438,5,29,False,0.03153153153153153,HALLMARK_G2M_CHECKPOINT,6.430831206891828
GOBP_REGULATION_OF_MEIOTIC_CELL_CYCLE,GO:0051445,4,70,False,0.026615969581749048,HALLMARK_G2M_CHECKPOINT,5.549631794828943
GOBP_POSITIVE_REGULATION_OF_MEIOTIC_CELL_CYCLE,GO:0051446,5,27,False,0.03508771929824561,HALLMARK_NOTCH_SIGNALING,6.502290170873972
GOBP_NEGATIVE_REGULATION_OF_MEIOTIC_CELL_CYCLE,GO:0051447,5,21,False,0.0196078431372549,HALLMARK_SPERMATOGENESIS,6.753604599154879
GOBP_MYOBLAST_PROLIFERATION,GO:0051450,3,34,False,0.02702702702702703,HALLMARK_WNT_BETA_CATENIN_SIGNALING,6.271766512262141
GOBP_INTRACELLULAR_PH_REDUCTION,GO:0051452,4,57,False,0.04081632653061224,HALLMARK_PROTEIN_SECRETION,5.755075769043752
GOBP_MAINTENANCE_OF_PROTEIN_LOCATION_IN_NUCLEUS,GO:0051457,5,26,False,0.017543859649122806,HALLMARK_NOTCH_SIGNALING,6.54003049885682
GOBP_REGULATION_OF_CYTOSOLIC_CALCIUM_ION_CONCENTRATION,GO:0051480,6,58,False,0.01507537688442211,HALLMARK_UV_RESPONSE_DN,5.737684026331882
GOBP_REGULATION_OF_FILOPODIUM_ASSEMBLY,GO:0051489,7,48,False,0.01646090534979424,HALLMARK_MITOTIC_SPINDLE,5.926926025970411
GOBP_POSITIVE_REGULATION_OF_FILOPODIUM_ASSEMBLY,GO:0051491,7,30,False,0.015384615384615385,HALLMARK_HEDGEHOG_SIGNALING,6.396929655216146
GOBP_NEGATIVE_REGULATION_OF_CYTOSKELETON_ORGANIZATION,GO:0051494,7,167,False,0.05475504322766571,HALLMARK_MITOTIC_SPINDLE,4.680133224461547
GOBP_POSITIVE_REGULATION_OF_CYTOSKELETON_ORGANIZATION,GO:0051495,7,189,False,0.0807799442896936,HALLMARK_MITOTIC_SPINDLE,4.55638002181866
GOBP_POSITIVE_REGULATION_OF_STRESS_FIBER_ASSEMBLY,GO:0051496,7,52,False,0.02912621359223301,HALLMARK_TGF_BETA_SIGNALING,5.846883318296874
GOBP_KERATINOCYTE_MIGRATION,GO:0051546,6,20,False,0.0196078431372549,HALLMARK_NOTCH_SIGNALING,6.802394763324311
GOBP_MITOCHONDRIAL_CALCIUM_ION_HOMEOSTASIS,GO:0051560,6,25,False,0.008968609865470852,HALLMARK_OXIDATIVE_PHOSPHORYLATION,6.579251212010101
GOBP_REGULATION_OF_NEUROTRANSMITTER_UPTAKE,GO:0051580,6,20,False,0.01818181818181818,HALLMARK_ANGIOGENESIS,6.802394763324311
GOBP_REGULATION_OF_NEUROTRANSMITTER_TRANSPORT,GO:0051588,5,108,False,0.0136986301369863,HALLMARK_PANCREAS_BETA_CELLS,5.115995809754082
GOBP_POSITIVE_REGULATION_OF_NEUROTRANSMITTER_TRANSPORT,GO:0051590,5,26,False,0.015384615384615385,HALLMARK_PANCREAS_BETA_CELLS,6.54003049885682
GOBP_RESPONSE_TO_CAMP,GO:0051591,4,90,False,0.024734982332155476,HALLMARK_TNFA_SIGNALING_VIA_NFKB,5.298317366548036
GOBP_RESPONSE_TO_CALCIUM_ION,GO:0051592,4,141,False,0.02197802197802198,HALLMARK_COAGULATION,4.849367146500134
GOBP_RESPONSE_TO_ELECTRICAL_STIMULUS,GO:0051602,3,37,False,0.015384615384615385,HALLMARK_APOPTOSIS,6.187209124234077
GOBP_MITOCHONDRION_LOCALIZATION,GO:0051646,3,56,False,0.032388663967611336,HALLMARK_MITOTIC_SPINDLE,5.772775346143153
GOBP_NUCLEUS_LOCALIZATION,GO:0051647,3,33,False,0.03571428571428571,HALLMARK_MITOTIC_SPINDLE,6.3016194754118215
GOBP_VESICLE_LOCALIZATION,GO:0051648,3,223,True,0.04590163934426229,HALLMARK_PROTEIN_SECRETION,4.390955265418183
GOBP_SPINDLE_LOCALIZATION,GO:0051653,3,66,True,0.051587301587301584,HALLMARK_MITOTIC_SPINDLE,5.608472294851876
GOBP_ESTABLISHMENT_OF_MITOCHONDRION_LOCALIZATION,GO:0051654,4,35,False,0.035398230088495575,HALLMARK_MITOTIC_SPINDLE,6.242778975388888
GOBP_BIOLOGICAL_PROCESS_INVOLVED_IN_INTERACTION_WITH_HOST,GO:0051701,3,179,False,0.04120879120879121,HALLMARK_APICAL_JUNCTION,4.610741231037546
GOBP_BIOLOGICAL_PROCESS_INVOLVED_IN_INTERACTION_WITH_SYMBIONT,GO:0051702,3,42,True,0.034482758620689655,HALLMARK_COAGULATION,6.060457418594933
GOBP_BIOLOGICAL_PROCESS_INVOLVED_IN_INTRASPECIES_INTERACTION_BETWEEN_ORGANISMS,GO:0051703,1,61,True,0.01953125,HALLMARK_APICAL_JUNCTION,5.687253172704991
GOBP_POSITIVE_REGULATION_OF_CELL_DIVISION,GO:0051781,5,98,False,0.034722222222222224,HALLMARK_G2M_CHECKPOINT,5.21315955820773
GOBP_REGULATION_OF_NUCLEAR_DIVISION,GO:0051783,6,148,False,0.08074534161490683,HALLMARK_G2M_CHECKPOINT,4.800914763114187
GOBP_NEGATIVE_REGULATION_OF_NUCLEAR_DIVISION,GO:0051784,7,65,True,0.0642570281124498,HALLMARK_G2M_CHECKPOINT,5.6237397669826645
GOBP_POSITIVE_REGULATION_OF_NUCLEAR_DIVISION,GO:0051785,7,62,False,0.027450980392156862,HALLMARK_G2M_CHECKPOINT,5.6709926518332106
GOBP_RESPONSE_TO_MISFOLDED_PROTEIN,GO:0051788,4,20,True,0.01282051282051282,HALLMARK_COAGULATION,6.802394763324311
GOBP_REGULATION_OF_HAIR_FOLLICLE_DEVELOPMENT,GO:0051797,5,20,False,0.0196078431372549,HALLMARK_NOTCH_SIGNALING,6.802394763324311
GOBP_PROTEIN_AUTOUBIQUITINATION,GO:0051865,10,75,False,0.01809954751131222,HALLMARK_DNA_REPAIR,5.480638923341991
GOBP_PIGMENT_GRANULE_LOCALIZATION,GO:0051875,4,26,True,0.014492753623188406,HALLMARK_APICAL_SURFACE,6.54003049885682
GOBP_REGULATION_OF_MITOCHONDRIAL_MEMBRANE_POTENTIAL,GO:0051881,4,78,False,0.0391304347826087,HALLMARK_APOPTOSIS,5.44141821018871
GOBP_MITOCHONDRIAL_DEPOLARIZATION,GO:0051882,5,28,False,0.02666666666666667,HALLMARK_REACTIVE_OXYGEN_SPECIES_PATHWAY,6.465922526703098
GOBP_POSITIVE_REGULATION_OF_FOCAL_ADHESION_ASSEMBLY,GO:0051894,7,26,False,0.05084745762711865,HALLMARK_HEDGEHOG_SIGNALING,6.54003049885682
GOBP_POSITIVE_REGULATION_OF_PHOSPHATIDYLINOSITOL_3_KINASE_PROTEIN_KINASE_B_SIGNAL_TRANSDUCTION,GO:0051897,7,208,False,0.03816793893129771,HALLMARK_INFLAMMATORY_RESPONSE,4.4605889571769834
GOBP_NEGATIVE_REGULATION_OF_PHOSPHATIDYLINOSITOL_3_KINASE_PROTEIN_KINASE_B_SIGNAL_TRANSDUCTION,GO:0051898,7,75,False,0.022727272727272728,HALLMARK_PI3K_AKT_MTOR_SIGNALING,5.480638923341991
GOBP_MEMBRANE_DEPOLARIZATION,GO:0051899,4,100,False,0.023890784982935155,HALLMARK_MYOGENESIS,5.19295685089021
GOBP_REGULATION_OF_MITOCHONDRIAL_DEPOLARIZATION,GO:0051900,5,22,False,0.028985507246376812,HALLMARK_REACTIVE_OXYGEN_SPECIES_PATHWAY,6.707084583519986
GOBP_ESTABLISHMENT_OF_PIGMENT_GRANULE_LOCALIZATION,GO:0051905,5,24,True,0.014925373134328358,HALLMARK_APICAL_SURFACE,6.620073206530356
GOBP_SULFATION,GO:0051923,4,20,False,0.015384615384615385,HALLMARK_BILE_ACID_METABOLISM,6.802394763324311
GOBP_REGULATION_OF_CALCIUM_ION_TRANSPORT,GO:0051924,7,250,False,0.04408352668213457,HALLMARK_MYOGENESIS,4.276666119016055
GOBP_NEGATIVE_REGULATION_OF_CALCIUM_ION_TRANSPORT,GO:0051926,6,59,False,0.023715415019762844,HALLMARK_MYOGENESIS,5.7205895929725825
GOBP_POSITIVE_REGULATION_OF_CALCIUM_ION_TRANSPORT,GO:0051928,6,110,False,0.040268456375838924,HALLMARK_INFLAMMATORY_RESPONSE,5.097646671085886
GOBP_REGULATION_OF_SENSORY_PERCEPTION,GO:0051931,6,22,True,0.010526315789473684,HALLMARK_CHOLESTEROL_HOMEOSTASIS,6.707084583519986
GOBP_SYNAPTIC_TRANSMISSION_GABAERGIC,GO:0051932,8,60,False,0.015625,HALLMARK_INFLAMMATORY_RESPONSE,5.703782474656201
GOBP_CATECHOLAMINE_TRANSPORT,GO:0051937,5,62,False,0.0234375,HALLMARK_KRAS_SIGNALING_DN,5.6709926518332106
GOBP_L_GLUTAMATE_IMPORT,GO:0051938,6,44,False,0.024390243902439025,HALLMARK_PANCREAS_BETA_CELLS,6.013937402960041
GOBP_NEGATIVE_REGULATION_OF_AMINE_TRANSPORT,GO:0051953,5,25,False,0.015625,HALLMARK_PANCREAS_BETA_CELLS,6.579251212010101
GOBP_POSITIVE_REGULATION_OF_AMINE_TRANSPORT,GO:0051954,5,39,False,0.01702127659574468,HALLMARK_INFLAMMATORY_RESPONSE,6.134565390748655
GOBP_REGULATION_OF_AMINO_ACID_TRANSPORT,GO:0051955,6,39,False,0.015228426395939087,HALLMARK_APOPTOSIS,6.134565390748655
GOBP_POSITIVE_REGULATION_OF_AMINO_ACID_TRANSPORT,GO:0051957,6,22,False,0.01639344262295082,HALLMARK_PANCREAS_BETA_CELLS,6.707084583519986
GOBP_NEGATIVE_REGULATION_OF_NERVOUS_SYSTEM_DEVELOPMENT,GO:0051961,5,149,True,0.03571428571428571,HALLMARK_TGF_BETA_SIGNALING,4.794180730932842
GOBP_POSITIVE_REGULATION_OF_NERVOUS_SYSTEM_DEVELOPMENT,GO:0051962,5,285,False,0.031914893617021274,HALLMARK_EPITHELIAL_MESENCHYMAL_TRANSITION,4.1456378566096515
GOBP_REGULATION_OF_SYNAPSE_ASSEMBLY,GO:0051963,6,173,False,0.024725274725274724,HALLMARK_APICAL_JUNCTION,4.644835442380523
GOBP_POSITIVE_REGULATION_OF_SYNAPSE_ASSEMBLY,GO:0051965,6,68,False,0.01818181818181818,HALLMARK_APICAL_SURFACE,5.578619331702195
GOBP_REGULATION_OF_SYNAPTIC_TRANSMISSION_GLUTAMATERGIC,GO:0051966,6,74,False,0.01293103448275862,HALLMARK_APOPTOSIS,5.494061943674132
GOBP_POSITIVE_REGULATION_OF_SYNAPTIC_TRANSMISSION_GLUTAMATERGIC,GO:0051968,6,32,False,0.014084507042253521,HALLMARK_PANCREAS_BETA_CELLS,6.332391134078575
GOBP_REGULATION_OF_CHROMOSOME_SEGREGATION,GO:0051983,6,134,False,0.09868421052631579,HALLMARK_G2M_CHECKPOINT,4.90028723692739
GOBP_POSITIVE_REGULATION_OF_CHROMOSOME_SEGREGATION,GO:0051984,7,30,False,0.04072398190045249,HALLMARK_G2M_CHECKPOINT,6.396929655216146
GOBP_NEGATIVE_REGULATION_OF_CHROMOSOME_SEGREGATION,GO:0051985,7,53,True,0.06302521008403361,HALLMARK_G2M_CHECKPOINT,5.82783512332618
GOBP_REGULATION_OF_ATTACHMENT_OF_SPINDLE_MICROTUBULES_TO_KINETOCHORE,GO:0051988,6,23,False,0.04225352112676056,HALLMARK_MITOTIC_SPINDLE,6.662632820949152
GOBP_MODULATION_BY_SYMBIONT_OF_ENTRY_INTO_HOST,GO:0052372,4,28,False,0.03305785123966942,HALLMARK_INTERFERON_ALPHA_RESPONSE,6.465922526703098
GOBP_REGULATION_OF_PEPTIDASE_ACTIVITY,GO:0052547,5,32,False,0.017543859649122806,HALLMARK_COMPLEMENT,6.332391134078575
GOBP_REGULATION_OF_ENDOPEPTIDASE_ACTIVITY,GO:0052548,6,20,False,0.0196078431372549,HALLMARK_NOTCH_SIGNALING,6.802394763324311
GOBP_MUSCLE_CELL_DEVELOPMENT,GO:0055001,4,206,True,0.08847184986595175,HALLMARK_MYOGENESIS,4.470250868088721
GOBP_CARDIAC_MYOFIBRIL_ASSEMBLY,GO:0055003,5,20,False,0.023255813953488372,HALLMARK_MYOGENESIS,6.802394763324311
GOBP_CARDIAC_CELL_DEVELOPMENT,GO:0055006,4,98,True,0.04195804195804196,HALLMARK_MYOGENESIS,5.21315955820773
GOBP_CARDIAC_MUSCLE_CELL_DIFFERENTIATION,GO:0055007,5,137,False,0.043343653250773995,HALLMARK_MYOGENESIS,4.878146111050177
GOBP_CARDIAC_MUSCLE_TISSUE_MORPHOGENESIS,GO:0055008,5,62,False,0.07407407407407407,HALLMARK_TGF_BETA_SIGNALING,5.6709926518332106
GOBP_VENTRICULAR_CARDIAC_MUSCLE_TISSUE_MORPHOGENESIS,GO:0055010,6,48,False,0.07368421052631578,HALLMARK_TGF_BETA_SIGNALING,5.926926025970411
GOBP_NEGATIVE_REGULATION_OF_CARDIAC_MUSCLE_TISSUE_GROWTH,GO:0055022,7,28,True,0.013157894736842105,HALLMARK_REACTIVE_OXYGEN_SPECIES_PATHWAY,6.465922526703098
GOBP_PHOSPHATE_ION_HOMEOSTASIS,GO:0055062,4,20,False,0.015873015873015872,HALLMARK_APICAL_SURFACE,6.802394763324311
GOBP_COPPER_ION_HOMEOSTASIS,GO:0055070,4,22,False,0.028985507246376812,HALLMARK_REACTIVE_OXYGEN_SPECIES_PATHWAY,6.707084583519986
GOBP_POTASSIUM_ION_HOMEOSTASIS,GO:0055075,4,36,False,0.017241379310344827,HALLMARK_KRAS_SIGNALING_DN,6.214608098422191
GOBP_SODIUM_ION_HOMEOSTASIS,GO:0055078,4,47,False,0.02066115702479339,HALLMARK_KRAS_SIGNALING_DN,5.947979435168243
GOBP_MONOATOMIC_ANION_HOMEOSTASIS,GO:0055081,4,21,True,0.0091324200913242,HALLMARK_KRAS_SIGNALING_DN,6.753604599154879
GOBP_LIPID_HOMEOSTASIS,GO:0055088,3,193,False,0.059027777777777776,HALLMARK_BILE_ACID_METABOLISM,4.535436847973417
GOBP_ACYLGLYCEROL_HOMEOSTASIS,GO:0055090,4,48,True,0.027624309392265192,HALLMARK_COAGULATION,5.926926025970411
GOBP_STEROL_HOMEOSTASIS,GO:0055092,4,113,True,0.06635071090047394,HALLMARK_BILE_ACID_METABOLISM,5.070739218165961
GOBP_RESPONSE_TO_LIPOPROTEIN_PARTICLE,GO:0055094,3,39,True,0.046296296296296294,HALLMARK_CHOLESTEROL_HOMEOSTASIS,6.134565390748655
GOBP_REGULATION_OF_CARDIAC_MUSCLE_CONTRACTION,GO:0055117,7,86,False,0.036231884057971016,HALLMARK_MYOGENESIS,5.343779740624794
GOBP_DIGESTIVE_SYSTEM_DEVELOPMENT,GO:0055123,4,155,True,0.03197674418604651,HALLMARK_ESTROGEN_RESPONSE_LATE,4.7547019199590554
GOBP_REFLEX,GO:0060004,3,23,False,0.008130081300813009,HALLMARK_ANDROGEN_RESPONSE,6.662632820949152
GOBP_SERTOLI_CELL_DIFFERENTIATION,GO:0060008,3,25,False,0.015748031496062992,HALLMARK_PEROXISOME,6.579251212010101
GOBP_ROOF_OF_MOUTH_DEVELOPMENT,GO:0060021,3,92,False,0.03056768558951965,HALLMARK_UV_RESPONSE_DN,5.276338459829262
GOBP_PHARYNGEAL_SYSTEM_DEVELOPMENT,GO:0060037,4,32,False,0.06172839506172839,HALLMARK_TGF_BETA_SIGNALING,6.332391134078575
GOBP_CARDIAC_MUSCLE_CELL_PROLIFERATION,GO:0060038,5,64,False,0.04424778761061947,HALLMARK_TGF_BETA_SIGNALING,5.63924395351863
GOBP_RETINA_DEVELOPMENT_IN_CAMERA_TYPE_EYE,GO:0060041,3,180,False,0.021834061135371178,HALLMARK_TGF_BETA_SIGNALING,4.605170185988091
GOBP_RETINA_MORPHOGENESIS_IN_CAMERA_TYPE_EYE,GO:0060042,3,70,False,0.02,HALLMARK_NOTCH_SIGNALING,5.549631794828943
GOBP_REGULATION_OF_CARDIAC_MUSCLE_CELL_PROLIFERATION,GO:0060043,5,49,False,0.03409090909090909,HALLMARK_WNT_BETA_CATENIN_SIGNALING,5.906306738767675
GOBP_POSITIVE_REGULATION_OF_CARDIAC_MUSCLE_CELL_PROLIFERATION,GO:0060045,6,33,False,0.041666666666666664,HALLMARK_WNT_BETA_CATENIN_SIGNALING,6.3016194754118215
GOBP_CARDIAC_MUSCLE_CONTRACTION,GO:0060048,6,154,False,0.07598784194528875,HALLMARK_MYOGENESIS,4.761174434464673
GOBP_ANGIOGENESIS_INVOLVED_IN_WOUND_HEALING,GO:0060055,4,33,False,0.04054054054054054,HALLMARK_APICAL_SURFACE,6.3016194754118215
GOBP_UTERUS_DEVELOPMENT,GO:0060065,4,28,False,0.02,HALLMARK_CHOLESTEROL_HOMEOSTASIS,6.465922526703098
GOBP_WNT_SIGNALING_PATHWAY_PLANAR_CELL_POLARITY_PATHWAY,GO:0060071,6,47,False,0.03488372093023256,HALLMARK_WNT_BETA_CATENIN_SIGNALING,5.947979435168243
GOBP_SYNAPSE_MATURATION,GO:0060074,3,43,False,0.020689655172413793,HALLMARK_PI3K_AKT_MTOR_SIGNALING,6.036926921184739
GOBP_REGULATION_OF_POSTSYNAPTIC_MEMBRANE_POTENTIAL,GO:0060078,4,152,False,0.020289855072463767,HALLMARK_MYOGENESIS,4.774246516032026
GOBP_AUDITORY_RECEPTOR_CELL_STEREOCILIUM_ORGANIZATION,GO:0060088,8,20,False,0.014705882352941176,HALLMARK_REACTIVE_OXYGEN_SPECIES_PATHWAY,6.802394763324311
GOBP_AUDITORY_RECEPTOR_CELL_DEVELOPMENT,GO:0060117,6,30,False,0.015384615384615385,HALLMARK_ANGIOGENESIS,6.396929655216146
GOBP_INNER_EAR_RECEPTOR_CELL_DEVELOPMENT,GO:0060119,5,54,False,0.01195219123505976,HALLMARK_ESTROGEN_RESPONSE_EARLY,5.809142990314028
GOBP_INNER_EAR_RECEPTOR_CELL_STEREOCILIUM_ORGANIZATION,GO:0060122,7,40,False,0.014084507042253521,HALLMARK_NOTCH_SIGNALING,6.1092475827643655
GOBP_MATERNAL_PROCESS_INVOLVED_IN_FEMALE_PREGNANCY,GO:0060135,3,60,False,0.02127659574468085,HALLMARK_ANGIOGENESIS,5.703782474656201
GOBP_REGULATION_OF_SYNCYTIUM_FORMATION_BY_PLASMA_MEMBRANE_FUSION,GO:0060142,4,30,False,0.02631578947368421,HALLMARK_IL6_JAK_STAT3_SIGNALING,6.396929655216146
GOBP_POSITIVE_REGULATION_OF_SYNCYTIUM_FORMATION_BY_PLASMA_MEMBRANE_FUSION,GO:0060143,5,24,False,0.018867924528301886,HALLMARK_COAGULATION,6.620073206530356
GOBP_PLATELET_DENSE_GRANULE_ORGANIZATION,GO:0060155,7,25,False,0.03418803418803419,HALLMARK_PROTEIN_SECRETION,6.579251212010101
GOBP_DEFINITIVE_HEMOPOIESIS,GO:0060216,5,21,False,0.0091324200913242,HALLMARK_EPITHELIAL_MESENCHYMAL_TRANSITION,6.753604599154879
GOBP_HEMATOPOIETIC_STEM_CELL_DIFFERENTIATION,GO:0060218,5,37,False,0.022222222222222223,HALLMARK_ANDROGEN_RESPONSE,6.187209124234077
GOBP_CAMERA_TYPE_EYE_PHOTORECEPTOR_CELL_DIFFERENTIATION,GO:0060219,7,33,False,0.015625,HALLMARK_NOTCH_SIGNALING,6.3016194754118215
GOBP_MESENCHYMAL_TO_EPITHELIAL_TRANSITION,GO:0060231,5,20,False,0.0196078431372549,HALLMARK_NOTCH_SIGNALING,6.802394763324311
GOBP_REGULATION_OF_GLIAL_CELL_PROLIFERATION,GO:0060251,5,43,False,0.027972027972027972,HALLMARK_PEROXISOME,6.036926921184739
GOBP_POSITIVE_REGULATION_OF_GLIAL_CELL_PROLIFERATION,GO:0060252,6,24,False,0.027777777777777776,HALLMARK_IL6_JAK_STAT3_SIGNALING,6.620073206530356
GOBP_REGULATION_OF_FEEDING_BEHAVIOR,GO:0060259,5,29,False,0.017543859649122806,HALLMARK_IL6_JAK_STAT3_SIGNALING,6.430831206891828
GOBP_LONG_TERM_SYNAPTIC_POTENTIATION,GO:0060291,4,116,False,0.013761467889908258,HALLMARK_PI3K_AKT_MTOR_SIGNALING,5.044536845771937
GOBP_LONG_TERM_SYNAPTIC_DEPRESSION,GO:0060292,4,33,False,0.013888888888888888,HALLMARK_PANCREAS_BETA_CELLS,6.3016194754118215
GOBP_REGULATION_OF_MEMBRANE_REPOLARIZATION,GO:0060306,3,41,False,0.0211864406779661,HALLMARK_MYOGENESIS,6.084554970173994
GOBP_REGULATION_OF_VENTRICULAR_CARDIAC_MUSCLE_CELL_MEMBRANE_REPOLARIZATION,GO:0060307,5,25,False,0.022727272727272728,HALLMARK_MYOGENESIS,6.579251212010101
GOBP_CARDIAC_EPITHELIAL_TO_MESENCHYMAL_TRANSITION,GO:0060317,6,40,False,0.06818181818181818,HALLMARK_TGF_BETA_SIGNALING,6.1092475827643655
GOBP_HEAD_MORPHOGENESIS,GO:0060323,3,40,False,0.03296703296703297,HALLMARK_TGF_BETA_SIGNALING,6.1092475827643655
GOBP_FACE_DEVELOPMENT,GO:0060324,3,54,False,0.02857142857142857,HALLMARK_TGF_BETA_SIGNALING,5.809142990314028
GOBP_FACE_MORPHOGENESIS,GO:0060325,3,33,False,0.03571428571428571,HALLMARK_TGF_BETA_SIGNALING,6.3016194754118215
GOBP_TYPE_II_INTERFERON_MEDIATED_SIGNALING_PATHWAY,GO:0060333,6,28,False,0.05504587155963303,HALLMARK_IL6_JAK_STAT3_SIGNALING,6.465922526703098
GOBP_REGULATION_OF_TYPE_I_INTERFERON_MEDIATED_SIGNALING_PATHWAY,GO:0060338,6,45,False,0.05150214592274678,HALLMARK_INTERFERON_GAMMA_RESPONSE,5.991464547107982
GOBP_NEGATIVE_REGULATION_OF_TYPE_I_INTERFERON_MEDIATED_SIGNALING_PATHWAY,GO:0060339,7,23,False,0.043478260869565216,HALLMARK_INTERFERON_ALPHA_RESPONSE,6.662632820949152
GOBP_POSITIVE_REGULATION_OF_TYPE_I_INTERFERON_MEDIATED_SIGNALING_PATHWAY,GO:0060340,7,20,False,0.0196078431372549,HALLMARK_NOTCH_SIGNALING,6.802394763324311
GOBP_TRABECULA_FORMATION,GO:0060343,3,26,False,0.05084745762711865,HALLMARK_HEDGEHOG_SIGNALING,6.54003049885682
GOBP_BONE_DEVELOPMENT,GO:0060348,4,218,False,0.047619047619047616,HALLMARK_EPITHELIAL_MESENCHYMAL_TRANSITION,4.4136319740892125
GOBP_BONE_MORPHOGENESIS,GO:0060349,4,100,False,0.029535864978902954,HALLMARK_UV_RESPONSE_DN,5.19295685089021
GOBP_ENDOCHONDRAL_BONE_MORPHOGENESIS,GO:0060350,5,61,False,0.021052631578947368,HALLMARK_ANGIOGENESIS,5.687253172704991
GOBP_CARTILAGE_DEVELOPMENT_INVOLVED_IN_ENDOCHONDRAL_BONE_MORPHOGENESIS,GO:0060351,5,35,False,0.014285714285714285,HALLMARK_ANGIOGENESIS,6.242778975388888
GOBP_CELL_ADHESION_MOLECULE_PRODUCTION,GO:0060352,2,23,True,0.031746031746031744,HALLMARK_WNT_BETA_CATENIN_SIGNALING,6.662632820949152
GOBP_INNERVATION,GO:0060384,2,30,False,0.015384615384615385,HALLMARK_HEDGEHOG_SIGNALING,6.396929655216146
GOBP_REGULATION_OF_SMAD_PROTEIN_SIGNAL_TRANSDUCTION,GO:0060390,6,84,False,0.11290322580645161,HALLMARK_TGF_BETA_SIGNALING,5.367310238034988
GOBP_POSITIVE_REGULATION_OF_SMAD_PROTEIN_SIGNAL_TRANSDUCTION,GO:0060391,7,42,False,0.09090909090909091,HALLMARK_TGF_BETA_SIGNALING,6.060457418594933
GOBP_NEGATIVE_REGULATION_OF_SMAD_PROTEIN_SIGNAL_TRANSDUCTION,GO:0060392,7,42,False,0.06666666666666667,HALLMARK_TGF_BETA_SIGNALING,6.060457418594933
GOBP_SMAD_PROTEIN_SIGNAL_TRANSDUCTION,GO:0060395,5,102,False,0.1223021582733813,HALLMARK_TGF_BETA_SIGNALING,5.173154223594031
GOBP_CALCIUM_ION_TRANSPORT_INTO_CYTOSOL,GO:0060402,4,31,False,0.015151515151515152,HALLMARK_HEDGEHOG_SIGNALING,6.364139832393156
GOBP_CARDIAC_SEPTUM_MORPHOGENESIS,GO:0060411,3,78,False,0.07317073170731707,HALLMARK_TGF_BETA_SIGNALING,5.44141821018871
GOBP_VENTRICULAR_SEPTUM_MORPHOGENESIS,GO:0060412,4,47,False,0.07446808510638298,HALLMARK_TGF_BETA_SIGNALING,5.947979435168243
GOBP_RESPONSE_TO_GROWTH_HORMONE,GO:0060416,5,42,False,0.032,HALLMARK_IL6_JAK_STAT3_SIGNALING,6.060457418594933
GOBP_HEART_GROWTH,GO:0060419,3,104,True,0.032679738562091505,HALLMARK_TGF_BETA_SIGNALING,5.153736137736929
GOBP_REGULATION_OF_HEART_GROWTH,GO:0060420,5,75,True,0.02631578947368421,HALLMARK_WNT_BETA_CATENIN_SIGNALING,5.480638923341991
GOBP_POSITIVE_REGULATION_OF_HEART_GROWTH,GO:0060421,6,43,True,0.036585365853658534,HALLMARK_WNT_BETA_CATENIN_SIGNALING,6.036926921184739
GOBP_LUNG_MORPHOGENESIS,GO:0060425,4,61,False,0.036036036036036036,HALLMARK_TGF_BETA_SIGNALING,5.687253172704991
GOBP_LUNG_EPITHELIUM_DEVELOPMENT,GO:0060428,5,48,False,0.022727272727272728,HALLMARK_WNT_BETA_CATENIN_SIGNALING,5.926926025970411
GOBP_EPITHELIAL_TUBE_BRANCHING_INVOLVED_IN_LUNG_MORPHOGENESIS,GO:0060441,5,32,False,0.030303030303030304,HALLMARK_HEDGEHOG_SIGNALING,6.332391134078575
GOBP_MAMMARY_GLAND_MORPHOGENESIS,GO:0060443,5,49,False,0.026595744680851064,HALLMARK_UV_RESPONSE_DN,5.906306738767675
GOBP_BRANCHING_INVOLVED_IN_MAMMARY_GLAND_DUCT_MORPHOGENESIS,GO:0060444,5,25,False,0.01818181818181818,HALLMARK_IL6_JAK_STAT3_SIGNALING,6.579251212010101
GOBP_BRANCHING_INVOLVED_IN_SALIVARY_GLAND_MORPHOGENESIS,GO:0060445,4,22,False,0.05454545454545454,HALLMARK_ANGIOGENESIS,6.707084583519986
GOBP_LUNG_CELL_DIFFERENTIATION,GO:0060479,4,30,True,0.02857142857142857,HALLMARK_WNT_BETA_CATENIN_SIGNALING,6.396929655216146
GOBP_REGULATION_OF_CELL_PROJECTION_ASSEMBLY,GO:0060491,5,233,True,0.04096385542168675,HALLMARK_MITOTIC_SPINDLE,4.347088583312601
GOBP_PROSTATE_GLAND_MORPHOGENESIS,GO:0060512,3,30,True,0.03333333333333333,HALLMARK_NOTCH_SIGNALING,6.396929655216146
GOBP_SKELETAL_MUSCLE_ORGAN_DEVELOPMENT,GO:0060538,5,196,True,0.06451612903225806,HALLMARK_MYOGENESIS,4.5200123776477845
GOBP_RESPIRATORY_SYSTEM_DEVELOPMENT,GO:0060541,4,232,True,0.036231884057971016,HALLMARK_TGF_BETA_SIGNALING,4.351389665211991
GOBP_DEVELOPMENTAL_GROWTH_INVOLVED_IN_MORPHOGENESIS,GO:0060560,3,243,False,0.035046728971962614,HALLMARK_EPITHELIAL_MESENCHYMAL_TRANSITION,4.305065593537753
GOBP_APOPTOTIC_PROCESS_INVOLVED_IN_MORPHOGENESIS,GO:0060561,6,30,False,0.043478260869565216,HALLMARK_WNT_BETA_CATENIN_SIGNALING,6.396929655216146
GOBP_NEUROEPITHELIAL_CELL_DIFFERENTIATION,GO:0060563,6,47,False,0.05952380952380952,HALLMARK_WNT_BETA_CATENIN_SIGNALING,5.947979435168243
GOBP_MORPHOGENESIS_OF_AN_EPITHELIAL_FOLD,GO:0060571,5,25,False,0.03636363636363636,HALLMARK_NOTCH_SIGNALING,6.579251212010101
GOBP_INTESTINAL_EPITHELIAL_CELL_DIFFERENTIATION,GO:0060575,6,26,False,0.017543859649122806,HALLMARK_NOTCH_SIGNALING,6.54003049885682
GOBP_MULTICELLULAR_ORGANISMAL_LEVEL_IRON_ION_HOMEOSTASIS,GO:0060586,4,28,False,0.03167420814479638,HALLMARK_HEME_METABOLISM,6.465922526703098
GOBP_BRANCH_ELONGATION_OF_AN_EPITHELIUM,GO:0060602,5,21,False,0.019230769230769232,HALLMARK_NOTCH_SIGNALING,6.753604599154879
GOBP_MAMMARY_GLAND_DUCT_MORPHOGENESIS,GO:0060603,5,34,False,0.029411764705882353,HALLMARK_HEDGEHOG_SIGNALING,6.271766512262141
GOBP_TUBE_CLOSURE,GO:0060606,4,91,True,0.028368794326241134,HALLMARK_TGF_BETA_SIGNALING,5.287267530361452
GOBP_ADIPOSE_TISSUE_DEVELOPMENT,GO:0060612,5,70,False,0.02127659574468085,HALLMARK_CHOLESTEROL_HOMEOSTASIS,5.549631794828943
GOBP_REGULATION_OF_MICROTUBULE_BASED_MOVEMENT,GO:0060632,5,61,False,0.017699115044247787,HALLMARK_TGF_BETA_SIGNALING,5.687253172704991
GOBP_EMBRYONIC_PLACENTA_MORPHOGENESIS,GO:0060669,4,27,True,0.017857142857142856,HALLMARK_IL6_JAK_STAT3_SIGNALING,6.502290170873972
GOBP_PLACENTA_BLOOD_VESSEL_DEVELOPMENT,GO:0060674,4,34,False,0.06451612903225806,HALLMARK_NOTCH_SIGNALING,6.271766512262141
GOBP_REGULATION_OF_MORPHOGENESIS_OF_A_BRANCHING_STRUCTURE,GO:0060688,4,55,False,0.03409090909090909,HALLMARK_ANGIOGENESIS,5.790793851645831
GOBP_CELL_DIFFERENTIATION_INVOLVED_IN_EMBRYONIC_PLACENTA_DEVELOPMENT,GO:0060706,3,26,False,0.017543859649122806,HALLMARK_NOTCH_SIGNALING,6.54003049885682
GOBP_LABYRINTHINE_LAYER_DEVELOPMENT,GO:0060711,3,49,False,0.04597701149425287,HALLMARK_WNT_BETA_CATENIN_SIGNALING,5.906306738767675
GOBP_LABYRINTHINE_LAYER_BLOOD_VESSEL_DEVELOPMENT,GO:0060716,5,21,False,0.06,HALLMARK_NOTCH_SIGNALING,6.753604599154879
GOBP_MAMMARY_GLAND_ALVEOLUS_DEVELOPMENT,GO:0060749,3,20,True,0.0196078431372549,HALLMARK_NOTCH_SIGNALING,6.802394763324311
GOBP_REGULATION_OF_RESPONSE_TO_CYTOKINE_STIMULUS,GO:0060759,4,207,True,0.07387862796833773,HALLMARK_INTERFERON_GAMMA_RESPONSE,4.4654082436129325
GOBP_POSITIVE_REGULATION_OF_RESPONSE_TO_CYTOKINE_STIMULUS,GO:0060760,5,72,True,0.05625,HALLMARK_INTERFERON_ALPHA_RESPONSE,5.521460917862246
GOBP_NEGATIVE_REGULATION_OF_RESPONSE_TO_CYTOKINE_STIMULUS,GO:0060761,5,110,True,0.03678929765886288,HALLMARK_INTERFERON_GAMMA_RESPONSE,5.097646671085886
GOBP_REGULATION_OF_ANDROGEN_RECEPTOR_SIGNALING_PATHWAY,GO:0060765,7,34,False,0.03125,HALLMARK_NOTCH_SIGNALING,6.271766512262141
GOBP_CELL_FATE_COMMITMENT_INVOLVED_IN_FORMATION_OF_PRIMARY_GERM_LAYER,GO:0060795,4,34,False,0.03529411764705882,HALLMARK_TGF_BETA_SIGNALING,6.271766512262141
GOBP_REGULATION_OF_CANONICAL_WNT_SIGNALING_PATHWAY,GO:0060828,6,276,False,0.0392156862745098,HALLMARK_WNT_BETA_CATENIN_SIGNALING,4.177726171161152
GOBP_ARTERY_DEVELOPMENT,GO:0060840,4,119,False,0.04216867469879518,HALLMARK_TGF_BETA_SIGNALING,5.019003543766773
GOBP_POSITIVE_REGULATION_OF_MACROPHAGE_CYTOKINE_PRODUCTION,GO:0060907,7,24,False,0.0228310502283105,HALLMARK_INTERFERON_GAMMA_RESPONSE,6.620073206530356
GOBP_HEART_FORMATION,GO:0060914,4,34,False,0.07042253521126761,HALLMARK_WNT_BETA_CATENIN_SIGNALING,6.271766512262141
GOBP_REGULATION_OF_GENE_SILENCING_BY_REGULATORY_NCRNA,GO:0060966,8,33,True,0.02564102564102564,HALLMARK_IL6_JAK_STAT3_SIGNALING,6.3016194754118215
GOBP_CELL_MIGRATION_INVOLVED_IN_HEART_DEVELOPMENT,GO:0060973,4,21,False,0.019230769230769232,HALLMARK_NOTCH_SIGNALING,6.753604599154879
GOBP_CORONARY_VASCULATURE_DEVELOPMENT,GO:0060976,4,49,False,0.036585365853658534,HALLMARK_HEDGEHOG_SIGNALING,5.906306738767675
GOBP_ENDOCRINE_HORMONE_SECRETION,GO:0060986,6,60,False,0.02127659574468085,HALLMARK_ANGIOGENESIS,5.703782474656201
GOBP_KIDNEY_MORPHOGENESIS,GO:0060993,4,99,False,0.03676470588235294,HALLMARK_WNT_BETA_CATENIN_SIGNALING,5.2030071867437115
GOBP_DENDRITIC_SPINE_DEVELOPMENT,GO:0060996,3,95,False,0.027972027972027972,HALLMARK_MITOTIC_SPINDLE,5.244250145277761
GOBP_DENDRITIC_SPINE_MORPHOGENESIS,GO:0060997,6,57,False,0.0199203187250996,HALLMARK_MITOTIC_SPINDLE,5.755075769043752
GOBP_REGULATION_OF_DENDRITIC_SPINE_DEVELOPMENT,GO:0060998,4,56,False,0.012578616352201259,HALLMARK_PI3K_AKT_MTOR_SIGNALING,5.772775346143153
GOBP_POSITIVE_REGULATION_OF_DENDRITIC_SPINE_DEVELOPMENT,GO:0060999,5,41,False,0.013888888888888888,HALLMARK_PI3K_AKT_MTOR_SIGNALING,6.084554970173994
GOBP_REGULATION_OF_DENDRITIC_SPINE_MORPHOGENESIS,GO:0061001,5,42,False,0.012987012987012988,HALLMARK_HEDGEHOG_SIGNALING,6.060457418594933
GOBP_CELL_DIFFERENTIATION_INVOLVED_IN_KIDNEY_DEVELOPMENT,GO:0061005,4,59,False,0.04597701149425287,HALLMARK_NOTCH_SIGNALING,5.7205895929725825
GOBP_HEPATICOBILIARY_SYSTEM_DEVELOPMENT,GO:0061008,4,145,True,0.03728813559322034,HALLMARK_APOPTOSIS,4.821393294457727
GOBP_REGULATION_OF_MRNA_CATABOLIC_PROCESS,GO:0061013,6,293,True,0.030456852791878174,HALLMARK_UNFOLDED_PROTEIN_RESPONSE,4.117954427861235
GOBP_POSITIVE_REGULATION_OF_MRNA_CATABOLIC_PROCESS,GO:0061014,7,202,True,0.029411764705882353,HALLMARK_UNFOLDED_PROTEIN_RESPONSE,4.489859339477097
GOBP_MEMBRANE_FUSION,GO:0061025,5,203,False,0.06028368794326241,HALLMARK_PROTEIN_SECRETION,4.484921057836514
GOBP_ESTABLISHMENT_OF_ENDOTHELIAL_BARRIER,GO:0061028,6,54,False,0.029197080291970802,HALLMARK_IL6_JAK_STAT3_SIGNALING,5.809142990314028
GOBP_REGULATION_OF_CARTILAGE_DEVELOPMENT,GO:0061035,5,75,False,0.075,HALLMARK_TGF_BETA_SIGNALING,5.480638923341991
GOBP_POSITIVE_REGULATION_OF_CARTILAGE_DEVELOPMENT,GO:0061036,5,33,False,0.06097560975609756,HALLMARK_TGF_BETA_SIGNALING,6.3016194754118215
GOBP_NEGATIVE_REGULATION_OF_CARTILAGE_DEVELOPMENT,GO:0061037,5,33,False,0.03571428571428571,HALLMARK_TGF_BETA_SIGNALING,6.3016194754118215
GOBP_REGULATION_OF_WOUND_HEALING,GO:0061041,6,137,False,0.1,HALLMARK_COAGULATION,4.878146111050177
GOBP_VASCULAR_WOUND_HEALING,GO:0061042,5,24,False,0.01818181818181818,HALLMARK_TNFA_SIGNALING_VIA_NFKB,6.620073206530356
GOBP_NEGATIVE_REGULATION_OF_WOUND_HEALING,GO:0061045,6,75,False,0.11518324607329843,HALLMARK_COAGULATION,5.480638923341991
GOBP_REGULATION_OF_CELL_GROWTH_INVOLVED_IN_CARDIAC_MUSCLE_CELL_DEVELOPMENT,GO:0061050,5,22,False,0.014285714285714285,HALLMARK_REACTIVE_OXYGEN_SPECIES_PATHWAY,6.707084583519986
GOBP_SOMITE_DEVELOPMENT,GO:0061053,5,85,False,0.09482758620689655,HALLMARK_WNT_BETA_CATENIN_SIGNALING,5.3554757803879856
GOBP_POSITIVE_REGULATION_OF_MYELOID_LEUKOCYTE_CYTOKINE_PRODUCTION_INVOLVED_IN_IMMUNE_RESPONSE,GO:0061081,7,36,False,0.02608695652173913,HALLMARK_INTERFERON_GAMMA_RESPONSE,6.214608098422191
GOBP_MYELOID_LEUKOCYTE_CYTOKINE_PRODUCTION,GO:0061082,4,52,False,0.02857142857142857,HALLMARK_ALLOGRAFT_REJECTION,5.846883318296874
GOBP_REGULATION_OF_PROTEIN_TYROSINE_KINASE_ACTIVITY,GO:0061097,7,25,False,0.015151515151515152,HALLMARK_WNT_BETA_CATENIN_SIGNALING,6.579251212010101
GOBP_REGULATION_OF_PROTEASOMAL_PROTEIN_CATABOLIC_PROCESS,GO:0061136,7,205,False,0.03316326530612245,HALLMARK_MTORC1_SIGNALING,4.475117057739894
GOBP_MAMMARY_GLAND_EPITHELIUM_DEVELOPMENT,GO:0061180,5,74,False,0.03007518796992481,HALLMARK_ESTROGEN_RESPONSE_LATE,5.494061943674132
GOBP_ESTABLISHMENT_OR_MAINTENANCE_OF_BIPOLAR_CELL_POLARITY,GO:0061245,3,56,True,0.024096385542168676,HALLMARK_MITOTIC_SPINDLE,5.772775346143153
GOBP_RETINA_VASCULATURE_DEVELOPMENT_IN_CAMERA_TYPE_EYE,GO:0061298,5,20,False,0.027777777777777776,HALLMARK_TGF_BETA_SIGNALING,6.802394763324311
GOBP_CELL_PROLIFERATION_INVOLVED_IN_HEART_MORPHOGENESIS,GO:0061323,3,21,True,0.05,HALLMARK_WNT_BETA_CATENIN_SIGNALING,6.753604599154879
GOBP_RENAL_TUBULE_DEVELOPMENT,GO:0061326,4,104,True,0.057971014492753624,HALLMARK_WNT_BETA_CATENIN_SIGNALING,5.153736137736929
GOBP_RENAL_TUBULE_MORPHOGENESIS,GO:0061333,5,81,True,0.0423728813559322,HALLMARK_WNT_BETA_CATENIN_SIGNALING,5.403677882205863
GOBP_CARDIAC_CONDUCTION,GO:0061337,7,100,False,0.023890784982935155,HALLMARK_MYOGENESIS,5.19295685089021
GOBP_ESTABLISHMENT_OR_MAINTENANCE_OF_MONOPOLAR_CELL_POLARITY,GO:0061339,3,27,True,0.018018018018018018,HALLMARK_MITOTIC_SPINDLE,6.502290170873972
GOBP_NEURAL_PRECURSOR_CELL_PROLIFERATION,GO:0061351,3,169,False,0.02926829268292683,HALLMARK_WNT_BETA_CATENIN_SIGNALING,4.668228321955228
GOBP_TRABECULA_MORPHOGENESIS,GO:0061383,3,48,False,0.0625,HALLMARK_TGF_BETA_SIGNALING,5.926926025970411
GOBP_HEART_TRABECULA_MORPHOGENESIS,GO:0061384,4,34,False,0.060240963855421686,HALLMARK_TGF_BETA_SIGNALING,6.271766512262141
GOBP_REGULATION_OF_EXTENT_OF_CELL_GROWTH,GO:0061387,5,101,False,0.04580152671755725,HALLMARK_HEDGEHOG_SIGNALING,5.1830065200370425
GOBP_ESTABLISHMENT_OF_SKIN_BARRIER,GO:0061436,6,37,False,0.017167381974248927,HALLMARK_P53_PATHWAY,6.187209124234077
GOBP_RENAL_SYSTEM_VASCULATURE_DEVELOPMENT,GO:0061437,5,33,True,0.06557377049180328,HALLMARK_NOTCH_SIGNALING,6.3016194754118215
GOBP_TROPHOBLAST_CELL_MIGRATION,GO:0061450,5,25,False,0.039473684210526314,HALLMARK_TGF_BETA_SIGNALING,6.579251212010101
GOBP_PROTEIN_LOCALIZATION_TO_LYSOSOME,GO:0061462,6,52,False,0.020689655172413793,HALLMARK_PROTEIN_SECRETION,5.846883318296874
GOBP_HEMATOPOIETIC_STEM_CELL_HOMEOSTASIS,GO:0061484,4,29,False,0.015625,HALLMARK_HEDGEHOG_SIGNALING,6.430831206891828
GOBP_PROTEIN_LOCALIZATION_TO_CILIUM,GO:0061512,5,76,False,0.01098901098901099,HALLMARK_ESTROGEN_RESPONSE_LATE,5.467393696591971
GOBP_MYELOID_CELL_DEVELOPMENT,GO:0061515,5,91,False,0.039285714285714285,HALLMARK_HEME_METABOLISM,5.287267530361452
GOBP_ACTIN_FILAMENT_BUNDLE_ORGANIZATION,GO:0061572,6,174,True,0.047752808988764044,HALLMARK_MITOTIC_SPINDLE,4.639071737663772
GOBP_CALCIUM_ION_TRANSMEMBRANE_TRANSPORT_VIA_HIGH_VOLTAGE_GATED_CALCIUM_CHANNEL,GO:0061577,6,22,True,0.01834862385321101,HALLMARK_MYOGENESIS,6.707084583519986
GOBP_MIRNA_TRANSCRIPTION,GO:0061614,7,76,True,0.056910569105691054,HALLMARK_TGF_BETA_SIGNALING,5.467393696591971
GOBP_GLYCOLYTIC_PROCESS_THROUGH_FRUCTOSE_6_PHOSPHATE,GO:0061615,5,26,False,0.06103286384976526,HALLMARK_HYPOXIA,6.54003049885682
GOBP_GLYCOLYTIC_PROCESS_THROUGH_GLUCOSE_6_PHOSPHATE,GO:0061620,6,22,True,0.06220095693779904,HALLMARK_HYPOXIA,6.707084583519986
GOBP_CYTOSKELETON_DEPENDENT_CYTOKINESIS,GO:0061640,4,126,False,0.06209150326797386,HALLMARK_MITOTIC_SPINDLE,4.961845129926823
GOBP_DETOXIFICATION_OF_INORGANIC_COMPOUND,GO:0061687,2,23,True,0.02857142857142857,HALLMARK_REACTIVE_OXYGEN_SPECIES_PATHWAY,6.662632820949152
GOBP_RETICULOPHAGY,GO:0061709,5,23,False,0.00847457627118644,HALLMARK_PROTEIN_SECRETION,6.662632820949152
GOBP_MOTOR_BEHAVIOR,GO:0061744,3,34,False,0.0136986301369863,HALLMARK_PANCREAS_BETA_CELLS,6.271766512262141
GOBP_LEUKOCYTE_ADHESION_TO_VASCULAR_ENDOTHELIAL_CELL,GO:0061756,5,56,False,0.028112449799196786,HALLMARK_ALLOGRAFT_REJECTION,5.772775346143153
GOBP_ANTIFUNGAL_INNATE_IMMUNE_RESPONSE,GO:0061760,4,23,False,0.00904977375565611,HALLMARK_ALLOGRAFT_REJECTION,6.662632820949152
GOBP_MICROTUBULE_ORGANIZING_CENTER_LOCALIZATION,GO:0061842,2,33,True,0.03571428571428571,HALLMARK_MITOTIC_SPINDLE,6.3016194754118215
GOBP_ANTIMICROBIAL_HUMORAL_IMMUNE_RESPONSE_MEDIATED_BY_ANTIMICROBIAL_PEPTIDE,GO:0061844,5,134,False,0.050314465408805034,HALLMARK_ALLOGRAFT_REJECTION,4.90028723692739
GOBP_GLIAL_CELL_ACTIVATION,GO:0061900,3,57,False,0.05327868852459016,HALLMARK_ALLOGRAFT_REJECTION,5.755075769043752
GOBP_ESTABLISHMENT_OF_PROTEIN_LOCALIZATION_TO_PLASMA_MEMBRANE,GO:0061951,5,69,False,0.024844720496894408,HALLMARK_PROTEIN_SECRETION,5.5640205322810425
GOBP_MIDBODY_ABSCISSION,GO:0061952,5,24,False,0.009009009009009009,HALLMARK_G2M_CHECKPOINT,6.620073206530356
GOBP_MEIOSIS_I_CELL_CYCLE_PROCESS,GO:0061982,3,142,True,0.062111801242236024,HALLMARK_E2F_TARGETS,4.8422999792770405
GOBP_SECONDARY_PALATE_DEVELOPMENT,GO:0062009,4,27,False,0.045454545454545456,HALLMARK_WNT_BETA_CATENIN_SIGNALING,6.502290170873972
GOBP_POSITIVE_REGULATION_OF_SMALL_MOLECULE_METABOLIC_PROCESS,GO:0062013,6,159,False,0.030418250950570342,HALLMARK_BILE_ACID_METABOLISM,4.72922283465807
GOBP_NEGATIVE_REGULATION_OF_SMALL_MOLECULE_METABOLIC_PROCESS,GO:0062014,6,131,False,0.02476780185758514,HALLMARK_GLYCOLYSIS,4.92292971367715
GOBP_REGULATION_OF_PROGRAMMED_NECROTIC_CELL_DEATH,GO:0062098,5,41,True,0.035897435897435895,HALLMARK_APOPTOSIS,6.084554970173994
GOBP_NEGATIVE_REGULATION_OF_PROGRAMMED_NECROTIC_CELL_DEATH,GO:0062099,6,24,True,0.0228310502283105,HALLMARK_INTERFERON_GAMMA_RESPONSE,6.620073206530356
GOBP_REGULATION_OF_MITOCHONDRIAL_GENE_EXPRESSION,GO:0062125,8,35,False,0.004291845493562232,HALLMARK_MITOTIC_SPINDLE,6.242778975388888
GOBP_DETECTION_OF_STIMULUS_INVOLVED_IN_SENSORY_PERCEPTION_OF_PAIN,GO:0062149,4,29,False,0.012121212121212121,HALLMARK_COAGULATION,6.430831206891828
GOBP_REGULATION_OF_PATTERN_RECOGNITION_RECEPTOR_SIGNALING_PATHWAY,GO:0062207,5,200,False,0.03359173126614987,HALLMARK_INTERFERON_GAMMA_RESPONSE,4.499809670330265
GOBP_POSITIVE_REGULATION_OF_PATTERN_RECOGNITION_RECEPTOR_SIGNALING_PATHWAY,GO:0062208,6,81,False,0.03488372093023256,HALLMARK_INTERFERON_ALPHA_RESPONSE,5.403677882205863
GOBP_PROTEIN_LOCALIZATION_TO_POSTSYNAPSE,GO:0062237,6,57,True,0.013245033112582781,HALLMARK_PROTEIN_SECRETION,5.755075769043752
GOBP_INTRACELLULAR_PROTEIN_TRANSMEMBRANE_TRANSPORT,GO:0065002,4,31,False,0.05925925925925926,HALLMARK_BILE_ACID_METABOLISM,5.7205895929725825
GOBP_PROTEIN_LIPID_COMPLEX_ASSEMBLY,GO:0065005,6,30,True,0.02158273381294964,HALLMARK_BILE_ACID_METABOLISM,6.396929655216146
GOBP_NEURON_CELLULAR_HOMEOSTASIS,GO:0070050,3,64,False,0.03125,HALLMARK_OXIDATIVE_PHOSPHORYLATION,5.63924395351863
GOBP_INTRINSIC_APOPTOTIC_SIGNALING_PATHWAY_IN_RESPONSE_TO_ENDOPLASMIC_RETICULUM_STRESS,GO:0070059,5,67,False,0.058823529411764705,HALLMARK_UNFOLDED_PROTEIN_RESPONSE,5.593434417487336
GOBP_GLYCOSYLATION,GO:0070085,3,247,True,0.05673758865248227,HALLMARK_GLYCOLYSIS,4.288738700250325
GOBP_INTERLEUKIN_6_MEDIATED_SIGNALING_PATHWAY,GO:0070102,5,27,False,0.03636363636363636,HALLMARK_IL6_JAK_STAT3_SIGNALING,6.502290170873972
GOBP_REGULATION_OF_MITOCHONDRIAL_TRANSLATION,GO:0070129,8,26,False,0.004464285714285714,HALLMARK_MITOTIC_SPINDLE,6.54003049885682
GOBP_ENAMEL_MINERALIZATION,GO:0070166,6,22,False,0.013333333333333334,HALLMARK_TGF_BETA_SIGNALING,6.707084583519986
GOBP_REGULATION_OF_BIOMINERAL_TISSUE_DEVELOPMENT,GO:0070167,5,103,False,0.039735099337748346,HALLMARK_TGF_BETA_SIGNALING,5.163398048648666
GOBP_NEGATIVE_REGULATION_OF_BIOMINERAL_TISSUE_DEVELOPMENT,GO:0070168,5,29,False,0.04411764705882353,HALLMARK_WNT_BETA_CATENIN_SIGNALING,6.430831206891828
GOBP_POSITIVE_REGULATION_OF_BIOMINERAL_TISSUE_DEVELOPMENT,GO:0070169,5,54,False,0.04854368932038835,HALLMARK_TGF_BETA_SIGNALING,5.809142990314028
GOBP_CHROMOSOME_ORGANIZATION_INVOLVED_IN_MEIOTIC_CELL_CYCLE,GO:0070192,3,66,False,0.031007751937984496,HALLMARK_E2F_TARGETS,5.608472294851876
GOBP_SYNAPTONEMAL_COMPLEX_ORGANIZATION,GO:0070193,6,28,True,0.012422360248447204,HALLMARK_SPERMATOGENESIS,6.465922526703098
GOBP_PROTEIN_LOCALIZATION_TO_CHROMOSOME_TELOMERIC_REGION,GO:0070198,6,26,False,0.01639344262295082,HALLMARK_HEDGEHOG_SIGNALING,6.54003049885682
GOBP_ESTABLISHMENT_OF_PROTEIN_LOCALIZATION_TO_CHROMOSOME,GO:0070199,5,22,False,0.00909090909090909,HALLMARK_MYC_TARGETS_V1,6.707084583519986
GOBP_LYMPHOCYTE_APOPTOTIC_PROCESS,GO:0070227,6,86,False,0.051470588235294115,HALLMARK_ALLOGRAFT_REJECTION,5.343779740624794
GOBP_REGULATION_OF_LYMPHOCYTE_APOPTOTIC_PROCESS,GO:0070228,7,64,False,0.03937007874015748,HALLMARK_ALLOGRAFT_REJECTION,5.63924395351863
GOBP_NEGATIVE_REGULATION_OF_LYMPHOCYTE_APOPTOTIC_PROCESS,GO:0070229,8,39,False,0.02575107296137339,HALLMARK_TNFA_SIGNALING_VIA_NFKB,6.134565390748655
GOBP_POSITIVE_REGULATION_OF_LYMPHOCYTE_APOPTOTIC_PROCESS,GO:0070230,8,20,False,0.03333333333333333,HALLMARK_WNT_BETA_CATENIN_SIGNALING,6.802394763324311
GOBP_T_CELL_APOPTOTIC_PROCESS,GO:0070231,7,61,False,0.037383177570093455,HALLMARK_APOPTOSIS,5.687253172704991
GOBP_REGULATION_OF_T_CELL_APOPTOTIC_PROCESS,GO:0070232,8,43,False,0.016736401673640166,HALLMARK_TNFA_SIGNALING_VIA_NFKB,6.036926921184739
GOBP_NEGATIVE_REGULATION_OF_T_CELL_APOPTOTIC_PROCESS,GO:0070233,9,25,False,0.01809954751131222,HALLMARK_TNFA_SIGNALING_VIA_NFKB,6.579251212010101
GOBP_THYMOCYTE_APOPTOTIC_PROCESS,GO:0070242,8,21,False,0.019230769230769232,HALLMARK_NOTCH_SIGNALING,6.753604599154879
GOBP_ACTIN_MEDIATED_CELL_CONTRACTION,GO:0070252,4,123,False,0.07308970099667775,HALLMARK_MYOGENESIS,4.985942681505884
GOBP_NECROPTOTIC_PROCESS,GO:0070266,5,48,False,0.045,HALLMARK_APOPTOSIS,5.926926025970411
GOBP_PYROPTOTIC_INFLAMMATORY_RESPONSE,GO:0070269,5,40,False,0.03787878787878788,HALLMARK_INTERFERON_ALPHA_RESPONSE,6.1092475827643655
GOBP_AXONEMAL_DYNEIN_COMPLEX_ASSEMBLY,GO:0070286,6,40,False,0.005747126436781609,HALLMARK_SPERMATOGENESIS,6.1092475827643655
GOBP_RENAL_ABSORPTION,GO:0070293,4,40,False,0.02127659574468085,HALLMARK_KRAS_SIGNALING_DN,6.1092475827643655
GOBP_SARCOPLASMIC_RETICULUM_CALCIUM_ION_TRANSPORT,GO:0070296,8,49,False,0.0375,HALLMARK_MYOGENESIS,5.906306738767675
GOBP_CELLULAR_RESPONSE_TO_HYDROGEN_PEROXIDE,GO:0070301,6,71,False,0.038314176245210725,HALLMARK_TNFA_SIGNALING_VIA_NFKB,5.535447159836986
GOBP_REGULATION_OF_STRESS_ACTIVATED_PROTEIN_KINASE_SIGNALING_CASCADE,GO:0070302,5,41,True,0.022727272727272728,HALLMARK_REACTIVE_OXYGEN_SPECIES_PATHWAY,6.084554970173994
GOBP_POSITIVE_REGULATION_OF_STRESS_ACTIVATED_PROTEIN_KINASE_SIGNALING_CASCADE,GO:0070304,6,21,True,0.017241379310344827,HALLMARK_INTERFERON_ALPHA_RESPONSE,6.753604599154879
GOBP_LENS_FIBER_CELL_DIFFERENTIATION,GO:0070306,5,40,False,0.044444444444444446,HALLMARK_TGF_BETA_SIGNALING,6.1092475827643655
GOBP_G1_TO_G0_TRANSITION,GO:0070314,3,20,False,0.01818181818181818,HALLMARK_HEDGEHOG_SIGNALING,6.802394763324311
GOBP_NEGATIVE_REGULATION_OF_ERK1_AND_ERK2_CASCADE,GO:0070373,8,84,False,0.02158273381294964,HALLMARK_TNFA_SIGNALING_VIA_NFKB,5.367310238034988
GOBP_POSITIVE_REGULATION_OF_ERK1_AND_ERK2_CASCADE,GO:0070374,8,201,False,0.039711191335740074,HALLMARK_IL6_JAK_STAT3_SIGNALING,4.494822128819226
GOBP_NUCLEOTIDE_BINDING_OLIGOMERIZATION_DOMAIN_CONTAINING_2_SIGNALING_PATHWAY,GO:0070431,7,20,False,0.018518518518518517,HALLMARK_TNFA_SIGNALING_VIA_NFKB,6.802394763324311
GOBP_INTERLEUKIN_1_MEDIATED_SIGNALING_PATHWAY,GO:0070498,5,35,False,0.042735042735042736,HALLMARK_IL6_JAK_STAT3_SIGNALING,6.242778975388888
GOBP_REGULATION_OF_MICROTUBULE_CYTOSKELETON_ORGANIZATION,GO:0070507,5,171,False,0.06628242074927954,HALLMARK_MITOTIC_SPINDLE,4.656463480375642
GOBP_CALCIUM_ION_IMPORT,GO:0070509,8,89,False,0.023809523809523808,HALLMARK_PANCREAS_BETA_CELLS,5.309490667146162
GOBP_TRNA_THREONYLCARBAMOYLADENOSINE_METABOLIC_PROCESS,GO:0070525,7,20,False,0.012987012987012988,HALLMARK_MYC_TARGETS_V2,6.802394763324311
GOBP_PLATELET_AGGREGATION,GO:0070527,5,78,False,0.03349282296650718,HALLMARK_COAGULATION,5.44141821018871
GOBP_PROTEIN_K63_LINKED_UBIQUITINATION,GO:0070534,11,70,False,0.018292682926829267,HALLMARK_INTERFERON_ALPHA_RESPONSE,5.549631794828943
GOBP_PROTEIN_K63_LINKED_DEUBIQUITINATION,GO:0070536,10,28,False,0.008849557522123894,HALLMARK_COMPLEMENT,6.465922526703098
GOBP_RESPONSE_TO_FATTY_ACID,GO:0070542,4,62,False,0.03816793893129771,HALLMARK_CHOLESTEROL_HOMEOSTASIS,5.6709926518332106
GOBP_RESPONSE_TO_INTERLEUKIN_1,GO:0070555,5,118,False,0.04950495049504951,HALLMARK_TNFA_SIGNALING_VIA_NFKB,5.027442412412637
GOBP_REGULATION_OF_NEURON_PROJECTION_REGENERATION,GO:0070570,4,33,True,0.02666666666666667,HALLMARK_APICAL_SURFACE,6.3016194754118215
GOBP_PROTEIN_LOCALIZATION_TO_MITOCHONDRION,GO:0070585,5,137,True,0.04984423676012461,HALLMARK_OXIDATIVE_PHOSPHORYLATION,4.878146111050177
GOBP_TRANSEPITHELIAL_TRANSPORT,GO:0070633,4,37,False,0.017167381974248927,HALLMARK_APICAL_JUNCTION,6.187209124234077
GOBP_PROTEIN_MODIFICATION_BY_SMALL_PROTEIN_REMOVAL,GO:0070646,8,141,True,0.01791044776119403,HALLMARK_COMPLEMENT,4.849367146500134
GOBP_REGULATION_OF_LEUKOCYTE_PROLIFERATION,GO:0070663,5,284,True,0.09750566893424037,HALLMARK_ALLOGRAFT_REJECTION,4.149152798717096
GOBP_NEGATIVE_REGULATION_OF_LEUKOCYTE_PROLIFERATION,GO:0070664,6,105,True,0.048109965635738834,HALLMARK_ALLOGRAFT_REJECTION,5.144166686720778
GOBP_POSITIVE_REGULATION_OF_LEUKOCYTE_PROLIFERATION,GO:0070665,6,173,True,0.10355029585798817,HALLMARK_ALLOGRAFT_REJECTION,4.644835442380523
GOBP_RESPONSE_TO_INTERLEUKIN_4,GO:0070670,5,39,True,0.02575107296137339,HALLMARK_INTERFERON_GAMMA_RESPONSE,6.134565390748655
GOBP_RESPONSE_TO_INTERLEUKIN_6,GO:0070741,5,48,True,0.030534351145038167,HALLMARK_IL6_JAK_STAT3_SIGNALING,5.926926025970411
GOBP_INCLUSION_BODY_ASSEMBLY,GO:0070841,5,32,False,0.016042780748663103,HALLMARK_UV_RESPONSE_UP,6.332391134078575
GOBP_RESPONSE_TO_EPIDERMAL_GROWTH_FACTOR,GO:0070849,4,52,True,0.04666666666666667,HALLMARK_PI3K_AKT_MTOR_SIGNALING,5.846883318296874
GOBP_REGULATION_OF_PROTEIN_EXIT_FROM_ENDOPLASMIC_RETICULUM,GO:0070861,7,24,False,0.016260162601626018,HALLMARK_ANDROGEN_RESPONSE,6.620073206530356
GOBP_REGULATION_OF_GLYCOGEN_METABOLIC_PROCESS,GO:0070873,6,41,False,0.02531645569620253,HALLMARK_PANCREAS_BETA_CELLS,6.084554970173994
GOBP_POSITIVE_REGULATION_OF_GLYCOGEN_METABOLIC_PROCESS,GO:0070875,7,21,False,0.03389830508474576,HALLMARK_PANCREAS_BETA_CELLS,6.753604599154879
GOBP_TRANSCRIPTION_PREINITIATION_COMPLEX_ASSEMBLY,GO:0070897,7,82,False,0.04504504504504504,HALLMARK_DNA_REPAIR,5.391407789614049
GOBP_REGULATORY_NCRNA_PROCESSING,GO:0070918,5,70,False,0.024793388429752067,HALLMARK_TGF_BETA_SIGNALING,5.549631794828943
GOBP_3_UTR_MEDIATED_MRNA_STABILIZATION,GO:0070935,6,29,False,0.011695906432748537,HALLMARK_UV_RESPONSE_DN,6.430831206891828
GOBP_PROTEIN_K48_LINKED_UBIQUITINATION,GO:0070936,11,101,False,0.031007751937984496,HALLMARK_NOTCH_SIGNALING,5.1830065200370425
GOBP_PROTEIN_LOCALIZATION_TO_ENDOPLASMIC_RETICULUM,GO:0070972,5,82,False,0.0427807486631016,HALLMARK_UNFOLDED_PROTEIN_RESPONSE,5.391407789614049
GOBP_BONE_MATURATION,GO:0070977,5,28,True,0.025,HALLMARK_TGF_BETA_SIGNALING,6.465922526703098
GOBP_PROTEIN_K11_LINKED_UBIQUITINATION,GO:0070979,11,39,False,0.01702127659574468,HALLMARK_G2M_CHECKPOINT,6.134565390748655
GOBP_RNA_SURVEILLANCE,GO:0071025,7,37,True,0.034482758620689655,HALLMARK_UNFOLDED_PROTEIN_RESPONSE,6.187209124234077
GOBP_PROTEIN_K48_LINKED_DEUBIQUITINATION,GO:0071108,10,27,False,0.017937219730941704,HALLMARK_COMPLEMENT,6.502290170873972
GOBP_PROTEIN_LOCALIZATION_TO_CHROMATIN,GO:0071168,6,63,False,0.015444015444015444,HALLMARK_G2M_CHECKPOINT,5.654992310486769
GOBP_CELLULAR_RESPONSE_TO_BIOTIC_STIMULUS,GO:0071216,3,277,False,0.08163265306122448,HALLMARK_INFLAMMATORY_RESPONSE,4.174109530690963
GOBP_CELLULAR_RESPONSE_TO_MOLECULE_OF_BACTERIAL_ORIGIN,GO:0071219,4,250,True,0.08695652173913043,HALLMARK_INFLAMMATORY_RESPONSE,4.276666119016055
GOBP_CELLULAR_RESPONSE_TO_ACID_CHEMICAL,GO:0071229,4,101,True,0.030821917808219176,HALLMARK_EPITHELIAL_MESENCHYMAL_TRANSITION,5.1830065200370425
GOBP_CELLULAR_RESPONSE_TO_METAL_ION,GO:0071248,4,184,False,0.02127659574468085,HALLMARK_MYOGENESIS,4.583191279269316
GOBP_CELLULAR_RESPONSE_TO_CADMIUM_ION,GO:0071276,5,26,False,0.013513513513513514,HALLMARK_REACTIVE_OXYGEN_SPECIES_PATHWAY,6.54003049885682
GOBP_CELLULAR_RESPONSE_TO_CALCIUM_ION,GO:0071277,5,80,False,0.01818181818181818,HALLMARK_TNFA_SIGNALING_VIA_NFKB,5.41610040220442
GOBP_CELLULAR_RESPONSE_TO_COPPER_ION,GO:0071280,5,26,False,0.01639344262295082,HALLMARK_ANGIOGENESIS,6.54003049885682
GOBP_CELLULAR_RESPONSE_TO_ZINC_ION,GO:0071294,5,25,False,0.008968609865470852,HALLMARK_HYPOXIA,6.579251212010101
GOBP_CELLULAR_RESPONSE_TO_VITAMIN,GO:0071295,5,31,False,0.022123893805309734,HALLMARK_EPITHELIAL_MESENCHYMAL_TRANSITION,6.364139832393156
GOBP_CELLULAR_RESPONSE_TO_RETINOIC_ACID,GO:0071300,5,69,False,0.030612244897959183,HALLMARK_NOTCH_SIGNALING,5.5640205322810425
GOBP_CELLULAR_RESPONSE_TO_VITAMIN_D,GO:0071305,5,24,False,0.015873015873015872,HALLMARK_PANCREAS_BETA_CELLS,6.620073206530356
GOBP_CELLULAR_RESPONSE_TO_ALKALOID,GO:0071312,5,37,False,0.020618556701030927,HALLMARK_APOPTOSIS,6.187209124234077
GOBP_CELLULAR_RESPONSE_TO_CAMP,GO:0071320,5,58,False,0.021739130434782608,HALLMARK_ANGIOGENESIS,5.737684026331882
GOBP_CELLULAR_RESPONSE_TO_CARBOHYDRATE_STIMULUS,GO:0071322,5,166,True,0.03,HALLMARK_PANCREAS_BETA_CELLS,4.686139248521759
GOBP_CELLULAR_RESPONSE_TO_TYPE_II_INTERFERON,GO:0071346,6,102,False,0.06338028169014084,HALLMARK_ALLOGRAFT_REJECTION,5.173154223594031
GOBP_CELLULAR_RESPONSE_TO_INTERLEUKIN_1,GO:0071347,6,90,False,0.050724637681159424,HALLMARK_TNFA_SIGNALING_VIA_NFKB,5.298317366548036
GOBP_CELLULAR_RESPONSE_TO_DSRNA,GO:0071359,5,25,False,0.022727272727272728,HALLMARK_INTERFERON_GAMMA_RESPONSE,6.579251212010101
GOBP_CELLULAR_RESPONSE_TO_GONADOTROPIN_STIMULUS,GO:0071371,5,20,False,0.029850746268656716,HALLMARK_REACTIVE_OXYGEN_SPECIES_PATHWAY,6.802394763324311
GOBP_CELLULAR_RESPONSE_TO_GROWTH_HORMONE_STIMULUS,GO:0071378,6,29,True,0.03571428571428571,HALLMARK_IL6_JAK_STAT3_SIGNALING,6.430831206891828
GOBP_CELLULAR_RESPONSE_TO_PROSTAGLANDIN_STIMULUS,GO:0071379,5,26,False,0.0234375,HALLMARK_PI3K_AKT_MTOR_SIGNALING,6.54003049885682
GOBP_CELLULAR_RESPONSE_TO_STEROID_HORMONE_STIMULUS,GO:0071383,5,221,False,0.026829268292682926,HALLMARK_ESTROGEN_RESPONSE_LATE,4.399964335360549
GOBP_CELLULAR_RESPONSE_TO_CORTICOSTEROID_STIMULUS,GO:0071384,6,65,False,0.027131782945736434,HALLMARK_HYPOXIA,5.6237397669826645
GOBP_CELLULAR_RESPONSE_TO_GLUCOCORTICOID_STIMULUS,GO:0071385,7,55,False,0.028225806451612902,HALLMARK_HYPOXIA,5.790793851645831
GOBP_CELLULAR_RESPONSE_TO_ESTRADIOL_STIMULUS,GO:0071392,5,36,False,0.021645021645021644,HALLMARK_MYC_TARGETS_V1,6.214608098422191
GOBP_CELLULAR_RESPONSE_TO_CHOLESTEROL,GO:0071397,6,21,False,0.017857142857142856,HALLMARK_HEDGEHOG_SIGNALING,6.753604599154879
GOBP_CELLULAR_RESPONSE_TO_FATTY_ACID,GO:0071398,5,41,False,0.026785714285714284,HALLMARK_CHOLESTEROL_HOMEOSTASIS,6.084554970173994
GOBP_CELLULAR_RESPONSE_TO_LIPOPROTEIN_PARTICLE_STIMULUS,GO:0071402,3,46,False,0.043478260869565216,HALLMARK_CHOLESTEROL_HOMEOSTASIS,5.969485640389206
GOBP_HEMATOPOIETIC_STEM_CELL_PROLIFERATION,GO:0071425,4,37,False,0.014705882352941176,HALLMARK_NOTCH_SIGNALING,6.187209124234077
GOBP_CELLULAR_RESPONSE_TO_OXYGEN_RADICAL,GO:0071450,6,23,True,0.09090909090909091,HALLMARK_REACTIVE_OXYGEN_SPECIES_PATHWAY,6.662632820949152
GOBP_CELLULAR_RESPONSE_TO_OXYGEN_LEVELS,GO:0071453,4,183,True,0.0521978021978022,HALLMARK_HYPOXIA,4.588640884036881
GOBP_PROTEIN_LOCALIZATION_TO_CHROMOSOME_CENTROMERIC_REGION,GO:0071459,6,41,False,0.029914529914529916,HALLMARK_G2M_CHECKPOINT,6.084554970173994
GOBP_CELLULAR_RESPONSE_TO_XENOBIOTIC_STIMULUS,GO:0071466,4,204,False,0.07161803713527852,HALLMARK_XENOBIOTIC_METABOLISM,4.480007043034085
GOBP_CELLULAR_RESPONSE_TO_PH,GO:0071467,4,27,False,0.0044444444444444444,HALLMARK_IL2_STAT5_SIGNALING,6.502290170873972
GOBP_CELLULAR_RESPONSE_TO_OSMOTIC_STRESS,GO:0071470,4,60,False,0.01968503937007874,HALLMARK_IL2_STAT5_SIGNALING,5.703782474656201
GOBP_CELLULAR_HYPEROSMOTIC_RESPONSE,GO:0071474,5,22,False,0.01652892561983471,HALLMARK_ANDROGEN_RESPONSE,6.707084583519986
GOBP_CELLULAR_RESPONSE_TO_RADIATION,GO:0071478,4,187,False,0.04878048780487805,HALLMARK_P53_PATHWAY,4.567018420023715
GOBP_CELLULAR_RESPONSE_TO_IONIZING_RADIATION,GO:0071479,5,75,False,0.03773584905660377,HALLMARK_E2F_TARGETS,5.480638923341991
GOBP_CELLULAR_RESPONSE_TO_GAMMA_RADIATION,GO:0071480,6,28,False,0.017857142857142856,HALLMARK_E2F_TARGETS,6.465922526703098
GOBP_CELLULAR_RESPONSE_TO_LIGHT_STIMULUS,GO:0071482,5,123,False,0.04597701149425287,HALLMARK_DNA_REPAIR,4.985942681505884
GOBP_CELLULAR_RESPONSE_TO_EXTERNAL_STIMULUS,GO:0071496,3,78,True,0.06451612903225806,HALLMARK_IL6_JAK_STAT3_SIGNALING,5.44141821018871
GOBP_CELLULAR_RESPONSE_TO_FLUID_SHEAR_STRESS,GO:0071498,4,34,False,0.017391304347826087,HALLMARK_TNFA_SIGNALING_VIA_NFKB,6.271766512262141
GOBP_GENOMIC_IMPRINTING,GO:0071514,8,21,False,0.0273972602739726,HALLMARK_TGF_BETA_SIGNALING,6.753604599154879
GOBP_SEMAPHORIN_PLEXIN_SIGNALING_PATHWAY,GO:0071526,4,49,False,0.036585365853658534,HALLMARK_HEDGEHOG_SIGNALING,5.906306738767675
GOBP_DOPAMINERGIC_NEURON_DIFFERENTIATION,GO:0071542,5,44,False,0.04878048780487805,HALLMARK_WNT_BETA_CATENIN_SIGNALING,6.013937402960041
GOBP_RESPONSE_TO_DEXAMETHASONE,GO:0071548,5,44,False,0.025210084033613446,HALLMARK_P53_PATHWAY,6.013937402960041
GOBP_CELLULAR_RESPONSE_TO_DEXAMETHASONE_STIMULUS,GO:0071549,6,29,False,0.017777777777777778,HALLMARK_HYPOXIA,6.430831206891828
GOBP_TRANSFORMING_GROWTH_FACTOR_BETA_PRODUCTION,GO:0071604,3,37,True,0.04597701149425287,HALLMARK_TGF_BETA_SIGNALING,6.187209124234077
GOBP_MONOCYTE_CHEMOTACTIC_PROTEIN_1_PRODUCTION,GO:0071605,4,20,True,0.013824884792626729,HALLMARK_KRAS_SIGNALING_UP,6.802394763324311
GOBP_GRANULOCYTE_CHEMOTAXIS,GO:0071621,4,121,False,0.07,HALLMARK_INFLAMMATORY_RESPONSE,5.002336491281561
GOBP_REGULATION_OF_GRANULOCYTE_CHEMOTAXIS,GO:0071622,6,53,False,0.045454545454545456,HALLMARK_INFLAMMATORY_RESPONSE,5.82783512332618
GOBP_POSITIVE_REGULATION_OF_GRANULOCYTE_CHEMOTAXIS,GO:0071624,7,27,True,0.02252252252252252,HALLMARK_INFLAMMATORY_RESPONSE,6.502290170873972
GOBP_VOCALIZATION_BEHAVIOR,GO:0071625,3,21,False,0.0091324200913242,HALLMARK_APICAL_JUNCTION,6.753604599154879
GOBP_POSITIVE_REGULATION_OF_TRANSFORMING_GROWTH_FACTOR_BETA_PRODUCTION,GO:0071636,6,20,False,0.04225352112676056,HALLMARK_TGF_BETA_SIGNALING,6.802394763324311
GOBP_MONONUCLEAR_CELL_MIGRATION,GO:0071674,3,235,False,0.06356968215158924,HALLMARK_ALLOGRAFT_REJECTION,4.338541522734142
GOBP_REGULATION_OF_MONONUCLEAR_CELL_MIGRATION,GO:0071675,5,150,False,0.05421686746987952,HALLMARK_INFLAMMATORY_RESPONSE,4.787491742782046
GOBP_NEGATIVE_REGULATION_OF_MONONUCLEAR_CELL_MIGRATION,GO:0071676,6,37,False,0.014285714285714285,HALLMARK_PI3K_AKT_MTOR_SIGNALING,6.187209124234077
GOBP_POSITIVE_REGULATION_OF_MONONUCLEAR_CELL_MIGRATION,GO:0071677,6,98,False,0.05673758865248227,HALLMARK_INFLAMMATORY_RESPONSE,5.21315955820773
GOBP_ORGANISM_EMERGENCE_FROM_PROTECTIVE_STRUCTURE,GO:0071684,2,30,True,0.008771929824561403,HALLMARK_E2F_TARGETS,6.396929655216146
GOBP_ANATOMICAL_STRUCTURE_MATURATION,GO:0071695,3,284,False,0.027600849256900213,HALLMARK_ESTROGEN_RESPONSE_LATE,4.149152798717096
GOBP_TUMOR_NECROSIS_FACTOR_SUPERFAMILY_CYTOKINE_PRODUCTION,GO:0071706,3,202,True,0.072,HALLMARK_ALLOGRAFT_REJECTION,4.489859339477097
GOBP_BASEMENT_MEMBRANE_ORGANIZATION,GO:0071711,6,40,False,0.034482758620689655,HALLMARK_EPITHELIAL_MESENCHYMAL_TRANSITION,6.1092475827643655
GOBP_ICOSANOID_TRANSPORT,GO:0071715,6,61,False,0.01953125,HALLMARK_XENOBIOTIC_METABOLISM,5.687253172704991
GOBP_RESPONSE_TO_NITRIC_OXIDE,GO:0071731,4,22,False,0.01639344262295082,HALLMARK_PANCREAS_BETA_CELLS,6.707084583519986
GOBP_NUCLEAR_MEMBRANE_ORGANIZATION,GO:0071763,5,47,False,0.01646090534979424,HALLMARK_G2M_CHECKPOINT,5.947979435168243
GOBP_RESPONSE_TO_BMP,GO:0071772,4,187,True,0.08558558558558559,HALLMARK_TGF_BETA_SIGNALING,4.567018420023715
GOBP_RESPONSE_TO_FIBROBLAST_GROWTH_FACTOR,GO:0071774,4,130,True,0.034482758620689655,HALLMARK_EPITHELIAL_MESENCHYMAL_TRANSITION,4.930592586422719
GOBP_ENDOPLASMIC_RETICULUM_TUBULAR_NETWORK_ORGANIZATION,GO:0071786,6,23,False,0.017241379310344827,HALLMARK_HEDGEHOG_SIGNALING,6.662632820949152
GOBP_PODOSOME_ASSEMBLY,GO:0071800,6,22,False,0.018691588785046728,HALLMARK_IL6_JAK_STAT3_SIGNALING,6.707084583519986
GOBP_PROTEIN_TRANSMEMBRANE_TRANSPORT,GO:0071806,3,77,False,0.05,HALLMARK_BILE_ACID_METABOLISM,5.454321615024618
GOBP_PROTEIN_DNA_COMPLEX_ORGANIZATION,GO:0071824,5,263,True,0.03508771929824561,HALLMARK_DNA_REPAIR,4.2259730047005375
GOBP_PROTEIN_LIPID_COMPLEX_ORGANIZATION,GO:0071825,5,62,True,0.029585798816568046,HALLMARK_BILE_ACID_METABOLISM,5.6709926518332106
GOBP_PROTEIN_RNA_COMPLEX_ORGANIZATION,GO:0071826,5,238,True,0.06053268765133172,HALLMARK_MYC_TARGETS_V1,4.325856363206827
GOBP_RESPONSE_TO_MONOAMINE,GO:0071867,4,63,True,0.019417475728155338,HALLMARK_WNT_BETA_CATENIN_SIGNALING,5.654992310486769
GOBP_ADRENERGIC_RECEPTOR_SIGNALING_PATHWAY,GO:0071875,4,33,False,0.013888888888888888,HALLMARK_PANCREAS_BETA_CELLS,6.3016194754118215
GOBP_ADENYLATE_CYCLASE_ACTIVATING_ADRENERGIC_RECEPTOR_SIGNALING_PATHWAY,GO:0071880,5,20,False,0.01694915254237288,HALLMARK_PANCREAS_BETA_CELLS,6.802394763324311
GOBP_LEUKOCYTE_APOPTOTIC_PROCESS,GO:0071887,5,126,False,0.06535947712418301,HALLMARK_ALLOGRAFT_REJECTION,4.961845129926823
GOBP_DNA_BIOSYNTHETIC_PROCESS,GO:0071897,6,163,False,0.06764705882352941,HALLMARK_MYC_TARGETS_V1,4.704376836071539
GOBP_REGULATION_OF_PROTEIN_SERINE_THREONINE_KINASE_ACTIVITY,GO:0071900,7,133,False,0.030959752321981424,HALLMARK_COMPLEMENT,4.907777908656548
GOBP_NEGATIVE_REGULATION_OF_PROTEIN_SERINE_THREONINE_KINASE_ACTIVITY,GO:0071901,8,38,False,0.020512820512820513,HALLMARK_APOPTOSIS,6.160540877151916
GOBP_POSITIVE_REGULATION_OF_PROTEIN_SERINE_THREONINE_KINASE_ACTIVITY,GO:0071902,8,65,False,0.0311284046692607,HALLMARK_COMPLEMENT,5.6237397669826645
GOBP_MULTIVESICULAR_BODY_SORTING_PATHWAY,GO:0071985,3,50,True,0.02097902097902098,HALLMARK_PROTEIN_SECRETION,5.886104031450156
GOBP_NEPHRON_DEVELOPMENT,GO:0072006,3,161,False,0.041025641025641026,HALLMARK_WNT_BETA_CATENIN_SIGNALING,4.716722671893839
GOBP_NEPHRON_EPITHELIUM_DEVELOPMENT,GO:0072009,6,122,False,0.05128205128205128,HALLMARK_WNT_BETA_CATENIN_SIGNALING,4.9941059921450455
GOBP_GLOMERULAR_EPITHELIUM_DEVELOPMENT,GO:0072010,7,28,True,0.034482758620689655,HALLMARK_NOTCH_SIGNALING,6.465922526703098
GOBP_KIDNEY_EPITHELIUM_DEVELOPMENT,GO:0072073,5,151,False,0.04591836734693878,HALLMARK_TGF_BETA_SIGNALING,4.780847200063377
GOBP_NEPHRON_TUBULE_FORMATION,GO:0072079,6,20,False,0.03333333333333333,HALLMARK_WNT_BETA_CATENIN_SIGNALING,6.802394763324311
GOBP_STEM_CELL_PROLIFERATION,GO:0072089,3,131,False,0.04216867469879518,HALLMARK_WNT_BETA_CATENIN_SIGNALING,4.92292971367715
GOBP_REGULATION_OF_STEM_CELL_PROLIFERATION,GO:0072091,5,95,False,0.04580152671755725,HALLMARK_WNT_BETA_CATENIN_SIGNALING,5.244250145277761
GOBP_CELL_PROLIFERATION_INVOLVED_IN_KIDNEY_DEVELOPMENT,GO:0072111,3,23,False,0.03508771929824561,HALLMARK_HEDGEHOG_SIGNALING,6.662632820949152
GOBP_MESENCHYME_MORPHOGENESIS,GO:0072132,4,62,False,0.08411214953271028,HALLMARK_TGF_BETA_SIGNALING,5.6709926518332106
GOBP_METANEPHRIC_TUBULE_DEVELOPMENT,GO:0072170,4,24,True,0.01818181818181818,HALLMARK_NOTCH_SIGNALING,6.620073206530356
GOBP_MESONEPHRIC_TUBULE_MORPHOGENESIS,GO:0072171,7,68,True,0.047619047619047616,HALLMARK_WNT_BETA_CATENIN_SIGNALING,5.578619331702195
GOBP_CELL_DIFFERENTIATION_INVOLVED_IN_METANEPHROS_DEVELOPMENT,GO:0072202,5,22,False,0.02702702702702703,HALLMARK_TGF_BETA_SIGNALING,6.707084583519986
GOBP_METANEPHRIC_EPITHELIUM_DEVELOPMENT,GO:0072207,6,28,True,0.01694915254237288,HALLMARK_NOTCH_SIGNALING,6.465922526703098
GOBP_METANEPHRIC_NEPHRON_DEVELOPMENT,GO:0072210,4,40,False,0.014084507042253521,HALLMARK_NOTCH_SIGNALING,6.1092475827643655
GOBP_METANEPHRIC_NEPHRON_MORPHOGENESIS,GO:0072273,4,23,False,0.018518518518518517,HALLMARK_NOTCH_SIGNALING,6.662632820949152
GOBP_MONOCARBOXYLIC_ACID_CATABOLIC_PROCESS,GO:0072329,7,125,False,0.1141732283464567,HALLMARK_FATTY_ACID_METABOLISM,4.969813299576001
GOBP_MONOCARBOXYLIC_ACID_BIOSYNTHETIC_PROCESS,GO:0072330,7,235,False,0.07763975155279502,HALLMARK_BILE_ACID_METABOLISM,4.338541522734142
GOBP_SIGNAL_TRANSDUCTION_BY_P53_CLASS_MEDIATOR,GO:0072331,4,194,False,0.06199460916442048,HALLMARK_P53_PATHWAY,4.530268877814973
GOBP_INTRINSIC_APOPTOTIC_SIGNALING_PATHWAY_BY_P53_CLASS_MEDIATOR,GO:0072332,5,88,False,0.051094890510948905,HALLMARK_P53_PATHWAY,5.320790222400095
GOBP_MODIFIED_AMINO_ACID_TRANSPORT,GO:0072337,5,42,False,0.025423728813559324,HALLMARK_ESTROGEN_RESPONSE_EARLY,6.060457418594933
GOBP_RESCUE_OF_STALLED_RIBOSOME,GO:0072344,6,35,False,0.008583690987124463,HALLMARK_MYC_TARGETS_V1,6.242778975388888
GOBP_SULFUR_COMPOUND_TRANSPORT,GO:0072348,4,66,False,0.030303030303030304,HALLMARK_PEROXISOME,5.608472294851876
GOBP_PROTEIN_ACTIVATION_CASCADE,GO:0072376,6,20,False,0.06756756756756757,HALLMARK_COAGULATION,6.802394763324311
GOBP_ORGANELLE_TRANSPORT_ALONG_MICROTUBULE,GO:0072384,4,93,False,0.04659498207885305,HALLMARK_MITOTIC_SPINDLE,5.265527543725046
GOBP_SEMINIFEROUS_TUBULE_DEVELOPMENT,GO:0072520,4,21,False,0.017857142857142856,HALLMARK_HEDGEHOG_SIGNALING,6.753604599154879
GOBP_PURINE_CONTAINING_COMPOUND_BIOSYNTHETIC_PROCESS,GO:0072522,4,259,False,0.1417910447761194,HALLMARK_OXIDATIVE_PHOSPHORYLATION,4.241298975178764
GOBP_PURINE_CONTAINING_COMPOUND_CATABOLIC_PROCESS,GO:0072523,4,160,False,0.07784431137724551,HALLMARK_HYPOXIA,4.722953221644475
GOBP_PYRIDINE_CONTAINING_COMPOUND_METABOLIC_PROCESS,GO:0072524,3,177,True,0.08645533141210375,HALLMARK_GLYCOLYSIS,4.6219773043044725
GOBP_PYRIDINE_CONTAINING_COMPOUND_BIOSYNTHETIC_PROCESS,GO:0072525,4,23,True,0.00904977375565611,HALLMARK_TNFA_SIGNALING_VIA_NFKB,6.662632820949152
GOBP_PYRIDINE_CONTAINING_COMPOUND_CATABOLIC_PROCESS,GO:0072526,4,106,True,0.08896797153024912,HALLMARK_HYPOXIA,5.134687942766234
GOBP_PYRIMIDINE_CONTAINING_COMPOUND_METABOLIC_PROCESS,GO:0072527,3,81,False,0.0547945205479452,HALLMARK_DNA_REPAIR,5.403677882205863
GOBP_PYRIMIDINE_CONTAINING_COMPOUND_BIOSYNTHETIC_PROCESS,GO:0072528,4,44,False,0.04864864864864865,HALLMARK_DNA_REPAIR,6.013937402960041
GOBP_PYRIMIDINE_CONTAINING_COMPOUND_CATABOLIC_PROCESS,GO:0072529,4,34,False,0.029411764705882353,HALLMARK_HEDGEHOG_SIGNALING,6.271766512262141
GOBP_PURINE_CONTAINING_COMPOUND_TRANSMEMBRANE_TRANSPORT,GO:0072530,3,40,False,0.02127659574468085,HALLMARK_PEROXISOME,6.1092475827643655
GOBP_T_HELPER_17_TYPE_IMMUNE_RESPONSE,GO:0072538,5,55,False,0.05185185185185185,HALLMARK_IL6_JAK_STAT3_SIGNALING,5.790793851645831
GOBP_T_HELPER_17_CELL_DIFFERENTIATION,GO:0072539,10,41,False,0.04065040650406504,HALLMARK_IL6_JAK_STAT3_SIGNALING,6.084554970173994
GOBP_CHEMOKINE_C_X_C_MOTIF_LIGAND_2_PRODUCTION,GO:0072567,4,21,True,0.03636363636363636,HALLMARK_ANGIOGENESIS,6.753604599154879
GOBP_LIVER_MORPHOGENESIS,GO:0072576,5,24,True,0.0228310502283105,HALLMARK_TNFA_SIGNALING_VIA_NFKB,6.620073206530356
GOBP_ENDOTHELIAL_CELL_APOPTOTIC_PROCESS,GO:0072577,5,75,True,0.045627376425855515,HALLMARK_ALLOGRAFT_REJECTION,5.480638923341991
GOBP_CLATHRIN_DEPENDENT_ENDOCYTOSIS,GO:0072583,5,50,False,0.03546099290780142,HALLMARK_PROTEIN_SECRETION,5.886104031450156
GOBP_REACTIVE_OXYGEN_SPECIES_METABOLIC_PROCESS,GO:0072593,3,244,False,0.04381443298969072,HALLMARK_APOPTOSIS,4.3009588115851
GOBP_MAINTENANCE_OF_PROTEIN_LOCALIZATION_IN_ORGANELLE,GO:0072595,4,45,False,0.016597510373443983,HALLMARK_HYPOXIA,5.991464547107982
GOBP_ESTABLISHMENT_OF_PROTEIN_LOCALIZATION_TO_ENDOPLASMIC_RETICULUM,GO:0072599,5,49,True,0.047058823529411764,HALLMARK_PANCREAS_BETA_CELLS,5.906306738767675
GOBP_PROTEIN_LOCALIZATION_TO_PLASMA_MEMBRANE,GO:0072659,5,298,False,0.035343035343035345,HALLMARK_APICAL_JUNCTION,4.101033550372898
GOBP_ESTABLISHMENT_OF_PROTEIN_LOCALIZATION_TO_PEROXISOME,GO:0072663,5,20,True,0.08196721311475409,HALLMARK_BILE_ACID_METABOLISM,6.802394763324311
GOBP_PROTEIN_LOCALIZATION_TO_VACUOLE,GO:0072665,5,81,False,0.029069767441860465,HALLMARK_PROTEIN_SECRETION,5.403677882205863
GOBP_ESTABLISHMENT_OF_PROTEIN_LOCALIZATION_TO_VACUOLE,GO:0072666,5,58,False,0.03355704697986577,HALLMARK_PROTEIN_SECRETION,5.737684026331882
GOBP_LYMPHOCYTE_MIGRATION,GO:0072676,4,114,False,0.04318936877076412,HALLMARK_ALLOGRAFT_REJECTION,5.061928588483807
GOBP_EOSINOPHIL_MIGRATION,GO:0072677,5,25,False,0.03686635944700461,HALLMARK_ALLOGRAFT_REJECTION,6.579251212010101
GOBP_T_CELL_MIGRATION,GO:0072678,5,79,False,0.03333333333333333,HALLMARK_INFLAMMATORY_RESPONSE,5.42867918441128
GOBP_REGULATION_OF_NITRIC_OXIDE_METABOLIC_PROCESS,GO:0080164,5,69,True,0.04669260700389105,HALLMARK_ALLOGRAFT_REJECTION,5.5640205322810425
GOBP_LYTIC_VACUOLE_ORGANIZATION,GO:0080171,6,113,True,0.034653465346534656,HALLMARK_PROTEIN_SECRETION,5.070739218165961
GOBP_EXTRACELLULAR_MATRIX_ASSEMBLY,GO:0085029,5,50,False,0.041666666666666664,HALLMARK_EPITHELIAL_MESENCHYMAL_TRANSITION,5.886104031450156
GOBP_CARDIAC_MUSCLE_CELL_ACTION_POTENTIAL,GO:0086001,5,88,False,0.02491103202846975,HALLMARK_MYOGENESIS,5.320790222400095
GOBP_CARDIAC_MUSCLE_CELL_ACTION_POTENTIAL_INVOLVED_IN_CONTRACTION,GO:0086002,6,63,False,0.023346303501945526,HALLMARK_MYOGENESIS,5.654992310486769
GOBP_CARDIAC_MUSCLE_CELL_CONTRACTION,GO:0086003,5,91,False,0.039285714285714285,HALLMARK_MYOGENESIS,5.287267530361452
GOBP_VENTRICULAR_CARDIAC_MUSCLE_CELL_ACTION_POTENTIAL,GO:0086005,7,38,False,0.02586206896551724,HALLMARK_MYOGENESIS,6.160540877151916
GOBP_MEMBRANE_REPOLARIZATION,GO:0086009,4,58,False,0.019762845849802372,HALLMARK_MYOGENESIS,5.737684026331882
GOBP_MEMBRANE_DEPOLARIZATION_DURING_ACTION_POTENTIAL,GO:0086010,5,31,False,0.013157894736842105,HALLMARK_MYOGENESIS,6.364139832393156
GOBP_MEMBRANE_REPOLARIZATION_DURING_ACTION_POTENTIAL,GO:0086011,5,34,True,0.014492753623188406,HALLMARK_ANGIOGENESIS,6.271766512262141
GOBP_MEMBRANE_DEPOLARIZATION_DURING_CARDIAC_MUSCLE_CELL_ACTION_POTENTIAL,GO:0086012,6,23,False,0.00904977375565611,HALLMARK_MYOGENESIS,6.662632820949152
GOBP_CELL_CELL_SIGNALING_INVOLVED_IN_CARDIAC_CONDUCTION,GO:0086019,4,33,False,0.008658008658008658,HALLMARK_MYOGENESIS,6.3016194754118215
GOBP_CELL_COMMUNICATION_BY_ELECTRICAL_COUPLING_INVOLVED_IN_CARDIAC_CONDUCTION,GO:0086064,4,26,False,0.017964071856287425,HALLMARK_UV_RESPONSE_DN,6.54003049885682
GOBP_CELL_COMMUNICATION_INVOLVED_IN_CARDIAC_CONDUCTION,GO:0086065,3,60,False,0.014925373134328358,HALLMARK_UV_RESPONSE_DN,5.703782474656201
GOBP_REGULATION_OF_HEART_RATE_BY_CARDIAC_CONDUCTION,GO:0086091,4,43,False,0.0125,HALLMARK_MYOGENESIS,6.036926921184739
GOBP_AMINO_ACID_IMPORT_ACROSS_PLASMA_MEMBRANE,GO:0089718,4,52,False,0.020242914979757085,HALLMARK_MTORC1_SIGNALING,5.846883318296874
GOBP_REGULATION_OF_NEUTROPHIL_CHEMOTAXIS,GO:0090022,6,33,False,0.02643171806167401,HALLMARK_INFLAMMATORY_RESPONSE,6.3016194754118215
GOBP_REGULATION_OF_MONOCYTE_CHEMOTAXIS,GO:0090025,6,32,False,0.02702702702702703,HALLMARK_APICAL_SURFACE,6.332391134078575
GOBP_POSITIVE_REGULATION_OF_MONOCYTE_CHEMOTAXIS,GO:0090026,7,23,False,0.018518518518518517,HALLMARK_IL6_JAK_STAT3_SIGNALING,6.662632820949152
GOBP_REGULATION_OF_CELL_MIGRATION_INVOLVED_IN_SPROUTING_ANGIOGENESIS,GO:0090049,8,82,False,0.021739130434782608,HALLMARK_EPITHELIAL_MESENCHYMAL_TRANSITION,5.391407789614049
GOBP_POSITIVE_REGULATION_OF_CELL_MIGRATION_INVOLVED_IN_SPROUTING_ANGIOGENESIS,GO:0090050,9,37,False,0.028169014084507043,HALLMARK_HEDGEHOG_SIGNALING,6.187209124234077
GOBP_NEGATIVE_REGULATION_OF_CELL_MIGRATION_INVOLVED_IN_SPROUTING_ANGIOGENESIS,GO:0090051,9,45,False,0.023529411764705882,HALLMARK_WNT_BETA_CATENIN_SIGNALING,5.991464547107982
GOBP_POSITIVE_REGULATION_OF_CELL_CYCLE_PROCESS,GO:0090068,6,275,False,0.09195402298850575,HALLMARK_G2M_CHECKPOINT,4.1813559392117305
GOBP_RELAXATION_OF_MUSCLE,GO:0090075,4,34,False,0.027777777777777776,HALLMARK_PANCREAS_BETA_CELLS,6.271766512262141
GOBP_FOAM_CELL_DIFFERENTIATION,GO:0090077,4,41,True,0.07563025210084033,HALLMARK_IL6_JAK_STAT3_SIGNALING,6.084554970173994
GOBP_REGULATION_OF_INCLUSION_BODY_ASSEMBLY,GO:0090083,5,22,False,0.01694915254237288,HALLMARK_UV_RESPONSE_UP,6.707084583519986
GOBP_REGULATION_OF_PEPTIDE_TRANSPORT,GO:0090087,5,217,True,0.05327868852459016,HALLMARK_PANCREAS_BETA_CELLS,4.4182296833378425
GOBP_NEGATIVE_REGULATION_OF_CANONICAL_WNT_SIGNALING_PATHWAY,GO:0090090,7,149,False,0.04945054945054945,HALLMARK_WNT_BETA_CATENIN_SIGNALING,4.794180730932842
GOBP_POSITIVE_REGULATION_OF_TRANSMEMBRANE_RECEPTOR_PROTEIN_SERINE_THREONINE_KINASE_SIGNALING_PATHWAY,GO:0090100,6,111,False,0.07142857142857142,HALLMARK_TGF_BETA_SIGNALING,5.088596835565967
GOBP_NEGATIVE_REGULATION_OF_TRANSMEMBRANE_RECEPTOR_PROTEIN_SERINE_THREONINE_KINASE_SIGNALING_PATHWAY,GO:0090101,6,208,False,0.07377049180327869,HALLMARK_TGF_BETA_SIGNALING,4.4605889571769834
GOBP_COCHLEA_DEVELOPMENT,GO:0090102,3,57,False,0.022988505747126436,HALLMARK_NOTCH_SIGNALING,5.755075769043752
GOBP_COCHLEA_MORPHOGENESIS,GO:0090103,4,28,False,0.01694915254237288,HALLMARK_NOTCH_SIGNALING,6.465922526703098
GOBP_COPII_COATED_VESICLE_BUDDING,GO:0090114,6,43,False,0.02962962962962963,HALLMARK_PROTEIN_SECRETION,6.036926921184739
GOBP_REGULATION_OF_SYNAPSE_MATURATION,GO:0090128,4,28,False,0.007575757575757576,HALLMARK_PI3K_AKT_MTOR_SIGNALING,6.465922526703098
GOBP_TISSUE_MIGRATION,GO:0090130,2,110,True,0.04377104377104377,HALLMARK_APICAL_JUNCTION,5.097646671085886
GOBP_REGULATION_OF_MITOCHONDRIAL_FISSION,GO:0090140,5,31,False,0.016,HALLMARK_PROTEIN_SECRETION,6.364139832393156
GOBP_POSITIVE_REGULATION_OF_MITOCHONDRIAL_FISSION,GO:0090141,5,22,False,0.017241379310344827,HALLMARK_PROTEIN_SECRETION,6.707084583519986
GOBP_MEMBRANE_FISSION,GO:0090148,5,45,False,0.029197080291970802,HALLMARK_PROTEIN_SECRETION,5.991464547107982
GOBP_ESTABLISHMENT_OF_PROTEIN_LOCALIZATION_TO_MEMBRANE,GO:0090150,4,279,False,0.023504273504273504,HALLMARK_OXIDATIVE_PHOSPHORYLATION,4.166915255056936
GOBP_ESTABLISHMENT_OF_PROTEIN_LOCALIZATION_TO_MITOCHONDRIAL_MEMBRANE,GO:0090151,4,33,False,0.04017857142857143,HALLMARK_OXIDATIVE_PHOSPHORYLATION,6.3016194754118215
GOBP_ESTABLISHMENT_OF_EPITHELIAL_CELL_POLARITY,GO:0090162,4,33,False,0.031746031746031744,HALLMARK_NOTCH_SIGNALING,6.3016194754118215
GOBP_REGULATION_OF_SPINDLE_ASSEMBLY,GO:0090169,6,35,False,0.021834061135371178,HALLMARK_MITOTIC_SPINDLE,6.242778975388888
GOBP_ORGANELLE_MEMBRANE_FUSION,GO:0090174,6,138,True,0.058823529411764705,HALLMARK_PROTEIN_SECRETION,4.870873351721097
GOBP_REGULATION_OF_CHOLESTEROL_METABOLIC_PROCESS,GO:0090181,6,56,False,0.043478260869565216,HALLMARK_BILE_ACID_METABOLISM,5.772775346143153
GOBP_REGULATION_OF_KIDNEY_DEVELOPMENT,GO:0090183,4,37,False,0.02247191011235955,HALLMARK_TGF_BETA_SIGNALING,6.187209124234077
GOBP_REGULATION_OF_BRANCHING_INVOLVED_IN_URETERIC_BUD_MORPHOGENESIS,GO:0090189,5,21,True,0.0273972602739726,HALLMARK_TGF_BETA_SIGNALING,6.753604599154879
GOBP_REGULATION_OF_RELEASE_OF_CYTOCHROME_C_FROM_MITOCHONDRIA,GO:0090199,7,41,False,0.06315789473684211,HALLMARK_APOPTOSIS,6.084554970173994
GOBP_POSITIVE_REGULATION_OF_RELEASE_OF_CYTOCHROME_C_FROM_MITOCHONDRIA,GO:0090200,7,21,False,0.04,HALLMARK_APOPTOSIS,6.753604599154879
GOBP_NEGATIVE_REGULATION_OF_RELEASE_OF_CYTOCHROME_C_FROM_MITOCHONDRIA,GO:0090201,7,20,False,0.028409090909090908,HALLMARK_APOPTOSIS,6.802394763324311
GOBP_POSITIVE_REGULATION_OF_CHOLESTEROL_METABOLIC_PROCESS,GO:0090205,7,24,False,0.031578947368421054,HALLMARK_CHOLESTEROL_HOMEOSTASIS,6.620073206530356
GOBP_REGULATION_OF_TRIGLYCERIDE_METABOLIC_PROCESS,GO:0090207,7,47,False,0.022099447513812154,HALLMARK_COAGULATION,5.947979435168243
GOBP_POSITIVE_REGULATION_OF_TRIGLYCERIDE_METABOLIC_PROCESS,GO:0090208,7,23,False,0.017241379310344827,HALLMARK_ANGIOGENESIS,6.662632820949152
GOBP_REGULATION_OF_SPINDLE_ORGANIZATION,GO:0090224,6,49,True,0.028925619834710745,HALLMARK_G2M_CHECKPOINT,5.906306738767675
GOBP_REGULATION_OF_SPINDLE_CHECKPOINT,GO:0090231,7,24,True,0.03225806451612903,HALLMARK_G2M_CHECKPOINT,6.620073206530356
GOBP_REGULATION_OF_MUSCLE_SYSTEM_PROCESS,GO:0090257,5,262,False,0.07441860465116279,HALLMARK_MYOGENESIS,4.229782533117205
GOBP_POSITIVE_REGULATION_OF_CANONICAL_WNT_SIGNALING_PATHWAY,GO:0090263,7,116,False,0.030303030303030304,HALLMARK_TGF_BETA_SIGNALING,5.044536845771937
GOBP_REGULATION_OF_CALCIUM_ION_IMPORT,GO:0090279,8,50,False,0.022727272727272728,HALLMARK_PANCREAS_BETA_CELLS,5.886104031450156
GOBP_POSITIVE_REGULATION_OF_CALCIUM_ION_IMPORT,GO:0090280,7,27,False,0.03076923076923077,HALLMARK_PANCREAS_BETA_CELLS,6.502290170873972
GOBP_NEGATIVE_REGULATION_OF_CELLULAR_RESPONSE_TO_GROWTH_FACTOR_STIMULUS,GO:0090288,5,142,False,0.06521739130434782,HALLMARK_TGF_BETA_SIGNALING,4.8422999792770405
GOBP_MITOTIC_SPINDLE_ASSEMBLY,GO:0090307,5,78,False,0.07335907335907337,HALLMARK_G2M_CHECKPOINT,5.44141821018871
GOBP_REGULATION_OF_PROTEIN_TARGETING_TO_MEMBRANE,GO:0090313,5,33,False,0.014814814814814815,HALLMARK_PEROXISOME,6.3016194754118215
GOBP_POSITIVE_REGULATION_OF_PROTEIN_TARGETING_TO_MEMBRANE,GO:0090314,5,27,False,0.016129032258064516,HALLMARK_HEDGEHOG_SIGNALING,6.502290170873972
GOBP_POSITIVE_REGULATION_OF_INTRACELLULAR_PROTEIN_TRANSPORT,GO:0090316,6,93,False,0.028169014084507043,HALLMARK_MITOTIC_SPINDLE,5.265527543725046
GOBP_NEGATIVE_REGULATION_OF_INTRACELLULAR_PROTEIN_TRANSPORT,GO:0090317,6,37,False,0.014705882352941176,HALLMARK_ANDROGEN_RESPONSE,6.187209124234077
GOBP_REGULATION_OF_SUPEROXIDE_METABOLIC_PROCESS,GO:0090322,6,32,False,0.017543859649122806,HALLMARK_COMPLEMENT,6.332391134078575
GOBP_REGULATION_OF_DNA_TEMPLATED_DNA_REPLICATION,GO:0090329,8,42,False,0.04310344827586207,HALLMARK_E2F_TARGETS,6.060457418594933
GOBP_REGULATION_OF_PLATELET_AGGREGATION,GO:0090330,6,31,False,0.02608695652173913,HALLMARK_IL6_JAK_STAT3_SIGNALING,6.364139832393156
GOBP_REGULATION_OF_BROWN_FAT_CELL_DIFFERENTIATION,GO:0090335,6,25,False,0.015625,HALLMARK_PANCREAS_BETA_CELLS,6.579251212010101
GOBP_NEGATIVE_REGULATION_OF_CHOLESTEROL_EFFLUX,GO:0090370,8,26,False,0.02040816326530612,HALLMARK_CHOLESTEROL_HOMEOSTASIS,6.54003049885682
GOBP_PHAGOSOME_MATURATION,GO:0090382,5,31,False,0.013513513513513514,HALLMARK_APICAL_SURFACE,6.364139832393156
GOBP_CELLULAR_SENESCENCE,GO:0090398,2,111,False,0.05365853658536585,HALLMARK_PI3K_AKT_MTOR_SIGNALING,5.088596835565967
GOBP_MESENCHYMAL_CELL_MIGRATION,GO:0090497,5,62,True,0.031578947368421054,HALLMARK_HEDGEHOG_SIGNALING,5.6709926518332106
GOBP_EPIBOLY,GO:0090504,6,43,True,0.038461538461538464,HALLMARK_EPITHELIAL_MESENCHYMAL_TRANSITION,6.036926921184739
GOBP_SPHINGOLIPID_MEDIATED_SIGNALING_PATHWAY,GO:0090520,3,20,False,0.016260162601626018,HALLMARK_PI3K_AKT_MTOR_SIGNALING,6.802394763324311
GOBP_REGULATION_OF_MEMBRANE_PERMEABILITY,GO:0090559,3,75,False,0.039647577092511016,HALLMARK_APOPTOSIS,5.480638923341991
GOBP_INFLAMMATORY_RESPONSE_TO_WOUNDING,GO:0090594,4,30,False,0.044642857142857144,HALLMARK_IL6_JAK_STAT3_SIGNALING,6.396929655216146
GOBP_SENSORY_ORGAN_MORPHOGENESIS,GO:0090596,4,297,False,0.033264033264033266,HALLMARK_EPITHELIAL_MESENCHYMAL_TRANSITION,4.104394898075602
GOBP_ACTIVATION_OF_GTPASE_ACTIVITY,GO:0090630,7,24,False,0.022935779816513763,HALLMARK_MITOTIC_SPINDLE,6.620073206530356
GOBP_WALKING_BEHAVIOR,GO:0090659,4,40,True,0.010752688172043012,HALLMARK_TGF_BETA_SIGNALING,6.1092475827643655
GOBP_IMMUNOLOGICAL_MEMORY_PROCESS,GO:0090713,2,21,False,0.015625,HALLMARK_APICAL_SURFACE,6.753604599154879
GOBP_REGULATION_OF_PLASMA_LIPOPROTEIN_PARTICLE_LEVELS,GO:0097006,3,103,False,0.030612244897959183,HALLMARK_ADIPOGENESIS,5.163398048648666
GOBP_ENERGY_HOMEOSTASIS,GO:0097009,3,87,False,0.017543859649122806,HALLMARK_IL6_JAK_STAT3_SIGNALING,5.332218918223718
GOBP_DENDRITIC_CELL_DIFFERENTIATION,GO:0097028,6,52,False,0.037037037037037035,HALLMARK_ALLOGRAFT_REJECTION,5.846883318296874
GOBP_REGULATION_OF_MEMBRANE_LIPID_DISTRIBUTION,GO:0097035,3,66,True,0.022988505747126436,HALLMARK_BILE_ACID_METABOLISM,5.608472294851876
GOBP_MOTOR_NEURON_APOPTOTIC_PROCESS,GO:0097049,6,21,False,0.02247191011235955,HALLMARK_APOPTOSIS,6.753604599154879
GOBP_DENDRITIC_SPINE_MAINTENANCE,GO:0097062,5,24,False,0.01694915254237288,HALLMARK_ANGIOGENESIS,6.620073206530356
GOBP_RESPONSE_TO_THYROID_HORMONE,GO:0097066,4,22,False,0.028985507246376812,HALLMARK_REACTIVE_OXYGEN_SPECIES_PATHWAY,6.707084583519986
GOBP_POSTSYNAPTIC_DENSITY_ORGANIZATION,GO:0097106,6,47,False,0.01652892561983471,HALLMARK_MITOTIC_SPINDLE,5.947979435168243
GOBP_POSTSYNAPTIC_DENSITY_ASSEMBLY,GO:0097107,7,29,False,0.015625,HALLMARK_ANGIOGENESIS,6.430831206891828
GOBP_RECEPTOR_LOCALIZATION_TO_SYNAPSE,GO:0097120,2,81,False,0.01818181818181818,HALLMARK_MITOTIC_SPINDLE,5.403677882205863
GOBP_NEURONAL_STEM_CELL_POPULATION_MAINTENANCE,GO:0097150,3,24,False,0.07692307692307693,HALLMARK_NOTCH_SIGNALING,6.620073206530356
GOBP_GABAERGIC_NEURON_DIFFERENTIATION,GO:0097154,5,21,False,0.008,HALLMARK_PI3K_AKT_MTOR_SIGNALING,6.753604599154879
GOBP_AMMONIUM_ION_METABOLIC_PROCESS,GO:0097164,3,25,False,0.008968609865470852,HALLMARK_XENOBIOTIC_METABOLISM,6.579251212010101
GOBP_RUFFLE_ASSEMBLY,GO:0097178,7,44,False,0.02092050209205021,HALLMARK_APICAL_JUNCTION,6.013937402960041
GOBP_AMELOGENESIS,GO:0097186,3,27,False,0.017857142857142856,HALLMARK_IL6_JAK_STAT3_SIGNALING,6.502290170873972
GOBP_EXTRINSIC_APOPTOTIC_SIGNALING_PATHWAY,GO:0097191,4,239,False,0.10192837465564739,HALLMARK_APOPTOSIS,4.321663484946791
GOBP_EXECUTION_PHASE_OF_APOPTOSIS,GO:0097194,2,80,False,0.05701754385964912,HALLMARK_APOPTOSIS,5.41610040220442
GOBP_RENAL_FILTRATION,GO:0097205,4,34,True,0.012987012987012988,HALLMARK_APICAL_SURFACE,6.271766512262141
GOBP_CELLULAR_RESPONSE_TO_TOXIC_SUBSTANCE,GO:0097237,4,138,True,0.1130952380952381,HALLMARK_REACTIVE_OXYGEN_SPECIES_PATHWAY,4.870873351721097
GOBP_AMYLOID_BETA_CLEARANCE,GO:0097242,2,42,False,0.04504504504504504,HALLMARK_CHOLESTEROL_HOMEOSTASIS,6.060457418594933
GOBP_RENAL_TUBULAR_SECRETION,GO:0097254,4,20,False,0.03225806451612903,HALLMARK_APICAL_SURFACE,6.802394763324311
GOBP_HEPATOCYTE_APOPTOTIC_PROCESS,GO:0097284,6,20,False,0.03428571428571429,HALLMARK_APOPTOSIS,6.802394763324311
GOBP_PROGRAMMED_NECROTIC_CELL_DEATH,GO:0097300,4,61,False,0.052132701421800945,HALLMARK_APOPTOSIS,5.687253172704991
GOBP_RESPONSE_TO_ALCOHOL,GO:0097305,4,272,False,0.03508771929824561,HALLMARK_TNFA_SIGNALING_VIA_NFKB,4.1923249705823045
GOBP_CELLULAR_RESPONSE_TO_ALCOHOL,GO:0097306,5,112,False,0.036544850498338874,HALLMARK_TNFA_SIGNALING_VIA_NFKB,5.079628165583207
GOBP_MITOCHONDRIAL_OUTER_MEMBRANE_PERMEABILIZATION,GO:0097345,7,34,False,0.031746031746031744,HALLMARK_APOPTOSIS,6.271766512262141
GOBP_AUTOPHAGOSOME_MATURATION,GO:0097352,6,70,False,0.024691358024691357,HALLMARK_PROTEIN_SECRETION,5.549631794828943
GOBP_LIVER_REGENERATION,GO:0097421,5,27,False,0.03278688524590164,HALLMARK_HEDGEHOG_SIGNALING,6.502290170873972
GOBP_PROGRAMMED_CELL_DEATH_IN_RESPONSE_TO_REACTIVE_OXYGEN_SPECIES,GO:0097468,4,22,True,0.014285714285714285,HALLMARK_REACTIVE_OXYGEN_SPECIES_PATHWAY,6.707084583519986
GOBP_SYNAPTIC_VESICLE_LOCALIZATION,GO:0097479,4,62,False,0.025974025974025976,HALLMARK_PROTEIN_SECRETION,5.6709926518332106
GOBP_DENDRITE_EXTENSION,GO:0097484,5,36,False,0.011235955056179775,HALLMARK_TGF_BETA_SIGNALING,6.214608098422191
GOBP_NEURON_PROJECTION_GUIDANCE,GO:0097485,7,244,True,0.040892193308550186,HALLMARK_HEDGEHOG_SIGNALING,4.3009588115851
GOBP_MYELOID_LEUKOCYTE_MIGRATION,GO:0097529,3,237,False,0.06845965770171149,HALLMARK_INFLAMMATORY_RESPONSE,4.330066895743171
GOBP_GRANULOCYTE_MIGRATION,GO:0097530,4,148,False,0.07076923076923076,HALLMARK_INFLAMMATORY_RESPONSE,4.800914763114187
GOBP_CALCIUM_ION_TRANSMEMBRANE_IMPORT_INTO_CYTOSOL,GO:0097553,6,193,False,0.042440318302387266,HALLMARK_ALLOGRAFT_REJECTION,4.535436847973417
GOBP_LAMELLIPODIUM_ORGANIZATION,GO:0097581,6,91,False,0.050724637681159424,HALLMARK_MITOTIC_SPINDLE,5.287267530361452
GOBP_POTASSIUM_ION_EXPORT_ACROSS_PLASMA_MEMBRANE,GO:0097623,4,24,False,0.013574660633484163,HALLMARK_APICAL_JUNCTION,6.620073206530356
GOBP_CELL_SURFACE_RECEPTOR_SIGNALING_PATHWAY_VIA_STAT,GO:0097696,4,163,False,0.08695652173913043,HALLMARK_IL6_JAK_STAT3_SIGNALING,4.704376836071539
GOBP_CONNECTIVE_TISSUE_REPLACEMENT,GO:0097709,3,26,False,0.02185792349726776,HALLMARK_APOPTOSIS,6.54003049885682
GOBP_CALCINEURIN_MEDIATED_SIGNALING,GO:0097720,6,54,True,0.020080321285140562,HALLMARK_MYOGENESIS,5.809142990314028
GOBP_CENTRIOLE_ASSEMBLY,GO:0098534,4,52,True,0.028688524590163935,HALLMARK_MITOTIC_SPINDLE,5.846883318296874
GOBP_DETECTION_OF_EXTERNAL_BIOTIC_STIMULUS,GO:0098581,4,26,False,0.02262443438914027,HALLMARK_ALLOGRAFT_REJECTION,6.54003049885682
GOBP_CELLULAR_RESPONSE_TO_VIRUS,GO:0098586,4,89,False,0.05090909090909091,HALLMARK_ALLOGRAFT_REJECTION,5.309490667146162
GOBP_INORGANIC_ANION_TRANSMEMBRANE_TRANSPORT,GO:0098661,4,135,False,0.015151515151515152,HALLMARK_ESTROGEN_RESPONSE_EARLY,4.892852258439873
GOBP_POSTSYNAPTIC_SPECIALIZATION_ASSEMBLY,GO:0098698,6,36,False,0.014084507042253521,HALLMARK_ANGIOGENESIS,6.214608098422191
GOBP_CALCIUM_ION_IMPORT_ACROSS_PLASMA_MEMBRANE,GO:0098703,6,44,True,0.016216216216216217,HALLMARK_UV_RESPONSE_DN,6.013937402960041
GOBP_SODIUM_ION_IMPORT_ACROSS_PLASMA_MEMBRANE,GO:0098719,6,32,False,0.013333333333333334,HALLMARK_APICAL_SURFACE,6.332391134078575
GOBP_MAINTENANCE_OF_CELL_NUMBER,GO:0098727,2,200,True,0.03418803418803419,HALLMARK_WNT_BETA_CATENIN_SIGNALING,4.499809670330265
GOBP_MACROMOLECULE_DEACYLATION,GO:0098732,5,41,False,0.012605042016806723,HALLMARK_ALLOGRAFT_REJECTION,6.084554970173994
GOBP_IMPORT_ACROSS_PLASMA_MEMBRANE,GO:0098739,3,219,False,0.02195121951219512,HALLMARK_ESTROGEN_RESPONSE_EARLY,4.409055307061801
GOBP_CELL_CELL_ADHESION_VIA_PLASMA_MEMBRANE_ADHESION_MOLECULES,GO:0098742,4,282,False,0.09545454545454546,HALLMARK_APICAL_JUNCTION,4.156219965940188
GOBP_CELL_AGGREGATION,GO:0098743,2,25,False,0.01809954751131222,HALLMARK_EPITHELIAL_MESENCHYMAL_TRANSITION,6.579251212010101
GOBP_DETOXIFICATION,GO:0098754,1,170,False,0.095,HALLMARK_REACTIVE_OXYGEN_SPECIES_PATHWAY,4.66232859982804
GOBP_RESPONSE_TO_INTERLEUKIN_7,GO:0098760,5,22,True,0.02830188679245283,HALLMARK_IL6_JAK_STAT3_SIGNALING,6.707084583519986
GOBP_SKIN_EPIDERMIS_DEVELOPMENT,GO:0098773,5,137,False,0.040697674418604654,HALLMARK_WNT_BETA_CATENIN_SIGNALING,4.878146111050177
GOBP_REGULATION_OF_RENAL_SYSTEM_PROCESS,GO:0098801,5,24,False,0.01694915254237288,HALLMARK_ANGIOGENESIS,6.620073206530356
GOBP_NEUROTRANSMITTER_REUPTAKE,GO:0098810,4,35,False,0.017316017316017316,HALLMARK_KRAS_SIGNALING_DN,6.242778975388888
GOBP_MODULATION_OF_EXCITATORY_POSTSYNAPTIC_POTENTIAL,GO:0098815,4,51,False,0.016194331983805668,HALLMARK_APICAL_JUNCTION,5.866301404153976
GOBP_INTESTINAL_LIPID_ABSORPTION,GO:0098856,5,24,False,0.03816793893129771,HALLMARK_BILE_ACID_METABOLISM,6.620073206530356
GOBP_BONE_GROWTH,GO:0098868,3,34,True,0.014492753623188406,HALLMARK_ANGIOGENESIS,6.271766512262141
GOBP_CELLULAR_OXIDANT_DETOXIFICATION,GO:0098869,3,98,False,0.1484375,HALLMARK_REACTIVE_OXYGEN_SPECIES_PATHWAY,5.21315955820773
GOBP_VESICLE_MEDIATED_TRANSPORT_TO_THE_PLASMA_MEMBRANE,GO:0098876,3,158,False,0.032520325203252036,HALLMARK_PROTEIN_SECRETION,4.735532003851334
GOBP_REGULATION_OF_ACTION_POTENTIAL,GO:0098900,3,65,False,0.023166023166023165,HALLMARK_MYOGENESIS,5.6237397669826645
GOBP_REGULATION_OF_CARDIAC_MUSCLE_CELL_ACTION_POTENTIAL,GO:0098901,4,31,False,0.013157894736842105,HALLMARK_MYOGENESIS,6.364139832393156
GOBP_POSTSYNAPTIC_SIGNAL_TRANSDUCTION,GO:0098926,3,54,False,0.024193548387096774,HALLMARK_MYOGENESIS,5.809142990314028
GOBP_VESICLE_MEDIATED_TRANSPORT_BETWEEN_ENDOSOMAL_COMPARTMENTS,GO:0098927,4,48,True,0.014084507042253521,HALLMARK_PROTEIN_SECRETION,5.926926025970411
GOBP_AXONAL_TRANSPORT,GO:0098930,6,69,False,0.03474903474903475,HALLMARK_MITOTIC_SPINDLE,5.5640205322810425
GOBP_POSTSYNAPTIC_ACTIN_CYTOSKELETON_ORGANIZATION,GO:0098974,4,20,False,0.018604651162790697,HALLMARK_MITOTIC_SPINDLE,6.802394763324311
GOBP_VESICLE_MEDIATED_TRANSPORT_IN_SYNAPSE,GO:0099003,3,260,True,0.04093567251461988,HALLMARK_PROTEIN_SECRETION,4.237445405862774
GOBP_MODIFICATION_OF_POSTSYNAPTIC_STRUCTURE,GO:0099010,7,35,False,0.017391304347826087,HALLMARK_MITOTIC_SPINDLE,6.242778975388888
GOBP_VESICLE_TETHERING,GO:0099022,4,32,False,0.006944444444444444,HALLMARK_UNFOLDED_PROTEIN_RESPONSE,6.332391134078575
GOBP_PRESYNAPSE_ASSEMBLY,GO:0099054,5,46,False,0.02631578947368421,HALLMARK_NOTCH_SIGNALING,5.969485640389206
GOBP_POSTSYNAPSE_ASSEMBLY,GO:0099068,5,86,False,0.017793594306049824,HALLMARK_APICAL_JUNCTION,5.343779740624794
GOBP_REGULATION_OF_POSTSYNAPTIC_MEMBRANE_NEUROTRANSMITTER_RECEPTOR_LEVELS,GO:0099072,3,121,False,0.02358490566037736,HALLMARK_PROTEIN_SECRETION,5.002336491281561
GOBP_POSTSYNAPTIC_SPECIALIZATION_ORGANIZATION,GO:0099084,5,56,False,0.02040816326530612,HALLMARK_UV_RESPONSE_DN,5.772775346143153
GOBP_MICROTUBULE_BASED_TRANSPORT,GO:0099111,4,233,False,0.04854368932038835,HALLMARK_MITOTIC_SPINDLE,4.347088583312601
GOBP_REGULATION_OF_POSTSYNAPTIC_NEUROTRANSMITTER_RECEPTOR_INTERNALIZATION,GO:0099149,3,26,False,0.01639344262295082,HALLMARK_HEDGEHOG_SIGNALING,6.54003049885682
GOBP_REGULATION_OF_POSTSYNAPTIC_SPECIALIZATION_ASSEMBLY,GO:0099150,6,20,False,0.01818181818181818,HALLMARK_ANGIOGENESIS,6.802394763324311
GOBP_POSTSYNAPTIC_MODULATION_OF_CHEMICAL_SYNAPTIC_TRANSMISSION,GO:0099170,6,32,False,0.018292682926829267,HALLMARK_SPERMATOGENESIS,6.332391134078575
GOBP_PRESYNAPTIC_MODULATION_OF_CHEMICAL_SYNAPTIC_TRANSMISSION,GO:0099171,6,38,False,0.014184397163120567,HALLMARK_PI3K_AKT_MTOR_SIGNALING,6.160540877151916
GOBP_PRESYNAPSE_ORGANIZATION,GO:0099172,4,57,False,0.022988505747126436,HALLMARK_NOTCH_SIGNALING,5.755075769043752
GOBP_POSTSYNAPSE_ORGANIZATION,GO:0099173,4,243,False,0.04739336492890995,HALLMARK_MITOTIC_SPINDLE,4.305065593537753
GOBP_REGULATION_OF_PRESYNAPSE_ORGANIZATION,GO:0099174,6,33,True,0.0273972602739726,HALLMARK_WNT_BETA_CATENIN_SIGNALING,6.3016194754118215
GOBP_REGULATION_OF_POSTSYNAPSE_ORGANIZATION,GO:0099175,6,144,False,0.02857142857142857,HALLMARK_HEDGEHOG_SIGNALING,4.8283137373023015
GOBP_POSTSYNAPTIC_CYTOSKELETON_ORGANIZATION,GO:0099188,6,25,False,0.0228310502283105,HALLMARK_MITOTIC_SPINDLE,6.579251212010101
GOBP_VESICLE_FUSION_TO_PLASMA_MEMBRANE,GO:0099500,3,32,True,0.02857142857142857,HALLMARK_PANCREAS_BETA_CELLS,6.332391134078575
GOBP_REGULATION_OF_PRESYNAPTIC_MEMBRANE_POTENTIAL,GO:0099505,4,31,False,0.015151515151515152,HALLMARK_ANGIOGENESIS,6.364139832393156
GOBP_VESICLE_CYTOSKELETAL_TRAFFICKING,GO:0099518,5,61,False,0.02766798418972332,HALLMARK_MITOTIC_SPINDLE,5.687253172704991
GOBP_MAINTENANCE_OF_SYNAPSE_STRUCTURE,GO:0099558,6,31,False,0.015151515151515152,HALLMARK_HEDGEHOG_SIGNALING,6.364139832393156
GOBP_SYNAPTIC_MEMBRANE_ADHESION,GO:0099560,5,32,False,0.0410958904109589,HALLMARK_APICAL_SURFACE,6.332391134078575
GOBP_MODIFICATION_OF_SYNAPTIC_STRUCTURE,GO:0099563,6,42,False,0.02553191489361702,HALLMARK_MITOTIC_SPINDLE,6.060457418594933
GOBP_CHEMICAL_SYNAPTIC_TRANSMISSION_POSTSYNAPTIC,GO:0099565,4,121,True,0.022292993630573247,HALLMARK_MYOGENESIS,5.002336491281561
GOBP_INORGANIC_ION_IMPORT_ACROSS_PLASMA_MEMBRANE,GO:0099587,4,139,True,0.014970059880239521,HALLMARK_KRAS_SIGNALING_DN,4.86365310374761
GOBP_NEUROTRANSMITTER_RECEPTOR_INTERNALIZATION,GO:0099590,6,34,True,0.023622047244094488,HALLMARK_PROTEIN_SECRETION,6.271766512262141
GOBP_CARDIAC_MUSCLE_CELL_MEMBRANE_REPOLARIZATION,GO:0099622,5,42,False,0.02109704641350211,HALLMARK_MYOGENESIS,6.060457418594933
GOBP_REGULATION_OF_CARDIAC_MUSCLE_CELL_MEMBRANE_REPOLARIZATION,GO:0099623,4,30,False,0.022222222222222223,HALLMARK_MYOGENESIS,6.396929655216146
GOBP_VENTRICULAR_CARDIAC_MUSCLE_CELL_MEMBRANE_REPOLARIZATION,GO:0099625,6,31,False,0.022123893805309734,HALLMARK_MYOGENESIS,6.364139832393156
GOBP_NEUROTRANSMITTER_RECEPTOR_TRANSPORT,GO:0099637,4,20,False,0.008695652173913044,HALLMARK_PROTEIN_SECRETION,6.802394763324311
GOBP_NEUROTRANSMITTER_RECEPTOR_LOCALIZATION_TO_POSTSYNAPTIC_SPECIALIZATION_MEMBRANE,GO:0099645,3,38,True,0.014285714285714285,HALLMARK_PEROXISOME,6.160540877151916
GOBP_VASCULAR_ENDOTHELIAL_CELL_PROLIFERATION,GO:0101023,5,55,True,0.014285714285714285,HALLMARK_IL6_JAK_STAT3_SIGNALING,5.790793851645831
GOBP_NEURON_PROJECTION_ORGANIZATION,GO:0106027,6,95,True,0.024390243902439025,HALLMARK_MITOTIC_SPINDLE,5.244250145277761
GOBP_REGULATION_OF_CALCINEURIN_MEDIATED_SIGNALING,GO:0106056,7,40,True,0.02127659574468085,HALLMARK_MYOGENESIS,6.1092475827643655
GOBP_POSITIVE_REGULATION_OF_CALCINEURIN_MEDIATED_SIGNALING,GO:0106058,8,21,True,0.01675977653631285,HALLMARK_APOPTOSIS,6.753604599154879
GOBP_REGULATION_OF_ADENYLATE_CYCLASE_ACTIVATING_G_PROTEIN_COUPLED_RECEPTOR_SIGNALING_PATHWAY,GO:0106070,6,20,False,0.0196078431372549,HALLMARK_NOTCH_SIGNALING,6.802394763324311
GOBP_REGULATION_OF_ACTOMYOSIN_STRUCTURE_ORGANIZATION,GO:0110020,6,108,True,0.04067796610169491,HALLMARK_MITOTIC_SPINDLE,5.115995809754082
GOBP_REGULATION_OF_ACTIN_FILAMENT_ORGANIZATION,GO:0110053,6,272,False,0.07534246575342465,HALLMARK_MITOTIC_SPINDLE,4.1923249705823045
GOBP_POSITIVE_REGULATION_OF_ANIMAL_ORGAN_MORPHOGENESIS,GO:0110110,5,35,False,0.03488372093023256,HALLMARK_TGF_BETA_SIGNALING,6.242778975388888
GOBP_RNA_DECAPPING,GO:0110154,6,20,True,0.031007751937984496,HALLMARK_UNFOLDED_PROTEIN_RESPONSE,6.802394763324311
GOBP_INTERMEMBRANE_LIPID_TRANSFER,GO:0120009,5,37,False,0.013605442176870748,HALLMARK_BILE_ACID_METABOLISM,6.187209124234077
GOBP_NEGATIVE_REGULATION_OF_PLASMA_MEMBRANE_BOUNDED_CELL_PROJECTION_ASSEMBLY,GO:0120033,7,43,False,0.014084507042253521,HALLMARK_ANDROGEN_RESPONSE,6.036926921184739
GOBP_POSITIVE_REGULATION_OF_PLASMA_MEMBRANE_BOUNDED_CELL_PROJECTION_ASSEMBLY,GO:0120034,6,111,False,0.04377104377104377,HALLMARK_MITOTIC_SPINDLE,5.088596835565967
GOBP_POSITIVE_REGULATION_OF_COLD_INDUCED_THERMOGENESIS,GO:0120162,5,101,False,0.04152249134948097,HALLMARK_ADIPOGENESIS,5.1830065200370425
GOBP_NEGATIVE_REGULATION_OF_COLD_INDUCED_THERMOGENESIS,GO:0120163,5,48,False,0.034482758620689655,HALLMARK_WNT_BETA_CATENIN_SIGNALING,5.926926025970411
GOBP_STEROID_HORMONE_BIOSYNTHETIC_PROCESS,GO:0120178,6,47,False,0.0392156862745098,HALLMARK_BILE_ACID_METABOLISM,5.947979435168243
GOBP_TIGHT_JUNCTION_ASSEMBLY,GO:0120192,7,81,True,0.05639097744360902,HALLMARK_APICAL_JUNCTION,5.403677882205863
GOBP_TIGHT_JUNCTION_ORGANIZATION,GO:0120193,6,89,False,0.05474452554744526,HALLMARK_APICAL_JUNCTION,5.309490667146162
GOBP_OLEFINIC_COMPOUND_METABOLIC_PROCESS,GO:0120254,3,166,False,0.07569721115537849,HALLMARK_PEROXISOME,4.686139248521759
GOBP_OLEFINIC_COMPOUND_BIOSYNTHETIC_PROCESS,GO:0120255,4,31,False,0.016129032258064516,HALLMARK_UV_RESPONSE_UP,6.364139832393156
GOBP_SPERM_FLAGELLUM_ASSEMBLY,GO:0120316,3,58,False,0.010471204188481676,HALLMARK_SPERMATOGENESIS,5.737684026331882
GOBP_MITOTIC_NUCLEAR_DIVISION,GO:0140014,4,286,False,0.11724137931034483,HALLMARK_G2M_CHECKPOINT,4.142135226058449
GOBP_EXOCYTIC_PROCESS,GO:0140029,2,96,False,0.026737967914438502,HALLMARK_PROTEIN_SECRETION,5.233778845410465
GOBP_MITOCHONDRIAL_GENE_EXPRESSION,GO:0140053,6,170,False,0.03932584269662921,HALLMARK_OXIDATIVE_PHOSPHORYLATION,4.66232859982804
GOBP_NEURON_PROJECTION_ARBORIZATION,GO:0140058,6,36,False,0.014925373134328358,HALLMARK_NOTCH_SIGNALING,6.214608098422191
GOBP_EXTRACELLULAR_VESICLE_BIOGENESIS,GO:0140112,4,25,True,0.025423728813559324,HALLMARK_PROTEIN_SECRETION,6.579251212010101
GOBP_EXPORT_ACROSS_PLASMA_MEMBRANE,GO:0140115,3,99,False,0.02100840336134454,HALLMARK_UV_RESPONSE_DN,5.2030071867437115
GOBP_PRESYNAPTIC_ENDOCYTOSIS,GO:0140238,4,80,True,0.047619047619047616,HALLMARK_PROTEIN_SECRETION,5.41610040220442
GOBP_LIPID_EXPORT_FROM_CELL,GO:0140353,3,52,False,0.020242914979757085,HALLMARK_INFLAMMATORY_RESPONSE,5.846883318296874
GOBP_LIPID_IMPORT_INTO_CELL,GO:0140354,5,22,False,0.03076923076923077,HALLMARK_BILE_ACID_METABOLISM,6.707084583519986
GOBP_ANTIVIRAL_INNATE_IMMUNE_RESPONSE,GO:0140374,4,66,False,0.07947019867549669,HALLMARK_INTERFERON_ALPHA_RESPONSE,5.608472294851876
GOBP_SIGNALING_RECEPTOR_LIGAND_PRECURSOR_PROCESSING,GO:0140448,7,45,True,0.036585365853658534,HALLMARK_PANCREAS_BETA_CELLS,5.991464547107982
GOBP_INTEGRATED_STRESS_RESPONSE_SIGNALING,GO:0140467,4,51,False,0.0379746835443038,HALLMARK_UNFOLDED_PROTEIN_RESPONSE,5.866301404153976
GOBP_CONSTITUTIVE_HETEROCHROMATIN_FORMATION,GO:0140719,9,63,False,0.01937984496124031,HALLMARK_E2F_TARGETS,5.654992310486769
GOBP_DNA_REPAIR_DEPENDENT_CHROMATIN_REMODELING,GO:0140861,6,23,False,0.01282051282051282,HALLMARK_SPERMATOGENESIS,6.662632820949152
GOBP_INTERFERON_MEDIATED_SIGNALING_PATHWAY,GO:0140888,5,113,False,0.08680555555555555,HALLMARK_INTERFERON_GAMMA_RESPONSE,5.070739218165961
GOBP_ENDOLYSOSOMAL_TOLL_LIKE_RECEPTOR_SIGNALING_PATHWAY,GO:0140894,6,52,False,0.01948051948051948,HALLMARK_PI3K_AKT_MTOR_SIGNALING,5.846883318296874
GOBP_CELL_SURFACE_TOLL_LIKE_RECEPTOR_SIGNALING_PATHWAY,GO:0140895,7,76,True,0.03428571428571429,HALLMARK_PI3K_AKT_MTOR_SIGNALING,5.467393696591971
GOBP_CGAS_STING_SIGNALING_PATHWAY,GO:0140896,6,27,False,0.023255813953488372,HALLMARK_PI3K_AKT_MTOR_SIGNALING,6.502290170873972
GOBP_MULTICELLULAR_ORGANISMAL_LEVEL_CHEMICAL_HOMEOSTASIS,GO:0140962,3,79,False,0.02952029520295203,HALLMARK_HEME_METABOLISM,5.42867918441128
GOBP_TRANSPOSABLE_ELEMENT_SILENCING_BY_HETEROCHROMATIN_FORMATION,GO:0141005,10,23,False,0.006369426751592357,HALLMARK_SPERMATOGENESIS,6.662632820949152
GOBP_DISRUPTION_OF_ANATOMICAL_STRUCTURE_IN_ANOTHER_ORGANISM,GO:0141060,2,125,True,0.04838709677419355,HALLMARK_ALLOGRAFT_REJECTION,4.969813299576001
GOBP_INFLAMMASOME_MEDIATED_SIGNALING_PATHWAY,GO:0141084,6,60,True,0.015625,HALLMARK_INFLAMMATORY_RESPONSE,5.703782474656201
GOBP_REGULATION_OF_INFLAMMASOME_MEDIATED_SIGNALING_PATHWAY,GO:0141085,7,53,True,0.014492753623188406,HALLMARK_IL6_JAK_STAT3_SIGNALING,5.82783512332618
GOBP_NEGATIVE_REGULATION_OF_INFLAMMASOME_MEDIATED_SIGNALING_PATHWAY,GO:0141086,6,23,False,0.012578616352201259,HALLMARK_COAGULATION,6.662632820949152
GOBP_POSITIVE_REGULATION_OF_INFLAMMASOME_MEDIATED_SIGNALING_PATHWAY,GO:0141087,7,28,True,0.017699115044247787,HALLMARK_IL6_JAK_STAT3_SIGNALING,6.465922526703098
GOBP_POSITIVE_REGULATION_OF_GENE_EXPRESSION_EPIGENETIC,GO:0141137,7,61,True,0.010416666666666666,HALLMARK_ANGIOGENESIS,5.687253172704991
GOBP_CAMP_PKA_SIGNAL_TRANSDUCTION,GO:0141156,5,34,False,0.022058823529411766,HALLMARK_PI3K_AKT_MTOR_SIGNALING,6.271766512262141
GOBP_REGULATION_OF_CAMP_PKA_SIGNAL_TRANSDUCTION,GO:0141161,6,26,False,0.01639344262295082,HALLMARK_ANGIOGENESIS,6.54003049885682
GOBP_NUCLEAR_RECEPTOR_MEDIATED_SIGNALING_PATHWAY,GO:0141193,5,211,False,0.023166023166023165,HALLMARK_TGF_BETA_SIGNALING,4.446268903402236
GOBP_REGULATION_OF_POSTSYNAPSE_ASSEMBLY,GO:0150052,7,45,False,0.0125,HALLMARK_HEDGEHOG_SIGNALING,5.991464547107982
GOBP_NEUROINFLAMMATORY_RESPONSE,GO:0150076,5,87,False,0.06296296296296296,HALLMARK_ALLOGRAFT_REJECTION,5.332218918223718
GOBP_REGULATION_OF_NEUROINFLAMMATORY_RESPONSE,GO:0150077,6,42,False,0.032,HALLMARK_IL6_JAK_STAT3_SIGNALING,6.060457418594933
GOBP_PROTEIN_LOCALIZATION_TO_CELL_CELL_JUNCTION,GO:0150105,5,27,False,0.027149321266968326,HALLMARK_APICAL_JUNCTION,6.502290170873972
GOBP_CELL_SUBSTRATE_JUNCTION_ORGANIZATION,GO:0150115,5,102,True,0.05964912280701754,HALLMARK_APICAL_JUNCTION,5.173154223594031
GOBP_REGULATION_OF_CELL_SUBSTRATE_JUNCTION_ORGANIZATION,GO:0150116,5,69,True,0.039603960396039604,HALLMARK_HEDGEHOG_SIGNALING,5.5640205322810425
GOBP_POSITIVE_REGULATION_OF_CELL_SUBSTRATE_JUNCTION_ORGANIZATION,GO:0150117,6,31,False,0.046875,HALLMARK_HEDGEHOG_SIGNALING,6.364139832393156
GOBP_CELL_JUNCTION_DISASSEMBLY,GO:0150146,5,33,False,0.017467248908296942,HALLMARK_COMPLEMENT,6.3016194754118215
GOBP_L_AMINO_ACID_CATABOLIC_PROCESS,GO:0170035,6,78,True,0.039647577092511016,HALLMARK_FATTY_ACID_METABOLISM,5.391407789614049
GOBP_IMPORT_INTO_THE_MITOCHONDRION,GO:0170036,4,54,False,0.032520325203252036,HALLMARK_OXIDATIVE_PHOSPHORYLATION,5.809142990314028
GOBP_PROTEINOGENIC_AMINO_ACID_BIOSYNTHETIC_PROCESS,GO:0170038,6,44,True,0.029535864978902954,HALLMARK_MTORC1_SIGNALING,6.013937402960041
GOBP_PROTEINOGENIC_AMINO_ACID_METABOLIC_PROCESS,GO:0170039,5,163,True,0.049132947976878616,HALLMARK_XENOBIOTIC_METABOLISM,4.680133224461547
GOBP_NON_PROTEINOGENIC_AMINO_ACID_METABOLIC_PROCESS,GO:0170041,5,66,False,0.047244094488188976,HALLMARK_XENOBIOTIC_METABOLISM,5.608472294851876
GOBP_NUTRIENT_STORAGE,GO:0170062,2,100,True,0.041666666666666664,HALLMARK_ADIPOGENESIS,5.19295685089021
GOBP_NEGATIVE_REGULATION_OF_CYTOKINE_PRODUCTION_INVOLVED_IN_INFLAMMATORY_RESPONSE,GO:1900016,6,51,False,0.022222222222222223,HALLMARK_IL6_JAK_STAT3_SIGNALING,5.866301404153976
GOBP_POSITIVE_REGULATION_OF_CYTOKINE_PRODUCTION_INVOLVED_IN_INFLAMMATORY_RESPONSE,GO:1900017,6,30,False,0.044642857142857144,HALLMARK_IL6_JAK_STAT3_SIGNALING,6.396929655216146
GOBP_REGULATION_OF_SUBSTRATE_ADHESION_DEPENDENT_CELL_SPREADING,GO:1900024,6,61,False,0.031914893617021274,HALLMARK_ANGIOGENESIS,5.687253172704991
GOBP_POSITIVE_REGULATION_OF_SUBSTRATE_ADHESION_DEPENDENT_CELL_SPREADING,GO:1900026,7,43,False,0.028409090909090908,HALLMARK_COAGULATION,6.036926921184739
GOBP_REGULATION_OF_RUFFLE_ASSEMBLY,GO:1900027,7,32,False,0.022388059701492536,HALLMARK_PI3K_AKT_MTOR_SIGNALING,6.332391134078575
GOBP_REGULATION_OF_CELLULAR_RESPONSE_TO_HYPOXIA,GO:1900037,5,24,False,0.00909090909090909,HALLMARK_IL6_JAK_STAT3_SIGNALING,6.620073206530356
GOBP_REGULATION_OF_CELLULAR_RESPONSE_TO_INSULIN_STIMULUS,GO:1900076,4,82,False,0.03680981595092025,HALLMARK_IL6_JAK_STAT3_SIGNALING,5.391407789614049
GOBP_NEGATIVE_REGULATION_OF_CELLULAR_RESPONSE_TO_INSULIN_STIMULUS,GO:1900077,5,52,True,0.03731343283582089,HALLMARK_IL6_JAK_STAT3_SIGNALING,5.846883318296874
GOBP_POSITIVE_REGULATION_OF_CELLULAR_RESPONSE_TO_INSULIN_STIMULUS,GO:1900078,5,25,True,0.027522935779816515,HALLMARK_IL6_JAK_STAT3_SIGNALING,6.579251212010101
GOBP_POSITIVE_REGULATION_OF_G1_S_TRANSITION_OF_MITOTIC_CELL_CYCLE,GO:1900087,8,56,False,0.026143790849673203,HALLMARK_ANDROGEN_RESPONSE,5.772775346143153
GOBP_REGULATION_OF_ENDOPLASMIC_RETICULUM_UNFOLDED_PROTEIN_RESPONSE,GO:1900101,6,37,False,0.041666666666666664,HALLMARK_UNFOLDED_PROTEIN_RESPONSE,6.187209124234077
GOBP_NEGATIVE_REGULATION_OF_ENDOPLASMIC_RETICULUM_UNFOLDED_PROTEIN_RESPONSE,GO:1900102,6,22,False,0.030534351145038167,HALLMARK_UNFOLDED_PROTEIN_RESPONSE,6.707084583519986
GOBP_REGULATION_OF_EXECUTION_PHASE_OF_APOPTOSIS,GO:1900117,4,27,False,0.021739130434782608,HALLMARK_APOPTOSIS,6.502290170873972
GOBP_POSITIVE_REGULATION_OF_EXECUTION_PHASE_OF_APOPTOSIS,GO:1900119,5,20,False,0.01639344262295082,HALLMARK_WNT_BETA_CATENIN_SIGNALING,6.802394763324311
GOBP_REGULATION_OF_NUCLEAR_TRANSCRIBED_MRNA_CATABOLIC_PROCESS_DEADENYLATION_DEPENDENT_DECAY,GO:1900151,5,23,False,0.0182648401826484,HALLMARK_G2M_CHECKPOINT,6.662632820949152
GOBP_REGULATION_OF_PROTEIN_LOCALIZATION_TO_NUCLEUS,GO:1900180,5,148,False,0.029585798816568046,HALLMARK_MYC_TARGETS_V1,4.800914763114187
GOBP_NEGATIVE_REGULATION_OF_PROTEIN_LOCALIZATION_TO_NUCLEUS,GO:1900181,5,40,False,0.01694915254237288,HALLMARK_MYOGENESIS,6.1092475827643655
GOBP_POSITIVE_REGULATION_OF_PROTEIN_LOCALIZATION_TO_NUCLEUS,GO:1900182,5,95,False,0.03508771929824561,HALLMARK_MYC_TARGETS_V1,5.244250145277761
GOBP_REGULATION_OF_AMYLOID_BETA_CLEARANCE,GO:1900221,4,21,False,0.04395604395604396,HALLMARK_CHOLESTEROL_HOMEOSTASIS,6.753604599154879
GOBP_REGULATION_OF_SYNAPTIC_VESICLE_ENDOCYTOSIS,GO:1900242,6,24,False,0.023809523809523808,HALLMARK_PI3K_AKT_MTOR_SIGNALING,6.620073206530356
GOBP_REGULATION_OF_LONG_TERM_SYNAPTIC_POTENTIATION,GO:1900271,4,45,False,0.013513513513513514,HALLMARK_PI3K_AKT_MTOR_SIGNALING,5.991464547107982
GOBP_POSITIVE_REGULATION_OF_LONG_TERM_SYNAPTIC_POTENTIATION,GO:1900273,5,24,False,0.01694915254237288,HALLMARK_ANGIOGENESIS,6.620073206530356
GOBP_REGULATION_OF_CELLULAR_RESPONSE_TO_OXIDATIVE_STRESS,GO:1900407,5,24,False,0.022556390977443608,HALLMARK_BILE_ACID_METABOLISM,6.620073206530356
GOBP_REGULATION_OF_P38MAPK_CASCADE,GO:1900744,7,45,False,0.03375527426160337,HALLMARK_TNFA_SIGNALING_VIA_NFKB,5.991464547107982
GOBP_POSITIVE_REGULATION_OF_P38MAPK_CASCADE,GO:1900745,8,29,False,0.026905829596412557,HALLMARK_TNFA_SIGNALING_VIA_NFKB,6.430831206891828
GOBP_REGULATION_OF_MITOCHONDRIAL_OUTER_MEMBRANE_PERMEABILIZATION_INVOLVED_IN_APOPTOTIC_SIGNALING_PATHWAY,GO:1901028,5,25,False,0.01809954751131222,HALLMARK_OXIDATIVE_PHOSPHORYLATION,6.579251212010101
GOBP_GLUCOSAMINE_CONTAINING_COMPOUND_METABOLIC_PROCESS,GO:1901071,5,26,False,0.0319634703196347,HALLMARK_GLYCOLYSIS,6.54003049885682
GOBP_NEGATIVE_REGULATION_OF_SIGNAL_TRANSDUCTION_IN_ABSENCE_OF_LIGAND,GO:1901099,6,37,True,0.04201680672268908,HALLMARK_IL6_JAK_STAT3_SIGNALING,6.187209124234077
GOBP_CARBOHYDRATE_DERIVATIVE_CATABOLIC_PROCESS,GO:1901136,4,266,False,0.06880733944954129,HALLMARK_HYPOXIA,4.214630728096602
GOBP_REGULATION_OF_ERBB_SIGNALING_PATHWAY,GO:1901184,5,75,True,0.022727272727272728,HALLMARK_PI3K_AKT_MTOR_SIGNALING,5.480638923341991
GOBP_NEGATIVE_REGULATION_OF_ERBB_SIGNALING_PATHWAY,GO:1901185,6,33,True,0.023809523809523808,HALLMARK_PROTEIN_SECRETION,6.3016194754118215
GOBP_POSITIVE_REGULATION_OF_ERBB_SIGNALING_PATHWAY,GO:1901186,6,32,True,0.027777777777777776,HALLMARK_WNT_BETA_CATENIN_SIGNALING,6.332391134078575
GOBP_REGULATION_OF_EXTRACELLULAR_MATRIX_ASSEMBLY,GO:1901201,5,23,False,0.04054054054054054,HALLMARK_TGF_BETA_SIGNALING,6.662632820949152
GOBP_REGULATION_OF_NON_CANONICAL_NF_KAPPAB_SIGNAL_TRANSDUCTION,GO:1901222,6,111,False,0.04013377926421405,HALLMARK_TNFA_SIGNALING_VIA_NFKB,5.088596835565967
GOBP_NEGATIVE_REGULATION_OF_NON_CANONICAL_NF_KAPPAB_SIGNAL_TRANSDUCTION,GO:1901223,7,42,False,0.014598540145985401,HALLMARK_INTERFERON_ALPHA_RESPONSE,6.060457418594933
GOBP_POSITIVE_REGULATION_OF_NON_CANONICAL_NF_KAPPAB_SIGNAL_TRANSDUCTION,GO:1901224,7,65,False,0.04330708661417323,HALLMARK_INFLAMMATORY_RESPONSE,5.6237397669826645
GOBP_CARBOHYDRATE_DERIVATIVE_TRANSPORT,GO:1901264,4,92,False,0.031578947368421054,HALLMARK_PEROXISOME,5.276338459829262
GOBP_NUCLEOSIDE_PHOSPHATE_CATABOLIC_PROCESS,GO:1901292,5,186,True,0.07222222222222222,HALLMARK_HYPOXIA,4.5723803631651005
GOBP_REGULATION_OF_FLAGELLATED_SPERM_MOTILITY,GO:1901317,4,23,False,0.00904977375565611,HALLMARK_INFLAMMATORY_RESPONSE,6.662632820949152
GOBP_NEGATIVE_REGULATION_OF_VASCULATURE_DEVELOPMENT,GO:1901343,5,167,True,0.028011204481792718,HALLMARK_ALLOGRAFT_REJECTION,4.680133224461547
GOBP_REGULATION_OF_POTASSIUM_ION_TRANSMEMBRANE_TRANSPORT,GO:1901379,7,76,False,0.01845018450184502,HALLMARK_MYOGENESIS,5.467393696591971
GOBP_NEGATIVE_REGULATION_OF_POTASSIUM_ION_TRANSMEMBRANE_TRANSPORT,GO:1901380,7,27,False,0.013392857142857142,HALLMARK_MYOGENESIS,6.502290170873972
GOBP_POSITIVE_REGULATION_OF_POTASSIUM_ION_TRANSMEMBRANE_TRANSPORT,GO:1901381,7,31,False,0.013513513513513514,HALLMARK_APICAL_SURFACE,6.364139832393156
GOBP_REGULATION_OF_HEMATOPOIETIC_PROGENITOR_CELL_DIFFERENTIATION,GO:1901532,5,42,False,0.027777777777777776,HALLMARK_NOTCH_SIGNALING,6.060457418594933
GOBP_FATTY_ACID_DERIVATIVE_METABOLIC_PROCESS,GO:1901568,5,86,False,0.07954545454545454,HALLMARK_PEROXISOME,5.343779740624794
GOBP_FATTY_ACID_DERIVATIVE_BIOSYNTHETIC_PROCESS,GO:1901570,5,62,False,0.08496732026143791,HALLMARK_PEROXISOME,5.6709926518332106
GOBP_ALPHA_AMINO_ACID_METABOLIC_PROCESS,GO:1901605,5,201,False,0.05249343832020997,HALLMARK_XENOBIOTIC_METABOLISM,4.494822128819226
GOBP_ALPHA_AMINO_ACID_BIOSYNTHETIC_PROCESS,GO:1901607,5,55,False,0.032388663967611336,HALLMARK_MTORC1_SIGNALING,5.790793851645831
GOBP_REGULATION_OF_LYMPHOCYTE_CHEMOTAXIS,GO:1901623,6,25,False,0.027522935779816515,HALLMARK_IL6_JAK_STAT3_SIGNALING,6.579251212010101
GOBP_REGULATION_OF_SYNAPTIC_VESICLE_MEMBRANE_ORGANIZATION,GO:1901632,5,22,True,0.03333333333333333,HALLMARK_PANCREAS_BETA_CELLS,6.707084583519986
GOBP_RESPONSE_TO_KETONE,GO:1901654,4,226,False,0.0364963503649635,HALLMARK_TNFA_SIGNALING_VIA_NFKB,4.377592037606016
GOBP_CELLULAR_RESPONSE_TO_KETONE,GO:1901655,5,115,False,0.029411764705882353,HALLMARK_TNFA_SIGNALING_VIA_NFKB,5.053194908515052
GOBP_GLYCOSYL_COMPOUND_METABOLIC_PROCESS,GO:1901657,4,74,False,0.04186046511627907,HALLMARK_DNA_REPAIR,5.494061943674132
GOBP_GLYCOSYL_COMPOUND_CATABOLIC_PROCESS,GO:1901658,5,27,False,0.017937219730941704,HALLMARK_XENOBIOTIC_METABOLISM,6.502290170873972
GOBP_GLYCOSYL_COMPOUND_BIOSYNTHETIC_PROCESS,GO:1901659,5,25,False,0.029411764705882353,HALLMARK_DNA_REPAIR,6.579251212010101
GOBP_QUINONE_METABOLIC_PROCESS,GO:1901661,4,24,False,0.013888888888888888,HALLMARK_REACTIVE_OXYGEN_SPECIES_PATHWAY,6.620073206530356
GOBP_REGULATION_OF_MITOTIC_SPINDLE_ASSEMBLY,GO:1901673,7,25,False,0.013513513513513514,HALLMARK_G2M_CHECKPOINT,6.579251212010101
GOBP_NUCLEOTIDE_TRANSMEMBRANE_TRANSPORT,GO:1901679,3,28,False,0.023255813953488372,HALLMARK_PEROXISOME,6.465922526703098
GOBP_REGULATION_OF_MYOBLAST_FUSION,GO:1901739,5,21,False,0.02857142857142857,HALLMARK_IL6_JAK_STAT3_SIGNALING,6.753604599154879
GOBP_REGULATION_OF_SIGNAL_TRANSDUCTION_BY_P53_CLASS_MEDIATOR,GO:1901796,6,120,False,0.022435897435897436,HALLMARK_IL2_STAT5_SIGNALING,5.0106352940962555
GOBP_NEGATIVE_REGULATION_OF_SIGNAL_TRANSDUCTION_BY_P53_CLASS_MEDIATOR,GO:1901797,7,41,False,0.012658227848101266,HALLMARK_IL2_STAT5_SIGNALING,6.084554970173994
GOBP_POSITIVE_REGULATION_OF_SIGNAL_TRANSDUCTION_BY_P53_CLASS_MEDIATOR,GO:1901798,7,36,False,0.02631578947368421,HALLMARK_WNT_BETA_CATENIN_SIGNALING,6.214608098422191
GOBP_NEGATIVE_REGULATION_OF_PROTEASOMAL_PROTEIN_CATABOLIC_PROCESS,GO:1901799,8,61,False,0.021052631578947368,HALLMARK_HEDGEHOG_SIGNALING,5.687253172704991
GOBP_POSITIVE_REGULATION_OF_PROTEASOMAL_PROTEIN_CATABOLIC_PROCESS,GO:1901800,8,116,False,0.032679738562091505,HALLMARK_MTORC1_SIGNALING,5.044536845771937
GOBP_REGULATION_OF_POST_TRANSLATIONAL_PROTEIN_MODIFICATION,GO:1901873,8,248,True,0.027522935779816515,HALLMARK_MYC_TARGETS_V1,4.28469829071332
GOBP_NEGATIVE_REGULATION_OF_POST_TRANSLATIONAL_PROTEIN_MODIFICATION,GO:1901874,9,95,True,0.024,HALLMARK_APOPTOSIS,5.244250145277761
GOBP_POSITIVE_REGULATION_OF_POST_TRANSLATIONAL_PROTEIN_MODIFICATION,GO:1901875,9,134,True,0.024539877300613498,HALLMARK_TNFA_SIGNALING_VIA_NFKB,4.90028723692739
GOBP_REGULATION_OF_PROTEIN_DEPOLYMERIZATION,GO:1901879,6,96,False,0.04609929078014184,HALLMARK_MITOTIC_SPINDLE,5.233778845410465
GOBP_POSITIVE_REGULATION_OF_PROTEIN_DEPOLYMERIZATION,GO:1901881,7,21,False,0.012738853503184714,HALLMARK_COAGULATION,6.753604599154879
GOBP_REGULATION_OF_CELL_JUNCTION_ASSEMBLY,GO:1901888,5,273,False,0.04415011037527594,HALLMARK_APICAL_JUNCTION,4.188655241693342
GOBP_NEGATIVE_REGULATION_OF_CELL_JUNCTION_ASSEMBLY,GO:1901889,6,34,False,0.03418803418803419,HALLMARK_IL6_JAK_STAT3_SIGNALING,6.271766512262141
GOBP_POSITIVE_REGULATION_OF_CELL_JUNCTION_ASSEMBLY,GO:1901890,6,112,False,0.0297029702970297,HALLMARK_APICAL_JUNCTION,5.079628165583207
GOBP_POSITIVE_REGULATION_OF_MITOTIC_SISTER_CHROMATID_SEPARATION,GO:1901970,8,21,False,0.03271028037383177,HALLMARK_G2M_CHECKPOINT,6.753604599154879
GOBP_REGULATION_OF_CELL_CYCLE_CHECKPOINT,GO:1901976,6,48,False,0.05084745762711865,HALLMARK_G2M_CHECKPOINT,5.926926025970411
GOBP_POSITIVE_REGULATION_OF_CELL_CYCLE_PHASE_TRANSITION,GO:1901989,7,124,False,0.058823529411764705,HALLMARK_G2M_CHECKPOINT,4.977845471273265
GOBP_NEGATIVE_REGULATION_OF_MITOTIC_CELL_CYCLE_PHASE_TRANSITION,GO:1901991,7,193,False,0.07377049180327869,HALLMARK_E2F_TARGETS,4.535436847973417
GOBP_POSITIVE_REGULATION_OF_MITOTIC_CELL_CYCLE_PHASE_TRANSITION,GO:1901992,7,103,False,0.05944055944055944,HALLMARK_G2M_CHECKPOINT,5.163398048648666
GOBP_FATTY_ACID_TRANSMEMBRANE_TRANSPORT,GO:1902001,5,20,False,0.047619047619047616,HALLMARK_BILE_ACID_METABOLISM,6.802394763324311
GOBP_POSITIVE_REGULATION_OF_AMYLOID_BETA_FORMATION,GO:1902004,7,21,False,0.02824858757062147,HALLMARK_APOPTOSIS,6.753604599154879
GOBP_REGULATION_OF_CILIUM_ASSEMBLY,GO:1902017,6,100,False,0.020477815699658702,HALLMARK_MITOTIC_SPINDLE,5.19295685089021
GOBP_NEGATIVE_REGULATION_OF_CILIUM_ASSEMBLY,GO:1902018,7,23,False,0.01639344262295082,HALLMARK_ANDROGEN_RESPONSE,6.662632820949152
GOBP_REGULATION_OF_CILIUM_DEPENDENT_CELL_MOTILITY,GO:1902019,5,32,True,0.008695652173913044,HALLMARK_INFLAMMATORY_RESPONSE,6.332391134078575
GOBP_REGULATION_OF_EXTRINSIC_APOPTOTIC_SIGNALING_PATHWAY_VIA_DEATH_DOMAIN_RECEPTORS,GO:1902041,7,49,False,0.06060606060606061,HALLMARK_APOPTOSIS,5.906306738767675
GOBP_NEGATIVE_REGULATION_OF_EXTRINSIC_APOPTOTIC_SIGNALING_PATHWAY_VIA_DEATH_DOMAIN_RECEPTORS,GO:1902042,8,32,False,0.043243243243243246,HALLMARK_APOPTOSIS,6.332391134078575
GOBP_RESPONSE_TO_SALT,GO:1902074,3,24,False,0.01694915254237288,HALLMARK_ANGIOGENESIS,6.620073206530356
GOBP_REGULATION_OF_MITOCHONDRIAL_MEMBRANE_PERMEABILITY_INVOLVED_IN_APOPTOTIC_PROCESS,GO:1902108,5,49,False,0.039603960396039604,HALLMARK_APOPTOSIS,5.906306738767675
GOBP_REGULATION_OF_ORGANELLE_ASSEMBLY,GO:1902115,5,258,False,0.04100227790432802,HALLMARK_MITOTIC_SPINDLE,4.245167451956684
GOBP_NEGATIVE_REGULATION_OF_ORGANELLE_ASSEMBLY,GO:1902116,6,49,False,0.013513513513513514,HALLMARK_ANDROGEN_RESPONSE,5.906306738767675
GOBP_POSITIVE_REGULATION_OF_ORGANELLE_ASSEMBLY,GO:1902117,6,89,False,0.03225806451612903,HALLMARK_MITOTIC_SPINDLE,5.309490667146162
GOBP_REGULATION_OF_OXIDATIVE_STRESS_INDUCED_INTRINSIC_APOPTOTIC_SIGNALING_PATHWAY,GO:1902175,7,48,False,0.034653465346534656,HALLMARK_APOPTOSIS,5.926926025970411
GOBP_NEGATIVE_REGULATION_OF_OXIDATIVE_STRESS_INDUCED_INTRINSIC_APOPTOTIC_SIGNALING_PATHWAY,GO:1902176,8,35,False,0.04054054054054054,HALLMARK_WNT_BETA_CATENIN_SIGNALING,6.242778975388888
GOBP_REGULATION_OF_INTRINSIC_APOPTOTIC_SIGNALING_PATHWAY_IN_RESPONSE_TO_DNA_DAMAGE,GO:1902229,5,41,False,0.020202020202020204,HALLMARK_APOPTOSIS,6.084554970173994
GOBP_NEGATIVE_REGULATION_OF_INTRINSIC_APOPTOTIC_SIGNALING_PATHWAY_IN_RESPONSE_TO_DNA_DAMAGE,GO:1902230,6,31,False,0.02127659574468085,HALLMARK_APOPTOSIS,6.364139832393156
GOBP_REGULATION_OF_ENDOPLASMIC_RETICULUM_STRESS_INDUCED_INTRINSIC_APOPTOTIC_SIGNALING_PATHWAY,GO:1902235,6,36,False,0.034722222222222224,HALLMARK_UNFOLDED_PROTEIN_RESPONSE,6.214608098422191
GOBP_NEGATIVE_REGULATION_OF_ENDOPLASMIC_RETICULUM_STRESS_INDUCED_INTRINSIC_APOPTOTIC_SIGNALING_PATHWAY,GO:1902236,6,21,False,0.03076923076923077,HALLMARK_UNFOLDED_PROTEIN_RESPONSE,6.753604599154879
GOBP_REGULATION_OF_INTRINSIC_APOPTOTIC_SIGNALING_PATHWAY_BY_P53_CLASS_MEDIATOR,GO:1902253,7,37,False,0.025974025974025976,HALLMARK_WNT_BETA_CATENIN_SIGNALING,6.187209124234077
GOBP_NEGATIVE_REGULATION_OF_INTRINSIC_APOPTOTIC_SIGNALING_PATHWAY_BY_P53_CLASS_MEDIATOR,GO:1902254,8,24,False,0.013636363636363636,HALLMARK_IL2_STAT5_SIGNALING,6.620073206530356
GOBP_REGULATION_OF_CHROMATIN_ORGANIZATION,GO:1902275,5,26,False,0.01098901098901099,HALLMARK_UV_RESPONSE_UP,6.54003049885682
GOBP_NEURON_PROJECTION_EXTENSION_INVOLVED_IN_NEURON_PROJECTION_GUIDANCE,GO:1902284,5,21,True,0.07547169811320754,HALLMARK_HEDGEHOG_SIGNALING,6.753604599154879
GOBP_REGULATION_OF_SODIUM_ION_TRANSMEMBRANE_TRANSPORT,GO:1902305,7,44,False,0.016666666666666666,HALLMARK_MYOGENESIS,6.013937402960041
GOBP_POSITIVE_REGULATION_OF_SODIUM_ION_TRANSMEMBRANE_TRANSPORT,GO:1902307,7,20,False,0.009174311926605505,HALLMARK_MYOGENESIS,6.802394763324311
GOBP_NEGATIVE_REGULATION_OF_RNA_CATABOLIC_PROCESS,GO:1902369,7,96,True,0.027777777777777776,HALLMARK_G2M_CHECKPOINT,5.233778845410465
GOBP_NEGATIVE_REGULATION_OF_MRNA_CATABOLIC_PROCESS,GO:1902373,7,83,True,0.025362318840579712,HALLMARK_G2M_CHECKPOINT,5.379286429081704
GOBP_MITOTIC_CYTOKINETIC_PROCESS,GO:1902410,4,38,False,0.017167381974248927,HALLMARK_MITOTIC_SPINDLE,6.160540877151916
GOBP_PROTEIN_LOCALIZATION_TO_CELL_JUNCTION,GO:1902414,4,125,False,0.04501607717041801,HALLMARK_APICAL_JUNCTION,4.969813299576001
GOBP_NEGATIVE_REGULATION_OF_STEM_CELL_POPULATION_MAINTENANCE,GO:1902455,5,26,False,0.02564102564102564,HALLMARK_TGF_BETA_SIGNALING,6.54003049885682
GOBP_POSITIVE_REGULATION_OF_STEM_CELL_POPULATION_MAINTENANCE,GO:1902459,5,50,False,0.0196078431372549,HALLMARK_TGF_BETA_SIGNALING,5.886104031450156
GOBP_REGULATION_OF_PROTEIN_LOCALIZATION_TO_SYNAPSE,GO:1902473,5,29,False,0.016666666666666666,HALLMARK_NOTCH_SIGNALING,6.430831206891828
GOBP_L_ALPHA_AMINO_ACID_TRANSMEMBRANE_TRANSPORT,GO:1902475,4,75,False,0.014760147601476014,HALLMARK_INFLAMMATORY_RESPONSE,5.480638923341991
GOBP_REGULATION_OF_CELLULAR_RESPONSE_TO_VASCULAR_ENDOTHELIAL_GROWTH_FACTOR_STIMULUS,GO:1902547,5,39,True,0.0273972602739726,HALLMARK_HEDGEHOG_SIGNALING,6.134565390748655
GOBP_NEGATIVE_REGULATION_OF_CELLULAR_RESPONSE_TO_VASCULAR_ENDOTHELIAL_GROWTH_FACTOR_STIMULUS,GO:1902548,6,20,True,0.009174311926605505,HALLMARK_ALLOGRAFT_REJECTION,6.802394763324311
GOBP_PROTEIN_LOCALIZATION_TO_NUCLEOLUS,GO:1902570,6,20,False,0.02631578947368421,HALLMARK_MYC_TARGETS_V2,6.802394763324311
GOBP_PROTON_TRANSMEMBRANE_TRANSPORT,GO:1902600,5,187,False,0.2403846153846154,HALLMARK_OXIDATIVE_PHOSPHORYLATION,4.567018420023715
GOBP_REGULATION_OF_NEUTROPHIL_MIGRATION,GO:1902622,5,45,False,0.029411764705882353,HALLMARK_INFLAMMATORY_RESPONSE,5.991464547107982
GOBP_POSITIVE_REGULATION_OF_NEUTROPHIL_MIGRATION,GO:1902624,6,34,False,0.02631578947368421,HALLMARK_INFLAMMATORY_RESPONSE,6.271766512262141
GOBP_TERTIARY_ALCOHOL_METABOLIC_PROCESS,GO:1902644,5,22,False,0.0136986301369863,HALLMARK_KRAS_SIGNALING_DN,6.707084583519986
GOBP_SECONDARY_ALCOHOL_METABOLIC_PROCESS,GO:1902652,5,167,True,0.10550458715596331,HALLMARK_CHOLESTEROL_HOMEOSTASIS,4.680133224461547
GOBP_REGULATION_OF_RECEPTOR_LOCALIZATION_TO_SYNAPSE,GO:1902683,4,30,False,0.016129032258064516,HALLMARK_PROTEIN_SECRETION,6.396929655216146
GOBP_REGULATION_OF_NEUROBLAST_PROLIFERATION,GO:1902692,6,47,False,0.0375,HALLMARK_HEDGEHOG_SIGNALING,5.947979435168243
GOBP_APOPTOTIC_PROCESS_INVOLVED_IN_DEVELOPMENT,GO:1902742,5,44,False,0.03614457831325301,HALLMARK_WNT_BETA_CATENIN_SIGNALING,6.013937402960041
GOBP_REGULATION_OF_LAMELLIPODIUM_ORGANIZATION,GO:1902743,7,52,False,0.026143790849673203,HALLMARK_PI3K_AKT_MTOR_SIGNALING,5.846883318296874
GOBP_POSITIVE_REGULATION_OF_LAMELLIPODIUM_ORGANIZATION,GO:1902745,7,36,False,0.029197080291970802,HALLMARK_PI3K_AKT_MTOR_SIGNALING,6.214608098422191
GOBP_REGULATION_OF_CELL_CYCLE_G2_M_PHASE_TRANSITION,GO:1902749,7,122,True,0.06622516556291391,HALLMARK_E2F_TARGETS,4.9941059921450455
GOBP_NEGATIVE_REGULATION_OF_CELL_CYCLE_G2_M_PHASE_TRANSITION,GO:1902750,8,75,True,0.05363984674329502,HALLMARK_E2F_TARGETS,5.480638923341991
GOBP_POSITIVE_REGULATION_OF_CELL_CYCLE_G2_M_PHASE_TRANSITION,GO:1902751,8,30,True,0.03139013452914798,HALLMARK_G2M_CHECKPOINT,6.396929655216146
GOBP_LATE_ENDOSOME_TO_LYSOSOME_TRANSPORT,GO:1902774,6,22,False,0.008547008547008548,HALLMARK_PROTEIN_SECRETION,6.707084583519986
GOBP_REGULATION_OF_CELL_CYCLE_G1_S_PHASE_TRANSITION,GO:1902806,7,206,True,0.03836317135549872,HALLMARK_P53_PATHWAY,4.470250868088721
GOBP_NEGATIVE_REGULATION_OF_CELL_CYCLE_G1_S_PHASE_TRANSITION,GO:1902807,8,82,True,0.03296703296703297,HALLMARK_P53_PATHWAY,5.391407789614049
GOBP_POSITIVE_REGULATION_OF_CELL_CYCLE_G1_S_PHASE_TRANSITION,GO:1902808,8,70,False,0.023952095808383235,HALLMARK_ANDROGEN_RESPONSE,5.549631794828943
GOBP_MICROTUBULE_CYTOSKELETON_ORGANIZATION_INVOLVED_IN_MITOSIS,GO:1902850,4,172,False,0.10746268656716418,HALLMARK_MITOTIC_SPINDLE,4.650632560064849
GOBP_REGULATION_OF_RESPONSE_TO_OXIDATIVE_STRESS,GO:1902882,5,36,False,0.020689655172413793,HALLMARK_BILE_ACID_METABOLISM,6.214608098422191
GOBP_POSITIVE_REGULATION_OF_MIRNA_TRANSCRIPTION,GO:1902895,9,56,False,0.057692307692307696,HALLMARK_TGF_BETA_SIGNALING,5.772775346143153
GOBP_NEGATIVE_REGULATION_OF_SUPRAMOLECULAR_FIBER_ORGANIZATION,GO:1902904,6,172,False,0.05099150141643059,HALLMARK_MITOTIC_SPINDLE,4.650632560064849
GOBP_POSITIVE_REGULATION_OF_SUPRAMOLECULAR_FIBER_ORGANIZATION,GO:1902905,6,178,False,0.07407407407407407,HALLMARK_MITOTIC_SPINDLE,4.616343486586216
GOBP_REGULATION_OF_PROTEIN_POLYUBIQUITINATION,GO:1902914,11,29,False,0.016129032258064516,HALLMARK_INTERFERON_ALPHA_RESPONSE,6.430831206891828
GOBP_REGULATION_OF_ALCOHOL_BIOSYNTHETIC_PROCESS,GO:1902930,6,57,False,0.024242424242424242,HALLMARK_BILE_ACID_METABOLISM,5.755075769043752
GOBP_POSITIVE_REGULATION_OF_ALCOHOL_BIOSYNTHETIC_PROCESS,GO:1902932,7,31,False,0.02142857142857143,HALLMARK_BILE_ACID_METABOLISM,6.364139832393156
GOBP_REGULATION_OF_AMYLOID_PRECURSOR_PROTEIN_CATABOLIC_PROCESS,GO:1902991,7,60,False,0.03271028037383177,HALLMARK_APOPTOSIS,5.703782474656201
GOBP_NEGATIVE_REGULATION_OF_AMYLOID_PRECURSOR_PROTEIN_CATABOLIC_PROCESS,GO:1902992,8,34,True,0.017391304347826087,HALLMARK_MYOGENESIS,6.271766512262141
GOBP_POSITIVE_REGULATION_OF_AMYLOID_PRECURSOR_PROTEIN_CATABOLIC_PROCESS,GO:1902993,8,27,False,0.03296703296703297,HALLMARK_APOPTOSIS,6.502290170873972
GOBP_ORGANELLE_DISASSEMBLY,GO:1903008,5,73,False,0.022556390977443608,HALLMARK_MITOTIC_SPINDLE,5.50766759572991
GOBP_REGULATION_OF_GLYCOPROTEIN_METABOLIC_PROCESS,GO:1903018,7,57,True,0.020618556701030927,HALLMARK_WNT_BETA_CATENIN_SIGNALING,5.755075769043752
GOBP_NEGATIVE_REGULATION_OF_GLYCOPROTEIN_METABOLIC_PROCESS,GO:1903019,8,27,True,0.007692307692307693,HALLMARK_PEROXISOME,6.502290170873972
GOBP_POSITIVE_REGULATION_OF_GLYCOPROTEIN_METABOLIC_PROCESS,GO:1903020,8,22,True,0.03225806451612903,HALLMARK_WNT_BETA_CATENIN_SIGNALING,6.707084583519986
GOBP_REGULATION_OF_RESPONSE_TO_WOUNDING,GO:1903034,5,177,False,0.08620689655172414,HALLMARK_COAGULATION,4.6219773043044725
GOBP_NEGATIVE_REGULATION_OF_RESPONSE_TO_WOUNDING,GO:1903035,5,99,False,0.10232558139534884,HALLMARK_COAGULATION,5.2030071867437115
GOBP_POSITIVE_REGULATION_OF_RESPONSE_TO_WOUNDING,GO:1903036,5,76,True,0.054187192118226604,HALLMARK_COAGULATION,5.467393696591971
GOBP_NEGATIVE_REGULATION_OF_LEUKOCYTE_CELL_CELL_ADHESION,GO:1903038,7,159,True,0.05278592375366569,HALLMARK_ALLOGRAFT_REJECTION,4.72922283465807
GOBP_POSITIVE_REGULATION_OF_LEUKOCYTE_CELL_CELL_ADHESION,GO:1903039,7,287,True,0.1405152224824356,HALLMARK_ALLOGRAFT_REJECTION,4.138644821118681
GOBP_MEIOTIC_CELL_CYCLE_PROCESS,GO:1903046,2,226,True,0.06234413965087282,HALLMARK_E2F_TARGETS,4.377592037606016
GOBP_REGULATION_OF_PROTEOLYSIS_INVOLVED_IN_PROTEIN_CATABOLIC_PROCESS,GO:1903050,8,244,False,0.03255813953488372,HALLMARK_MTORC1_SIGNALING,4.3009588115851
GOBP_NEGATIVE_REGULATION_OF_PROTEOLYSIS_INVOLVED_IN_PROTEIN_CATABOLIC_PROCESS,GO:1903051,9,77,False,0.02727272727272727,HALLMARK_HEDGEHOG_SIGNALING,5.454321615024618
GOBP_POSITIVE_REGULATION_OF_PROTEOLYSIS_INVOLVED_IN_PROTEIN_CATABOLIC_PROCESS,GO:1903052,9,139,False,0.03353658536585366,HALLMARK_MTORC1_SIGNALING,4.86365310374761
GOBP_REGULATION_OF_EXTRACELLULAR_MATRIX_ORGANIZATION,GO:1903053,5,76,False,0.045454545454545456,HALLMARK_EPITHELIAL_MESENCHYMAL_TRANSITION,5.467393696591971
GOBP_NEGATIVE_REGULATION_OF_EXTRACELLULAR_MATRIX_ORGANIZATION,GO:1903054,6,27,False,0.02702702702702703,HALLMARK_IL6_JAK_STAT3_SIGNALING,6.502290170873972
GOBP_POSITIVE_REGULATION_OF_EXTRACELLULAR_MATRIX_ORGANIZATION,GO:1903055,6,29,False,0.05063291139240506,HALLMARK_TGF_BETA_SIGNALING,6.430831206891828
GOBP_REGULATION_OF_PROTEIN_LOCALIZATION_TO_PLASMA_MEMBRANE,GO:1903076,6,119,False,0.03365384615384615,HALLMARK_PROTEIN_SECRETION,5.019003543766773
GOBP_POSITIVE_REGULATION_OF_PROTEIN_LOCALIZATION_TO_PLASMA_MEMBRANE,GO:1903078,6,66,False,0.019417475728155338,HALLMARK_UV_RESPONSE_DN,5.608472294851876
GOBP_REGULATION_OF_ACTIN_FILAMENT_BASED_MOVEMENT,GO:1903115,5,43,True,0.02531645569620253,HALLMARK_MYOGENESIS,6.036926921184739
GOBP_REGULATION_OF_AUTOPHAGY_OF_MITOCHONDRION,GO:1903146,7,53,True,0.024096385542168676,HALLMARK_NOTCH_SIGNALING,5.82783512332618
GOBP_REGULATION_OF_CALCIUM_ION_TRANSMEMBRANE_TRANSPORT,GO:1903169,7,172,False,0.04201680672268908,HALLMARK_MYOGENESIS,4.650632560064849
GOBP_NEGATIVE_REGULATION_OF_CALCIUM_ION_TRANSMEMBRANE_TRANSPORT,GO:1903170,7,42,False,0.02109704641350211,HALLMARK_MYOGENESIS,6.060457418594933
GOBP_U2_TYPE_PRESPLICEOSOME_ASSEMBLY,GO:1903241,8,25,False,0.03686635944700461,HALLMARK_MYC_TARGETS_V1,6.579251212010101
GOBP_REGULATION_OF_REGULATED_SECRETORY_PATHWAY,GO:1903305,6,128,False,0.031446540880503145,HALLMARK_ALLOGRAFT_REJECTION,4.946096772958684
GOBP_NEGATIVE_REGULATION_OF_REGULATED_SECRETORY_PATHWAY,GO:1903306,7,26,False,0.017543859649122806,HALLMARK_NOTCH_SIGNALING,6.54003049885682
GOBP_POSITIVE_REGULATION_OF_REGULATED_SECRETORY_PATHWAY,GO:1903307,7,49,False,0.0163265306122449,HALLMARK_ALLOGRAFT_REJECTION,5.906306738767675
GOBP_NEGATIVE_REGULATION_OF_MRNA_METABOLIC_PROCESS,GO:1903312,8,106,False,0.03728813559322034,HALLMARK_MYC_TARGETS_V1,5.134687942766234
GOBP_POSITIVE_REGULATION_OF_MRNA_METABOLIC_PROCESS,GO:1903313,8,237,False,0.029411764705882353,HALLMARK_UNFOLDED_PROTEIN_RESPONSE,4.330066895743171
GOBP_REGULATION_OF_PROTEIN_MATURATION,GO:1903317,7,66,True,0.05699481865284974,HALLMARK_COAGULATION,5.608472294851876
GOBP_NEGATIVE_REGULATION_OF_PROTEIN_MATURATION,GO:1903318,8,25,True,0.039473684210526314,HALLMARK_TGF_BETA_SIGNALING,6.579251212010101
GOBP_POSITIVE_REGULATION_OF_PROTEIN_MATURATION,GO:1903319,8,26,True,0.031446540880503145,HALLMARK_COAGULATION,6.54003049885682
GOBP_REACTIVE_OXYGEN_SPECIES_BIOSYNTHETIC_PROCESS,GO:1903409,4,64,False,0.03067484662576687,HALLMARK_PEROXISOME,5.63924395351863
GOBP_REGULATION_OF_SYNAPTIC_VESICLE_RECYCLING,GO:1903421,5,29,False,0.022900763358778626,HALLMARK_PI3K_AKT_MTOR_SIGNALING,6.430831206891828
GOBP_REGULATION_OF_REACTIVE_OXYGEN_SPECIES_BIOSYNTHETIC_PROCESS,GO:1903426,6,48,False,0.022727272727272728,HALLMARK_IL6_JAK_STAT3_SIGNALING,5.926926025970411
GOBP_NEGATIVE_REGULATION_OF_REACTIVE_OXYGEN_SPECIES_BIOSYNTHETIC_PROCESS,GO:1903427,7,20,False,0.01694915254237288,HALLMARK_PANCREAS_BETA_CELLS,6.802394763324311
GOBP_POSITIVE_REGULATION_OF_REACTIVE_OXYGEN_SPECIES_BIOSYNTHETIC_PROCESS,GO:1903428,7,21,False,0.018867924528301886,HALLMARK_IL6_JAK_STAT3_SIGNALING,6.753604599154879
GOBP_REGULATION_OF_CELL_MATURATION,GO:1903429,6,25,False,0.015625,HALLMARK_PI3K_AKT_MTOR_SIGNALING,6.579251212010101
GOBP_LIPOSACCHARIDE_METABOLIC_PROCESS,GO:1903509,4,114,True,0.014492753623188406,HALLMARK_PROTEIN_SECRETION,5.061928588483807
GOBP_ENDOPLASMIC_RETICULUM_TO_CYTOSOL_TRANSPORT,GO:1903513,4,29,True,0.02158273381294964,HALLMARK_UNFOLDED_PROTEIN_RESPONSE,6.430831206891828
GOBP_RELEASE_OF_SEQUESTERED_CALCIUM_ION_INTO_CYTOSOL_BY_ENDOPLASMIC_RETICULUM,GO:1903514,7,44,True,0.025210084033613446,HALLMARK_MYOGENESIS,6.013937402960041
GOBP_REGULATION_OF_BLOOD_CIRCULATION,GO:1903522,5,279,False,0.06208425720620843,HALLMARK_MYOGENESIS,4.166915255056936
GOBP_NEGATIVE_REGULATION_OF_BLOOD_CIRCULATION,GO:1903523,5,26,True,0.01639344262295082,HALLMARK_ANGIOGENESIS,6.54003049885682
GOBP_POSITIVE_REGULATION_OF_BLOOD_CIRCULATION,GO:1903524,5,40,True,0.02127659574468085,HALLMARK_INFLAMMATORY_RESPONSE,6.1092475827643655
GOBP_REGULATION_OF_PROTEIN_TARGETING,GO:1903533,6,79,False,0.01824817518248175,HALLMARK_P53_PATHWAY,5.42867918441128
GOBP_NEGATIVE_REGULATION_OF_TUMOR_NECROSIS_FACTOR_SUPERFAMILY_CYTOKINE_PRODUCTION,GO:1903556,6,84,True,0.02527075812274368,HALLMARK_ALLOGRAFT_REJECTION,5.367310238034988
GOBP_POSITIVE_REGULATION_OF_TUMOR_NECROSIS_FACTOR_SUPERFAMILY_CYTOKINE_PRODUCTION,GO:1903557,6,116,True,0.06397306397306397,HALLMARK_ALLOGRAFT_REJECTION,5.044536845771937
GOBP_NEGATIVE_REGULATION_OF_RESPONSE_TO_ENDOPLASMIC_RETICULUM_STRESS,GO:1903573,5,51,False,0.0379746835443038,HALLMARK_UNFOLDED_PROTEIN_RESPONSE,5.866301404153976
GOBP_NEGATIVE_REGULATION_OF_BLOOD_VESSEL_ENDOTHELIAL_CELL_PROLIFERATION_INVOLVED_IN_SPROUTING_ANGIOGENESIS,GO:1903588,8,26,False,0.012658227848101266,HALLMARK_TGF_BETA_SIGNALING,6.54003049885682
GOBP_POSITIVE_REGULATION_OF_BLOOD_VESSEL_ENDOTHELIAL_CELL_PROLIFERATION_INVOLVED_IN_SPROUTING_ANGIOGENESIS,GO:1903589,8,23,False,0.017241379310344827,HALLMARK_HEDGEHOG_SIGNALING,6.662632820949152
GOBP_POSITIVE_REGULATION_OF_AUTOPHAGY_OF_MITOCHONDRION,GO:1903599,8,27,True,0.013392857142857142,HALLMARK_OXIDATIVE_PHOSPHORYLATION,6.502290170873972
GOBP_REGULATION_OF_SPROUTING_ANGIOGENESIS,GO:1903670,6,70,False,0.024793388429752067,HALLMARK_TGF_BETA_SIGNALING,5.549631794828943
GOBP_NEGATIVE_REGULATION_OF_SPROUTING_ANGIOGENESIS,GO:1903671,7,30,False,0.012048192771084338,HALLMARK_TGF_BETA_SIGNALING,6.396929655216146
GOBP_POSITIVE_REGULATION_OF_SPROUTING_ANGIOGENESIS,GO:1903672,7,31,False,0.024096385542168676,HALLMARK_TGF_BETA_SIGNALING,6.364139832393156
GOBP_NEGATIVE_REGULATION_OF_HEMOPOIESIS,GO:1903707,5,128,True,0.04126984126984127,HALLMARK_ALLOGRAFT_REJECTION,4.946096772958684
GOBP_POSITIVE_REGULATION_OF_HEMOPOIESIS,GO:1903708,5,200,True,0.0958904109589041,HALLMARK_ALLOGRAFT_REJECTION,4.499809670330265
GOBP_REGULATION_OF_AEROBIC_RESPIRATION,GO:1903715,7,31,False,0.015037593984962405,HALLMARK_PEROXISOME,6.364139832393156
GOBP_REGULATION_OF_PHOSPHOLIPID_METABOLIC_PROCESS,GO:1903725,7,37,False,0.034722222222222224,HALLMARK_BILE_ACID_METABOLISM,6.187209124234077
GOBP_REGULATION_OF_ESTABLISHMENT_OF_PROTEIN_LOCALIZATION_TO_MITOCHONDRION,GO:1903747,6,52,True,0.012903225806451613,HALLMARK_PI3K_AKT_MTOR_SIGNALING,5.846883318296874
GOBP_POSITIVE_REGULATION_OF_ESTABLISHMENT_OF_PROTEIN_LOCALIZATION_TO_MITOCHONDRION,GO:1903749,5,37,True,0.014705882352941176,HALLMARK_NOTCH_SIGNALING,6.187209124234077
GOBP_REGULATION_OF_CARDIAC_CONDUCTION,GO:1903779,7,28,False,0.011764705882352941,HALLMARK_UV_RESPONSE_DN,6.465922526703098
GOBP_ORGANIC_ACID_TRANSMEMBRANE_TRANSPORT,GO:1903825,3,159,True,0.03543307086614173,HALLMARK_PEROXISOME,4.72922283465807
GOBP_NEGATIVE_REGULATION_OF_PROTEIN_LOCALIZATION,GO:1903828,4,229,False,0.02386634844868735,HALLMARK_ADIPOGENESIS,4.364405033324062
GOBP_REGULATION_OF_CELLULAR_RESPONSE_TO_TRANSFORMING_GROWTH_FACTOR_BETA_STIMULUS,GO:1903844,5,187,True,0.08071748878923767,HALLMARK_TGF_BETA_SIGNALING,4.567018420023715
GOBP_POSITIVE_REGULATION_OF_CELLULAR_RESPONSE_TO_TRANSFORMING_GROWTH_FACTOR_BETA_STIMULUS,GO:1903846,5,34,True,0.03529411764705882,HALLMARK_TGF_BETA_SIGNALING,6.271766512262141
GOBP_REGULATION_OF_DENDRITE_EXTENSION,GO:1903859,5,26,False,0.012658227848101266,HALLMARK_TGF_BETA_SIGNALING,6.54003049885682
GOBP_POSITIVE_REGULATION_OF_DENDRITE_EXTENSION,GO:1903861,6,22,False,0.013333333333333334,HALLMARK_TGF_BETA_SIGNALING,6.707084583519986
GOBP_REGULATION_OF_VIRAL_LIFE_CYCLE,GO:1903900,4,115,False,0.09844559585492228,HALLMARK_INTERFERON_ALPHA_RESPONSE,5.053194908515052
GOBP_POSITIVE_REGULATION_OF_VIRAL_LIFE_CYCLE,GO:1903902,5,25,False,0.016666666666666666,HALLMARK_INTERFERON_ALPHA_RESPONSE,6.579251212010101
GOBP_REGULATION_OF_GLIAL_CELL_MIGRATION,GO:1903975,6,21,False,0.018433179723502304,HALLMARK_INFLAMMATORY_RESPONSE,6.753604599154879
GOBP_REGULATION_OF_MICROGLIAL_CELL_ACTIVATION,GO:1903978,6,20,False,0.018518518518518517,HALLMARK_INFLAMMATORY_RESPONSE,6.802394763324311
GOBP_POSITIVE_REGULATION_OF_VASCULATURE_DEVELOPMENT,GO:1904018,5,193,True,0.05361930294906166,HALLMARK_INFLAMMATORY_RESPONSE,4.535436847973417
GOBP_EPITHELIAL_CELL_APOPTOTIC_PROCESS,GO:1904019,5,83,False,0.05627705627705628,HALLMARK_APOPTOSIS,5.379286429081704
GOBP_REGULATION_OF_EPITHELIAL_CELL_APOPTOTIC_PROCESS,GO:1904035,6,55,False,0.03260869565217391,HALLMARK_PANCREAS_BETA_CELLS,5.790793851645831
GOBP_NEGATIVE_REGULATION_OF_EPITHELIAL_CELL_APOPTOTIC_PROCESS,GO:1904036,7,28,False,0.030303030303030304,HALLMARK_PANCREAS_BETA_CELLS,6.465922526703098
GOBP_POSITIVE_REGULATION_OF_EPITHELIAL_CELL_APOPTOTIC_PROCESS,GO:1904037,7,21,False,0.02247191011235955,HALLMARK_APOPTOSIS,6.753604599154879
GOBP_NEGATIVE_REGULATION_OF_VASCULAR_ENDOTHELIAL_GROWTH_FACTOR_PRODUCTION,GO:1904046,6,28,False,0.0,,6.465922526703098
GOBP_NEGATIVE_REGULATION_OF_TORC1_SIGNALING,GO:1904262,8,51,False,0.033112582781456956,HALLMARK_PI3K_AKT_MTOR_SIGNALING,5.866301404153976
GOBP_POSITIVE_REGULATION_OF_TORC1_SIGNALING,GO:1904263,8,55,False,0.012658227848101266,HALLMARK_PI3K_AKT_MTOR_SIGNALING,5.790793851645831
GOBP_REGULATION_OF_ERAD_PATHWAY,GO:1904292,6,26,False,0.022058823529411766,HALLMARK_UNFOLDED_PROTEIN_RESPONSE,6.54003049885682
GOBP_REGULATION_OF_TELOMERE_MAINTENANCE_VIA_TELOMERE_LENGTHENING,GO:1904356,8,54,False,0.049586776859504134,HALLMARK_MYC_TARGETS_V1,5.809142990314028
GOBP_NEGATIVE_REGULATION_OF_TELOMERE_MAINTENANCE_VIA_TELOMERE_LENGTHENING,GO:1904357,9,30,False,0.015384615384615385,HALLMARK_HEDGEHOG_SIGNALING,6.396929655216146
GOBP_POSITIVE_REGULATION_OF_TELOMERE_MAINTENANCE_VIA_TELOMERE_LENGTHENING,GO:1904358,9,26,True,0.046296296296296294,HALLMARK_MYC_TARGETS_V1,6.54003049885682
GOBP_REGULATION_OF_PROTEIN_LOCALIZATION_TO_CELL_PERIPHERY,GO:1904375,5,156,False,0.03278688524590164,HALLMARK_PROTEIN_SECRETION,4.748271029628765
GOBP_NEGATIVE_REGULATION_OF_PROTEIN_LOCALIZATION_TO_CELL_PERIPHERY,GO:1904376,5,32,True,0.024,HALLMARK_PROTEIN_SECRETION,6.332391134078575
GOBP_POSITIVE_REGULATION_OF_PROTEIN_LOCALIZATION_TO_CELL_PERIPHERY,GO:1904377,5,78,False,0.02973977695167286,HALLMARK_MITOTIC_SPINDLE,5.44141821018871
GOBP_CELLULAR_RESPONSE_TO_ANGIOTENSIN,GO:1904385,6,39,False,0.01702127659574468,HALLMARK_TNFA_SIGNALING_VIA_NFKB,6.134565390748655
GOBP_POSITIVE_REGULATION_OF_NITRIC_OXIDE_METABOLIC_PROCESS,GO:1904407,6,45,True,0.038135593220338986,HALLMARK_TNFA_SIGNALING_VIA_NFKB,5.991464547107982
GOBP_POSITIVE_REGULATION_OF_CALCIUM_ION_TRANSMEMBRANE_TRANSPORT,GO:1904427,7,72,False,0.034220532319391636,HALLMARK_INFLAMMATORY_RESPONSE,5.521460917862246
GOBP_RESPONSE_TO_AMYLOID_BETA,GO:1904645,4,60,False,0.031746031746031744,HALLMARK_COMPLEMENT,5.703782474656201
GOBP_CELLULAR_RESPONSE_TO_AMYLOID_BETA,GO:1904646,5,49,False,0.026595744680851064,HALLMARK_UV_RESPONSE_DN,5.906306738767675
GOBP_NEGATIVE_REGULATION_OF_VASCULAR_ASSOCIATED_SMOOTH_MUSCLE_CELL_PROLIFERATION,GO:1904706,7,43,False,0.020689655172413793,HALLMARK_PI3K_AKT_MTOR_SIGNALING,6.036926921184739
GOBP_POSITIVE_REGULATION_OF_VASCULAR_ASSOCIATED_SMOOTH_MUSCLE_CELL_PROLIFERATION,GO:1904707,7,53,False,0.020161290322580645,HALLMARK_APICAL_JUNCTION,5.82783512332618
GOBP_VASCULAR_ASSOCIATED_SMOOTH_MUSCLE_CELL_MIGRATION,GO:1904738,6,54,True,0.012738853503184714,HALLMARK_PI3K_AKT_MTOR_SIGNALING,5.809142990314028
GOBP_NEGATIVE_REGULATION_OF_VASCULAR_ASSOCIATED_SMOOTH_MUSCLE_CELL_MIGRATION,GO:1904753,8,26,False,0.01639344262295082,HALLMARK_HEDGEHOG_SIGNALING,6.54003049885682
GOBP_POSITIVE_REGULATION_OF_VASCULAR_ASSOCIATED_SMOOTH_MUSCLE_CELL_MIGRATION,GO:1904754,8,27,False,0.0125,HALLMARK_TGF_BETA_SIGNALING,6.502290170873972
GOBP_EXCITATORY_SYNAPSE_ASSEMBLY,GO:1904861,7,43,False,0.013513513513513514,HALLMARK_NOTCH_SIGNALING,6.036926921184739
GOBP_INHIBITORY_SYNAPSE_ASSEMBLY,GO:1904862,7,29,False,0.016666666666666666,HALLMARK_NOTCH_SIGNALING,6.430831206891828
GOBP_CRANIAL_SKELETAL_SYSTEM_DEVELOPMENT,GO:1904888,3,73,False,0.040983606557377046,HALLMARK_TGF_BETA_SIGNALING,5.50766759572991
GOBP_REGULATION_OF_EXCITATORY_SYNAPSE_ASSEMBLY,GO:1904889,7,21,False,0.017857142857142856,HALLMARK_ANGIOGENESIS,6.753604599154879
GOBP_REGULATION_OF_RECEPTOR_SIGNALING_PATHWAY_VIA_STAT,GO:1904892,5,99,False,0.056818181818181816,HALLMARK_IL6_JAK_STAT3_SIGNALING,5.2030071867437115
GOBP_NEGATIVE_REGULATION_OF_RECEPTOR_SIGNALING_PATHWAY_VIA_STAT,GO:1904893,6,37,False,0.024793388429752067,HALLMARK_IL6_JAK_STAT3_SIGNALING,6.187209124234077
GOBP_POSITIVE_REGULATION_OF_RECEPTOR_SIGNALING_PATHWAY_VIA_STAT,GO:1904894,6,49,True,0.046153846153846156,HALLMARK_IL6_JAK_STAT3_SIGNALING,5.906306738767675
GOBP_NEGATIVE_REGULATION_OF_ESTABLISHMENT_OF_PROTEIN_LOCALIZATION,GO:1904950,4,144,True,0.026865671641791045,HALLMARK_ADIPOGENESIS,4.8283137373023015
GOBP_REGULATION_OF_LEUKOCYTE_ADHESION_TO_VASCULAR_ENDOTHELIAL_CELL,GO:1904994,7,39,False,0.03017241379310345,HALLMARK_ALLOGRAFT_REJECTION,6.134565390748655
GOBP_POSITIVE_REGULATION_OF_LEUKOCYTE_ADHESION_TO_VASCULAR_ENDOTHELIAL_CELL,GO:1904996,8,24,False,0.03225806451612903,HALLMARK_ALLOGRAFT_REJECTION,6.620073206530356
GOBP_AUTOPHAGOSOME_ORGANIZATION,GO:1905037,6,133,True,0.017777777777777778,HALLMARK_PROTEIN_SECRETION,4.907777908656548
GOBP_REGULATION_OF_MEMBRANE_LIPID_METABOLIC_PROCESS,GO:1905038,7,22,False,0.018691588785046728,HALLMARK_IL6_JAK_STAT3_SIGNALING,6.707084583519986
GOBP_REGULATION_OF_VASCULAR_ASSOCIATED_SMOOTH_MUSCLE_CELL_DIFFERENTIATION,GO:1905063,7,25,False,0.016666666666666666,HALLMARK_HEDGEHOG_SIGNALING,6.579251212010101
GOBP_RESPONSE_TO_ACETYLCHOLINE,GO:1905144,4,52,True,0.024390243902439025,HALLMARK_MYOGENESIS,5.846883318296874
GOBP_POSITIVE_REGULATION_OF_DOUBLE_STRAND_BREAK_REPAIR_VIA_HOMOLOGOUS_RECOMBINATION,GO:1905168,7,43,False,0.016736401673640166,HALLMARK_E2F_TARGETS,6.036926921184739
GOBP_REGULATION_OF_CARDIOCYTE_DIFFERENTIATION,GO:1905207,5,33,False,0.056338028169014086,HALLMARK_WNT_BETA_CATENIN_SIGNALING,6.3016194754118215
GOBP_REGULATION_OF_MODIFICATION_OF_SYNAPTIC_STRUCTURE,GO:1905244,6,20,False,0.01818181818181818,HALLMARK_HEDGEHOG_SIGNALING,6.802394763324311
GOBP_SEMI_LUNAR_VALVE_DEVELOPMENT,GO:1905314,4,49,True,0.07058823529411765,HALLMARK_WNT_BETA_CATENIN_SIGNALING,5.906306738767675
GOBP_REGULATION_OF_MORPHOGENESIS_OF_AN_EPITHELIUM,GO:1905330,5,69,False,0.03065134099616858,HALLMARK_EPITHELIAL_MESENCHYMAL_TRANSITION,5.5640205322810425
GOBP_POSITIVE_REGULATION_OF_MORPHOGENESIS_OF_AN_EPITHELIUM,GO:1905332,5,38,False,0.033707865168539325,HALLMARK_TGF_BETA_SIGNALING,6.160540877151916
GOBP_REGULATION_OF_PROTEIN_LOCALIZATION_TO_MEMBRANE,GO:1905475,5,203,False,0.03103448275862069,HALLMARK_PROTEIN_SECRETION,4.484921057836514
GOBP_NEGATIVE_REGULATION_OF_PROTEIN_LOCALIZATION_TO_MEMBRANE,GO:1905476,5,39,False,0.022727272727272728,HALLMARK_PROTEIN_SECRETION,6.134565390748655
GOBP_POSITIVE_REGULATION_OF_PROTEIN_LOCALIZATION_TO_MEMBRANE,GO:1905477,5,111,False,0.026402640264026403,HALLMARK_APICAL_JUNCTION,5.088596835565967
GOBP_PROTEIN_LOCALIZATION_TO_MICROTUBULE_ORGANIZING_CENTER,GO:1905508,7,38,True,0.05333333333333334,HALLMARK_MITOTIC_SPINDLE,6.160540877151916
GOBP_NON_MOTILE_CILIUM_ASSEMBLY,GO:1905515,7,67,False,0.02702702702702703,HALLMARK_MITOTIC_SPINDLE,5.593434417487336
GOBP_MACROPHAGE_MIGRATION,GO:1905517,4,62,False,0.03968253968253968,HALLMARK_INFLAMMATORY_RESPONSE,5.6709926518332106
GOBP_REGULATION_OF_MACROPHAGE_MIGRATION,GO:1905521,6,48,False,0.04201680672268908,HALLMARK_INFLAMMATORY_RESPONSE,5.926926025970411
GOBP_POSITIVE_REGULATION_OF_MACROPHAGE_MIGRATION,GO:1905523,7,28,False,0.045871559633027525,HALLMARK_INFLAMMATORY_RESPONSE,6.465922526703098
GOBP_NEGATIVE_REGULATION_OF_VASCULAR_ENDOTHELIAL_CELL_PROLIFERATION,GO:1905563,8,25,False,0.01020408163265306,HALLMARK_CHOLESTEROL_HOMEOSTASIS,6.579251212010101
GOBP_POSITIVE_REGULATION_OF_VASCULAR_ENDOTHELIAL_CELL_PROLIFERATION,GO:1905564,8,27,False,0.017857142857142856,HALLMARK_IL6_JAK_STAT3_SIGNALING,6.502290170873972
GOBP_NEGATIVE_REGULATION_OF_MEMBRANE_PERMEABILITY,GO:1905709,4,23,True,0.0182648401826484,HALLMARK_OXIDATIVE_PHOSPHORYLATION,6.662632820949152
GOBP_POSITIVE_REGULATION_OF_MEMBRANE_PERMEABILITY,GO:1905710,4,50,False,0.03940886699507389,HALLMARK_APOPTOSIS,5.886104031450156
GOBP_POSITIVE_REGULATION_OF_CHROMOSOME_SEPARATION,GO:1905820,7,32,False,0.04504504504504504,HALLMARK_G2M_CHECKPOINT,6.332391134078575
GOBP_REGULATION_OF_POSTSYNAPTIC_DENSITY_ORGANIZATION,GO:1905874,6,21,False,0.017857142857142856,HALLMARK_ANGIOGENESIS,6.753604599154879
GOBP_REGULATION_OF_RESPONSE_TO_ENDOPLASMIC_RETICULUM_STRESS,GO:1905897,5,95,False,0.04522613065326633,HALLMARK_UNFOLDED_PROTEIN_RESPONSE,5.244250145277761
GOBP_POSITIVE_REGULATION_OF_RESPONSE_TO_ENDOPLASMIC_RETICULUM_STRESS,GO:1905898,5,41,False,0.035897435897435895,HALLMARK_APOPTOSIS,6.084554970173994
GOBP_REGULATION_OF_LIPID_LOCALIZATION,GO:1905952,4,185,False,0.042105263157894736,HALLMARK_BILE_ACID_METABOLISM,4.577771211799977
GOBP_NEGATIVE_REGULATION_OF_LIPID_LOCALIZATION,GO:1905953,4,69,False,0.033112582781456956,HALLMARK_IL6_JAK_STAT3_SIGNALING,5.5640205322810425
GOBP_POSITIVE_REGULATION_OF_LIPID_LOCALIZATION,GO:1905954,4,107,False,0.052884615384615384,HALLMARK_BILE_ACID_METABOLISM,5.1252982024163956
GOBP_AMYLOID_FIBRIL_FORMATION,GO:1990000,5,45,False,0.020833333333333332,HALLMARK_MYOGENESIS,5.991464547107982
GOBP_RESPONSE_TO_NERVE_GROWTH_FACTOR,GO:1990089,4,52,True,0.026143790849673203,HALLMARK_PI3K_AKT_MTOR_SIGNALING,5.846883318296874
GOBP_NEURON_PROJECTION_EXTENSION,GO:1990138,4,171,False,0.035,HALLMARK_HEDGEHOG_SIGNALING,4.656463480375642
GOBP_NEUTROPHIL_MIGRATION,GO:1990266,5,106,False,0.04891304347826087,HALLMARK_IL6_JAK_STAT3_SIGNALING,5.134687942766234
GOBP_EMBRYONIC_BRAIN_DEVELOPMENT,GO:1990403,5,20,False,0.03333333333333333,HALLMARK_WNT_BETA_CATENIN_SIGNALING,6.802394763324311
GOBP_MITOCHONDRIAL_TRANSMEMBRANE_TRANSPORT,GO:1990542,3,104,False,0.06293706293706294,HALLMARK_OXIDATIVE_PHOSPHORYLATION,5.153736137736929
GOBP_POTASSIUM_ION_IMPORT_ACROSS_PLASMA_MEMBRANE,GO:1990573,6,52,False,0.012048192771084338,HALLMARK_APICAL_JUNCTION,5.846883318296874
GOBP_RESPONSE_TO_ANGIOTENSIN,GO:1990776,5,46,False,0.02702702702702703,HALLMARK_UV_RESPONSE_DN,5.969485640389206
GOBP_LIGAND_GATED_ION_CHANNEL_SIGNALING_PATHWAY,GO:1990806,3,46,False,0.012345679012345678,HALLMARK_HEDGEHOG_SIGNALING,5.969485640389206
GOBP_RESPONSE_TO_LEUKEMIA_INHIBITORY_FACTOR,GO:1990823,5,112,True,0.0196078431372549,HALLMARK_TNFA_SIGNALING_VIA_NFKB,5.079628165583207
GOBP_RESPONSE_TO_LECTIN,GO:1990840,3,23,True,0.0182648401826484,HALLMARK_ALLOGRAFT_REJECTION,6.662632820949152
GOBP_ADAPTIVE_THERMOGENESIS,GO:1990845,3,169,True,0.03943661971830986,HALLMARK_ADIPOGENESIS,4.668228321955228
GOBP_VACUOLAR_LOCALIZATION,GO:1990849,3,90,True,0.017543859649122806,HALLMARK_COMPLEMENT,5.298317366548036
GOBP_RESPONSE_TO_CHEMOKINE,GO:1990868,5,93,True,0.06159420289855073,HALLMARK_INFLAMMATORY_RESPONSE,5.265527543725046
GOBP_VASCULAR_ASSOCIATED_SMOOTH_MUSCLE_CELL_PROLIFERATION,GO:1990874,5,97,True,0.03614457831325301,HALLMARK_APOPTOSIS,5.2234160583749185
GOBP_RESPONSE_TO_AMINO_ACID_STARVATION,GO:1990928,4,56,True,0.024242424242424242,HALLMARK_UNFOLDED_PROTEIN_RESPONSE,5.772775346143153
GOBP_REGULATION_OF_DNA_DAMAGE_CHECKPOINT,GO:2000001,5,23,False,0.022935779816513763,HALLMARK_G2M_CHECKPOINT,6.662632820949152
GOBP_REGULATION_OF_PROTEIN_LOCALIZATION_TO_CELL_SURFACE,GO:2000008,5,43,False,0.017391304347826087,HALLMARK_CHOLESTEROL_HOMEOSTASIS,6.036926921184739
GOBP_POSITIVE_REGULATION_OF_PROTEIN_LOCALIZATION_TO_CELL_SURFACE,GO:2000010,5,23,False,0.01639344262295082,HALLMARK_ANDROGEN_RESPONSE,6.662632820949152
GOBP_REGULATION_OF_ANIMAL_ORGAN_MORPHOGENESIS,GO:2000027,5,84,False,0.03759398496240601,HALLMARK_TGF_BETA_SIGNALING,5.367310238034988
GOBP_REGULATION_OF_STEM_CELL_POPULATION_MAINTENANCE,GO:2000036,4,75,False,0.02631578947368421,HALLMARK_WNT_BETA_CATENIN_SIGNALING,5.480638923341991
GOBP_NEGATIVE_REGULATION_OF_DOUBLE_STRAND_BREAK_REPAIR_VIA_HOMOLOGOUS_RECOMBINATION,GO:2000042,7,26,False,0.018018018018018018,HALLMARK_G2M_CHECKPOINT,6.54003049885682
GOBP_REGULATION_OF_CELL_CELL_ADHESION_MEDIATED_BY_CADHERIN,GO:2000047,6,23,False,0.04054054054054054,HALLMARK_TGF_BETA_SIGNALING,6.662632820949152
GOBP_REGULATION_OF_NON_CANONICAL_WNT_SIGNALING_PATHWAY,GO:2000050,6,26,False,0.0625,HALLMARK_WNT_BETA_CATENIN_SIGNALING,6.54003049885682
GOBP_REGULATION_OF_UBIQUITIN_DEPENDENT_PROTEIN_CATABOLIC_PROCESS,GO:2000058,6,176,False,0.025547445255474453,HALLMARK_PI3K_AKT_MTOR_SIGNALING,4.62764304184015
GOBP_NEGATIVE_REGULATION_OF_UBIQUITIN_DEPENDENT_PROTEIN_CATABOLIC_PROCESS,GO:2000059,7,58,False,0.021739130434782608,HALLMARK_HEDGEHOG_SIGNALING,5.737684026331882
GOBP_POSITIVE_REGULATION_OF_UBIQUITIN_DEPENDENT_PROTEIN_CATABOLIC_PROCESS,GO:2000060,7,108,False,0.02403846153846154,HALLMARK_PI3K_AKT_MTOR_SIGNALING,5.115995809754082
GOBP_REGULATION_OF_LEUKOCYTE_APOPTOTIC_PROCESS,GO:2000106,6,98,False,0.053003533568904596,HALLMARK_ALLOGRAFT_REJECTION,5.21315955820773
GOBP_NEGATIVE_REGULATION_OF_LEUKOCYTE_APOPTOTIC_PROCESS,GO:2000107,7,59,False,0.040160642570281124,HALLMARK_ALLOGRAFT_REJECTION,5.7205895929725825
GOBP_POSITIVE_REGULATION_OF_LEUKOCYTE_APOPTOTIC_PROCESS,GO:2000108,7,33,False,0.0273972602739726,HALLMARK_WNT_BETA_CATENIN_SIGNALING,6.3016194754118215
GOBP_REGULATION_OF_DNA_TEMPLATED_TRANSCRIPTION_INITIATION,GO:2000142,9,83,True,0.035555555555555556,HALLMARK_DNA_REPAIR,5.379286429081704
GOBP_POSITIVE_REGULATION_OF_DNA_TEMPLATED_TRANSCRIPTION_INITIATION,GO:2000144,10,72,True,0.037383177570093455,HALLMARK_DNA_REPAIR,5.521460917862246
GOBP_REGULATION_OF_NEURAL_PRECURSOR_CELL_PROLIFERATION,GO:2000177,5,96,False,0.0313588850174216,HALLMARK_EPITHELIAL_MESENCHYMAL_TRANSITION,5.233778845410465
GOBP_NEGATIVE_REGULATION_OF_NEURAL_PRECURSOR_CELL_PROLIFERATION,GO:2000178,6,28,False,0.01694915254237288,HALLMARK_NOTCH_SIGNALING,6.465922526703098
GOBP_POSITIVE_REGULATION_OF_NEURAL_PRECURSOR_CELL_PROLIFERATION,GO:2000179,6,54,False,0.034482758620689655,HALLMARK_HEDGEHOG_SIGNALING,5.809142990314028
GOBP_REGULATION_OF_FATTY_ACID_TRANSPORT,GO:2000191,6,31,False,0.03278688524590164,HALLMARK_FATTY_ACID_METABOLISM,6.364139832393156
GOBP_POSITIVE_REGULATION_OF_FATTY_ACID_TRANSPORT,GO:2000193,6,21,False,0.022857142857142857,HALLMARK_FATTY_ACID_METABOLISM,6.753604599154879
GOBP_REGULATION_OF_ANOIKIS,GO:2000209,6,26,False,0.02185792349726776,HALLMARK_APOPTOSIS,6.54003049885682
GOBP_REGULATION_OF_REPRODUCTIVE_PROCESS,GO:2000241,3,206,False,0.022670025188916875,HALLMARK_G2M_CHECKPOINT,4.470250868088721
GOBP_NEGATIVE_REGULATION_OF_REPRODUCTIVE_PROCESS,GO:2000242,4,78,False,0.021367521367521368,HALLMARK_APOPTOSIS,5.44141821018871
GOBP_POSITIVE_REGULATION_OF_REPRODUCTIVE_PROCESS,GO:2000243,4,88,False,0.024793388429752067,HALLMARK_HEDGEHOG_SIGNALING,5.320790222400095
GOBP_REGULATION_OF_FIBROBLAST_APOPTOTIC_PROCESS,GO:2000269,6,21,False,0.018433179723502304,HALLMARK_P53_PATHWAY,6.753604599154879
GOBP_REGULATION_OF_DNA_BIOSYNTHETIC_PROCESS,GO:2000278,7,88,False,0.058823529411764705,HALLMARK_MYC_TARGETS_V1,5.320790222400095
GOBP_NEGATIVE_REGULATION_OF_DNA_BIOSYNTHETIC_PROCESS,GO:2000279,8,31,False,0.015151515151515152,HALLMARK_HEDGEHOG_SIGNALING,6.364139832393156
GOBP_REGULATION_OF_MYOBLAST_PROLIFERATION,GO:2000291,5,27,False,0.029850746268656716,HALLMARK_WNT_BETA_CATENIN_SIGNALING,6.502290170873972
GOBP_REGULATION_OF_SYNAPTIC_VESICLE_EXOCYTOSIS,GO:2000300,6,51,False,0.011111111111111112,HALLMARK_PANCREAS_BETA_CELLS,5.866301404153976
GOBP_REGULATION_OF_T_HELPER_17_TYPE_IMMUNE_RESPONSE,GO:2000316,7,39,False,0.02575107296137339,HALLMARK_TNFA_SIGNALING_VIA_NFKB,6.134565390748655
GOBP_POSITIVE_REGULATION_OF_T_HELPER_17_TYPE_IMMUNE_RESPONSE,GO:2000318,8,20,False,0.01904761904761905,HALLMARK_IL6_JAK_STAT3_SIGNALING,6.802394763324311
GOBP_REGULATION_OF_T_HELPER_17_CELL_DIFFERENTIATION,GO:2000319,6,29,False,0.026905829596412557,HALLMARK_TNFA_SIGNALING_VIA_NFKB,6.430831206891828
GOBP_NEGATIVE_REGULATION_OF_ENDOTHELIAL_CELL_APOPTOTIC_PROCESS,GO:2000352,7,39,False,0.023121387283236993,HALLMARK_COAGULATION,6.134565390748655
GOBP_POSITIVE_REGULATION_OF_ENDOTHELIAL_CELL_APOPTOTIC_PROCESS,GO:2000353,7,29,False,0.026905829596412557,HALLMARK_ALLOGRAFT_REJECTION,6.430831206891828
GOBP_REGULATION_OF_REACTIVE_OXYGEN_SPECIES_METABOLIC_PROCESS,GO:2000377,5,149,False,0.0472972972972973,HALLMARK_APOPTOSIS,4.794180730932842
GOBP_NEGATIVE_REGULATION_OF_REACTIVE_OXYGEN_SPECIES_METABOLIC_PROCESS,GO:2000378,6,43,False,0.016853932584269662,HALLMARK_COAGULATION,6.036926921184739
GOBP_POSITIVE_REGULATION_OF_REACTIVE_OXYGEN_SPECIES_METABOLIC_PROCESS,GO:2000379,6,71,False,0.04035874439461883,HALLMARK_APOPTOSIS,5.535447159836986
GOBP_REGULATION_OF_LYMPHOCYTE_MIGRATION,GO:2000401,6,72,False,0.032467532467532464,HALLMARK_IL6_JAK_STAT3_SIGNALING,5.521460917862246
GOBP_POSITIVE_REGULATION_OF_LYMPHOCYTE_MIGRATION,GO:2000403,7,44,False,0.03968253968253968,HALLMARK_IL6_JAK_STAT3_SIGNALING,6.013937402960041
GOBP_REGULATION_OF_T_CELL_MIGRATION,GO:2000404,7,52,False,0.02962962962962963,HALLMARK_IL6_JAK_STAT3_SIGNALING,5.846883318296874
GOBP_POSITIVE_REGULATION_OF_T_CELL_MIGRATION,GO:2000406,8,37,False,0.03333333333333333,HALLMARK_IL6_JAK_STAT3_SIGNALING,6.187209124234077
GOBP_REGULATION_OF_PROTEIN_NEDDYLATION,GO:2000434,10,20,False,0.009174311926605505,HALLMARK_ALLOGRAFT_REJECTION,6.802394763324311
GOBP_POSITIVE_REGULATION_OF_EXCITATORY_POSTSYNAPTIC_POTENTIAL,GO:2000463,5,33,False,0.017467248908296942,HALLMARK_APICAL_JUNCTION,6.3016194754118215
GOBP_REGULATION_OF_CD4_POSITIVE_ALPHA_BETA_T_CELL_ACTIVATION,GO:2000514,8,86,False,0.07518796992481203,HALLMARK_ALLOGRAFT_REJECTION,5.343779740624794
GOBP_NEGATIVE_REGULATION_OF_CD4_POSITIVE_ALPHA_BETA_T_CELL_ACTIVATION,GO:2000515,9,37,False,0.017167381974248927,HALLMARK_TNFA_SIGNALING_VIA_NFKB,6.187209124234077
GOBP_POSITIVE_REGULATION_OF_CD4_POSITIVE_ALPHA_BETA_T_CELL_ACTIVATION,GO:2000516,9,49,False,0.07327586206896551,HALLMARK_ALLOGRAFT_REJECTION,5.906306738767675
GOBP_POSITIVE_REGULATION_OF_DNA_BIOSYNTHETIC_PROCESS,GO:2000573,8,46,False,0.055793991416309016,HALLMARK_MYC_TARGETS_V1,5.969485640389206
GOBP_REGULATION_OF_MIRNA_METABOLIC_PROCESS,GO:2000628,7,92,False,0.050359712230215826,HALLMARK_TNFA_SIGNALING_VIA_NFKB,5.276338459829262
GOBP_NEGATIVE_REGULATION_OF_MIRNA_METABOLIC_PROCESS,GO:2000629,8,29,True,0.0375,HALLMARK_TGF_BETA_SIGNALING,6.430831206891828
GOBP_POSITIVE_REGULATION_OF_MIRNA_METABOLIC_PROCESS,GO:2000630,8,67,False,0.05217391304347826,HALLMARK_TGF_BETA_SIGNALING,5.593434417487336
GOBP_NEGATIVE_REGULATION_OF_STEM_CELL_PROLIFERATION,GO:2000647,6,28,False,0.04477611940298507,HALLMARK_WNT_BETA_CATENIN_SIGNALING,6.465922526703098
GOBP_POSITIVE_REGULATION_OF_STEM_CELL_PROLIFERATION,GO:2000648,6,55,False,0.02830188679245283,HALLMARK_TGF_BETA_SIGNALING,5.790793851645831
GOBP_REGULATION_OF_TRANSCRIPTION_REGULATORY_REGION_DNA_BINDING,GO:2000677,5,25,False,0.016666666666666666,HALLMARK_HEDGEHOG_SIGNALING,6.579251212010101
GOBP_REGULATION_OF_CARDIAC_MUSCLE_CELL_DIFFERENTIATION,GO:2000725,6,22,False,0.058823529411764705,HALLMARK_NOTCH_SIGNALING,6.707084583519986
GOBP_REGULATION_OF_STEM_CELL_DIFFERENTIATION,GO:2000736,5,86,False,0.03508771929824561,HALLMARK_NOTCH_SIGNALING,5.343779740624794
GOBP_NEGATIVE_REGULATION_OF_STEM_CELL_DIFFERENTIATION,GO:2000737,6,26,False,0.05454545454545454,HALLMARK_NOTCH_SIGNALING,6.54003049885682
GOBP_POSITIVE_REGULATION_OF_STEM_CELL_DIFFERENTIATION,GO:2000738,6,23,False,0.00904977375565611,HALLMARK_KRAS_SIGNALING_DN,6.662632820949152
GOBP_REGULATION_OF_CYTOPLASMIC_TRANSLATION,GO:2000765,8,38,False,0.02145922746781116,HALLMARK_MYC_TARGETS_V1,6.160540877151916
GOBP_REGULATION_OF_CELLULAR_SENESCENCE,GO:2000772,4,56,False,0.020833333333333332,HALLMARK_WNT_BETA_CATENIN_SIGNALING,5.772775346143153
GOBP_NEGATIVE_REGULATION_OF_CELLULAR_SENESCENCE,GO:2000773,5,26,False,0.01639344262295082,HALLMARK_HEDGEHOG_SIGNALING,6.54003049885682
GOBP_REGULATION_OF_DOUBLE_STRAND_BREAK_REPAIR,GO:2000779,6,148,False,0.032640949554896145,HALLMARK_E2F_TARGETS,4.800914763114187
GOBP_POSITIVE_REGULATION_OF_DOUBLE_STRAND_BREAK_REPAIR,GO:2000781,6,98,False,0.024054982817869417,HALLMARK_E2F_TARGETS,5.21315955820773
GOBP_REGULATION_OF_AUTOPHAGOSOME_ASSEMBLY,GO:2000785,6,49,False,0.013986013986013986,HALLMARK_PROTEIN_SECRETION,5.906306738767675
GOBP_POSITIVE_REGULATION_OF_AUTOPHAGOSOME_ASSEMBLY,GO:2000786,7,20,False,0.008064516129032258,HALLMARK_PI3K_AKT_MTOR_SIGNALING,6.802394763324311
GOBP_REGULATION_OF_BICELLULAR_TIGHT_JUNCTION_ASSEMBLY,GO:2000810,6,26,False,0.018018018018018018,HALLMARK_IL6_JAK_STAT3_SIGNALING,6.54003049885682
GOBP_REGULATION_OF_NUCLEOTIDE_EXCISION_REPAIR,GO:2000819,6,29,False,0.011299435028248588,HALLMARK_DNA_REPAIR,6.430831206891828
GOBP_REGULATION_OF_STEROID_HORMONE_SECRETION,GO:2000831,5,25,False,0.016666666666666666,HALLMARK_ANGIOGENESIS,6.579251212010101
GOBP_REGULATION_OF_SKELETAL_MUSCLE_CELL_DIFFERENTIATION,GO:2001014,5,23,False,0.00904977375565611,HALLMARK_MYOGENESIS,6.662632820949152
GOBP_REGULATION_OF_ENDOTHELIAL_CELL_CHEMOTAXIS,GO:2001026,5,24,False,0.034482758620689655,HALLMARK_ANGIOGENESIS,6.620073206530356
GOBP_REGULATION_OF_DOUBLE_STRAND_BREAK_REPAIR_VIA_NONHOMOLOGOUS_END_JOINING,GO:2001032,7,31,False,0.013157894736842105,HALLMARK_E2F_TARGETS,6.364139832393156
GOBP_REGULATION_OF_INTEGRIN_MEDIATED_SIGNALING_PATHWAY,GO:2001044,5,24,False,0.034482758620689655,HALLMARK_ANGIOGENESIS,6.620073206530356
GOBP_REACTIVE_NITROGEN_SPECIES_METABOLIC_PROCESS,GO:2001057,3,91,True,0.046762589928057555,HALLMARK_ALLOGRAFT_REJECTION,5.287267530361452
GOBP_REGULATION_OF_ENDOCYTIC_RECYCLING,GO:2001135,5,22,False,0.00909090909090909,HALLMARK_COMPLEMENT,6.707084583519986
GOBP_REGULATION_OF_ATP_BIOSYNTHETIC_PROCESS,GO:2001169,8,21,False,0.009345794392523364,HALLMARK_IL6_JAK_STAT3_SIGNALING,6.753604599154879
GOBP_REGULATION_OF_CD8_POSITIVE_ALPHA_BETA_T_CELL_ACTIVATION,GO:2001185,8,20,False,0.023255813953488372,HALLMARK_INTERFERON_GAMMA_RESPONSE,6.802394763324311
GOBP_REGULATION_OF_NEURON_MIGRATION,GO:2001222,6,53,False,0.03488372093023256,HALLMARK_HEDGEHOG_SIGNALING,5.82783512332618
GOBP_NEGATIVE_REGULATION_OF_APOPTOTIC_SIGNALING_PATHWAY,GO:2001234,6,244,False,0.06860158311345646,HALLMARK_APOPTOSIS,4.3009588115851
GOBP_POSITIVE_REGULATION_OF_APOPTOTIC_SIGNALING_PATHWAY,GO:2001235,6,154,False,0.08247422680412371,HALLMARK_APOPTOSIS,4.761174434464673
GOBP_REGULATION_OF_EXTRINSIC_APOPTOTIC_SIGNALING_PATHWAY,GO:2001236,6,167,False,0.08970099667774087,HALLMARK_APOPTOSIS,4.680133224461547
GOBP_NEGATIVE_REGULATION_OF_EXTRINSIC_APOPTOTIC_SIGNALING_PATHWAY,GO:2001237,7,103,False,0.060240963855421686,HALLMARK_APOPTOSIS,5.163398048648666
GOBP_POSITIVE_REGULATION_OF_EXTRINSIC_APOPTOTIC_SIGNALING_PATHWAY,GO:2001238,7,59,False,0.06280193236714976,HALLMARK_APOPTOSIS,5.7205895929725825
GOBP_REGULATION_OF_EXTRINSIC_APOPTOTIC_SIGNALING_PATHWAY_IN_ABSENCE_OF_LIGAND,GO:2001239,7,48,False,0.038461538461538464,HALLMARK_IL6_JAK_STAT3_SIGNALING,5.926926025970411
GOBP_REGULATION_OF_INTRINSIC_APOPTOTIC_SIGNALING_PATHWAY,GO:2001242,6,194,False,0.05970149253731343,HALLMARK_APOPTOSIS,4.530268877814973
GOBP_NEGATIVE_REGULATION_OF_INTRINSIC_APOPTOTIC_SIGNALING_PATHWAY,GO:2001243,7,114,False,0.03383458646616541,HALLMARK_APOPTOSIS,5.061928588483807
GOBP_POSITIVE_REGULATION_OF_INTRINSIC_APOPTOTIC_SIGNALING_PATHWAY,GO:2001244,7,68,False,0.05045871559633028,HALLMARK_APOPTOSIS,5.578619331702195
GOBP_NEGATIVE_REGULATION_OF_CHROMOSOME_ORGANIZATION,GO:2001251,7,97,False,0.0683453237410072,HALLMARK_G2M_CHECKPOINT,5.2234160583749185
GOBP_POSITIVE_REGULATION_OF_CHROMOSOME_ORGANIZATION,GO:2001252,7,105,False,0.048109965635738834,HALLMARK_G2M_CHECKPOINT,5.144166686720778
GOBP_REGULATION_OF_CATION_CHANNEL_ACTIVITY,GO:2001257,6,55,False,0.01593625498007968,HALLMARK_COMPLEMENT,5.790793851645831
GOBP_NEGATIVE_REGULATION_OF_CATION_CHANNEL_ACTIVITY,GO:2001258,6,20,False,0.009174311926605505,HALLMARK_COMPLEMENT,6.802394763324311
GOBP_POSITIVE_REGULATION_OF_CATION_CHANNEL_ACTIVITY,GO:2001259,6,28,False,0.008849557522123894,HALLMARK_MYOGENESIS,6.465922526703098
