physical_unit_id	source_id	dataset_id	opaque_patient_id	technical_eligibility	technical_reasons	technical_row_hash
006::GSE238264::section::HCC1R	006_GSE238264	GSE238264	GSE238264::HCC1	eligible		2c0748d5b580acbb5a72ad6c0a81ca5c129ece03a4c6fb9aac0fcb29c2d12094
006::GSE238264::section::HCC2R	006_GSE238264	GSE238264	GSE238264::HCC2	eligible		2610d87c179d95995992b4d1c9e0f07a41c951036ae28149d24e3a7060af3d5e
006::GSE238264::section::HCC3R	006_GSE238264	GSE238264	GSE238264::HCC3	eligible		36e85310c64beb6e09938fd28b50d46940a499cf48f970e8b8331db0153c9ea4
006::GSE238264::section::HCC4R	006_GSE238264	GSE238264	GSE238264::HCC4	eligible		715ec7ef5e7dd2ce62eba9a114bae85334681b2e7e547e88e14050a6ec82fac0
006::GSE238264::section::HCC5NR	006_GSE238264	GSE238264	GSE238264::HCC5	eligible		71b6d1b5154c2634309b7fed04b7d48b6caa0ea3afecb0459e5fdd5091eced9e
006::GSE238264::section::HCC6NR	006_GSE238264	GSE238264	GSE238264::HCC6	eligible		7e88e9d789353e4b024a876284f62e428ddeca4fd5c2f2a5555399954ed76d91
006::GSE238264::section::HCC7NR	006_GSE238264	GSE238264	GSE238264::HCC7	eligible		c510c8e318bdafaa5ef20b2ce1713627b03fdf66c57596f5b36020167f6e13c9
006::GSE291246::section::su001_Post_Node_1_rep_1	006_GSE291246	GSE291246	GSE291246::su001	ineligible	counts_not_technically_available|observation_count_unavailable	36212d07e3112939c86515d9f2002d7f4620699ac2a2960fab2441fdc5ed129b
006::GSE291246::section::su001_Post_Node_1_rep_2	006_GSE291246	GSE291246	GSE291246::su001	ineligible	counts_not_technically_available|observation_count_unavailable	d67045f0e48bdc4fd72cbdbc590a46e5026f42c9a84b3acc077794952655f149
006::GSE291246::section::su001_Post_Peri_1_rep_1	006_GSE291246	GSE291246	GSE291246::su001	ineligible	counts_not_technically_available|observation_count_unavailable	52533091980aec276bad5e60a78a37ef177508e70d46d695e1b7b3c9e41aafb1
006::GSE291246::section::su001_Post_Peri_1_rep_2	006_GSE291246	GSE291246	GSE291246::su001	ineligible	counts_not_technically_available|observation_count_unavailable	7d1c9cc1f2120fb5d0885f30e3b394305fe1d241bf43e6d9e2a698395fa0be5d
006::GSE291246::section::su001_Post_Tumor_1_rep_1	006_GSE291246	GSE291246	GSE291246::su001	eligible		3cdf580ccdc0fd407c97f70acb5aa43a13e2cd555de855460de16631962a6e09
006::GSE291246::section::su001_Post_Tumor_1_rep_2	006_GSE291246	GSE291246	GSE291246::su001	eligible		2ab74f68d1c668e405653f5c229d04dc28942bb558721f6d9015d2ba44210c1b
006::GSE291246::section::su001_Post_Tumor_2_rep_1	006_GSE291246	GSE291246	GSE291246::su001	ineligible	counts_not_technically_available|observation_count_unavailable	dfb8f321ffec074e3df7e054cd576c0b3d5ca2b52608e84fd4f0fb558858fbae
006::GSE291246::section::su001_Post_Tumor_2_rep_2	006_GSE291246	GSE291246	GSE291246::su001	ineligible	counts_not_technically_available|observation_count_unavailable	ec207b7de6efdd9a19b66a6c8b95606ea956c785468cf216f4661519b409ae8e
006::GSE291246::section::su001_Post_Tumor_3_rep_1	006_GSE291246	GSE291246	GSE291246::su001	ineligible	counts_not_technically_available|observation_count_unavailable	35d5b9efd0fb7acb6205b71aa577ec1dbf407685d32835d17af85005659e3573
006::GSE291246::section::su001_Post_Tumor_3_rep_2	006_GSE291246	GSE291246	GSE291246::su001	ineligible	counts_not_technically_available|observation_count_unavailable	f35e3dc5b3a297a30f8f76e5e0b2b0306243a3513ea5d941c8fb814d9f0fdf58
006::GSE291246::section::su001_Post_Tumor_4_rep_1	006_GSE291246	GSE291246	GSE291246::su001	ineligible	counts_not_technically_available|observation_count_unavailable	45cb661975ac488010415d36cf370ada6d610e842814ff642c088727e52296fd
006::GSE291246::section::su001_Post_Tumor_4_rep_2	006_GSE291246	GSE291246	GSE291246::su001	ineligible	counts_not_technically_available|observation_count_unavailable	ee052eff2eb339c7190840d7d010dc9dd0b3eae81f02bdd6f2c94b3e4714ab23
006::GSE291246::section::su001_Post_Tumor_5_rep_1	006_GSE291246	GSE291246	GSE291246::su001	ineligible	counts_not_technically_available|observation_count_unavailable	0e7cfb5cd809d97e8aa96ca77944a04d2e853e87065558f902f49a0e9ff2976f
006::GSE291246::section::su001_Post_Tumor_5_rep_2	006_GSE291246	GSE291246	GSE291246::su001	ineligible	counts_not_technically_available|observation_count_unavailable	ec815cff51a1e6dbec04a91573e35fa7f5127d84e83450d9cbfcdeff703dbe0b
006::GSE291246::section::su001_Post_Tumor_6_rep_1	006_GSE291246	GSE291246	GSE291246::su001	ineligible	counts_not_technically_available|observation_count_unavailable	4950e873f37c0fa36e393de11f899332634b9756d3503203b20018a04c030018
006::GSE291246::section::su001_Post_Tumor_6_rep_2	006_GSE291246	GSE291246	GSE291246::su001	ineligible	counts_not_technically_available|observation_count_unavailable	866eb499be89da6adf5c838e84aa374d6a851f2cdafce1b700e84573564f4dd7
006::GSE291246::section::su001_Pre_Tumor_1_rep_1	006_GSE291246	GSE291246	GSE291246::su001	ineligible	counts_not_technically_available|observation_count_unavailable	770b2ebf3493eab0d6a38c5bb159e7737ce70fe2b2755296fbb13cb8ed33510a
006::GSE291246::section::su001_Pre_Tumor_1_rep_2	006_GSE291246	GSE291246	GSE291246::su001	ineligible	counts_not_technically_available|observation_count_unavailable	473692b185ff6aa462d288b3c612295a9ca974d907b7c082199aaa2c327443e0
006::GSE291246::section::su001_Pre_Tumor_2_rep_1	006_GSE291246	GSE291246	GSE291246::su001	ineligible	counts_not_technically_available|observation_count_unavailable	05749e21adda5865fb12c2860332a4873d722f2eb3ff2f9389cba2232c5b310f
006::GSE291246::section::su001_Pre_Tumor_2_rep_2	006_GSE291246	GSE291246	GSE291246::su001	ineligible	counts_not_technically_available|observation_count_unavailable	71a0f2f6e77eccf3274a3e4fdbbdc86a76f8835a8fed41be59fe4fcfd54b8096
006::GSE291246::section::su002_Post_Tumor_1	006_GSE291246	GSE291246	GSE291246::su002	eligible		f284e11cefc26893dc6a89e0cf1cffb677caf24d7e866dd57cae54ef9a4d9a21
006::GSE291246::section::su002_Pre_Tumor_1	006_GSE291246	GSE291246	GSE291246::su002	eligible		b10cec686622134f66ce95b29598120fc62d87a79afc7026edd65192525fc39d
006::GSE291246::section::su002_Pre_Tumor_2	006_GSE291246	GSE291246	GSE291246::su002	eligible		ec22afd93d84bb5435e58c6e8cd0ad7f8b320486e33f3ac2f42f03e0a1622340
006::GSE291246::section::su005_Post_Node_1	006_GSE291246	GSE291246	GSE291246::su005	eligible		ea8a17896ad833676b897e5b6d3d5e57511bfff0ac2aa716f01e4a8ac7e4edaf
006::GSE291246::section::su005_Post_Node_2	006_GSE291246	GSE291246	GSE291246::su005	eligible		b5a15dd5fba335c0182ae9c78c677e13845be575c158de7660f9cc8cbf1ae680
006::GSE291246::section::su005_Post_Tumor_1	006_GSE291246	GSE291246	GSE291246::su005	eligible		3004f026b03ec59f3422e1e8ac5c21377d63da91690aaf6b09f65a4a6f5deb5e
006::GSE291246::section::su005_Post_Tumor_2	006_GSE291246	GSE291246	GSE291246::su005	eligible		14490a3b6638cf6ed728f4f86763d531f08b2c0a22592b7e5956433a421ad06b
006::GSE291246::section::su005_Post_Tumor_3	006_GSE291246	GSE291246	GSE291246::su005	eligible		b6ce4b61721ce1c0467e94609d329859cec348ee5a7afeef672cb7d32ffc3b83
006::GSE291246::section::su006_Pre_Tumor_1	006_GSE291246	GSE291246	GSE291246::su006	eligible		9a728117b3167f567e4a26e256dce6d5a18bfa1cf2f119a46574c3baa7ed836d
006::GSE291246::section::su007_Post_Tumor_1	006_GSE291246	GSE291246	GSE291246::su007	eligible		a8a468b49bb415579e2ed88a60fb885034fcedf72d7394bd6be3c3830977bb60
006::GSE291246::section::su007_Pre_Tumor_1	006_GSE291246	GSE291246	GSE291246::su007	eligible		33b0fb7b2dc4b5caccd9896b50215d174c7a4d0e9422f48e9345af1307c64fb4
006::GSE291246::section::su008_Post_Tumor_1	006_GSE291246	GSE291246	GSE291246::su008	eligible		0261a2d8756a3a281a887d246e63aa2ce8f277f680cefe92a3fef14881c13bbc
006::GSE291246::section::su008_Post_Tumor_2	006_GSE291246	GSE291246	GSE291246::su008	eligible		c71e9e123a7487c334fa5d4b9bef845ee547c4f8b74a0bb2418e440cc949a44a
006::GSE291246::section::su008_Post_Tumor_3	006_GSE291246	GSE291246	GSE291246::su008	eligible		a5020ce22c4e839bba201fd4ca0e8407551ee258da0d71f3a87f36ace75e192e
006::GSE291246::section::su008_Post_Tumor_4	006_GSE291246	GSE291246	GSE291246::su008	eligible		5148c3974ae3f30573f3d1c2f65c4c2a4f130f889d588df7e4421e6d081bdd7f
TENX::V1_Breast_Cancer_Block_A_Section_1	013_10x_cancer	TENX_V1_BREAST_CANCER_BLOCK_A	TENX_V1_BREAST_CANCER_BLOCK_A::PATIENT::575bdd5279729260	ineligible	counts_not_technically_available|observation_count_unavailable	d6af1d8d23cc2be5d5a5f1e970d58a5f38faf924dc5cfac56ec31e88a35956ba
TENX::V1_Breast_Cancer_Block_A_Section_2	013_10x_cancer	TENX_V1_BREAST_CANCER_BLOCK_A	TENX_V1_BREAST_CANCER_BLOCK_A::PATIENT::575bdd5279729260	ineligible	counts_not_technically_available|observation_count_unavailable	f687ffaa1d4ff40b88886cba8af2c7d91c8f4b52e9f0f80fb9a0cacd57e15d69
ATLAS::atlas_s2_row_0085	013_ATLAS_TABLE_S2	atlas_s2::brca::f43bd8bcc2b2		ineligible	counts_not_technically_available|observation_count_unavailable|patient_identity_missing|record_status_not_current	4789210acd5d613f75f27c8ae833a378454cfca66eefbe29445dd2e12b10f26e
ATLAS::atlas_s2_row_0086	013_ATLAS_TABLE_S2	atlas_s2::brca::f43bd8bcc2b2		ineligible	counts_not_technically_available|observation_count_unavailable|patient_identity_missing|record_status_not_current	c8c4f30d02732426128762ef3e32d8ac3612c4f458635269d7aac08172fc29eb
ATLAS::atlas_s2_row_0087	013_ATLAS_TABLE_S2	atlas_s2::brca::f43bd8bcc2b2		ineligible	counts_not_technically_available|observation_count_unavailable|patient_identity_missing|record_status_not_current	b8a857d53c3666e3844d2c97a8a774266ac5fecb623b8109c9f7e412c25783e9
ATLAS::atlas_s2_row_0088	013_ATLAS_TABLE_S2	atlas_s2::brca::f43bd8bcc2b2		ineligible	counts_not_technically_available|observation_count_unavailable|patient_identity_missing|record_status_not_current	dae7980614bba6905180c59bde888b772e5e3def78f33785b055410cb3995e81
ATLAS::atlas_s2_row_0089	013_ATLAS_TABLE_S2	atlas_s2::brca::f43bd8bcc2b2		ineligible	counts_not_technically_available|observation_count_unavailable|patient_identity_missing|record_status_not_current	a8591d00c31c26371e776b5631bc7ad52a3a0130ff8e222d4c0f33722d0b8ab4
ATLAS::atlas_s2_row_0090	013_ATLAS_TABLE_S2	atlas_s2::brca::f43bd8bcc2b2		ineligible	counts_not_technically_available|observation_count_unavailable|patient_identity_missing|record_status_not_current	96c124f3b74300d3ed1fcc03606bf487b43aebad8924a8624357072cf0ae4a2c
ATLAS::atlas_s2_row_0091	013_ATLAS_TABLE_S2	atlas_s2::brca::f43bd8bcc2b2		ineligible	counts_not_technically_available|observation_count_unavailable|patient_identity_missing|record_status_not_current	923f798d4a3ff540125099b4c787eda1ad95a890fabfd775506450ac5673205e
ATLAS::atlas_s2_row_0092	013_ATLAS_TABLE_S2	atlas_s2::brca::f43bd8bcc2b2		ineligible	counts_not_technically_available|observation_count_unavailable|patient_identity_missing|record_status_not_current	4edf236f6f9e43536df92d959424f71fe33762efa580d3aba9ba004ed9a1daaf
ATLAS::atlas_s2_row_0093	013_ATLAS_TABLE_S2	atlas_s2::brca::f43bd8bcc2b2		ineligible	counts_not_technically_available|observation_count_unavailable|patient_identity_missing|record_status_not_current	47fabf9be92f26ad2cdae8477cebd3df66c497b8c2d6ada94e83da8a4630552f
ATLAS::atlas_s2_row_0094	013_ATLAS_TABLE_S2	atlas_s2::brca::f43bd8bcc2b2		ineligible	counts_not_technically_available|observation_count_unavailable|patient_identity_missing|record_status_not_current	85170a2961f0a56d4c8621e23377543a636e77ec468a6a1b7e5e7154e4a65f55
ATLAS::atlas_s2_row_0095	013_ATLAS_TABLE_S2	atlas_s2::brca::f43bd8bcc2b2		ineligible	counts_not_technically_available|observation_count_unavailable|patient_identity_missing|record_status_not_current	5097850b233a67b559af06798ac6f844aee1d7013fb190dad3cb9d48f844a3d1
ATLAS::atlas_s2_row_0096	013_ATLAS_TABLE_S2	atlas_s2::brca::f43bd8bcc2b2		ineligible	counts_not_technically_available|observation_count_unavailable|patient_identity_missing|record_status_not_current	f5d6c50f8a9a63652a035bf3dfafcccc428d537baec6201161b3a259679c1b95
ATLAS::atlas_s2_row_0097	013_ATLAS_TABLE_S2	atlas_s2::brca::f43bd8bcc2b2		ineligible	counts_not_technically_available|observation_count_unavailable|patient_identity_missing|record_status_not_current	f181b9013bd9a1e4cfe7bb47dc00ad79f362f5036c3196c6b49d3cfa6ae9e07a
ATLAS::atlas_s2_row_0098	013_ATLAS_TABLE_S2	atlas_s2::brca::f43bd8bcc2b2		ineligible	counts_not_technically_available|observation_count_unavailable|patient_identity_missing|record_status_not_current	5795f2e016c700e8b2a542abdb3566988245344a2f9e45a6a817731e19185725
ATLAS::atlas_s2_row_0099	013_ATLAS_TABLE_S2	atlas_s2::brca::f43bd8bcc2b2		ineligible	counts_not_technically_available|observation_count_unavailable|patient_identity_missing|record_status_not_current	c096cf561d1996bef11ab263ec2a0ae5d88b0251dbab9b33c027a24bdba98ea0
ATLAS::atlas_s2_row_0100	013_ATLAS_TABLE_S2	atlas_s2::brca::f43bd8bcc2b2		ineligible	counts_not_technically_available|observation_count_unavailable|patient_identity_missing|record_status_not_current	dbd45d81f014fffd2c6ca488924e4f8fa16d5afb972ce1875dd732171e6095d5
ATLAS::atlas_s2_row_0169	013_ATLAS_TABLE_S2	atlas_s2::stad::698c46f02346		ineligible	counts_not_technically_available|observation_count_unavailable|patient_identity_missing|record_status_not_current	3b46167b1dabd62e9324d753f64a3dcb1b051b8e8b8ca9c696d8e31e093dd517
ATLAS::atlas_s2_row_0170	013_ATLAS_TABLE_S2	atlas_s2::stad::698c46f02346		ineligible	counts_not_technically_available|observation_count_unavailable|patient_identity_missing|record_status_not_current	7620cde71224d8d0a991f3403be87f05046a94743e1c73991ee5e80b74e45b71
ATLAS::atlas_s2_row_0171	013_ATLAS_TABLE_S2	atlas_s2::stad::698c46f02346		ineligible	counts_not_technically_available|observation_count_unavailable|patient_identity_missing|record_status_not_current	d50a8cbe53ff652bb93a9513c06fc407f73bf3fe6bae4bcd225b2c6fe530c4ce
ATLAS::atlas_s2_row_0172	013_ATLAS_TABLE_S2	atlas_s2::stad::698c46f02346		ineligible	counts_not_technically_available|observation_count_unavailable|patient_identity_missing|record_status_not_current	fe70f719a08a1096e7a0e31c5bdd9d37f6510577a318c26455d50030171e85f6
ATLAS::atlas_s2_row_0173	013_ATLAS_TABLE_S2	atlas_s2::stad::698c46f02346		ineligible	counts_not_technically_available|observation_count_unavailable|patient_identity_missing|record_status_not_current	c404a6ebc441687e1242e984ac6bf33096a9eddf32b63fe5610804c5683339c5
ATLAS::atlas_s2_row_0174	013_ATLAS_TABLE_S2	atlas_s2::stad::698c46f02346		ineligible	counts_not_technically_available|observation_count_unavailable|patient_identity_missing|record_status_not_current	02b3b9be3ee2576221746be057583d7e61468eef5a5789e63695dcb1fd8caf59
ATLAS::atlas_s2_row_0175	013_ATLAS_TABLE_S2	atlas_s2::stad::698c46f02346		ineligible	counts_not_technically_available|observation_count_unavailable|patient_identity_missing|record_status_not_current	bd4cebcda200d465029bd5217fce61ba3d088c06444011834b6f87ebe4e0e608
ATLAS::atlas_s2_row_0176	013_ATLAS_TABLE_S2	atlas_s2::stad::698c46f02346		ineligible	counts_not_technically_available|observation_count_unavailable|patient_identity_missing|record_status_not_current	7e644a73c6e6b7bf8bff477c407646f3367dbd541c98ff11743f18b106dc1106
ATLAS::atlas_s2_row_0177	013_ATLAS_TABLE_S2	atlas_s2::stad::698c46f02346		ineligible	counts_not_technically_available|observation_count_unavailable|patient_identity_missing|record_status_not_current	ab04628db025f32c0a24d66b9e1819fd5a37b21e8f5b4dae4f56a095e842ec32
ATLAS::atlas_s2_row_0178	013_ATLAS_TABLE_S2	atlas_s2::stad::698c46f02346		ineligible	counts_not_technically_available|observation_count_unavailable|patient_identity_missing|record_status_not_current	e45ea99592c01d5ce3ed2a1e7905662bbba756aaa49c2c9da4fbcfc87f65d7c0
ATLAS::atlas_s2_row_0179	013_ATLAS_TABLE_S2	atlas_s2::stad::698c46f02346		ineligible	counts_not_technically_available|observation_count_unavailable|patient_identity_missing|record_status_not_current	26b0d38be1df83bc08599938392e9a2c8ae107a595ef66368acb874388203f59
ATLAS::atlas_s2_row_0180	013_ATLAS_TABLE_S2	atlas_s2::stad::698c46f02346		ineligible	counts_not_technically_available|observation_count_unavailable|patient_identity_missing|record_status_not_current	770273e67a1c50f6862706a7dcfd4e219155053351ead7205b2b957b29fe4c42
ATLAS::atlas_s2_row_0181	013_ATLAS_TABLE_S2	atlas_s2::stad::698c46f02346		ineligible	counts_not_technically_available|observation_count_unavailable|patient_identity_missing|record_status_not_current	55b1af5faee10928d39022b09b2cce91fb1fb1e8418d2c7f1b9bfdcfeb83d0ad
ATLAS::atlas_s2_row_0182	013_ATLAS_TABLE_S2	atlas_s2::stad::698c46f02346		ineligible	counts_not_technically_available|observation_count_unavailable|patient_identity_missing|record_status_not_current	24de65353a8df948bf3b6e16dd40941dfdb9d4dde132b6bfa3e43c117ded4757
ATLAS::atlas_s2_row_0183	013_ATLAS_TABLE_S2	atlas_s2::stad::698c46f02346		ineligible	counts_not_technically_available|observation_count_unavailable|patient_identity_missing|record_status_not_current	e88e857e10a7e4a764ae85e873d830eba5f392f0bbe1c2d8c8f40a76de18b55f
ATLAS::atlas_s2_row_0184	013_ATLAS_TABLE_S2	atlas_s2::stad::698c46f02346		ineligible	counts_not_technically_available|observation_count_unavailable|patient_identity_missing|record_status_not_current	b8f069f554272b9d9144a87a23ecae3c0359736778b7932f3511a0ae08676a7c
ATLAS::atlas_s2_row_0185	013_ATLAS_TABLE_S2	atlas_s2::stad::698c46f02346		ineligible	counts_not_technically_available|observation_count_unavailable|patient_identity_missing|record_status_not_current	9ed2c48809cf63778f0bff3fed779030ab5f035b7a0401dc3c92cbec5a703ed4
ATLAS::atlas_s2_row_0186	013_ATLAS_TABLE_S2	atlas_s2::stad::698c46f02346		ineligible	counts_not_technically_available|observation_count_unavailable|patient_identity_missing|record_status_not_current	d8571847c79af7c27510ff93f3f8ec6d2c2be8d4290f8084ee3e85ae75505054
ATLAS::atlas_s2_row_0187	013_ATLAS_TABLE_S2	atlas_s2::stad::698c46f02346		ineligible	counts_not_technically_available|observation_count_unavailable|patient_identity_missing|record_status_not_current	582d6984562e86e93afad35f9f56b66220ebf382e7997dad2f8a1498086df8a0
ATLAS::atlas_s2_row_0188	013_ATLAS_TABLE_S2	atlas_s2::stad::698c46f02346		ineligible	counts_not_technically_available|observation_count_unavailable|patient_identity_missing|record_status_not_current	30543ff5a77b669853be216ba321569f0990039de8b6e01d6383fb34e686b056
ATLAS::atlas_s2_row_0312	013_ATLAS_TABLE_S2	atlas_s2::gbm::12efcbacdaae		ineligible	counts_not_technically_available|observation_count_unavailable|patient_identity_missing|record_status_not_current	66dc53bd22efab7179ec2900bf3af4e35100ce03cae8e7f7ebe411f5ebd823c2
ATLAS::atlas_s2_row_0313	013_ATLAS_TABLE_S2	atlas_s2::gbm::12efcbacdaae		ineligible	counts_not_technically_available|observation_count_unavailable|patient_identity_missing|record_status_not_current	ac838d7944a5646ec6713f4a5487239d24fdc8aa7be194dac2e4e617714f3871
ATLAS::atlas_s2_row_0317	013_ATLAS_TABLE_S2	atlas_s2::gbm::12efcbacdaae		ineligible	counts_not_technically_available|observation_count_unavailable|patient_identity_missing|record_status_not_current	a4ecf5cd7182985bc6adc6385425c309a8104894bbeaf734a0f513a236a7bed8
ATLAS::atlas_s2_row_0318	013_ATLAS_TABLE_S2	atlas_s2::gbm::12efcbacdaae		ineligible	counts_not_technically_available|observation_count_unavailable|patient_identity_missing|record_status_not_current	b7ca24110075686b7946682b6142e5e3dd7e0d7eb061c6335136c3d4cdeb546f
ATLAS::atlas_s2_row_0141	013_ATLAS_TABLE_S2	atlas_s2::blca::412232635816	atlas_s2::blca::412232635816::PATIENT::3b35063aea342f15	ineligible	counts_not_technically_available|observation_count_unavailable|record_status_not_current	57317f03b740e3e8d4911c7818224a453fdcb68e9ec5acda419f79d93dbb7780
ATLAS::atlas_s2_row_0140	013_ATLAS_TABLE_S2	atlas_s2::blca::412232635816	atlas_s2::blca::412232635816::PATIENT::542560dc79d424f2	ineligible	counts_not_technically_available|observation_count_unavailable|record_status_not_current	84807f7f4f2a5758a8832715f0acb9b4eb202ac763c3086ee6fb5f97c4e8fee1
ATLAS::atlas_s2_row_0139	013_ATLAS_TABLE_S2	atlas_s2::blca::412232635816	atlas_s2::blca::412232635816::PATIENT::5474db36093c6427	ineligible	counts_not_technically_available|observation_count_unavailable|record_status_not_current	d85b2ea46a274134e929be113ddeb09e46a4eaeaa01037c26c136fdfee77dc3d
ATLAS::atlas_s2_row_0142	013_ATLAS_TABLE_S2	atlas_s2::blca::412232635816	atlas_s2::blca::412232635816::PATIENT::e9048014007d4349	ineligible	counts_not_technically_available|observation_count_unavailable|record_status_not_current	9772763e0de7d75a1728a53d8cd417b422f737a4314ec5e75ec6165d4aa038d4
ATLAS::atlas_s2_row_0131	013_ATLAS_TABLE_S2	atlas_s2::blca::5d94c2a09da1	atlas_s2::blca::5d94c2a09da1::PATIENT::0e4871a1f504c302	ineligible	counts_not_technically_available|observation_count_unavailable|record_status_not_current	941932cee3d45ab885bc0bdae92bf6eda6c74c6bb165a8401f11b6d671f239f4
ATLAS::atlas_s2_row_0135	013_ATLAS_TABLE_S2	atlas_s2::blca::5d94c2a09da1	atlas_s2::blca::5d94c2a09da1::PATIENT::3e8bd29be5a3205b	ineligible	counts_not_technically_available|observation_count_unavailable|record_status_not_current	0d727050bdb7803fcabafe79f1930895a8b1d4963d06b713a800b381cd1ce055
ATLAS::atlas_s2_row_0130	013_ATLAS_TABLE_S2	atlas_s2::blca::5d94c2a09da1	atlas_s2::blca::5d94c2a09da1::PATIENT::5fc11f6cffe18f68	ineligible	counts_not_technically_available|observation_count_unavailable|record_status_not_current	9d6b966e53461884ef5bd6c9f754dd021d1924594a86f6004e85c561702e52b0
ATLAS::atlas_s2_row_0132	013_ATLAS_TABLE_S2	atlas_s2::blca::5d94c2a09da1	atlas_s2::blca::5d94c2a09da1::PATIENT::6eab34813b795d4b	ineligible	counts_not_technically_available|observation_count_unavailable|record_status_not_current	c6acf49eab64de3d8f7e6e5d32bb6b15e53d0aa4dffb6ca7fafc699a394dd6cd
ATLAS::atlas_s2_row_0138	013_ATLAS_TABLE_S2	atlas_s2::blca::5d94c2a09da1	atlas_s2::blca::5d94c2a09da1::PATIENT::82362665263d970e	ineligible	counts_not_technically_available|observation_count_unavailable|record_status_not_current	69dcfb272d4c30dd7cf59905d5d0458a9d27bc9c1b89e001483cf1a69ea2a484
ATLAS::atlas_s2_row_0129	013_ATLAS_TABLE_S2	atlas_s2::blca::5d94c2a09da1	atlas_s2::blca::5d94c2a09da1::PATIENT::916698ffc9d0ede5	ineligible	counts_not_technically_available|observation_count_unavailable|record_status_not_current	a9166384771acf28caa9d8d15e05b895e0394fab9a7ca32abb59171de23ef3e4
ATLAS::atlas_s2_row_0133	013_ATLAS_TABLE_S2	atlas_s2::blca::5d94c2a09da1	atlas_s2::blca::5d94c2a09da1::PATIENT::bc9e488b0eb2c103	ineligible	counts_not_technically_available|observation_count_unavailable|record_status_not_current	87b577ed8e4871da5bbabebc04c3429f48a0948a7513de2ee12c8d1b7bc22820
ATLAS::atlas_s2_row_0134	013_ATLAS_TABLE_S2	atlas_s2::blca::5d94c2a09da1	atlas_s2::blca::5d94c2a09da1::PATIENT::c9a3c817028d5cac	ineligible	counts_not_technically_available|observation_count_unavailable|record_status_not_current	35c66d5a8b4886f9639e090d44c021cdd5fe3be92400721b81295e841063a6c6
ATLAS::atlas_s2_row_0136	013_ATLAS_TABLE_S2	atlas_s2::blca::5d94c2a09da1	atlas_s2::blca::5d94c2a09da1::PATIENT::d5c5ed7e1061b590	ineligible	counts_not_technically_available|observation_count_unavailable|record_status_not_current	02a7c59b0d3d853a67fc44a47c0ab49d6af80a1c53454950a8dccfc0d7567804
ATLAS::atlas_s2_row_0137	013_ATLAS_TABLE_S2	atlas_s2::blca::5d94c2a09da1	atlas_s2::blca::5d94c2a09da1::PATIENT::de0aec80c970ac07	ineligible	counts_not_technically_available|observation_count_unavailable|record_status_not_current	385152644c3a9b94ef28121bc4e64ed8e7131cdccc8d4e611781ebdbdaca9ef0
ATLAS::atlas_s2_row_0067	013_ATLAS_TABLE_S2	atlas_s2::brca::0d3358b91b69	atlas_s2::brca::0d3358b91b69::PATIENT::408c158bcd3935a4	ineligible	counts_not_technically_available|observation_count_unavailable|record_status_not_current	a9e59e594e31cadfc8d187c7be11e473079d42c66b07da4229154e60219648cf
ATLAS::atlas_s2_row_0068	013_ATLAS_TABLE_S2	atlas_s2::brca::0d3358b91b69	atlas_s2::brca::0d3358b91b69::PATIENT::408c158bcd3935a4	ineligible	counts_not_technically_available|observation_count_unavailable|record_status_not_current	f59301096f6efa218a7d9bfb36a2e7e2b96a107f7bb5dc24aa573dc42d1bc0cb
ATLAS::atlas_s2_row_0069	013_ATLAS_TABLE_S2	atlas_s2::brca::0d3358b91b69	atlas_s2::brca::0d3358b91b69::PATIENT::408c158bcd3935a4	ineligible	counts_not_technically_available|observation_count_unavailable|record_status_not_current	ffc883e12242330ae1f5b0805c9f0ef442fead739803abb4fe14e16639466111
ATLAS::atlas_s2_row_0040	013_ATLAS_TABLE_S2	atlas_s2::brca::0d3358b91b69	atlas_s2::brca::0d3358b91b69::PATIENT::47d97a3c9cefc540	ineligible	counts_not_technically_available|observation_count_unavailable|record_status_not_current	5d53c5e520db67be3d4b10613ae65133cbb2c7e7dc7684d130e75cc04660a64d
ATLAS::atlas_s2_row_0041	013_ATLAS_TABLE_S2	atlas_s2::brca::0d3358b91b69	atlas_s2::brca::0d3358b91b69::PATIENT::47d97a3c9cefc540	ineligible	counts_not_technically_available|observation_count_unavailable|record_status_not_current	f5ac3059be074bfbc50e007c6ace242ccb381d038deecb742e19f44beca0063f
ATLAS::atlas_s2_row_0042	013_ATLAS_TABLE_S2	atlas_s2::brca::0d3358b91b69	atlas_s2::brca::0d3358b91b69::PATIENT::47d97a3c9cefc540	ineligible	counts_not_technically_available|observation_count_unavailable|record_status_not_current	d5e566bbc650b7c984535cc2af01ea1db89a7ffccef43876aead5bab6dfff4db
ATLAS::atlas_s2_row_0043	013_ATLAS_TABLE_S2	atlas_s2::brca::0d3358b91b69	atlas_s2::brca::0d3358b91b69::PATIENT::47d97a3c9cefc540	ineligible	counts_not_technically_available|observation_count_unavailable|record_status_not_current	fffa3aafb883782d45223dff2f884d2af18889ace51f74e760a4b404755b1b73
ATLAS::atlas_s2_row_0044	013_ATLAS_TABLE_S2	atlas_s2::brca::0d3358b91b69	atlas_s2::brca::0d3358b91b69::PATIENT::47d97a3c9cefc540	ineligible	counts_not_technically_available|observation_count_unavailable|record_status_not_current	95c24409e58b1460c9216a5c8425a8ab6ea4918efd7985b65f95caaf90e989f1
ATLAS::atlas_s2_row_0045	013_ATLAS_TABLE_S2	atlas_s2::brca::0d3358b91b69	atlas_s2::brca::0d3358b91b69::PATIENT::47d97a3c9cefc540	ineligible	counts_not_technically_available|observation_count_unavailable|record_status_not_current	0ceb3a396791de2ba302aecc8b81a356274d5e22c7c1b73c9b36f3526d8f1850
ATLAS::atlas_s2_row_0070	013_ATLAS_TABLE_S2	atlas_s2::brca::0d3358b91b69	atlas_s2::brca::0d3358b91b69::PATIENT::63cd0f4b0f562f0b	ineligible	counts_not_technically_available|observation_count_unavailable|record_status_not_current	ebbc765c8e30d0646487d935ac23538f831930b41a30fe88a3ae97ce89a4a07a
ATLAS::atlas_s2_row_0071	013_ATLAS_TABLE_S2	atlas_s2::brca::0d3358b91b69	atlas_s2::brca::0d3358b91b69::PATIENT::63cd0f4b0f562f0b	ineligible	counts_not_technically_available|observation_count_unavailable|record_status_not_current	e7e491f058069bbc46c7d7abe58cdfec3d965abe484bfb114ffdc4ed5fdbdb7a
ATLAS::atlas_s2_row_0072	013_ATLAS_TABLE_S2	atlas_s2::brca::0d3358b91b69	atlas_s2::brca::0d3358b91b69::PATIENT::63cd0f4b0f562f0b	ineligible	counts_not_technically_available|observation_count_unavailable|record_status_not_current	e9cbe33b0a7b1e104c31a055c7a648e9c0332d3f87036de13d05cbb6f058e9eb
ATLAS::atlas_s2_row_0052	013_ATLAS_TABLE_S2	atlas_s2::brca::0d3358b91b69	atlas_s2::brca::0d3358b91b69::PATIENT::6cc97102527df29c	ineligible	counts_not_technically_available|observation_count_unavailable|record_status_not_current	4b46344aadd70eae07e9655e9ee3b0ef8367a0af65e80e6cb7bd465dd6798876
ATLAS::atlas_s2_row_0053	013_ATLAS_TABLE_S2	atlas_s2::brca::0d3358b91b69	atlas_s2::brca::0d3358b91b69::PATIENT::6cc97102527df29c	ineligible	counts_not_technically_available|observation_count_unavailable|record_status_not_current	d6d80914dbb3553169bb7ddfd69d95d247f292a290cf8ec32f23350366e34eb5
ATLAS::atlas_s2_row_0054	013_ATLAS_TABLE_S2	atlas_s2::brca::0d3358b91b69	atlas_s2::brca::0d3358b91b69::PATIENT::6cc97102527df29c	ineligible	counts_not_technically_available|observation_count_unavailable|record_status_not_current	ea5e3ea212ced2b9414a63fdae0c18eec24e804fa18d13274f84c9a15e1d2fee
ATLAS::atlas_s2_row_0055	013_ATLAS_TABLE_S2	atlas_s2::brca::0d3358b91b69	atlas_s2::brca::0d3358b91b69::PATIENT::6cc97102527df29c	ineligible	counts_not_technically_available|observation_count_unavailable|record_status_not_current	f8486de63732b3c03c7cc671c3a96bb44acf0bb46d54bc945e95ff0e1f5e0a3d
ATLAS::atlas_s2_row_0056	013_ATLAS_TABLE_S2	atlas_s2::brca::0d3358b91b69	atlas_s2::brca::0d3358b91b69::PATIENT::6cc97102527df29c	ineligible	counts_not_technically_available|observation_count_unavailable|record_status_not_current	40af2d081238d8664813474235fef58e65e8cc9b8a8900b5c94535047c346a5f
ATLAS::atlas_s2_row_0057	013_ATLAS_TABLE_S2	atlas_s2::brca::0d3358b91b69	atlas_s2::brca::0d3358b91b69::PATIENT::6cc97102527df29c	ineligible	counts_not_technically_available|observation_count_unavailable|record_status_not_current	f8a33f70ceefb02b823216115b1c8fde85125f6ad531e1c40203dadfa4eb16a8
ATLAS::atlas_s2_row_0046	013_ATLAS_TABLE_S2	atlas_s2::brca::0d3358b91b69	atlas_s2::brca::0d3358b91b69::PATIENT::6eef6b9c0e36ff9d	ineligible	counts_not_technically_available|observation_count_unavailable|record_status_not_current	809ab27efcffb635c747a3f396d66b0d9e72e170d6ba8425dc06b950ab24c3e4
ATLAS::atlas_s2_row_0047	013_ATLAS_TABLE_S2	atlas_s2::brca::0d3358b91b69	atlas_s2::brca::0d3358b91b69::PATIENT::6eef6b9c0e36ff9d	ineligible	counts_not_technically_available|observation_count_unavailable|record_status_not_current	902c13056fa1d7718866df6c3ff3516247bea511bd8def2f75fa46440eecce56
ATLAS::atlas_s2_row_0048	013_ATLAS_TABLE_S2	atlas_s2::brca::0d3358b91b69	atlas_s2::brca::0d3358b91b69::PATIENT::6eef6b9c0e36ff9d	ineligible	counts_not_technically_available|observation_count_unavailable|record_status_not_current	08e1d0f50999b42952cbae4ca752d030e331d77cd60ad307030eb04a6bcd4351
ATLAS::atlas_s2_row_0049	013_ATLAS_TABLE_S2	atlas_s2::brca::0d3358b91b69	atlas_s2::brca::0d3358b91b69::PATIENT::6eef6b9c0e36ff9d	ineligible	counts_not_technically_available|observation_count_unavailable|record_status_not_current	66fb7898c65c70bc41020adfa93f79dbc017146beb016b4eab6005ad079565c3
ATLAS::atlas_s2_row_0050	013_ATLAS_TABLE_S2	atlas_s2::brca::0d3358b91b69	atlas_s2::brca::0d3358b91b69::PATIENT::6eef6b9c0e36ff9d	ineligible	counts_not_technically_available|observation_count_unavailable|record_status_not_current	9749bfe7d7cd3a150fc6fec297120715331e420d1f09373607c6823a71541cd2
ATLAS::atlas_s2_row_0051	013_ATLAS_TABLE_S2	atlas_s2::brca::0d3358b91b69	atlas_s2::brca::0d3358b91b69::PATIENT::6eef6b9c0e36ff9d	ineligible	counts_not_technically_available|observation_count_unavailable|record_status_not_current	40598699bfb7fb99c9ad1b0f4cd08e9ee09d0217614f32640fc7be14a4922bbb
ATLAS::atlas_s2_row_0058	013_ATLAS_TABLE_S2	atlas_s2::brca::0d3358b91b69	atlas_s2::brca::0d3358b91b69::PATIENT::b87884c46a1db702	ineligible	counts_not_technically_available|observation_count_unavailable|record_status_not_current	2a82510591ee5dbbfc352b4bffbe8f988392ff7cc6b6932ff68d462101fc2ce4
ATLAS::atlas_s2_row_0059	013_ATLAS_TABLE_S2	atlas_s2::brca::0d3358b91b69	atlas_s2::brca::0d3358b91b69::PATIENT::b87884c46a1db702	ineligible	counts_not_technically_available|observation_count_unavailable|record_status_not_current	a611830e95ae2a78c3a307bc8e4e4c636b0465bdac09f3248194d86318704a90
ATLAS::atlas_s2_row_0060	013_ATLAS_TABLE_S2	atlas_s2::brca::0d3358b91b69	atlas_s2::brca::0d3358b91b69::PATIENT::b87884c46a1db702	ineligible	counts_not_technically_available|observation_count_unavailable|record_status_not_current	fb7b36744a3b5b8ed1e41b33e6974d8d050274fe4bdf99c15646feb3baf61b9d
ATLAS::atlas_s2_row_0061	013_ATLAS_TABLE_S2	atlas_s2::brca::0d3358b91b69	atlas_s2::brca::0d3358b91b69::PATIENT::b87884c46a1db702	ineligible	counts_not_technically_available|observation_count_unavailable|record_status_not_current	86dff7e52f8555e3e68d7cc1e4316f2c527e5b9e82b263d5339c96e5c3b3117b
ATLAS::atlas_s2_row_0062	013_ATLAS_TABLE_S2	atlas_s2::brca::0d3358b91b69	atlas_s2::brca::0d3358b91b69::PATIENT::b87884c46a1db702	ineligible	counts_not_technically_available|observation_count_unavailable|record_status_not_current	a913011e851db3fbcf45e3694f16c44caa576cbde64d5e28431a5dfa581ae053
ATLAS::atlas_s2_row_0063	013_ATLAS_TABLE_S2	atlas_s2::brca::0d3358b91b69	atlas_s2::brca::0d3358b91b69::PATIENT::b87884c46a1db702	ineligible	counts_not_technically_available|observation_count_unavailable|record_status_not_current	33d973de6bcdb4f2db03e86748c7e6abfb24658bb6b24a642c81169a2097e271
ATLAS::atlas_s2_row_0064	013_ATLAS_TABLE_S2	atlas_s2::brca::0d3358b91b69	atlas_s2::brca::0d3358b91b69::PATIENT::d7b5d30fa0e888a5	ineligible	counts_not_technically_available|observation_count_unavailable|record_status_not_current	c067e13403dd909ca5b16269b19eb006444a9c8becbff42ac32f02fa5f3c455f
ATLAS::atlas_s2_row_0065	013_ATLAS_TABLE_S2	atlas_s2::brca::0d3358b91b69	atlas_s2::brca::0d3358b91b69::PATIENT::d7b5d30fa0e888a5	ineligible	counts_not_technically_available|observation_count_unavailable|record_status_not_current	fa1b214daefd29607b18346af12538a59f53d6ca91df1cfcc12487b2d6c2f64d
ATLAS::atlas_s2_row_0066	013_ATLAS_TABLE_S2	atlas_s2::brca::0d3358b91b69	atlas_s2::brca::0d3358b91b69::PATIENT::d7b5d30fa0e888a5	ineligible	counts_not_technically_available|observation_count_unavailable|record_status_not_current	35324483f4e81d139e589048c37f6ab2f6e55f4bd3fd4290457cb55f256d52bd
ATLAS::atlas_s2_row_0073	013_ATLAS_TABLE_S2	atlas_s2::brca::0d3358b91b69	atlas_s2::brca::0d3358b91b69::PATIENT::fb8dcdf87cc22877	ineligible	counts_not_technically_available|observation_count_unavailable|record_status_not_current	29c8aa2d997586b497fd0c784e1b7bb8275258f26de8ca8c2f2b21c5d092097d
ATLAS::atlas_s2_row_0074	013_ATLAS_TABLE_S2	atlas_s2::brca::0d3358b91b69	atlas_s2::brca::0d3358b91b69::PATIENT::fb8dcdf87cc22877	ineligible	counts_not_technically_available|observation_count_unavailable|record_status_not_current	09a4f12e8a9d696c1fd80c5668a7e6b0b82a2eb826a87d6af7cd6e2214a32862
ATLAS::atlas_s2_row_0075	013_ATLAS_TABLE_S2	atlas_s2::brca::0d3358b91b69	atlas_s2::brca::0d3358b91b69::PATIENT::fb8dcdf87cc22877	ineligible	counts_not_technically_available|observation_count_unavailable|record_status_not_current	0a3b45f37329435a1ad8a4373417c93007984eb378117f058867ed9ba288e2b6
ATLAS::atlas_s2_row_0084	013_ATLAS_TABLE_S2	atlas_s2::brca::9c4d62a70cd3	atlas_s2::brca::9c4d62a70cd3::PATIENT::b33f485ae1e02d55	ineligible	counts_not_technically_available|observation_count_unavailable|record_status_not_current	fca1c8efa41c1d586ec78a3995609567d593b4a78b2477a24751812c2c25c962
ATLAS::atlas_s2_row_0083	013_ATLAS_TABLE_S2	atlas_s2::brca::9c4d62a70cd3	atlas_s2::brca::9c4d62a70cd3::PATIENT::be6cbdce24cf55f8	ineligible	counts_not_technically_available|observation_count_unavailable|record_status_not_current	6d2deb997c942e396e76ff01a270b6aeedd1b93bc00a18500c7173aacaa56f9a
ATLAS::atlas_s2_row_0082	013_ATLAS_TABLE_S2	atlas_s2::brca::9c4d62a70cd3	atlas_s2::brca::9c4d62a70cd3::PATIENT::ce5109317cb26bbc	ineligible	counts_not_technically_available|observation_count_unavailable|record_status_not_current	4d64c9635c40bcdfd1e20f4be84ebfa27a85a3eea38e51e79d935faadd190ac5
ATLAS::atlas_s2_row_0079	013_ATLAS_TABLE_S2	atlas_s2::brca::cfdcb7f168c4	atlas_s2::brca::cfdcb7f168c4::PATIENT::46b1482c2a883bbb	ineligible	counts_not_technically_available|observation_count_unavailable|record_status_not_current	b1faf7b1846464593a0d9d2fff1eedf6e37738731f9f526c1809d49004eeed00
ATLAS::atlas_s2_row_0080	013_ATLAS_TABLE_S2	atlas_s2::brca::cfdcb7f168c4	atlas_s2::brca::cfdcb7f168c4::PATIENT::5260c7ef55109afa	ineligible	counts_not_technically_available|observation_count_unavailable|record_status_not_current	a67cec7e6008e80867f6e766f70d6cd36de16da6ac3af5714f6257b545e7d7ef
ATLAS::atlas_s2_row_0081	013_ATLAS_TABLE_S2	atlas_s2::brca::cfdcb7f168c4	atlas_s2::brca::cfdcb7f168c4::PATIENT::5260c7ef55109afa	ineligible	counts_not_technically_available|observation_count_unavailable|record_status_not_current	d5e0679eed301a1ba1818e79401799ac998d244a76b29c11bf7d05a9f0d38390
ATLAS::atlas_s2_row_0076	013_ATLAS_TABLE_S2	atlas_s2::brca::cfdcb7f168c4	atlas_s2::brca::cfdcb7f168c4::PATIENT::575bdd5279729260	ineligible	counts_not_technically_available|observation_count_unavailable|record_status_not_current	4f6a061028d78ba887f8975d86210f681e5bd5654b1bb967550c04e1caae9dc9
ATLAS::atlas_s2_row_0078	013_ATLAS_TABLE_S2	atlas_s2::brca::cfdcb7f168c4	atlas_s2::brca::cfdcb7f168c4::PATIENT::cf5a9ae6bb1b8a98	ineligible	counts_not_technically_available|observation_count_unavailable|record_status_not_current	06fbf8e3bc0d6e3a32dad4f7626d66704c85a7d56ee67ba89ab353bd54acf03b
ATLAS::atlas_s2_row_0077	013_ATLAS_TABLE_S2	atlas_s2::brca::cfdcb7f168c4	atlas_s2::brca::cfdcb7f168c4::PATIENT::d210a383581894df	ineligible	counts_not_technically_available|observation_count_unavailable|record_status_not_current	d7e41cd2611d10216453fe89b6999930f88558393f0843ced99b1bf2f37a4648
ATLAS::atlas_s2_row_0210	013_ATLAS_TABLE_S2	atlas_s2::coad::366b8f14f344	atlas_s2::coad::366b8f14f344::PATIENT::6c9b11b2ac24dbfd	ineligible	counts_not_technically_available|observation_count_unavailable|record_status_not_current	54ec98fbdd61b080458b74a055fb1f5494345de3220e21fbd9862a75eb550134
ATLAS::atlas_s2_row_0209	013_ATLAS_TABLE_S2	atlas_s2::coad::366b8f14f344	atlas_s2::coad::366b8f14f344::PATIENT::f6bb14294f02ff58	ineligible	counts_not_technically_available|observation_count_unavailable|record_status_not_current	b1a9d5b2bb77424c8aa638acb849849bc378a3a6401b26a6d09bd4ebce673564
ATLAS::atlas_s2_row_0213	013_ATLAS_TABLE_S2	atlas_s2::coad::57914a45a84f	atlas_s2::coad::57914a45a84f::PATIENT::48a4d253e2214e86	ineligible	counts_not_technically_available|observation_count_unavailable|record_status_not_current	33af62a3f1ee832fa141ffc6e7b03c5be54eb9959f810f70d83ff9cb4569fe86
ATLAS::atlas_s2_row_0214	013_ATLAS_TABLE_S2	atlas_s2::coad::57914a45a84f	atlas_s2::coad::57914a45a84f::PATIENT::55ea129ff19dc64d	ineligible	counts_not_technically_available|observation_count_unavailable|record_status_not_current	6bc396ed8dd2d9cd41c510b0ecaa55007a048ffbf76197ac826aa2c8c0855f37
ATLAS::atlas_s2_row_0216	013_ATLAS_TABLE_S2	atlas_s2::coad::57914a45a84f	atlas_s2::coad::57914a45a84f::PATIENT::60b44d8f628ce1f5	ineligible	counts_not_technically_available|observation_count_unavailable|record_status_not_current	b75a5aa992a3901f2e749229c4213169b20594b4c6a19e2de3fdb791eb470bca
ATLAS::atlas_s2_row_0211	013_ATLAS_TABLE_S2	atlas_s2::coad::57914a45a84f	atlas_s2::coad::57914a45a84f::PATIENT::6511437aaf0277f7	ineligible	counts_not_technically_available|observation_count_unavailable|record_status_not_current	b83346e7eddf6f898d074c2c5d0c763d5fa3ecae82b0fdc50b5c3b0d8c9da9ec
ATLAS::atlas_s2_row_0215	013_ATLAS_TABLE_S2	atlas_s2::coad::57914a45a84f	atlas_s2::coad::57914a45a84f::PATIENT::8304321c70e870b1	ineligible	counts_not_technically_available|observation_count_unavailable|record_status_not_current	2f906b84f97dc697df2a1c1e32f0b9605f3fbcc6a5ad67408f33a9d10260dbde
ATLAS::atlas_s2_row_0212	013_ATLAS_TABLE_S2	atlas_s2::coad::57914a45a84f	atlas_s2::coad::57914a45a84f::PATIENT::94dcaba8c20ed929	ineligible	counts_not_technically_available|observation_count_unavailable|record_status_not_current	dc2833fffd4426c5893f05b60b83fe2007583e1e4f273bed21ba0312da2a1cbd
ATLAS::atlas_s2_row_0218	013_ATLAS_TABLE_S2	atlas_s2::coad::87c0a055d20d	atlas_s2::coad::87c0a055d20d::PATIENT::9bb0ff5822f6f9b1	ineligible	counts_not_technically_available|observation_count_unavailable|record_status_not_current	13dfcfbab6c2f528226395aa09b6152e41242394e04c552487965ea0d62dfff6
ATLAS::atlas_s2_row_0217	013_ATLAS_TABLE_S2	atlas_s2::coad::87c0a055d20d	atlas_s2::coad::87c0a055d20d::PATIENT::db606d9102e99de7	ineligible	counts_not_technically_available|observation_count_unavailable|record_status_not_current	96deb538055f2b5624c01a7aced8c3aa40cd5bc65bf1113bee9a59da9970f675
ATLAS::atlas_s2_row_0219	013_ATLAS_TABLE_S2	atlas_s2::coad::87c0a055d20d	atlas_s2::coad::87c0a055d20d::PATIENT::e32c4d4e0bd83028	ineligible	counts_not_technically_available|observation_count_unavailable|record_status_not_current	9018824a11beba87f880184c1da0733fed50c0f8e68203e716287e078f08b31a
ATLAS::atlas_s2_row_0220	013_ATLAS_TABLE_S2	atlas_s2::coad::87c0a055d20d	atlas_s2::coad::87c0a055d20d::PATIENT::f7a34fa11f05669f	ineligible	counts_not_technically_available|observation_count_unavailable|record_status_not_current	ce500fde31c017c4831ba657e555401c24d3b46228769126bc2f59ca475c9497
ATLAS::atlas_s2_row_0235	013_ATLAS_TABLE_S2	atlas_s2::coad::924c9618a153	atlas_s2::coad::924c9618a153::PATIENT::05f9ce6eebb314e6	ineligible	counts_not_technically_available|observation_count_unavailable|record_status_not_current	9af86cfbf469893cb660c914af2f06d2b6007722708181f352b132b4f0adb449
ATLAS::atlas_s2_row_0236	013_ATLAS_TABLE_S2	atlas_s2::coad::924c9618a153	atlas_s2::coad::924c9618a153::PATIENT::05f9ce6eebb314e6	ineligible	counts_not_technically_available|observation_count_unavailable|record_status_not_current	041078231753a1124bd572fc19008f02f4fcb84e554e99a2ddb2102f4b65c0dc
ATLAS::atlas_s2_row_0250	013_ATLAS_TABLE_S2	atlas_s2::coad::924c9618a153	atlas_s2::coad::924c9618a153::PATIENT::0f8c3b65b80883d7	ineligible	counts_not_technically_available|observation_count_unavailable|record_status_not_current	859bc29874e6682bbd95c51f992f1342753e71da35bb86f6c704cda9be7c417a
ATLAS::atlas_s2_row_0251	013_ATLAS_TABLE_S2	atlas_s2::coad::924c9618a153	atlas_s2::coad::924c9618a153::PATIENT::0f8c3b65b80883d7	ineligible	counts_not_technically_available|observation_count_unavailable|record_status_not_current	693eb920a5a587aec03c4c1fa1d28924c38cc32041ae665c5d5797b0f7f72584
ATLAS::atlas_s2_row_0261	013_ATLAS_TABLE_S2	atlas_s2::coad::924c9618a153	atlas_s2::coad::924c9618a153::PATIENT::11ddd1e8521fa507	ineligible	counts_not_technically_available|observation_count_unavailable|record_status_not_current	69108b39e0f93ebd49f1d473ad785da20bfdd3d7d62fbd0f67e7dd68fedd5cc9
ATLAS::atlas_s2_row_0262	013_ATLAS_TABLE_S2	atlas_s2::coad::924c9618a153	atlas_s2::coad::924c9618a153::PATIENT::11ddd1e8521fa507	ineligible	counts_not_technically_available|observation_count_unavailable|record_status_not_current	12d439b8d46e12c08800a7202417e742d1768467c5750500106d2bfa6df3e827
ATLAS::atlas_s2_row_0252	013_ATLAS_TABLE_S2	atlas_s2::coad::924c9618a153	atlas_s2::coad::924c9618a153::PATIENT::124245e87647f664	ineligible	counts_not_technically_available|observation_count_unavailable|record_status_not_current	87b1436b33418b0bbc98ef4ff0039772cf7e4bb4764bc3a87e2536c189936693
ATLAS::atlas_s2_row_0243	013_ATLAS_TABLE_S2	atlas_s2::coad::924c9618a153	atlas_s2::coad::924c9618a153::PATIENT::24714485de019fc1	ineligible	counts_not_technically_available|observation_count_unavailable|record_status_not_current	df817d2a7ca4a9517bd917882d3c0195d89cfa8ccd62a1a61039bcc95a32f470
ATLAS::atlas_s2_row_0248	013_ATLAS_TABLE_S2	atlas_s2::coad::924c9618a153	atlas_s2::coad::924c9618a153::PATIENT::47c382450071731c	ineligible	counts_not_technically_available|observation_count_unavailable|record_status_not_current	15868712c474b1fbe9b4b8473c4d2e5f6cb67c67e8985fd9d1a9b2b7772f3458
ATLAS::atlas_s2_row_0233	013_ATLAS_TABLE_S2	atlas_s2::coad::924c9618a153	atlas_s2::coad::924c9618a153::PATIENT::4a809caefb1a5ddb	ineligible	counts_not_technically_available|observation_count_unavailable|record_status_not_current	cb15316c3c6c48e3214eee131773daf59f8090adc9ed8c6305198845d482fc06
ATLAS::atlas_s2_row_0234	013_ATLAS_TABLE_S2	atlas_s2::coad::924c9618a153	atlas_s2::coad::924c9618a153::PATIENT::4a809caefb1a5ddb	ineligible	counts_not_technically_available|observation_count_unavailable|record_status_not_current	83c0977e11cfb65588be8b80e716f875a35adbee8e113853bec5df6cafdbba0e
ATLAS::atlas_s2_row_0257	013_ATLAS_TABLE_S2	atlas_s2::coad::924c9618a153	atlas_s2::coad::924c9618a153::PATIENT::548839afe43852a4	ineligible	counts_not_technically_available|observation_count_unavailable|record_status_not_current	6f4b961562c85bbc9b2397e9e362f31b1ef07cc0b77f748d37ab1fdf1d7d0bfa
ATLAS::atlas_s2_row_0258	013_ATLAS_TABLE_S2	atlas_s2::coad::924c9618a153	atlas_s2::coad::924c9618a153::PATIENT::548839afe43852a4	ineligible	counts_not_technically_available|observation_count_unavailable|record_status_not_current	851cecbd32543e9cb5c4eb694bf0a1b43c40565cecde93259b69026516cf34c4
ATLAS::atlas_s2_row_0254	013_ATLAS_TABLE_S2	atlas_s2::coad::924c9618a153	atlas_s2::coad::924c9618a153::PATIENT::55cdcd9e0ee3f9d5	ineligible	counts_not_technically_available|observation_count_unavailable|record_status_not_current	8443fdd85a2818f61e64dd00612c74ff9abc6fb8cd75d6c1c49c97ee416f7d9f
ATLAS::atlas_s2_row_0245	013_ATLAS_TABLE_S2	atlas_s2::coad::924c9618a153	atlas_s2::coad::924c9618a153::PATIENT::682a27f9ba2e61d2	ineligible	counts_not_technically_available|observation_count_unavailable|record_status_not_current	a1537f722e2c237416ab532e7375db69b606399d9d3e54831fd62f3cdab9568e
ATLAS::atlas_s2_row_0246	013_ATLAS_TABLE_S2	atlas_s2::coad::924c9618a153	atlas_s2::coad::924c9618a153::PATIENT::682a27f9ba2e61d2	ineligible	counts_not_technically_available|observation_count_unavailable|record_status_not_current	c34a33fd41c4a39046e87ebf16af84aa058e4fec93162b5c22c7fc3639b4ef82
ATLAS::atlas_s2_row_0231	013_ATLAS_TABLE_S2	atlas_s2::coad::924c9618a153	atlas_s2::coad::924c9618a153::PATIENT::6bd5f72528fd9add	ineligible	counts_not_technically_available|observation_count_unavailable|record_status_not_current	4b559b838a06ebcdd61b0ebe06d316d950e919a7e9b2edf36679eb0cd590d4ca
ATLAS::atlas_s2_row_0232	013_ATLAS_TABLE_S2	atlas_s2::coad::924c9618a153	atlas_s2::coad::924c9618a153::PATIENT::6bd5f72528fd9add	ineligible	counts_not_technically_available|observation_count_unavailable|record_status_not_current	32ef9045c31f2e8cba493610a4679e82f061988342ad80380ea7be30610e3c93
ATLAS::atlas_s2_row_0244	013_ATLAS_TABLE_S2	atlas_s2::coad::924c9618a153	atlas_s2::coad::924c9618a153::PATIENT::7541aafc0a15ed12	ineligible	counts_not_technically_available|observation_count_unavailable|record_status_not_current	2a37ebbdd9c5e7ec113cb6077eae3e843fb94626e3a16a51c4fc79b7b9818675
ATLAS::atlas_s2_row_0237	013_ATLAS_TABLE_S2	atlas_s2::coad::924c9618a153	atlas_s2::coad::924c9618a153::PATIENT::829beb19cc9bbe28	ineligible	counts_not_technically_available|observation_count_unavailable|record_status_not_current	2ce878706b5a94569f95bcf465306c563a852cae8442a55280cf9c0037026af5
ATLAS::atlas_s2_row_0238	013_ATLAS_TABLE_S2	atlas_s2::coad::924c9618a153	atlas_s2::coad::924c9618a153::PATIENT::829beb19cc9bbe28	ineligible	counts_not_technically_available|observation_count_unavailable|record_status_not_current	cea66d6bda13c38c0561ab9286a7fbd18b56f01dce97a3ac500f68d5db165717
ATLAS::atlas_s2_row_0253	013_ATLAS_TABLE_S2	atlas_s2::coad::924c9618a153	atlas_s2::coad::924c9618a153::PATIENT::8c2e071fdba9ab72	ineligible	counts_not_technically_available|observation_count_unavailable|record_status_not_current	e02f459cc4c70966eb86fd577d2bc6a3d924e41483257e56cb857855b099e5c3
ATLAS::atlas_s2_row_0239	013_ATLAS_TABLE_S2	atlas_s2::coad::924c9618a153	atlas_s2::coad::924c9618a153::PATIENT::997a506f0165a7e2	ineligible	counts_not_technically_available|observation_count_unavailable|record_status_not_current	56a249b3c58033b0968c48404b1a9e73076c1d1112e71022f653730fd2725942
ATLAS::atlas_s2_row_0240	013_ATLAS_TABLE_S2	atlas_s2::coad::924c9618a153	atlas_s2::coad::924c9618a153::PATIENT::997a506f0165a7e2	ineligible	counts_not_technically_available|observation_count_unavailable|record_status_not_current	c81f756af7276e0c417c96d26c51f19ba964ae22cd851a32e4e992d8477cc8b1
ATLAS::atlas_s2_row_0249	013_ATLAS_TABLE_S2	atlas_s2::coad::924c9618a153	atlas_s2::coad::924c9618a153::PATIENT::aa4e28be09c8355e	ineligible	counts_not_technically_available|observation_count_unavailable|record_status_not_current	0a16bac70a5a132b3264ff719d9ffeec47f0d3f816c9e52f970de0cf473a3c04
ATLAS::atlas_s2_row_0242	013_ATLAS_TABLE_S2	atlas_s2::coad::924c9618a153	atlas_s2::coad::924c9618a153::PATIENT::ac49b7b2ad739dde	ineligible	counts_not_technically_available|observation_count_unavailable|record_status_not_current	1d72fa598adbc734c2935062173bde9f443d4752b63143cb91c0ba9274571cac
ATLAS::atlas_s2_row_0227	013_ATLAS_TABLE_S2	atlas_s2::coad::924c9618a153	atlas_s2::coad::924c9618a153::PATIENT::c840ca2c513db496	ineligible	counts_not_technically_available|observation_count_unavailable|record_status_not_current	abb0274640223b6852700e4568eae630ccb42bdc605e6468a88c71f581c29064
ATLAS::atlas_s2_row_0228	013_ATLAS_TABLE_S2	atlas_s2::coad::924c9618a153	atlas_s2::coad::924c9618a153::PATIENT::c840ca2c513db496	ineligible	counts_not_technically_available|observation_count_unavailable|record_status_not_current	f7eb7669895983f26dc5fc4b375ff1e74a0d5b7118b09802f6a2abc0ae8436ab
ATLAS::atlas_s2_row_0229	013_ATLAS_TABLE_S2	atlas_s2::coad::924c9618a153	atlas_s2::coad::924c9618a153::PATIENT::c840ca2c513db496	ineligible	counts_not_technically_available|observation_count_unavailable|record_status_not_current	bbe17f7c30f6ebcd3c76245194f25e2128cc38b727cd34eb5bd76441ad58e36a
ATLAS::atlas_s2_row_0230	013_ATLAS_TABLE_S2	atlas_s2::coad::924c9618a153	atlas_s2::coad::924c9618a153::PATIENT::c840ca2c513db496	ineligible	counts_not_technically_available|observation_count_unavailable|record_status_not_current	6cb3a47cff11578d3643c9a53376825b6cafa6f19517d70f39c14b25d2a211f4
ATLAS::atlas_s2_row_0255	013_ATLAS_TABLE_S2	atlas_s2::coad::924c9618a153	atlas_s2::coad::924c9618a153::PATIENT::e5b7ec3f78465ae2	ineligible	counts_not_technically_available|observation_count_unavailable|record_status_not_current	db3622c9fb5cd604ba7feab2f2a982e1611a648c7c496c1e77df59ac52b2e324
ATLAS::atlas_s2_row_0256	013_ATLAS_TABLE_S2	atlas_s2::coad::924c9618a153	atlas_s2::coad::924c9618a153::PATIENT::e5b7ec3f78465ae2	ineligible	counts_not_technically_available|observation_count_unavailable|record_status_not_current	d9c622dbe8b393071f323677d44d4cdc88cc00d20c320c504f3313009577d109
ATLAS::atlas_s2_row_0259	013_ATLAS_TABLE_S2	atlas_s2::coad::924c9618a153	atlas_s2::coad::924c9618a153::PATIENT::e9acccc2272a5032	ineligible	counts_not_technically_available|observation_count_unavailable|record_status_not_current	327915e5615e1a40292886f9a01db89cbad01e7b613e75dcabaa387715a2f9e5
ATLAS::atlas_s2_row_0260	013_ATLAS_TABLE_S2	atlas_s2::coad::924c9618a153	atlas_s2::coad::924c9618a153::PATIENT::e9acccc2272a5032	ineligible	counts_not_technically_available|observation_count_unavailable|record_status_not_current	14e0cc1c641c47bc855849edbf7a479dc1cbf891a2a2c63eb6f90eb917116c23
ATLAS::atlas_s2_row_0247	013_ATLAS_TABLE_S2	atlas_s2::coad::924c9618a153	atlas_s2::coad::924c9618a153::PATIENT::fa1a6272760137c7	ineligible	counts_not_technically_available|observation_count_unavailable|record_status_not_current	01e9c61c1d862cb20fbe48dc78580091b2341bced48d59aab8a9852d78314aae
ATLAS::atlas_s2_row_0241	013_ATLAS_TABLE_S2	atlas_s2::coad::924c9618a153	atlas_s2::coad::924c9618a153::PATIENT::fdc0548615efe588	ineligible	counts_not_technically_available|observation_count_unavailable|record_status_not_current	706337b330ae83dc73974f72e412cc2555901c636376ced9f230116a20c7e4e6
ATLAS::atlas_s2_row_0223	013_ATLAS_TABLE_S2	atlas_s2::coad::a8c5b3eea08b	atlas_s2::coad::a8c5b3eea08b::PATIENT::2127652320210838	ineligible	counts_not_technically_available|observation_count_unavailable|record_status_not_current	bd483dcc036a7e8dd625d65f39479531bce7772852fa4344acd8f0eccbdf6180
ATLAS::atlas_s2_row_0224	013_ATLAS_TABLE_S2	atlas_s2::coad::a8c5b3eea08b	atlas_s2::coad::a8c5b3eea08b::PATIENT::3eb9eed8661dac79	ineligible	counts_not_technically_available|observation_count_unavailable|record_status_not_current	71335bc2227cbb9debcc1d7000fe7e754ee4eacd44c159e68dc2bb317eab6e9e
ATLAS::atlas_s2_row_0222	013_ATLAS_TABLE_S2	atlas_s2::coad::a8c5b3eea08b	atlas_s2::coad::a8c5b3eea08b::PATIENT::99f2a4f480789743	ineligible	counts_not_technically_available|observation_count_unavailable|record_status_not_current	5fb9c1f6533f78ff20f1bc86b843b8eaeb61b00c7ad7dd354a5674f8fc7c9101
ATLAS::atlas_s2_row_0221	013_ATLAS_TABLE_S2	atlas_s2::coad::a8c5b3eea08b	atlas_s2::coad::a8c5b3eea08b::PATIENT::c447be22425c8274	ineligible	counts_not_technically_available|observation_count_unavailable|record_status_not_current	d38390fa805334b061d577e23610b9896cd06ca34e031bb1b9e8bfa77a833d1e
ATLAS::atlas_s2_row_0226	013_ATLAS_TABLE_S2	atlas_s2::coad::ccb553bab806	atlas_s2::coad::ccb553bab806::PATIENT::5a0640e993084c70	ineligible	counts_not_technically_available|observation_count_unavailable|record_status_not_current	be8fd138829f1c9a5f4036681fc0f97f8d105ad5cac8e0ba3b03993930a5b67b
ATLAS::atlas_s2_row_0225	013_ATLAS_TABLE_S2	atlas_s2::coad::ccb553bab806	atlas_s2::coad::ccb553bab806::PATIENT::b531a20cc64ad8c4	ineligible	counts_not_technically_available|observation_count_unavailable|record_status_not_current	b2f8a94b41e92d0e59a33264602543318bb6f7d93a5914bb6f3888f08056a23b
ATLAS::atlas_s2_row_0114	013_ATLAS_TABLE_S2	atlas_s2::cscc::4d90f790e3d6	atlas_s2::cscc::4d90f790e3d6::PATIENT::02057a67986b3d30	ineligible	counts_not_technically_available|observation_count_unavailable|record_status_not_current	6e7b75aa8540fad21af1773abcd887aff6746ef5055a9aa128423fbbe0cd22c3
ATLAS::atlas_s2_row_0115	013_ATLAS_TABLE_S2	atlas_s2::cscc::4d90f790e3d6	atlas_s2::cscc::4d90f790e3d6::PATIENT::02057a67986b3d30	ineligible	counts_not_technically_available|observation_count_unavailable|record_status_not_current	2997ddf9c4e2a5d603e9b6f93545e1315b5cdf8cebaced89b5f7a8ef86137740
ATLAS::atlas_s2_row_0116	013_ATLAS_TABLE_S2	atlas_s2::cscc::4d90f790e3d6	atlas_s2::cscc::4d90f790e3d6::PATIENT::02057a67986b3d30	ineligible	counts_not_technically_available|observation_count_unavailable|record_status_not_current	c11422d845de7a65f4eb3190eb9619b34796479ded446ce3477741436e84f206
ATLAS::atlas_s2_row_0109	013_ATLAS_TABLE_S2	atlas_s2::cscc::4d90f790e3d6	atlas_s2::cscc::4d90f790e3d6::PATIENT::279fc63573844586	ineligible	counts_not_technically_available|observation_count_unavailable|record_status_not_current	1fbdf923a615de737ccdcec91098e0649811c60be64a3a1418715758d9c7d7bb
ATLAS::atlas_s2_row_0110	013_ATLAS_TABLE_S2	atlas_s2::cscc::4d90f790e3d6	atlas_s2::cscc::4d90f790e3d6::PATIENT::279fc63573844586	ineligible	counts_not_technically_available|observation_count_unavailable|record_status_not_current	66aa7d69497a7690a89cc57b98bbff53f8ec43fc97037dd303f7026f35041c3e
ATLAS::atlas_s2_row_0101	013_ATLAS_TABLE_S2	atlas_s2::cscc::4d90f790e3d6	atlas_s2::cscc::4d90f790e3d6::PATIENT::8039aa25a6715c53	ineligible	counts_not_technically_available|observation_count_unavailable|record_status_not_current	1c6e66dfda19a22734398fb0fa5a5e869106fccb2af1b553cf008a4144984222
ATLAS::atlas_s2_row_0102	013_ATLAS_TABLE_S2	atlas_s2::cscc::4d90f790e3d6	atlas_s2::cscc::4d90f790e3d6::PATIENT::8039aa25a6715c53	ineligible	counts_not_technically_available|observation_count_unavailable|record_status_not_current	8a6eb08d2a943906f94e638b5e0de33460d6f0fdda049567a8a1181ce70dc174
ATLAS::atlas_s2_row_0103	013_ATLAS_TABLE_S2	atlas_s2::cscc::4d90f790e3d6	atlas_s2::cscc::4d90f790e3d6::PATIENT::8039aa25a6715c53	ineligible	counts_not_technically_available|observation_count_unavailable|record_status_not_current	e88d16443bdd31d5d8a6a2d67dd0c612cee7efb32a17c393be1ad3f27b34dc20
ATLAS::atlas_s2_row_0111	013_ATLAS_TABLE_S2	atlas_s2::cscc::4d90f790e3d6	atlas_s2::cscc::4d90f790e3d6::PATIENT::8e83cd26b750753f	ineligible	counts_not_technically_available|observation_count_unavailable|record_status_not_current	5a2bef37444199b7a1cb6189d0385cf16898b4c76034c6c58c905687092d53ae
ATLAS::atlas_s2_row_0112	013_ATLAS_TABLE_S2	atlas_s2::cscc::4d90f790e3d6	atlas_s2::cscc::4d90f790e3d6::PATIENT::8e83cd26b750753f	ineligible	counts_not_technically_available|observation_count_unavailable|record_status_not_current	ea5a3ce2e80402e1b25545509568daf6470a14a3d694ed2e5733049e7becc61f
ATLAS::atlas_s2_row_0113	013_ATLAS_TABLE_S2	atlas_s2::cscc::4d90f790e3d6	atlas_s2::cscc::4d90f790e3d6::PATIENT::8e83cd26b750753f	ineligible	counts_not_technically_available|observation_count_unavailable|record_status_not_current	144d11202d563356c41dbf5e6ae2e2ad5a934fbc6be04f5c492bf49338509fd3
ATLAS::atlas_s2_row_0106	013_ATLAS_TABLE_S2	atlas_s2::cscc::4d90f790e3d6	atlas_s2::cscc::4d90f790e3d6::PATIENT::9863fca72e3e0121	ineligible	counts_not_technically_available|observation_count_unavailable|record_status_not_current	a3cdf3dc0bfc9eaa64fca781d93c2561827ad2100e1cc9ed4935d4a722d5bd26
ATLAS::atlas_s2_row_0107	013_ATLAS_TABLE_S2	atlas_s2::cscc::4d90f790e3d6	atlas_s2::cscc::4d90f790e3d6::PATIENT::9863fca72e3e0121	ineligible	counts_not_technically_available|observation_count_unavailable|record_status_not_current	6c8386b0bcb4f7f526bb856830ec0d901ca733d7da138d96acfa29d5544c60cf
ATLAS::atlas_s2_row_0108	013_ATLAS_TABLE_S2	atlas_s2::cscc::4d90f790e3d6	atlas_s2::cscc::4d90f790e3d6::PATIENT::9863fca72e3e0121	ineligible	counts_not_technically_available|observation_count_unavailable|record_status_not_current	cc83bec31492be36a5ea9484f0db8aa8fa641e89aa84239f5d82565354093b28
ATLAS::atlas_s2_row_0104	013_ATLAS_TABLE_S2	atlas_s2::cscc::4d90f790e3d6	atlas_s2::cscc::4d90f790e3d6::PATIENT::c501dcb6c98e3fef	ineligible	counts_not_technically_available|observation_count_unavailable|record_status_not_current	40e1e7b01462b930e4f212cd1a3fd7cbcdf06e93b0d10a4077b2b500d53ad26b
ATLAS::atlas_s2_row_0105	013_ATLAS_TABLE_S2	atlas_s2::cscc::4d90f790e3d6	atlas_s2::cscc::4d90f790e3d6::PATIENT::c501dcb6c98e3fef	ineligible	counts_not_technically_available|observation_count_unavailable|record_status_not_current	4fe13b8d0864f2a17e8686c090895704c3a766185954c997861293a231f4037e
ATLAS::atlas_s2_row_0316	013_ATLAS_TABLE_S2	atlas_s2::gbm::12efcbacdaae	atlas_s2::gbm::12efcbacdaae::PATIENT::12ab9b7f3792d576	ineligible	counts_not_technically_available|observation_count_unavailable|record_status_not_current	fa7b78d20552c0910d53fc1f326526314db188fa9ef4397247d61006b4790ab7
ATLAS::atlas_s2_row_0323	013_ATLAS_TABLE_S2	atlas_s2::gbm::12efcbacdaae	atlas_s2::gbm::12efcbacdaae::PATIENT::13076fc87181e603	ineligible	counts_not_technically_available|observation_count_unavailable|record_status_not_current	601774461098ab8e20397039f8964076e0a371129bc69a2cae1746b47d3937e8
ATLAS::atlas_s2_row_0311	013_ATLAS_TABLE_S2	atlas_s2::gbm::12efcbacdaae	atlas_s2::gbm::12efcbacdaae::PATIENT::2ad3995c1c455e51	ineligible	counts_not_technically_available|observation_count_unavailable|record_status_not_current	d12343dd19be617d82999993797a91e1037a38f6e8c836e321db28d9e6794a81
ATLAS::atlas_s2_row_0308	013_ATLAS_TABLE_S2	atlas_s2::gbm::12efcbacdaae	atlas_s2::gbm::12efcbacdaae::PATIENT::2b18515f1dbde137	ineligible	counts_not_technically_available|observation_count_unavailable|record_status_not_current	91058a7098146543a69d0a27e179a91b116a3b37a8101bb334ab3a3f208bc6c3
ATLAS::atlas_s2_row_0319	013_ATLAS_TABLE_S2	atlas_s2::gbm::12efcbacdaae	atlas_s2::gbm::12efcbacdaae::PATIENT::35309862a7e60b33	ineligible	counts_not_technically_available|observation_count_unavailable|record_status_not_current	99588b305487b7c9e8941bb1fa0ff1caa12baf2f961e0872852a1fc0c6bb65ce
ATLAS::atlas_s2_row_0324	013_ATLAS_TABLE_S2	atlas_s2::gbm::12efcbacdaae	atlas_s2::gbm::12efcbacdaae::PATIENT::375ce9d42768ac5a	ineligible	counts_not_technically_available|observation_count_unavailable|record_status_not_current	38b90717b10afb481a7426f9335b2113ce4e6af475790747717dc5f4d26cb8cf
ATLAS::atlas_s2_row_0322	013_ATLAS_TABLE_S2	atlas_s2::gbm::12efcbacdaae	atlas_s2::gbm::12efcbacdaae::PATIENT::571d39f130599a40	ineligible	counts_not_technically_available|observation_count_unavailable|record_status_not_current	0cbde68ffdfaf981403541f748c2f40755150af8c026357ddb8b68ef7f023c7c
ATLAS::atlas_s2_row_0320	013_ATLAS_TABLE_S2	atlas_s2::gbm::12efcbacdaae	atlas_s2::gbm::12efcbacdaae::PATIENT::7c9b2a68cddff79a	ineligible	counts_not_technically_available|observation_count_unavailable|record_status_not_current	475526a9b8e4def1466d0f1088a79c514ed6572873897dd610b1c091c7a1e291
ATLAS::atlas_s2_row_0325	013_ATLAS_TABLE_S2	atlas_s2::gbm::12efcbacdaae	atlas_s2::gbm::12efcbacdaae::PATIENT::a569a1c68fc8176a	ineligible	counts_not_technically_available|observation_count_unavailable|record_status_not_current	7eeae84ab9b0cc9c36cb938b4196e0cbf675423ef5c93ef87c8c85821d65755a
ATLAS::atlas_s2_row_0309	013_ATLAS_TABLE_S2	atlas_s2::gbm::12efcbacdaae	atlas_s2::gbm::12efcbacdaae::PATIENT::ab88975dc759710d	ineligible	counts_not_technically_available|observation_count_unavailable|record_status_not_current	0ba2692bc6089e661f48250aeac5e21dd3913fb7dd6fc23516013ecde3d15f34
ATLAS::atlas_s2_row_0326	013_ATLAS_TABLE_S2	atlas_s2::gbm::12efcbacdaae	atlas_s2::gbm::12efcbacdaae::PATIENT::d0ee0d982b43c2f2	ineligible	counts_not_technically_available|observation_count_unavailable|record_status_not_current	a76d35036ce2b8f5e13c559ed4e1c7af849d78781fe095259defd2a15b76ce16
ATLAS::atlas_s2_row_0321	013_ATLAS_TABLE_S2	atlas_s2::gbm::12efcbacdaae	atlas_s2::gbm::12efcbacdaae::PATIENT::d3bda5fd19a05ec7	ineligible	counts_not_technically_available|observation_count_unavailable|record_status_not_current	ca653c3f787fa0873c4ca6a0fbd4b9cc28daf8c409aba2aaa49d294b5e26eb60
ATLAS::atlas_s2_row_0310	013_ATLAS_TABLE_S2	atlas_s2::gbm::12efcbacdaae	atlas_s2::gbm::12efcbacdaae::PATIENT::d5fa95da99fd9a65	ineligible	counts_not_technically_available|observation_count_unavailable|record_status_not_current	f6660e52fb8dc1ec80f2826c90f79ffb269d2c5ee15cca5f308b84d9c27b1e85
ATLAS::atlas_s2_row_0315	013_ATLAS_TABLE_S2	atlas_s2::gbm::12efcbacdaae	atlas_s2::gbm::12efcbacdaae::PATIENT::e3be7b953688f0d7	ineligible	counts_not_technically_available|observation_count_unavailable|record_status_not_current	e2f323ba3fb720677bd37e9fa591898079f46f881653486000f0a95319bea659
ATLAS::atlas_s2_row_0314	013_ATLAS_TABLE_S2	atlas_s2::gbm::12efcbacdaae	atlas_s2::gbm::12efcbacdaae::PATIENT::ee52ae514b4b2d98	ineligible	counts_not_technically_available|observation_count_unavailable|record_status_not_current	85e2470ce3c57e27d9c3df5cd37df1792f0f799fe443b2959ddc57b6b6f49181
ATLAS::atlas_s2_row_0327	013_ATLAS_TABLE_S2	atlas_s2::gbm::12efcbacdaae	atlas_s2::gbm::12efcbacdaae::PATIENT::fca89c0e3edcdc00	ineligible	counts_not_technically_available|observation_count_unavailable|record_status_not_current	ade45e599f149d8fa7a947d811b2a458e02df918e2665812c38024ff27daade1
ATLAS::atlas_s2_row_0335	013_ATLAS_TABLE_S2	atlas_s2::gbm::5296a36d01a8	atlas_s2::gbm::5296a36d01a8::PATIENT::0155dcd5199fb77f	ineligible	counts_not_technically_available|observation_count_unavailable|record_status_not_current	fd3b7523a7c4c8c5eca875ab28ae37c8bf240b16c7d4734553d3e09222a4ed1c
ATLAS::atlas_s2_row_0341	013_ATLAS_TABLE_S2	atlas_s2::gbm::5296a36d01a8	atlas_s2::gbm::5296a36d01a8::PATIENT::0640e009ab35aa52	ineligible	counts_not_technically_available|observation_count_unavailable|record_status_not_current	a0235e4a999fccdc8022dcfbc83c86cb5e99268c7232204234eb391e442a4dbf
ATLAS::atlas_s2_row_0328	013_ATLAS_TABLE_S2	atlas_s2::gbm::5296a36d01a8	atlas_s2::gbm::5296a36d01a8::PATIENT::0e1449160db05da4	ineligible	counts_not_technically_available|observation_count_unavailable|record_status_not_current	8c260dd55ceb4e500c899090a64e76bdca30bec51472434590b47b776f80f212
ATLAS::atlas_s2_row_0338	013_ATLAS_TABLE_S2	atlas_s2::gbm::5296a36d01a8	atlas_s2::gbm::5296a36d01a8::PATIENT::1f0f27c847154dde	ineligible	counts_not_technically_available|observation_count_unavailable|record_status_not_current	e9f9632b9262078403833b306b651d2cf2c8b2a9816ac59de964f29d051ff2ff
ATLAS::atlas_s2_row_0332	013_ATLAS_TABLE_S2	atlas_s2::gbm::5296a36d01a8	atlas_s2::gbm::5296a36d01a8::PATIENT::384a0d1487f6d1dc	ineligible	counts_not_technically_available|observation_count_unavailable|record_status_not_current	0ce9437995ee87ae9c1d192281812b964578fd483b751623d8285eaf9f107fc5
ATLAS::atlas_s2_row_0336	013_ATLAS_TABLE_S2	atlas_s2::gbm::5296a36d01a8	atlas_s2::gbm::5296a36d01a8::PATIENT::43465ab2c0b3d768	ineligible	counts_not_technically_available|observation_count_unavailable|record_status_not_current	29251d58803ba01160eff6de835d02b376df0c32d2e57d5a6e10bf5cf48b4198
ATLAS::atlas_s2_row_0334	013_ATLAS_TABLE_S2	atlas_s2::gbm::5296a36d01a8	atlas_s2::gbm::5296a36d01a8::PATIENT::6a09c88d371f60b6	ineligible	counts_not_technically_available|observation_count_unavailable|record_status_not_current	f005fa101e809d3cae95d1114c8d2b1436d2cf36d8a7190c1e4f6d6c0cb58c6f
ATLAS::atlas_s2_row_0330	013_ATLAS_TABLE_S2	atlas_s2::gbm::5296a36d01a8	atlas_s2::gbm::5296a36d01a8::PATIENT::8146ed5f95a3817a	ineligible	counts_not_technically_available|observation_count_unavailable|record_status_not_current	cafcec3a4d45f18d46ef85e4579e111d0bc4f5028706f07c1a17b09d71656e22
ATLAS::atlas_s2_row_0342	013_ATLAS_TABLE_S2	atlas_s2::gbm::5296a36d01a8	atlas_s2::gbm::5296a36d01a8::PATIENT::859d9fd55b2ae674	ineligible	counts_not_technically_available|observation_count_unavailable|record_status_not_current	54517d716364b37e5e9c7ea3adb11ead96bbb5097d420eb06271f38156f70128
ATLAS::atlas_s2_row_0343	013_ATLAS_TABLE_S2	atlas_s2::gbm::5296a36d01a8	atlas_s2::gbm::5296a36d01a8::PATIENT::91dcc50a929a86a3	ineligible	counts_not_technically_available|observation_count_unavailable|record_status_not_current	3601128fdd642e4df9e5cc95986834ce71c9ffa9271052b091dac2849a847313
ATLAS::atlas_s2_row_0329	013_ATLAS_TABLE_S2	atlas_s2::gbm::5296a36d01a8	atlas_s2::gbm::5296a36d01a8::PATIENT::9bdc32fed88426de	ineligible	counts_not_technically_available|observation_count_unavailable|record_status_not_current	5656b6a79c0e51b30d019d0fb06d2c2a33b94b59d596d5080231c2e475bfeb7c
ATLAS::atlas_s2_row_0331	013_ATLAS_TABLE_S2	atlas_s2::gbm::5296a36d01a8	atlas_s2::gbm::5296a36d01a8::PATIENT::aba7b98224a603c6	ineligible	counts_not_technically_available|observation_count_unavailable|record_status_not_current	fd5a96cfd3442e409b42e355e311f214b026eac3a36dcfdcbf5a17dba5eadfe3
ATLAS::atlas_s2_row_0333	013_ATLAS_TABLE_S2	atlas_s2::gbm::5296a36d01a8	atlas_s2::gbm::5296a36d01a8::PATIENT::d5a58956922adf37	ineligible	counts_not_technically_available|observation_count_unavailable|record_status_not_current	2157e228a0b4e3ef9ab18e2579edcaa62f358edccfdbc93ddf8264725a161ca2
ATLAS::atlas_s2_row_0339	013_ATLAS_TABLE_S2	atlas_s2::gbm::5296a36d01a8	atlas_s2::gbm::5296a36d01a8::PATIENT::d957cb54d2f8feb0	ineligible	counts_not_technically_available|observation_count_unavailable|record_status_not_current	564dae49cc9d0306d05f3a0680972448d42bae836633f27ac5dcf8696f1dd53e
ATLAS::atlas_s2_row_0337	013_ATLAS_TABLE_S2	atlas_s2::gbm::5296a36d01a8	atlas_s2::gbm::5296a36d01a8::PATIENT::ef33964ad392767c	ineligible	counts_not_technically_available|observation_count_unavailable|record_status_not_current	c954b92f9395119aa7875a51b0354a206fc67e3ca469dbf02eb774216e11c1c8
ATLAS::atlas_s2_row_0340	013_ATLAS_TABLE_S2	atlas_s2::gbm::5296a36d01a8	atlas_s2::gbm::5296a36d01a8::PATIENT::f95458a8931bf441	ineligible	counts_not_technically_available|observation_count_unavailable|record_status_not_current	b7ef3694f9e99c014a0daae8b296c48a969c68b16bdc89548ce3d5afc98b10d0
ATLAS::atlas_s2_row_0022	013_ATLAS_TABLE_S2	atlas_s2::kirc::1713c35ce741	atlas_s2::kirc::1713c35ce741::PATIENT::07fc38d5b5237d77	ineligible	counts_not_technically_available|observation_count_unavailable|record_status_not_current	6a66b30ad55e622f516bfe7829829e88efb9d81b3c4338dfcc6325e1d3b0f6f7
ATLAS::atlas_s2_row_0027	013_ATLAS_TABLE_S2	atlas_s2::kirc::1713c35ce741	atlas_s2::kirc::1713c35ce741::PATIENT::10993c5f47b3fa3d	ineligible	counts_not_technically_available|observation_count_unavailable|record_status_not_current	b6c9f8312974e1a0d0c21717c7367611c14c5ec6f96600080fe57880340a7d30
ATLAS::atlas_s2_row_0014	013_ATLAS_TABLE_S2	atlas_s2::kirc::1713c35ce741	atlas_s2::kirc::1713c35ce741::PATIENT::314a4416fddde122	ineligible	counts_not_technically_available|observation_count_unavailable|record_status_not_current	eeb67df28192275b4e9ceae2b230d4baa8e5e69a9f716f7deb23e90b0e0a0061
ATLAS::atlas_s2_row_0021	013_ATLAS_TABLE_S2	atlas_s2::kirc::1713c35ce741	atlas_s2::kirc::1713c35ce741::PATIENT::3bf67ef084556ba2	ineligible	counts_not_technically_available|observation_count_unavailable|record_status_not_current	66adff4328e44f3c6e7c4d4024fd671228fceff379bd444931540025cd855ae9
ATLAS::atlas_s2_row_0032	013_ATLAS_TABLE_S2	atlas_s2::kirc::1713c35ce741	atlas_s2::kirc::1713c35ce741::PATIENT::487ec46737fe3685	ineligible	counts_not_technically_available|observation_count_unavailable|record_status_not_current	2a1c0f3816dba4a7fe477964bc1e09bccedea27cb1685b6a46cf926ac2de34e3
ATLAS::atlas_s2_row_0028	013_ATLAS_TABLE_S2	atlas_s2::kirc::1713c35ce741	atlas_s2::kirc::1713c35ce741::PATIENT::588a6761e64b0dd4	ineligible	counts_not_technically_available|observation_count_unavailable|record_status_not_current	96dc0dc73615ca667224df387b91493e33ccc0c19ac56862f3605f78b4a4e4b0
ATLAS::atlas_s2_row_0029	013_ATLAS_TABLE_S2	atlas_s2::kirc::1713c35ce741	atlas_s2::kirc::1713c35ce741::PATIENT::5be74fd40c8980ed	ineligible	counts_not_technically_available|observation_count_unavailable|record_status_not_current	042fc7f075659dc6f1391cd6fec7005eabb8fae7b69a62ee0f5e608cdddfc87d
ATLAS::atlas_s2_row_0026	013_ATLAS_TABLE_S2	atlas_s2::kirc::1713c35ce741	atlas_s2::kirc::1713c35ce741::PATIENT::5cc7ae549dfc5311	ineligible	counts_not_technically_available|observation_count_unavailable|record_status_not_current	2d12f842472fd16f8d2ab02df188a5c27b51731adf6a109d9e2607dc0ac7cdb5
ATLAS::atlas_s2_row_0019	013_ATLAS_TABLE_S2	atlas_s2::kirc::1713c35ce741	atlas_s2::kirc::1713c35ce741::PATIENT::67c46439ffabea89	ineligible	counts_not_technically_available|observation_count_unavailable|record_status_not_current	9e29dc979eae85804bcdc2ba73fd4b6fd4963672add9966853825b897e3079c2
ATLAS::atlas_s2_row_0015	013_ATLAS_TABLE_S2	atlas_s2::kirc::1713c35ce741	atlas_s2::kirc::1713c35ce741::PATIENT::7749c63e186a2d5d	ineligible	counts_not_technically_available|observation_count_unavailable|record_status_not_current	7c2fa7cb764afcaef3b65a505d4e545969e65a23a0494bf37ad7ef012a06bcec
ATLAS::atlas_s2_row_0036	013_ATLAS_TABLE_S2	atlas_s2::kirc::1713c35ce741	atlas_s2::kirc::1713c35ce741::PATIENT::8b212a857a629e89	ineligible	counts_not_technically_available|observation_count_unavailable|record_status_not_current	0f8d561018904e35e34c3971ffe4077c883e1b66624a39a60f50b109b6a8a804
ATLAS::atlas_s2_row_0018	013_ATLAS_TABLE_S2	atlas_s2::kirc::1713c35ce741	atlas_s2::kirc::1713c35ce741::PATIENT::96480e24cd89b3e0	ineligible	counts_not_technically_available|observation_count_unavailable|record_status_not_current	cfe132be90ae732a1a7e1a0fcca9ab93ac6566e34a0b68f017bea9c4c670c21c
ATLAS::atlas_s2_row_0017	013_ATLAS_TABLE_S2	atlas_s2::kirc::1713c35ce741	atlas_s2::kirc::1713c35ce741::PATIENT::9ceb388db6bb33db	ineligible	counts_not_technically_available|observation_count_unavailable|record_status_not_current	f73b18f5fef34b07766bba7774a3ebf7db64be13f74236503bfc605b1ac55bc2
ATLAS::atlas_s2_row_0035	013_ATLAS_TABLE_S2	atlas_s2::kirc::1713c35ce741	atlas_s2::kirc::1713c35ce741::PATIENT::a8d5e60e5685181a	ineligible	counts_not_technically_available|observation_count_unavailable|record_status_not_current	4df1b13322ecc875e98b3931c5dc192b0460430150067c7ee964474d269d2418
ATLAS::atlas_s2_row_0030	013_ATLAS_TABLE_S2	atlas_s2::kirc::1713c35ce741	atlas_s2::kirc::1713c35ce741::PATIENT::aa739096d7bfa0dc	ineligible	counts_not_technically_available|observation_count_unavailable|record_status_not_current	5946fddc2656ee50ba70322e3fd2fa22e37a44acfee6da1f6cc7fcf049258565
ATLAS::atlas_s2_row_0023	013_ATLAS_TABLE_S2	atlas_s2::kirc::1713c35ce741	atlas_s2::kirc::1713c35ce741::PATIENT::b4e45db75b402e9d	ineligible	counts_not_technically_available|observation_count_unavailable|record_status_not_current	34866642138aa71eb3c4c881dbb726c87356ba91829351c9b2d8ddf66420718c
ATLAS::atlas_s2_row_0025	013_ATLAS_TABLE_S2	atlas_s2::kirc::1713c35ce741	atlas_s2::kirc::1713c35ce741::PATIENT::bfc0d6f54dbb7609	ineligible	counts_not_technically_available|observation_count_unavailable|record_status_not_current	57d16ddb4bd41f5465568fb5a2aaefa8061cf7c9a8352f63cae3a24325d17554
ATLAS::atlas_s2_row_0024	013_ATLAS_TABLE_S2	atlas_s2::kirc::1713c35ce741	atlas_s2::kirc::1713c35ce741::PATIENT::c58008cc15d655ec	ineligible	counts_not_technically_available|observation_count_unavailable|record_status_not_current	9edbd563144c24c099a607bda3574542badd46abc9db57ec99431c2da45d9a34
ATLAS::atlas_s2_row_0020	013_ATLAS_TABLE_S2	atlas_s2::kirc::1713c35ce741	atlas_s2::kirc::1713c35ce741::PATIENT::e27f2ec270c4ecd2	ineligible	counts_not_technically_available|observation_count_unavailable|record_status_not_current	401e52303b32f552df8b5d8bf251a9dc15dd80732f9391485e30875b828cec7c
ATLAS::atlas_s2_row_0031	013_ATLAS_TABLE_S2	atlas_s2::kirc::1713c35ce741	atlas_s2::kirc::1713c35ce741::PATIENT::ecc487085ecfb494	ineligible	counts_not_technically_available|observation_count_unavailable|record_status_not_current	c45b008ccd451e524c0167b33f8a9aeecfe1ff237b4719a4ddf77c0bc148fa35
ATLAS::atlas_s2_row_0037	013_ATLAS_TABLE_S2	atlas_s2::kirc::1713c35ce741	atlas_s2::kirc::1713c35ce741::PATIENT::f15f8ab10a7fa7cc	ineligible	counts_not_technically_available|observation_count_unavailable|record_status_not_current	47780ae3568dc58bd41154d7974bac11b4a6da08b25577c2d58c1e042385d76b
ATLAS::atlas_s2_row_0016	013_ATLAS_TABLE_S2	atlas_s2::kirc::1713c35ce741	atlas_s2::kirc::1713c35ce741::PATIENT::f750926d6cfbc420	ineligible	counts_not_technically_available|observation_count_unavailable|record_status_not_current	a3d2468dfb214d7236f0a843cedf5227faadbd49c630afafc8bb005b6e3410a3
ATLAS::atlas_s2_row_0033	013_ATLAS_TABLE_S2	atlas_s2::kirc::1713c35ce741	atlas_s2::kirc::1713c35ce741::PATIENT::faa2ad95638a492a	ineligible	counts_not_technically_available|observation_count_unavailable|record_status_not_current	a429e7381bc7bdcb97523e10882587e139b05839df99512ba45c6b1ec67627cb
ATLAS::atlas_s2_row_0034	013_ATLAS_TABLE_S2	atlas_s2::kirc::1713c35ce741	atlas_s2::kirc::1713c35ce741::PATIENT::fd480fa5825d35df	ineligible	counts_not_technically_available|observation_count_unavailable|record_status_not_current	f7854c3ac3cb77bf10776d38610d5d1543d424c8c54e5bb8550fd550a0d7dfcf
ATLAS::atlas_s2_row_0039	013_ATLAS_TABLE_S2	atlas_s2::kirc::f8da3f2751d7	atlas_s2::kirc::f8da3f2751d7::PATIENT::d7f5cc4ad0b4c913	ineligible	counts_not_technically_available|observation_count_unavailable|record_status_not_current	6fc4857c29fa9a8d74835d4e8e327de0c3a59059371b46381df8039b6a41dd83
ATLAS::atlas_s2_row_0038	013_ATLAS_TABLE_S2	atlas_s2::kirc::f8da3f2751d7	atlas_s2::kirc::f8da3f2751d7::PATIENT::df9e4274e318a44a	ineligible	counts_not_technically_available|observation_count_unavailable|record_status_not_current	de3e5ad19479b3df811eadd339520e4323b13fed41f763624fdf2efa5211d795
ATLAS::atlas_s2_row_0305	013_ATLAS_TABLE_S2	atlas_s2::lihc::311520ad8153	atlas_s2::lihc::311520ad8153::PATIENT::062539aaf8605038	ineligible	counts_not_technically_available|observation_count_unavailable|record_status_not_current	18576929cf64040823942c3c1ac0398ecea0a1a1fc677eea03410dc63c96be98
ATLAS::atlas_s2_row_0307	013_ATLAS_TABLE_S2	atlas_s2::lihc::311520ad8153	atlas_s2::lihc::311520ad8153::PATIENT::38af59ce942a6eac	ineligible	counts_not_technically_available|observation_count_unavailable|record_status_not_current	656dfa9552567a914a16aad59c7d94c2e27edd6850a7876acf3f56d655564330
ATLAS::atlas_s2_row_0304	013_ATLAS_TABLE_S2	atlas_s2::lihc::311520ad8153	atlas_s2::lihc::311520ad8153::PATIENT::3ad0d4b6f72c7771	ineligible	counts_not_technically_available|observation_count_unavailable|record_status_not_current	3df1199fe23e074490f212608166ddca325b78e6e176c6171bab8907cf150a81
ATLAS::atlas_s2_row_0306	013_ATLAS_TABLE_S2	atlas_s2::lihc::311520ad8153	atlas_s2::lihc::311520ad8153::PATIENT::e5b1c615cd9096f2	ineligible	counts_not_technically_available|observation_count_unavailable|record_status_not_current	c743886edf7ac6a0fe41d2104c222df28c0a4b75ae411b3412c520e43ade1309
ATLAS::atlas_s2_row_0296	013_ATLAS_TABLE_S2	atlas_s2::lihc::c8b7b348f860	atlas_s2::lihc::c8b7b348f860::PATIENT::52f6d1cf14a8536b	ineligible	counts_not_technically_available|observation_count_unavailable|record_status_not_current	a5dfda3cf51ed736b765379bbb5e78c2fafa0633227ef9321b43047266d1e5f5
ATLAS::atlas_s2_row_0297	013_ATLAS_TABLE_S2	atlas_s2::lihc::c8b7b348f860	atlas_s2::lihc::c8b7b348f860::PATIENT::52f6d1cf14a8536b	ineligible	counts_not_technically_available|observation_count_unavailable|record_status_not_current	31e02fcef426e57de4f62ed9ab065428bf38d0a73a1b1204212c016bb7b0c52f
ATLAS::atlas_s2_row_0298	013_ATLAS_TABLE_S2	atlas_s2::lihc::c8b7b348f860	atlas_s2::lihc::c8b7b348f860::PATIENT::52f6d1cf14a8536b	ineligible	counts_not_technically_available|observation_count_unavailable|record_status_not_current	b0f9e4e54b251a865fef9390bac20d3a8e18101d18252b14cb072d2dd47cbf9a
ATLAS::atlas_s2_row_0283	013_ATLAS_TABLE_S2	atlas_s2::lihc::c8b7b348f860	atlas_s2::lihc::c8b7b348f860::PATIENT::86fb1f4f4782f93a	ineligible	counts_not_technically_available|observation_count_unavailable|record_status_not_current	3cb8b46ac7f17c31c505d5a12da4eefaafbaed8168df14e35e6483853567be38
ATLAS::atlas_s2_row_0284	013_ATLAS_TABLE_S2	atlas_s2::lihc::c8b7b348f860	atlas_s2::lihc::c8b7b348f860::PATIENT::86fb1f4f4782f93a	ineligible	counts_not_technically_available|observation_count_unavailable|record_status_not_current	9321b04b3bb460e02e13e03b1e34fb0648aaac244be763b5f213fe0bf9fc385d
ATLAS::atlas_s2_row_0285	013_ATLAS_TABLE_S2	atlas_s2::lihc::c8b7b348f860	atlas_s2::lihc::c8b7b348f860::PATIENT::86fb1f4f4782f93a	ineligible	counts_not_technically_available|observation_count_unavailable|record_status_not_current	b949c81d76d61b3187ee1a5a9b2bca5dd89f21b86511e976bd841b4ac4a2824b
ATLAS::atlas_s2_row_0286	013_ATLAS_TABLE_S2	atlas_s2::lihc::c8b7b348f860	atlas_s2::lihc::c8b7b348f860::PATIENT::a716e611b817a626	ineligible	counts_not_technically_available|observation_count_unavailable|record_status_not_current	04d9fa8cd40902427c00443ff66d418a582ff6e1918646e555ef57f2a9220f40
ATLAS::atlas_s2_row_0287	013_ATLAS_TABLE_S2	atlas_s2::lihc::c8b7b348f860	atlas_s2::lihc::c8b7b348f860::PATIENT::a716e611b817a626	ineligible	counts_not_technically_available|observation_count_unavailable|record_status_not_current	fe9edb66142ee99106c397759021ee75c117f3d8301c955803bc52b7c2c2f07e
ATLAS::atlas_s2_row_0288	013_ATLAS_TABLE_S2	atlas_s2::lihc::c8b7b348f860	atlas_s2::lihc::c8b7b348f860::PATIENT::a716e611b817a626	ineligible	counts_not_technically_available|observation_count_unavailable|record_status_not_current	01c259ad3e4e9101ac82b92ffe8aecc0dbb24cb22db2719ef3d49e6ef2cdf883
ATLAS::atlas_s2_row_0293	013_ATLAS_TABLE_S2	atlas_s2::lihc::c8b7b348f860	atlas_s2::lihc::c8b7b348f860::PATIENT::afd6a2a46ca602e0	ineligible	counts_not_technically_available|observation_count_unavailable|record_status_not_current	ea8a483a5b4e400cfe4f053b198d87d495b87e13b46e416a68da5148d2170224
ATLAS::atlas_s2_row_0294	013_ATLAS_TABLE_S2	atlas_s2::lihc::c8b7b348f860	atlas_s2::lihc::c8b7b348f860::PATIENT::afd6a2a46ca602e0	ineligible	counts_not_technically_available|observation_count_unavailable|record_status_not_current	9bdd8894fcea4645830d25cbec9000ad77bc480ac4f1688eccaf73bbb2e53a15
ATLAS::atlas_s2_row_0295	013_ATLAS_TABLE_S2	atlas_s2::lihc::c8b7b348f860	atlas_s2::lihc::c8b7b348f860::PATIENT::afd6a2a46ca602e0	ineligible	counts_not_technically_available|observation_count_unavailable|record_status_not_current	1260a6738a2351adf72f75a871aa001586c05c076f4679776a256569a6376151
ATLAS::atlas_s2_row_0303	013_ATLAS_TABLE_S2	atlas_s2::lihc::c8b7b348f860	atlas_s2::lihc::c8b7b348f860::PATIENT::b6e457d04186df9b	ineligible	counts_not_technically_available|observation_count_unavailable|record_status_not_current	41e19fc4a0cd53d124c35f89ffb1ed90dcdde06a74868cba397bd6e9752397c8
ATLAS::atlas_s2_row_0299	013_ATLAS_TABLE_S2	atlas_s2::lihc::c8b7b348f860	atlas_s2::lihc::c8b7b348f860::PATIENT::d2f515ae05b2cbc7	ineligible	counts_not_technically_available|observation_count_unavailable|record_status_not_current	fad26b1bad6701c9853fb3fe3d44137c952034c61536f39590926167f1691c82
ATLAS::atlas_s2_row_0300	013_ATLAS_TABLE_S2	atlas_s2::lihc::c8b7b348f860	atlas_s2::lihc::c8b7b348f860::PATIENT::d2f515ae05b2cbc7	ineligible	counts_not_technically_available|observation_count_unavailable|record_status_not_current	d8dda05e4c3086345e648e287979c1669357bd950c0a080bd708afe7b8816df5
ATLAS::atlas_s2_row_0301	013_ATLAS_TABLE_S2	atlas_s2::lihc::c8b7b348f860	atlas_s2::lihc::c8b7b348f860::PATIENT::d2f515ae05b2cbc7	ineligible	counts_not_technically_available|observation_count_unavailable|record_status_not_current	99b59c9ed8285893627944ec0c1e679b795c7b2aa23915d831a25d9be88c0593
ATLAS::atlas_s2_row_0302	013_ATLAS_TABLE_S2	atlas_s2::lihc::c8b7b348f860	atlas_s2::lihc::c8b7b348f860::PATIENT::d2f515ae05b2cbc7	ineligible	counts_not_technically_available|observation_count_unavailable|record_status_not_current	a6ce40050a07eee61fd226877f4d38a5b60c40bf6137687fa50678b578a8d3ce
ATLAS::atlas_s2_row_0289	013_ATLAS_TABLE_S2	atlas_s2::lihc::c8b7b348f860	atlas_s2::lihc::c8b7b348f860::PATIENT::d368ae0e6e7f84b5	ineligible	counts_not_technically_available|observation_count_unavailable|record_status_not_current	5c5cc92711f66c4419bd020764f0bfce4e7e21461fd0ce891c1b077c5524a9a8
ATLAS::atlas_s2_row_0290	013_ATLAS_TABLE_S2	atlas_s2::lihc::c8b7b348f860	atlas_s2::lihc::c8b7b348f860::PATIENT::d368ae0e6e7f84b5	ineligible	counts_not_technically_available|observation_count_unavailable|record_status_not_current	b364e036cc45fd5fac6280c485c46b58ad5b429701588e0d73b498faf90f0c2e
ATLAS::atlas_s2_row_0291	013_ATLAS_TABLE_S2	atlas_s2::lihc::c8b7b348f860	atlas_s2::lihc::c8b7b348f860::PATIENT::d368ae0e6e7f84b5	ineligible	counts_not_technically_available|observation_count_unavailable|record_status_not_current	82bae6918af5908cb78f776b98fceed7dc10c4ed6d2867979350054936e57db8
ATLAS::atlas_s2_row_0292	013_ATLAS_TABLE_S2	atlas_s2::lihc::c8b7b348f860	atlas_s2::lihc::c8b7b348f860::PATIENT::d368ae0e6e7f84b5	ineligible	counts_not_technically_available|observation_count_unavailable|record_status_not_current	1791f2cb47446c41008a21d89282c7b5f7033ba292bb82e628369f78a6d54de5
ATLAS::atlas_s2_row_0010	013_ATLAS_TABLE_S2	atlas_s2::luad::36411acf705f	atlas_s2::luad::36411acf705f::PATIENT::2b3e1e122bd31891	ineligible	counts_not_technically_available|observation_count_unavailable|record_status_not_current	1368c4731b572a21b2607e22d15f0aba39999444524a03efeeb5a33ae567b3a8
ATLAS::atlas_s2_row_0009	013_ATLAS_TABLE_S2	atlas_s2::luad::36411acf705f	atlas_s2::luad::36411acf705f::PATIENT::dcfd942030c9406b	ineligible	counts_not_technically_available|observation_count_unavailable|record_status_not_current	bbd510279062507c672ab40d970822f3b2925a0ff8b5a6b630811c3f77dd04be
ATLAS::atlas_s2_row_0004	013_ATLAS_TABLE_S2	atlas_s2::luad::486f932752d0	atlas_s2::luad::486f932752d0::PATIENT::8a44832492f72b8f	ineligible	counts_not_technically_available|observation_count_unavailable|record_status_not_current	a61f1903dd1bddeec8b351b3633379c7599e37bb0ae9db75188da81c7bc532e0
ATLAS::atlas_s2_row_0005	013_ATLAS_TABLE_S2	atlas_s2::luad::486f932752d0	atlas_s2::luad::486f932752d0::PATIENT::8a44832492f72b8f	ineligible	counts_not_technically_available|observation_count_unavailable|record_status_not_current	a2ff7cc67742897ebb323a69ace78a8fc654a791780ebf5bcdda4e680bd5c933
ATLAS::atlas_s2_row_0006	013_ATLAS_TABLE_S2	atlas_s2::luad::486f932752d0	atlas_s2::luad::486f932752d0::PATIENT::8a44832492f72b8f	ineligible	counts_not_technically_available|observation_count_unavailable|record_status_not_current	766dcadab7ea40ca8605588c1e6dbaf256f75404ec1abeb2a4643ade5e74ed3d
ATLAS::atlas_s2_row_0007	013_ATLAS_TABLE_S2	atlas_s2::luad::486f932752d0	atlas_s2::luad::486f932752d0::PATIENT::8a44832492f72b8f	ineligible	counts_not_technically_available|observation_count_unavailable|record_status_not_current	98bffff7dc54ff22a66e240e15a07ee7a5de9c42c72844851006250486307bf9
ATLAS::atlas_s2_row_0008	013_ATLAS_TABLE_S2	atlas_s2::luad::486f932752d0	atlas_s2::luad::486f932752d0::PATIENT::cb200263d2c1e9b4	ineligible	counts_not_technically_available|observation_count_unavailable|record_status_not_current	a108683eae9657b9dde33e3267056cfe8b83d001f83077640124074b35565daf
ATLAS::atlas_s2_row_0013	013_ATLAS_TABLE_S2	atlas_s2::luad::76470063af9e	atlas_s2::luad::76470063af9e::PATIENT::180f1e1dc9468a5c	ineligible	counts_not_technically_available|observation_count_unavailable|record_status_not_current	374f4ec09d3a4cf911b592d2284c37bc458c52805201d6b13287c509f976b4c2
ATLAS::atlas_s2_row_0012	013_ATLAS_TABLE_S2	atlas_s2::luad::76470063af9e	atlas_s2::luad::76470063af9e::PATIENT::901b0beac1526c2b	ineligible	counts_not_technically_available|observation_count_unavailable|record_status_not_current	ee2b665830cb5f60adf49570ce6693875326c81ab794fb0cb3fe452a501fb03e
ATLAS::atlas_s2_row_0011	013_ATLAS_TABLE_S2	atlas_s2::luad::76470063af9e	atlas_s2::luad::76470063af9e::PATIENT::ac48ca309d9916a5	ineligible	counts_not_technically_available|observation_count_unavailable|record_status_not_current	3b43ae22e3c86efd39305efaf6191e4d0d76490c7e719ac9500faa0485370061
ATLAS::atlas_s2_row_0119	013_ATLAS_TABLE_S2	atlas_s2::oscc::847eaaa6916f	atlas_s2::oscc::847eaaa6916f::PATIENT::2ec71467ebf9e2cf	ineligible	counts_not_technically_available|observation_count_unavailable|record_status_not_current	af13a374d0d085e100a7b4b9fbce017b9d4b6cf0c6c6d9c48b443f60c61c0c5c
ATLAS::atlas_s2_row_0122	013_ATLAS_TABLE_S2	atlas_s2::oscc::847eaaa6916f	atlas_s2::oscc::847eaaa6916f::PATIENT::35779f4c2d5c94d1	ineligible	counts_not_technically_available|observation_count_unavailable|record_status_not_current	78f50685c6c58ca43149088592b3f7cf2be3b31594950c6197a242ee145a0a8c
ATLAS::atlas_s2_row_0120	013_ATLAS_TABLE_S2	atlas_s2::oscc::847eaaa6916f	atlas_s2::oscc::847eaaa6916f::PATIENT::3ec0247715c1d486	ineligible	counts_not_technically_available|observation_count_unavailable|record_status_not_current	bddce0f0e51bc0092ef6ed9b1fc00c3307f66f4d9f7e640b8a089af2145df2e7
ATLAS::atlas_s2_row_0127	013_ATLAS_TABLE_S2	atlas_s2::oscc::847eaaa6916f	atlas_s2::oscc::847eaaa6916f::PATIENT::514481dd48918c7c	ineligible	counts_not_technically_available|observation_count_unavailable|record_status_not_current	7e2e2bba181478cf0a0c22116b9e6733db7ee5c07ce2804b293fdda50ae95041
ATLAS::atlas_s2_row_0125	013_ATLAS_TABLE_S2	atlas_s2::oscc::847eaaa6916f	atlas_s2::oscc::847eaaa6916f::PATIENT::9a407f1b2da14b6a	ineligible	counts_not_technically_available|observation_count_unavailable|record_status_not_current	9cea9d599d2e20bc22f62da0c4408a867235864ce0677dfe5601dde96e9d77e3
ATLAS::atlas_s2_row_0126	013_ATLAS_TABLE_S2	atlas_s2::oscc::847eaaa6916f	atlas_s2::oscc::847eaaa6916f::PATIENT::9a407f1b2da14b6a	ineligible	counts_not_technically_available|observation_count_unavailable|record_status_not_current	b6f1a7b7df69428e161e42998e91d3ed8ef78dd090a6030e07747f71a56a4c39
ATLAS::atlas_s2_row_0128	013_ATLAS_TABLE_S2	atlas_s2::oscc::847eaaa6916f	atlas_s2::oscc::847eaaa6916f::PATIENT::a14e1dd03ddacdb3	ineligible	counts_not_technically_available|observation_count_unavailable|record_status_not_current	885a67b758e03375944b773b96bbca0431675c423c9033df87c06f4e4a46c9de
ATLAS::atlas_s2_row_0117	013_ATLAS_TABLE_S2	atlas_s2::oscc::847eaaa6916f	atlas_s2::oscc::847eaaa6916f::PATIENT::a5f660f1095b8496	ineligible	counts_not_technically_available|observation_count_unavailable|record_status_not_current	e0361e7c27cb5327378e287d19f8857d0b940482d28e21a44dfc4db852388d31
ATLAS::atlas_s2_row_0121	013_ATLAS_TABLE_S2	atlas_s2::oscc::847eaaa6916f	atlas_s2::oscc::847eaaa6916f::PATIENT::b0c639f068dc18cc	ineligible	counts_not_technically_available|observation_count_unavailable|record_status_not_current	39f57714625b84c6d83797dcc11cefa34d9e61b6591aedab5e1a3f11a3586466
ATLAS::atlas_s2_row_0123	013_ATLAS_TABLE_S2	atlas_s2::oscc::847eaaa6916f	atlas_s2::oscc::847eaaa6916f::PATIENT::b7e9d11d86883bc3	ineligible	counts_not_technically_available|observation_count_unavailable|record_status_not_current	1395a4b2c501e9877bc70351b7054d3f8623b0d289f65c80f48741d3f4599551
ATLAS::atlas_s2_row_0124	013_ATLAS_TABLE_S2	atlas_s2::oscc::847eaaa6916f	atlas_s2::oscc::847eaaa6916f::PATIENT::b7e9d11d86883bc3	ineligible	counts_not_technically_available|observation_count_unavailable|record_status_not_current	a22940c41718ccf6fa9e1dd1315e0d1135f36db891e2d93266d1437c5a40bbdd
ATLAS::atlas_s2_row_0118	013_ATLAS_TABLE_S2	atlas_s2::oscc::847eaaa6916f	atlas_s2::oscc::847eaaa6916f::PATIENT::c6b00cb80580cfb3	ineligible	counts_not_technically_available|observation_count_unavailable|record_status_not_current	cd9b6b67080ea2a7574ce824bf058aeefac57ab261cff5b06f516b98ca7b7011
ATLAS::atlas_s2_row_0269	013_ATLAS_TABLE_S2	atlas_s2::ovca::1096a62ee6fb	atlas_s2::ovca::1096a62ee6fb::PATIENT::215489bff975a418	ineligible	counts_not_technically_available|observation_count_unavailable|record_status_not_current	8a2f58e5d0f61e787362e7d66766a02f311fc0e48e226e042ca04758e4a33ca2
ATLAS::atlas_s2_row_0266	013_ATLAS_TABLE_S2	atlas_s2::ovca::1096a62ee6fb	atlas_s2::ovca::1096a62ee6fb::PATIENT::216d73e9339870b4	ineligible	counts_not_technically_available|observation_count_unavailable|record_status_not_current	51838f3998830c9c972a1037c0d9cbce06ae30aa179f5dec774c0431edf3d638
ATLAS::atlas_s2_row_0272	013_ATLAS_TABLE_S2	atlas_s2::ovca::1096a62ee6fb	atlas_s2::ovca::1096a62ee6fb::PATIENT::2fd9b302df81110b	ineligible	counts_not_technically_available|observation_count_unavailable|record_status_not_current	53f9e467597f1e95304be591409ec588ebad421ce3af1391f0626bf44a5abfcf
ATLAS::atlas_s2_row_0267	013_ATLAS_TABLE_S2	atlas_s2::ovca::1096a62ee6fb	atlas_s2::ovca::1096a62ee6fb::PATIENT::3540d19aaa9b319c	ineligible	counts_not_technically_available|observation_count_unavailable|record_status_not_current	eb164bdd5bdc3d9a16cfa70edf8cfb2ac8d2513af07396a324c7fa52c7cfaa1c
ATLAS::atlas_s2_row_0271	013_ATLAS_TABLE_S2	atlas_s2::ovca::1096a62ee6fb	atlas_s2::ovca::1096a62ee6fb::PATIENT::36aca10ac5969595	ineligible	counts_not_technically_available|observation_count_unavailable|record_status_not_current	a6e766fc15db60668eb7766c2ea360bc45efa22e555916aa8b0bb4da6f13bb86
ATLAS::atlas_s2_row_0270	013_ATLAS_TABLE_S2	atlas_s2::ovca::1096a62ee6fb	atlas_s2::ovca::1096a62ee6fb::PATIENT::8dcf9a5ac343ffcd	ineligible	counts_not_technically_available|observation_count_unavailable|record_status_not_current	53818290dfddbfc1cda8543f404e553b47d9b867684503634c89888e8cacb093
ATLAS::atlas_s2_row_0265	013_ATLAS_TABLE_S2	atlas_s2::ovca::1096a62ee6fb	atlas_s2::ovca::1096a62ee6fb::PATIENT::b48ca401a4c4c306	ineligible	counts_not_technically_available|observation_count_unavailable|record_status_not_current	c153c152b4faf5282c1f0025092598b481869e5d27cf17fbf9f234f2916c024f
ATLAS::atlas_s2_row_0268	013_ATLAS_TABLE_S2	atlas_s2::ovca::1096a62ee6fb	atlas_s2::ovca::1096a62ee6fb::PATIENT::f89f21e81a4c8eb6	ineligible	counts_not_technically_available|observation_count_unavailable|record_status_not_current	2dac15c27b5b5224367fda5189a0ad9cfc01ae5c01c5cfea717551c74fd72bed
ATLAS::atlas_s2_row_0273	013_ATLAS_TABLE_S2	atlas_s2::ovca::1fb05a50a277	atlas_s2::ovca::1fb05a50a277::PATIENT::111ea5cc880ce4fb	ineligible	counts_not_technically_available|observation_count_unavailable|record_status_not_current	cc4efeb1671eb7104db37a656720742a89cc7f60018db4b040e89899aa0162fa
ATLAS::atlas_s2_row_0274	013_ATLAS_TABLE_S2	atlas_s2::ovca::1fb05a50a277	atlas_s2::ovca::1fb05a50a277::PATIENT::111ea5cc880ce4fb	ineligible	counts_not_technically_available|observation_count_unavailable|record_status_not_current	0c17a9d7b9d2b013115fa6744b5be20cd5f7bf50b7b6736f947668c4a31f94e9
ATLAS::atlas_s2_row_0275	013_ATLAS_TABLE_S2	atlas_s2::ovca::1fb05a50a277	atlas_s2::ovca::1fb05a50a277::PATIENT::111ea5cc880ce4fb	ineligible	counts_not_technically_available|observation_count_unavailable|record_status_not_current	c59d55898ff77fd076558d86eb1c8a0f287a481b58a2bec780a77c4271280ce7
ATLAS::atlas_s2_row_0276	013_ATLAS_TABLE_S2	atlas_s2::ovca::1fb05a50a277	atlas_s2::ovca::1fb05a50a277::PATIENT::111ea5cc880ce4fb	ineligible	counts_not_technically_available|observation_count_unavailable|record_status_not_current	34f593f041843578ad407038860c58e7f51cb13dd874711af60e0c76ec5f9ae0
ATLAS::atlas_s2_row_0277	013_ATLAS_TABLE_S2	atlas_s2::ovca::1fb05a50a277	atlas_s2::ovca::1fb05a50a277::PATIENT::111ea5cc880ce4fb	ineligible	counts_not_technically_available|observation_count_unavailable|record_status_not_current	0e3d02d2ddd915a6840146f6d2aca6b1f72159c0b951f48a75fda07e721cd4a2
ATLAS::atlas_s2_row_0278	013_ATLAS_TABLE_S2	atlas_s2::ovca::1fb05a50a277	atlas_s2::ovca::1fb05a50a277::PATIENT::111ea5cc880ce4fb	ineligible	counts_not_technically_available|observation_count_unavailable|record_status_not_current	ed30bd0d724f9b9d9fb207b5449af7f3fd00c64596f49eba74e7c40b36f55e12
ATLAS::atlas_s2_row_0279	013_ATLAS_TABLE_S2	atlas_s2::ovca::1fb05a50a277	atlas_s2::ovca::1fb05a50a277::PATIENT::111ea5cc880ce4fb	ineligible	counts_not_technically_available|observation_count_unavailable|record_status_not_current	b80c2b84caac90e5d7d2df34812c677a6128c92485f8a40b3316471350dd2918
ATLAS::atlas_s2_row_0280	013_ATLAS_TABLE_S2	atlas_s2::ovca::1fb05a50a277	atlas_s2::ovca::1fb05a50a277::PATIENT::111ea5cc880ce4fb	ineligible	counts_not_technically_available|observation_count_unavailable|record_status_not_current	68cf9e58b535494b92cbbc5a33930ceebc3f744baa52ed38703cd9db1f15c1d1
ATLAS::atlas_s2_row_0282	013_ATLAS_TABLE_S2	atlas_s2::ovca::2fefa22ca3e9	atlas_s2::ovca::2fefa22ca3e9::PATIENT::07e68c9e21ee4d17	ineligible	counts_not_technically_available|observation_count_unavailable|record_status_not_current	ee4bf09de6cb62456817091546e2a56bb4bd37a3574c35bccab783aaedd1f3be
ATLAS::atlas_s2_row_0281	013_ATLAS_TABLE_S2	atlas_s2::ovca::2fefa22ca3e9	atlas_s2::ovca::2fefa22ca3e9::PATIENT::36b5424927108ef3	ineligible	counts_not_technically_available|observation_count_unavailable|record_status_not_current	019d6885c0d264b9e311ba0b4b90837890e4eae80b115e4ce7440f53510b7559
ATLAS::atlas_s2_row_0264	013_ATLAS_TABLE_S2	atlas_s2::ovca::9aec1e08324f	atlas_s2::ovca::9aec1e08324f::PATIENT::9d9dd04e587b608f	ineligible	counts_not_technically_available|observation_count_unavailable|record_status_not_current	88f19ea954653f77b212e1f15e51709bcc45dfd60e5d07d99dfd5ab5cbc50ee0
ATLAS::atlas_s2_row_0263	013_ATLAS_TABLE_S2	atlas_s2::ovca::9aec1e08324f	atlas_s2::ovca::9aec1e08324f::PATIENT::d0e98beb501d049f	ineligible	counts_not_technically_available|observation_count_unavailable|record_status_not_current	cbcb98e66c743dd48e44b39524c8c3e71c61099fad59d7b64945dc55a5deab2c
ATLAS::atlas_s2_row_0143	013_ATLAS_TABLE_S2	atlas_s2::paad::25fc49fa3903	atlas_s2::paad::25fc49fa3903::PATIENT::01a8193df2c0c997	ineligible	counts_not_technically_available|observation_count_unavailable|record_status_not_current	68bc6e8cf3323ba424c49c543a38e48d23a6207db9af95c76cd11d645ca1ef3b
ATLAS::atlas_s2_row_0146	013_ATLAS_TABLE_S2	atlas_s2::paad::25fc49fa3903	atlas_s2::paad::25fc49fa3903::PATIENT::11751361fa4136a1	ineligible	counts_not_technically_available|observation_count_unavailable|record_status_not_current	d292d3e21367a793014c0b8ee1686d06e1dd8e79d9a11a1f8c260450ab3f2c25
ATLAS::atlas_s2_row_0147	013_ATLAS_TABLE_S2	atlas_s2::paad::25fc49fa3903	atlas_s2::paad::25fc49fa3903::PATIENT::13402e8169abec85	ineligible	counts_not_technically_available|observation_count_unavailable|record_status_not_current	82d03fb1e1f2149354535ca5b751d73f5560c474983c880b78e89fc6e0b8b61a
ATLAS::atlas_s2_row_0145	013_ATLAS_TABLE_S2	atlas_s2::paad::25fc49fa3903	atlas_s2::paad::25fc49fa3903::PATIENT::62f4082a77e03e40	ineligible	counts_not_technically_available|observation_count_unavailable|record_status_not_current	d1dcec5e1eca29ee4564a173d335b1e23f69eb24453f9f87655c2b0c4a819082
ATLAS::atlas_s2_row_0144	013_ATLAS_TABLE_S2	atlas_s2::paad::25fc49fa3903	atlas_s2::paad::25fc49fa3903::PATIENT::bc04a4cc418895a6	ineligible	counts_not_technically_available|observation_count_unavailable|record_status_not_current	8af19f475f5935d24d2696dc9c965606e745277a9caf5fdd2a524f634e129466
ATLAS::atlas_s2_row_0158	013_ATLAS_TABLE_S2	atlas_s2::paad::37a9a031b038	atlas_s2::paad::37a9a031b038::PATIENT::1090130343939d04	ineligible	counts_not_technically_available|observation_count_unavailable|record_status_not_current	2e93af967c701d50e1593d824b90a2575d026c707c5c1be4aeba30be371aa082
ATLAS::atlas_s2_row_0153	013_ATLAS_TABLE_S2	atlas_s2::paad::37a9a031b038	atlas_s2::paad::37a9a031b038::PATIENT::2218163e5660ba03	ineligible	counts_not_technically_available|observation_count_unavailable|record_status_not_current	a623e2583ee3327d898b1a8e94b1d7b7d1864be21488c39fbcba3bcdf83325a3
ATLAS::atlas_s2_row_0160	013_ATLAS_TABLE_S2	atlas_s2::paad::37a9a031b038	atlas_s2::paad::37a9a031b038::PATIENT::23f5af5218191f70	ineligible	counts_not_technically_available|observation_count_unavailable|record_status_not_current	13191e51f499e8663815cb0c271973ab4f7ae060eefe9ad22c9fd3ab31b5eaa6
ATLAS::atlas_s2_row_0152	013_ATLAS_TABLE_S2	atlas_s2::paad::37a9a031b038	atlas_s2::paad::37a9a031b038::PATIENT::2cd757b483d3ca0e	ineligible	counts_not_technically_available|observation_count_unavailable|record_status_not_current	fc9872162e9fd394a703dac5d83963a23db1158eb18a177ebfa6176df1f3ea1a
ATLAS::atlas_s2_row_0156	013_ATLAS_TABLE_S2	atlas_s2::paad::37a9a031b038	atlas_s2::paad::37a9a031b038::PATIENT::4974b67d0478738c	ineligible	counts_not_technically_available|observation_count_unavailable|record_status_not_current	4ba67b8228c232e1a9e20fa7033e684cea4cc124c5815a5852f1128e071e5881
ATLAS::atlas_s2_row_0159	013_ATLAS_TABLE_S2	atlas_s2::paad::37a9a031b038	atlas_s2::paad::37a9a031b038::PATIENT::5a1df2aa24c510f4	ineligible	counts_not_technically_available|observation_count_unavailable|record_status_not_current	a857620d6a9b9d73f14faa9634784b7ff4971973147311e3a0d6cf89cae395ff
ATLAS::atlas_s2_row_0157	013_ATLAS_TABLE_S2	atlas_s2::paad::37a9a031b038	atlas_s2::paad::37a9a031b038::PATIENT::67f468b1d0169b35	ineligible	counts_not_technically_available|observation_count_unavailable|record_status_not_current	c52b80c21a77e22f996de2ee6681308debb9cc74b7e767b38f5b01c57d9ece59
ATLAS::atlas_s2_row_0148	013_ATLAS_TABLE_S2	atlas_s2::paad::37a9a031b038	atlas_s2::paad::37a9a031b038::PATIENT::687d505acdf7311e	ineligible	counts_not_technically_available|observation_count_unavailable|record_status_not_current	b47d40c17d1295fd827911685da1bc8e1b203430021871db9d1b432461610d45
ATLAS::atlas_s2_row_0149	013_ATLAS_TABLE_S2	atlas_s2::paad::37a9a031b038	atlas_s2::paad::37a9a031b038::PATIENT::92bb53b33744a92e	ineligible	counts_not_technically_available|observation_count_unavailable|record_status_not_current	1ed7852ef9e75caa22e33618fd1ee2d86fd49ba4aa055ff3191ffa0525edb7a8
ATLAS::atlas_s2_row_0150	013_ATLAS_TABLE_S2	atlas_s2::paad::37a9a031b038	atlas_s2::paad::37a9a031b038::PATIENT::a97ba47ad7573700	ineligible	counts_not_technically_available|observation_count_unavailable|record_status_not_current	0634a70a22bf4f012e4052098f103a05ba122ab8d7f0cce348501d81110c2b93
ATLAS::atlas_s2_row_0155	013_ATLAS_TABLE_S2	atlas_s2::paad::37a9a031b038	atlas_s2::paad::37a9a031b038::PATIENT::cc2997138554abfe	ineligible	counts_not_technically_available|observation_count_unavailable|record_status_not_current	84ac5d249138e9613360c76d0dccd83715f211f79eb48df3b967c4f385686abc
ATLAS::atlas_s2_row_0151	013_ATLAS_TABLE_S2	atlas_s2::paad::37a9a031b038	atlas_s2::paad::37a9a031b038::PATIENT::dc4d0de6a7a21b3c	ineligible	counts_not_technically_available|observation_count_unavailable|record_status_not_current	772e4ca98a0bb0069d43e219e7f8dd9a49697c910b6a2720341f9ec99c56fa54
ATLAS::atlas_s2_row_0154	013_ATLAS_TABLE_S2	atlas_s2::paad::37a9a031b038	atlas_s2::paad::37a9a031b038::PATIENT::e54b66a3082e92d5	ineligible	counts_not_technically_available|observation_count_unavailable|record_status_not_current	a88132790f6d20617a1d6b8954cf7ead04aae560572b272e87a620ac2d106f51
ATLAS::atlas_s2_row_0164	013_ATLAS_TABLE_S2	atlas_s2::paad::4036fd69d79e	atlas_s2::paad::4036fd69d79e::PATIENT::67b77f2a4ea0847f	ineligible	counts_not_technically_available|observation_count_unavailable|record_status_not_current	a7c1b84020fac64dc0bf59ac58502d6069232cd540405be6dce3f6067f5581a5
ATLAS::atlas_s2_row_0162	013_ATLAS_TABLE_S2	atlas_s2::paad::4036fd69d79e	atlas_s2::paad::4036fd69d79e::PATIENT::6bec1783474b0031	ineligible	counts_not_technically_available|observation_count_unavailable|record_status_not_current	07c031873f8ba3c00468b58cd8f8d7aba4007831546d929758e4158f1d7aa73e
ATLAS::atlas_s2_row_0161	013_ATLAS_TABLE_S2	atlas_s2::paad::4036fd69d79e	atlas_s2::paad::4036fd69d79e::PATIENT::f9c7251582733130	ineligible	counts_not_technically_available|observation_count_unavailable|record_status_not_current	f494903e6fd40d34f78f9b3ba0b4a06504ea5025004c334fb620e5253967bb3f
ATLAS::atlas_s2_row_0163	013_ATLAS_TABLE_S2	atlas_s2::paad::4036fd69d79e	atlas_s2::paad::4036fd69d79e::PATIENT::fdc3e27764080cc8	ineligible	counts_not_technically_available|observation_count_unavailable|record_status_not_current	5f2e0ee368bb6c6b151275e6f53d34acbb40f5e38734ec5c9fc4e64eb9bcfb4e
ATLAS::atlas_s2_row_0167	013_ATLAS_TABLE_S2	atlas_s2::paad::5aaaec392e4b	atlas_s2::paad::5aaaec392e4b::PATIENT::2c3fea98eadeabc7	ineligible	counts_not_technically_available|observation_count_unavailable|record_status_not_current	7851df4bf2ddde5b288a1e896fc3eb14627e2d2210e504334c7b4af9acb7241f
ATLAS::atlas_s2_row_0168	013_ATLAS_TABLE_S2	atlas_s2::paad::5aaaec392e4b	atlas_s2::paad::5aaaec392e4b::PATIENT::3b82631c268265a2	ineligible	counts_not_technically_available|observation_count_unavailable|record_status_not_current	89a1b502544f6044de8d4c450cd631c010b7180ab6efe1e5d5d03dc5b3ef780a
ATLAS::atlas_s2_row_0165	013_ATLAS_TABLE_S2	atlas_s2::paad::5aaaec392e4b	atlas_s2::paad::5aaaec392e4b::PATIENT::62adb109a91746dd	ineligible	counts_not_technically_available|observation_count_unavailable|record_status_not_current	af7ca4c55d32dae737d0ddb2d561854e9335a70b1e0a87805f1e1cac4a834010
ATLAS::atlas_s2_row_0166	013_ATLAS_TABLE_S2	atlas_s2::paad::5aaaec392e4b	atlas_s2::paad::5aaaec392e4b::PATIENT::82fb821ff8994aa7	ineligible	counts_not_technically_available|observation_count_unavailable|record_status_not_current	89f511761408ea4d4e0978bbdaf33ede303bc4c650fa2aef2daf2c085947853f
ATLAS::atlas_s2_row_0190	013_ATLAS_TABLE_S2	atlas_s2::stad::46a841f5ce0a	atlas_s2::stad::46a841f5ce0a::PATIENT::0d0a7bcce39d290a	ineligible	counts_not_technically_available|observation_count_unavailable|record_status_not_current	cd08eccb00e257fcde1de3a59437f194d9c60e1ee2d6def8097e8ba816195c2d
ATLAS::atlas_s2_row_0189	013_ATLAS_TABLE_S2	atlas_s2::stad::46a841f5ce0a	atlas_s2::stad::46a841f5ce0a::PATIENT::ac52a8650a91acb2	ineligible	counts_not_technically_available|observation_count_unavailable|record_status_not_current	01d4181738a9e09f84dfd42d1c2593caeca73cc7f90f7b6c1dff6a660ec6a009
ATLAS::atlas_s2_row_0193	013_ATLAS_TABLE_S2	atlas_s2::stad::5467cd860ae5	atlas_s2::stad::5467cd860ae5::PATIENT::2a634619c2d69188	ineligible	counts_not_technically_available|observation_count_unavailable|record_status_not_current	8f8e2af0ec70f91bed02397dc63fead7ecf57f8e6de0c937200b9e042ac9aa8f
ATLAS::atlas_s2_row_0196	013_ATLAS_TABLE_S2	atlas_s2::stad::5467cd860ae5	atlas_s2::stad::5467cd860ae5::PATIENT::5cbdd045e891f86d	ineligible	counts_not_technically_available|observation_count_unavailable|record_status_not_current	b5ab4fcf1522ae7e3546ce14a6b6577df89736c007d6212972b77f85b24597f6
ATLAS::atlas_s2_row_0194	013_ATLAS_TABLE_S2	atlas_s2::stad::5467cd860ae5	atlas_s2::stad::5467cd860ae5::PATIENT::791cb88f5e45aec8	ineligible	counts_not_technically_available|observation_count_unavailable|record_status_not_current	099a172cc4b2d4c8f50eb231f789d3233b8a9e25902be19203cf37ecfba69dae
ATLAS::atlas_s2_row_0192	013_ATLAS_TABLE_S2	atlas_s2::stad::5467cd860ae5	atlas_s2::stad::5467cd860ae5::PATIENT::9e0388c12642bb0e	ineligible	counts_not_technically_available|observation_count_unavailable|record_status_not_current	e5be6ead2487f00c9b0a9bb480e8d914a9bbec4ccb1d987a43d51b290c247874
ATLAS::atlas_s2_row_0198	013_ATLAS_TABLE_S2	atlas_s2::stad::5467cd860ae5	atlas_s2::stad::5467cd860ae5::PATIENT::bb52c8c277cd265d	ineligible	counts_not_technically_available|observation_count_unavailable|record_status_not_current	85128a8a46207c29ba2b6b1909515869e03c16316cedfdf22129d2db8f94dfa3
ATLAS::atlas_s2_row_0197	013_ATLAS_TABLE_S2	atlas_s2::stad::5467cd860ae5	atlas_s2::stad::5467cd860ae5::PATIENT::daa7caa271788d5b	ineligible	counts_not_technically_available|observation_count_unavailable|record_status_not_current	a01fc7e2cdc10b303c321ee812bc50fa77113e85da02042dd69f9228b4a77732
ATLAS::atlas_s2_row_0191	013_ATLAS_TABLE_S2	atlas_s2::stad::5467cd860ae5	atlas_s2::stad::5467cd860ae5::PATIENT::ea19e1c575c7cec1	ineligible	counts_not_technically_available|observation_count_unavailable|record_status_not_current	62baf7b74c33a4e94bc3591f364a2755e1e281978ab085ecaed3b91319017bdc
ATLAS::atlas_s2_row_0195	013_ATLAS_TABLE_S2	atlas_s2::stad::5467cd860ae5	atlas_s2::stad::5467cd860ae5::PATIENT::f12b4f35c1082b99	ineligible	counts_not_technically_available|observation_count_unavailable|record_status_not_current	1fd5f313ab4944df6f5751e058d16d0245df571a52e78830200cc5a3aa319217
ATLAS::atlas_s2_row_0204	013_ATLAS_TABLE_S2	atlas_s2::stad::bd9a81cebbb8	atlas_s2::stad::bd9a81cebbb8::PATIENT::022532e81bf89795	ineligible	counts_not_technically_available|observation_count_unavailable|record_status_not_current	47eaf360b0520b94a1fa8558d12b02997e553ff4d6bf23ae276d90212173f21a
ATLAS::atlas_s2_row_0203	013_ATLAS_TABLE_S2	atlas_s2::stad::bd9a81cebbb8	atlas_s2::stad::bd9a81cebbb8::PATIENT::25364906c6b4ca09	ineligible	counts_not_technically_available|observation_count_unavailable|record_status_not_current	30c67602df4c85463ba6dff91556f1e585877aeb3de533879c95d9b48bc04644
ATLAS::atlas_s2_row_0207	013_ATLAS_TABLE_S2	atlas_s2::stad::bd9a81cebbb8	atlas_s2::stad::bd9a81cebbb8::PATIENT::2e97c0b73a33a35c	ineligible	counts_not_technically_available|observation_count_unavailable|record_status_not_current	ab45968150f445abcace380b2987b9e0416dc5d32a544b9b433126b1ce218644
ATLAS::atlas_s2_row_0202	013_ATLAS_TABLE_S2	atlas_s2::stad::bd9a81cebbb8	atlas_s2::stad::bd9a81cebbb8::PATIENT::2f75ee2044ede72f	ineligible	counts_not_technically_available|observation_count_unavailable|record_status_not_current	011e2feb915c00ad8f59881f628cd31b66e071c3e8c0eb3e5379a7de69afe9b8
ATLAS::atlas_s2_row_0199	013_ATLAS_TABLE_S2	atlas_s2::stad::bd9a81cebbb8	atlas_s2::stad::bd9a81cebbb8::PATIENT::5f8a5359fd9bbf07	ineligible	counts_not_technically_available|observation_count_unavailable|record_status_not_current	43a90b33fc860c8d3a7492089c1b1855d780ba7a619820a33dfa1c875b026ed4
ATLAS::atlas_s2_row_0201	013_ATLAS_TABLE_S2	atlas_s2::stad::bd9a81cebbb8	atlas_s2::stad::bd9a81cebbb8::PATIENT::63ed931f1e0184ed	ineligible	counts_not_technically_available|observation_count_unavailable|record_status_not_current	057e9b7e23a998f2d2691cf47c37241e0bddcd4d700a8d799d5e7f1aa0a487fd
ATLAS::atlas_s2_row_0205	013_ATLAS_TABLE_S2	atlas_s2::stad::bd9a81cebbb8	atlas_s2::stad::bd9a81cebbb8::PATIENT::6dbf2c54bb690a9b	ineligible	counts_not_technically_available|observation_count_unavailable|record_status_not_current	852072e7caa80ad76c47e7accb42a54c0300e926027aebaca85ea517e30d80f7
ATLAS::atlas_s2_row_0208	013_ATLAS_TABLE_S2	atlas_s2::stad::bd9a81cebbb8	atlas_s2::stad::bd9a81cebbb8::PATIENT::bc408caf251d5520	ineligible	counts_not_technically_available|observation_count_unavailable|record_status_not_current	219d70b4be921db468059422b3c19fd851de910028f36bae948ec82402f6038f
ATLAS::atlas_s2_row_0200	013_ATLAS_TABLE_S2	atlas_s2::stad::bd9a81cebbb8	atlas_s2::stad::bd9a81cebbb8::PATIENT::cf0939c97cebfca2	ineligible	counts_not_technically_available|observation_count_unavailable|record_status_not_current	8cf1281da0a55bd4bfd55f48a311462020670827d782d8c56f00a992abf11051
ATLAS::atlas_s2_row_0206	013_ATLAS_TABLE_S2	atlas_s2::stad::bd9a81cebbb8	atlas_s2::stad::bd9a81cebbb8::PATIENT::fc57391cba5a876c	ineligible	counts_not_technically_available|observation_count_unavailable|record_status_not_current	8d878f226ff66c71f574a39be15b5608bcf7e4ec16ba09f98df349e2bae5a8a3
external_geo::GSM5924034	013_GSE175540	GEO::GSE175540	GSE175540::ffpe_c_10	ineligible	counts_not_technically_available|observation_count_unavailable	1fb54ce45a2bf97d045b663918a10739ced72a7f24c94f956231972e93168450
external_geo::GSM5924030	013_GSE175540	GEO::GSE175540	GSE175540::ffpe_c_2	eligible		914ce6f46690f08b68266c08ce6c6071eb7e597d3d520e17c2698b15cf3a682d
external_geo::GSM5924035	013_GSE175540	GEO::GSE175540	GSE175540::ffpe_c_20	eligible		ab05107510dc6a515144c6542a6dd59114b16a0774e3bb094ccd97d1ef8f9840
external_geo::GSM5924036	013_GSE175540	GEO::GSE175540	GSE175540::ffpe_c_21	eligible		233db620ab174f2efcf3e1aeb2bacaf8140d1d400b182722d5d0ae29692c6655
external_geo::GSM5924031	013_GSE175540	GEO::GSE175540	GSE175540::ffpe_c_3	eligible		2c33a09b2bfa951b219a6ee1561eee68141c040a5897ef22eb45a679251586ce
external_geo::GSM5924037	013_GSE175540	GEO::GSE175540	GSE175540::ffpe_c_34	eligible		04114df6d546826157474f783ab27c2d5aa40026813b4a0f7dc4dcdc14921b90
external_geo::GSM5924038	013_GSE175540	GEO::GSE175540	GSE175540::ffpe_c_36	eligible		d1466a0457feabba1e16eae4cd5bb84d966d8454c865413b100e36fea94f0a32
external_geo::GSM5924039	013_GSE175540	GEO::GSE175540	GSE175540::ffpe_c_39	eligible		01b955349434590731db285fd48cb3507cb97597bc819afcc1f50e70fd75ef48
external_geo::GSM5924032	013_GSE175540	GEO::GSE175540	GSE175540::ffpe_c_4	eligible		1875147f311f4fa0cfdc07113f661581fd91c3e76ae38e806024c9d83d8b48d2
external_geo::GSM5924040	013_GSE175540	GEO::GSE175540	GSE175540::ffpe_c_45	eligible		2ff120dc784141e6662b7b0d71264695de95e97630016f7d3a44f464459f0cd9
external_geo::GSM5924041	013_GSE175540	GEO::GSE175540	GSE175540::ffpe_c_51	eligible		12e2ca56c37fe91831e7b2624bda8e3188067829f76f03c51ebcfd13586e7cdc
external_geo::GSM5924033	013_GSE175540	GEO::GSE175540	GSE175540::ffpe_c_7	eligible		a45afb19889867aaf4158e7527190eebf039fbb49e476dd5a6265f3d8c5d4546
external_geo::GSM5924042	013_GSE175540	GEO::GSE175540	GSE175540::frozen_a_1	eligible		db43558e7767f87cbdc4ff3a805fc773ab4a02615c952699377570b7ab433118
external_geo::GSM5924044	013_GSE175540	GEO::GSE175540	GSE175540::frozen_a_15	eligible		b3aa9a59c1ea92fe8a89e4ecc0dda9945331a7711f19d3f2eee362c4e4a92673
external_geo::GSM5924045	013_GSE175540	GEO::GSE175540	GSE175540::frozen_a_17	eligible		a6e4933940cf1b7b12acd56f3920aa5623dedc5e834253a4871e13f2c6d1d9cc
external_geo::GSM5924043	013_GSE175540	GEO::GSE175540	GSE175540::frozen_a_3	eligible		0176017ba7842a80605656614bb964fe93d3b5cd45bfc9bece6cdcfa7ef52b75
external_geo::GSM5924046	013_GSE175540	GEO::GSE175540	GSE175540::frozen_b_1	eligible		5724ad2bf7169607ca01660d83bf8288087ada44df9faa3c3ee579dc65794869
external_geo::GSM5924048	013_GSE175540	GEO::GSE175540	GSE175540::frozen_b_13	eligible		cfdb8e212ca2b1f0117040994851718b7780ef8c261f2db8993e0a9343e094e6
external_geo::GSM5924049	013_GSE175540	GEO::GSE175540	GSE175540::frozen_b_18	eligible		515e074e390cf5f2ced60f39df98ba96b6b69da9f08b74d0081e3207eb136433
external_geo::GSM5924047	013_GSE175540	GEO::GSE175540	GSE175540::frozen_b_7	eligible		e8adbbee31f930e99e6cbf786d6559646c1b9881a42c1fb6332abc80511b94e9
external_geo::GSM5924050	013_GSE175540	GEO::GSE175540	GSE175540::frozen_c_2	eligible		f64d427cb51e4456a6f13c0b079756a1fd9581878487936cd3db2749b2382508
external_geo::GSM5924052	013_GSE175540	GEO::GSE175540	GSE175540::frozen_c_23	eligible		7db5d949c6d7c9d13d7be69ea094ab1ac16e0310d27f883ec4955752bd1e2785
external_geo::GSM5924051	013_GSE175540	GEO::GSE175540	GSE175540::frozen_c_5	eligible		882e11e83b8ebfa1cadc2ff119de84fd4fa16d78ce5ffe0729b0cc911f7761fd
external_geo::GSM5924053	013_GSE175540	GEO::GSE175540	GSE175540::frozen_c_57	eligible		4f35d7bc34528c5aadbb65c93430851990ee240485c31833324044cd4de46f85
external_geo::GSM6506110	013_GSE211956	GEO::GSE211956	GSE211956::P1	ineligible	counts_not_technically_available|observation_count_unavailable	2bcb722973874ff777503306d650fcad3b5cb6c2ee3ed3cacd069813d1e9a497
external_geo::GSM6506111	013_GSE211956	GEO::GSE211956	GSE211956::P2	ineligible	counts_not_technically_available|observation_count_unavailable	da7307772c1c2792f423def949a7614317ffc29f36f68dc7b768f34406c27ee3
external_geo::GSM6506112	013_GSE211956	GEO::GSE211956	GSE211956::P3	ineligible	counts_not_technically_available|observation_count_unavailable	2c295873a23cfa53dbb8a026da9d43f7d95df251c0f85e9faa2d34b78f7fd877
external_geo::GSM6506113	013_GSE211956	GEO::GSE211956	GSE211956::P4	ineligible	counts_not_technically_available|observation_count_unavailable	e6920a97c752f9946369f644524ff86dd3c725763e3fbb13b2ccb8b66fd3437e
external_geo::GSM6506114	013_GSE211956	GEO::GSE211956	GSE211956::P5	ineligible	counts_not_technically_available|observation_count_unavailable	6a53ce7f867cbec053cc5d78191a2f9ed9589c565b25c855ebab378f9d6d457f
external_geo::GSM6506115	013_GSE211956	GEO::GSE211956	GSE211956::P6	ineligible	counts_not_technically_available|observation_count_unavailable	86a3f98fba86a8ba8ecf549a2646c61fd2a6510ad5606623e8e2b0c38cbcdfe0
external_geo::GSM6506116	013_GSE211956	GEO::GSE211956	GSE211956::P7	ineligible	counts_not_technically_available|observation_count_unavailable	33d8ebfa0c5ffce94a7cd4565b5e6bb66b04f753ba394a4d4805d025ecb466ea
external_geo::GSM6506117	013_GSE211956	GEO::GSE211956	GSE211956::P8	ineligible	counts_not_technically_available|observation_count_unavailable	7013fae1475277381140b1cd25ff48b4e42eabb39e623d4829db8d70d980cd53
external_geo::GSM7089855	013_GSE226997	GEO::GSE226997	GSE226997::P1	ineligible	counts_not_technically_available|observation_count_unavailable	9e05ca401344f14c59d61542353b38a1b9114133f56767c4f104f2f9bd0330be
external_geo::GSM7089856	013_GSE226997	GEO::GSE226997	GSE226997::P2	ineligible	counts_not_technically_available|observation_count_unavailable	885a091350405be3d281103acc66920d6d2b4ed0a9fae222383eafa935d51256
external_geo::GSM7089857	013_GSE226997	GEO::GSE226997	GSE226997::P3	ineligible	counts_not_technically_available|observation_count_unavailable	bd4055741d93d8287e3967afad5afa1e5a0bbcb8b4268d05863de473dc78f28b
external_geo::GSM7089858	013_GSE226997	GEO::GSE226997	GSE226997::P4	ineligible	counts_not_technically_available|observation_count_unavailable	39ceaa9264f0cfa81f8a0091c2f025da8da908addc95e63492f61a64051fd4fb
external_geo::GSM8443449	013_GSE274103	GEO::GSE274103	GSE274103::P1	ineligible	counts_not_technically_available|observation_count_unavailable	221fae16e49e17954bbd14597c0afb1190697a33cfdee4851e8370141f7c0d43
external_geo::GSM8443450	013_GSE274103	GEO::GSE274103	GSE274103::P2	ineligible	counts_not_technically_available|observation_count_unavailable	6b94e4e928b93dba11238178d961584e3018c61781b0283a65de5694c46b3a91
external_geo::GSM8443451	013_GSE274103	GEO::GSE274103	GSE274103::P3	ineligible	counts_not_technically_available|observation_count_unavailable	0bd0cec5db852844418914745918441d8d9a9b2edc21d766145f156811b34f16
external_geo::GSM8443452	013_GSE274103	GEO::GSE274103	GSE274103::P4	ineligible	counts_not_technically_available|observation_count_unavailable	1dc7d8e82bea52f064ec97d5570cc66122959f42c2d17076b753e2d7062e217e
external_geo::GSM8443453	013_GSE274103	GEO::GSE274103	GSE274103::P5	ineligible	counts_not_technically_available|observation_count_unavailable	e4a0f0ffdca3eb0102b3dbc7b2bf45b4714555f8d8e19b600ab4f8c9eb1d31df
external_geo::GSM8452847	013_GSE274557	GEO::GSE274557	GSE274557::P1	ineligible	counts_not_technically_available|observation_count_unavailable	a1885a210b4ed9b9d824b61d677f74be3e1b349fbd9324c73f8b8c06922c60e8
external_geo::GSM8452848	013_GSE274557	GEO::GSE274557	GSE274557::P1	ineligible	counts_not_technically_available|observation_count_unavailable	30d29f345764d0e9d480533b5e67e11eca43cc45c405b644dd8da8b2afd06a48
external_geo::GSM8452849	013_GSE274557	GEO::GSE274557	GSE274557::P1	ineligible	counts_not_technically_available|observation_count_unavailable	7e082f9d86a57c50f4c967bf6b8dede82ffe24e76e1824848ba934c6fdcb2aa0
external_geo::GSM8452879	013_GSE274557	GEO::GSE274557	GSE274557::P10	ineligible	counts_not_technically_available|observation_count_unavailable	ac7172bf1aed49934b04b602c23480f71904e10d6453ef3bc85c2555e0bdacd8
external_geo::GSM8452880	013_GSE274557	GEO::GSE274557	GSE274557::P10	ineligible	counts_not_technically_available|observation_count_unavailable	23f60e249075636ddaec983e90d6de5b895214ecb3e635dc9e1cb7bddda80021
external_geo::GSM8452881	013_GSE274557	GEO::GSE274557	GSE274557::P10	ineligible	counts_not_technically_available|observation_count_unavailable	3e5dbb05ebd696cb67fe937712f13f00bba6cdc57c40ac518c5d577c443e9ea3
external_geo::GSM8452882	013_GSE274557	GEO::GSE274557	GSE274557::P10	ineligible	counts_not_technically_available|observation_count_unavailable	eead6a14e857f639ca19e4210f6c89b496836494243b06ed74e5b7a58abb5aa5
external_geo::GSM8452883	013_GSE274557	GEO::GSE274557	GSE274557::P11	ineligible	counts_not_technically_available|observation_count_unavailable	0cdcf1ae8318220e5b187b286aeff5567175bf05a83e3564088eece3229aca60
external_geo::GSM8452884	013_GSE274557	GEO::GSE274557	GSE274557::P11	ineligible	counts_not_technically_available|observation_count_unavailable	377f3edf24f0789e8d6ec2dd643c7fa707272a7dd6f47ce447b95dd61a5b266b
external_geo::GSM8452885	013_GSE274557	GEO::GSE274557	GSE274557::P11	ineligible	counts_not_technically_available|observation_count_unavailable	11d8360a78047337074c11afc5d85c96df96372edf20710f06123f98e418c391
external_geo::GSM8452886	013_GSE274557	GEO::GSE274557	GSE274557::P11	ineligible	counts_not_technically_available|observation_count_unavailable	2fb04a229ba0e23097102ca652f1b56a0d0ce71715bd2956984dd8e35c1b6df2
external_geo::GSM8452887	013_GSE274557	GEO::GSE274557	GSE274557::P12	ineligible	counts_not_technically_available|observation_count_unavailable	61fcce615eaf4ac3957f5de61b3e751d0095f4a964274b0dc82715a30af829f1
external_geo::GSM8452888	013_GSE274557	GEO::GSE274557	GSE274557::P12	ineligible	counts_not_technically_available|observation_count_unavailable	549310c71a329780dbb7cf3722f7e4e014ce168e8744135201cb5622c9af1c62
external_geo::GSM8452889	013_GSE274557	GEO::GSE274557	GSE274557::P12	ineligible	counts_not_technically_available|observation_count_unavailable	c94cbba594d21fb9b9d322aa0a67d1dd6f2c4f6ae70d151d4c35e47b531dac4d
external_geo::GSM8452890	013_GSE274557	GEO::GSE274557	GSE274557::P12	ineligible	counts_not_technically_available|observation_count_unavailable	a912b05133a35ae3837039b2db3e95fe5c67ba5e408417d6d1247f7b87489fd1
external_geo::GSM8452891	013_GSE274557	GEO::GSE274557	GSE274557::P13	ineligible	counts_not_technically_available|observation_count_unavailable	f8b2548f823e304b2b10c348397e8fcf0f5af6ecfde5602828d16fe63aeff303
external_geo::GSM8452892	013_GSE274557	GEO::GSE274557	GSE274557::P13	ineligible	counts_not_technically_available|observation_count_unavailable	96467242e9769fefc292d959b8a7420fdb72cd8774e95e3bc4a14622ff5a90d7
external_geo::GSM8452893	013_GSE274557	GEO::GSE274557	GSE274557::P13	ineligible	counts_not_technically_available|observation_count_unavailable	a3911b045fa646b4076d52710038d653495abafa2eab4033526c093e5683ea69
external_geo::GSM8452894	013_GSE274557	GEO::GSE274557	GSE274557::P13	ineligible	counts_not_technically_available|observation_count_unavailable	ed91657a1cde7fdc81a96a9461b400ee85e4821e71adaf3789cc081c1cc97d88
external_geo::GSM8452895	013_GSE274557	GEO::GSE274557	GSE274557::P13	ineligible	counts_not_technically_available|observation_count_unavailable	dfe9252e047dc0f678674743a1f51053c84ad996336e4a0c3994c4627bd1e0b7
external_geo::GSM8714181	013_GSE274557	GEO::GSE274557	GSE274557::P13	ineligible	counts_not_technically_available|observation_count_unavailable	7e40ada4a7ffa81eb85ed3629fb0f9ad8e361d3b96d9c3ef83ddb868b7a1d0a3
external_geo::GSM8714182	013_GSE274557	GEO::GSE274557	GSE274557::P13	ineligible	counts_not_technically_available|observation_count_unavailable	91430a046271cf180aef9c15f9c69080ad85877c0535c69581f0583ce86a496e
external_geo::GSM8452850	013_GSE274557	GEO::GSE274557	GSE274557::P2	ineligible	counts_not_technically_available|observation_count_unavailable	547950917bbd51e77aa7857e03ddeddc38d7800bd4d79ab3cc24e67b43bb73cb
external_geo::GSM8452851	013_GSE274557	GEO::GSE274557	GSE274557::P2	ineligible	counts_not_technically_available|observation_count_unavailable	98d069395e151a78bedd1ef452e01f81f597fc96149d2c7abfbd0d1c1233e715
external_geo::GSM8452852	013_GSE274557	GEO::GSE274557	GSE274557::P2	ineligible	counts_not_technically_available|observation_count_unavailable	8f04cbcc9702c6e26dbcacd1aafc9006dfb59078f2f29876f07662e054dbc0f4
external_geo::GSM8452853	013_GSE274557	GEO::GSE274557	GSE274557::P3	ineligible	counts_not_technically_available|observation_count_unavailable	7e7aa662c60cc0bab587f6967ba5507b36d9da166a154843f4bfaf5aff669ab1
external_geo::GSM8452854	013_GSE274557	GEO::GSE274557	GSE274557::P3	ineligible	counts_not_technically_available|observation_count_unavailable	02d693e9a132dd4ef723497d982ac7d869e6a13616c9875f9f6fa81d38ef8ed5
external_geo::GSM8452855	013_GSE274557	GEO::GSE274557	GSE274557::P3	ineligible	counts_not_technically_available|observation_count_unavailable	4b48160bba6ef9f549d5febef3d93d8896c7dffb8b004c3316eb8077f8d5b9a4
external_geo::GSM8714177	013_GSE274557	GEO::GSE274557	GSE274557::P3	ineligible	counts_not_technically_available|observation_count_unavailable	e1c50707c4c88b76df51a280033b135d96b677849ef1b5db0d5cbf51e6050872
external_geo::GSM8452856	013_GSE274557	GEO::GSE274557	GSE274557::P4	ineligible	counts_not_technically_available|observation_count_unavailable	24a15bbc57ff7db2840d46b775825ee4cc0011abd61e138bb03805da215c686a
external_geo::GSM8452857	013_GSE274557	GEO::GSE274557	GSE274557::P4	ineligible	counts_not_technically_available|observation_count_unavailable	2d1e12cc92f8da88ae15cb3ff137354c8dcfcfe3f63ab1b78dceee71208a1f72
external_geo::GSM8452858	013_GSE274557	GEO::GSE274557	GSE274557::P4	ineligible	counts_not_technically_available|observation_count_unavailable	2333acadd52e33d88dce736c60dc1de36ddffb26e00e65fc75f4d9c6ccc94827
external_geo::GSM8452859	013_GSE274557	GEO::GSE274557	GSE274557::P4	ineligible	counts_not_technically_available|observation_count_unavailable	46e5d9782000387ddc07ef54f09e7cbd75782648df70e2177fe92ca2bdc1fb23
external_geo::GSM8452860	013_GSE274557	GEO::GSE274557	GSE274557::P5	ineligible	counts_not_technically_available|observation_count_unavailable	3d684b1c2534c2fc99017d602641ad75be44515d4bc86823040eca5e7071a7ab
external_geo::GSM8452861	013_GSE274557	GEO::GSE274557	GSE274557::P5	ineligible	counts_not_technically_available|observation_count_unavailable	9c3380d243071dabb97d40082e1f005a62425f23d36d457319a4b1d46c7f2b12
external_geo::GSM8452862	013_GSE274557	GEO::GSE274557	GSE274557::P5	ineligible	counts_not_technically_available|observation_count_unavailable	5f102459568ea49f84a226b3b5602db9b68330b87ae17c5afd608a102e2ca0a8
external_geo::GSM8452863	013_GSE274557	GEO::GSE274557	GSE274557::P6	ineligible	counts_not_technically_available|observation_count_unavailable	c3ca1323c3bac7208126439ce19ab75f6b360660ffe4e82e207741724892f310
external_geo::GSM8452864	013_GSE274557	GEO::GSE274557	GSE274557::P6	ineligible	counts_not_technically_available|observation_count_unavailable	d992d327749ff4739864285a1da4eb4ce638af936a6b65c4f9362973b78204c3
external_geo::GSM8452865	013_GSE274557	GEO::GSE274557	GSE274557::P6	ineligible	counts_not_technically_available|observation_count_unavailable	de89487519d42ac28afc22f1ce5eb0cf094881c08028ef7c7033587e22398913
external_geo::GSM8452866	013_GSE274557	GEO::GSE274557	GSE274557::P6	ineligible	counts_not_technically_available|observation_count_unavailable	ee53759b681263c0124d5b6db2ccd2f9ce9e0d614da39db40e9583d921432b44
external_geo::GSM8714178	013_GSE274557	GEO::GSE274557	GSE274557::P6	ineligible	counts_not_technically_available|observation_count_unavailable	dddbf4d7fea21a68cea11908cf0d09649b1057308ebcb82d87c7812b33544742
external_geo::GSM8714179	013_GSE274557	GEO::GSE274557	GSE274557::P6	ineligible	counts_not_technically_available|observation_count_unavailable	dfb259842ae24ad74d3cc1cbc6c769835060d1fc5df709e9a1cb2dace0441284
external_geo::GSM8452867	013_GSE274557	GEO::GSE274557	GSE274557::P7	ineligible	counts_not_technically_available|observation_count_unavailable	fe36d7c0bc7cd48b5737b3b8fd8f65506427522afd79295fe87079aa977e0e00
external_geo::GSM8452868	013_GSE274557	GEO::GSE274557	GSE274557::P7	ineligible	counts_not_technically_available|observation_count_unavailable	a542eceaf071e0475056404aad7e20aea453a7a002ef5629a144430fad7fca19
external_geo::GSM8452869	013_GSE274557	GEO::GSE274557	GSE274557::P7	ineligible	counts_not_technically_available|observation_count_unavailable	0fe640768eadfcae61b02dcb8b1427c88d9c8ee5df0e36daccd19f473e6e9a0a
external_geo::GSM8452870	013_GSE274557	GEO::GSE274557	GSE274557::P7	ineligible	counts_not_technically_available|observation_count_unavailable	ed1b5e296a50f89292c9eada435e27ab31befebf5c22a02b8b4720ea879b9189
external_geo::GSM8452871	013_GSE274557	GEO::GSE274557	GSE274557::P8	ineligible	counts_not_technically_available|observation_count_unavailable	d02fe3eadd4f2a5b8ee7ed951480f27e47b5a17cb5a6b78827576a2100a39696
external_geo::GSM8452872	013_GSE274557	GEO::GSE274557	GSE274557::P8	ineligible	counts_not_technically_available|observation_count_unavailable	4b801d16a6bca97faa42621e6d7ce1a6498d92bb475918226bf2f0a9c6210a6e
external_geo::GSM8452873	013_GSE274557	GEO::GSE274557	GSE274557::P8	ineligible	counts_not_technically_available|observation_count_unavailable	e36a625c014558ba692f66a26faf2bd18b92a4849c1b4420cf4d85eb28a10238
external_geo::GSM8452874	013_GSE274557	GEO::GSE274557	GSE274557::P8	ineligible	counts_not_technically_available|observation_count_unavailable	0a30d9ec4272f2184424b53a8bfb5dbb4b09de621054d545e44765b6336610b9
external_geo::GSM8714180	013_GSE274557	GEO::GSE274557	GSE274557::P8	ineligible	counts_not_technically_available|observation_count_unavailable	bf8af0f0ba1491fdec0712f0d1ab3ac8fb15e297350e9d4e1c66cfe9f176d619
external_geo::GSM8452875	013_GSE274557	GEO::GSE274557	GSE274557::P9	ineligible	counts_not_technically_available|observation_count_unavailable	4d6be4407b39eeb44bf62d867d5d0d4ecb5345f0bde1d2cc37be124ba5b0bdf5
external_geo::GSM8452876	013_GSE274557	GEO::GSE274557	GSE274557::P9	ineligible	counts_not_technically_available|observation_count_unavailable	478ef6d17578e5fa9a429828729bd15d81ff219e41c59645d03a5b1541e69204
external_geo::GSM8452877	013_GSE274557	GEO::GSE274557	GSE274557::P9	ineligible	counts_not_technically_available|observation_count_unavailable	455558f2907188d5eabdddfd274355f1bf8ad84e780ffc46fd4d9b9b444010fb
external_geo::GSM8452878	013_GSE274557	GEO::GSE274557	GSE274557::P9	ineligible	counts_not_technically_available|observation_count_unavailable	ad87c7a048b654d6eaaaed9e1b6058575f15421c94fa788bf016dcfda8c83ed1
HEST::INT25	013_HEST	HEST_STUDY::f6820177591201d5		ineligible	counts_not_technically_available|observation_count_unavailable|patient_identity_missing|record_status_not_current	f0afd21eac9de62deb607e20eb3b7a84503752e8c9cc9ec01c41e17e0f8cdbed
HEST::INT26	013_HEST	HEST_STUDY::f6820177591201d5		ineligible	counts_not_technically_available|observation_count_unavailable|patient_identity_missing|record_status_not_current	2c73dfb99b49de46f297b615d1e821ca1a49f0cd4ed980df89ea43f12d07d8f1
HEST::INT27	013_HEST	HEST_STUDY::f6820177591201d5		ineligible	counts_not_technically_available|observation_count_unavailable|patient_identity_missing|record_status_not_current	038814d052a45bf2657354a27195a966555ba6a56154a2a4e78e300827242e48
HEST::INT28	013_HEST	HEST_STUDY::f6820177591201d5		ineligible	counts_not_technically_available|observation_count_unavailable|patient_identity_missing|record_status_not_current	7bc58612f1c606ff8b2f0d299f0f4120301148ea1b233d183179070f3d1f81e5
HEST::INT35	013_HEST	HEST_STUDY::f6820177591201d5		ineligible	counts_not_technically_available|observation_count_unavailable|patient_identity_missing|record_status_not_current	559f566e4e8a2947a732409e5b1d0fef488d37f9905408029cad95efe0afb300
HEST::MEND1	013_HEST	HEST_STUDY::919f9fa3a72bf758		ineligible	counts_not_technically_available|observation_count_unavailable|patient_identity_missing|record_status_not_current	e62d713d9ba4117a45b63a37b1b3c7dfc79bfac94a6cf7fd732819de8f17032d
HEST::MEND10	013_HEST	HEST_STUDY::919f9fa3a72bf758		ineligible	counts_not_technically_available|observation_count_unavailable|patient_identity_missing|record_status_not_current	80f2c16ac1610623104f3d4a7684d072abd1263345a8e5a78c02dab6fb374a67
HEST::MEND11	013_HEST	HEST_STUDY::919f9fa3a72bf758		ineligible	counts_not_technically_available|observation_count_unavailable|patient_identity_missing|record_status_not_current	abd9760bed9ca5755f0d31abb5d0741c0cc1cf5a4a7b71085fa8a97356bcf342
HEST::MEND12	013_HEST	HEST_STUDY::919f9fa3a72bf758		ineligible	counts_not_technically_available|observation_count_unavailable|patient_identity_missing|record_status_not_current	162c680a3238e935affe7601d52d0391af419354f33ed24dc2f957f6bb965cb4
HEST::MEND13	013_HEST	HEST_STUDY::919f9fa3a72bf758		ineligible	counts_not_technically_available|observation_count_unavailable|patient_identity_missing|record_status_not_current	2657088b0cb4e35b102f04aab99c5760d63af521d6cd8becee5b96e84e8c3bff
HEST::MEND14	013_HEST	HEST_STUDY::919f9fa3a72bf758		ineligible	counts_not_technically_available|observation_count_unavailable|patient_identity_missing|record_status_not_current	8ed822a24d2cdbc9fc19fe8a9f93aa95df46442295d69615769b8174b0acacf0
HEST::MEND15	013_HEST	HEST_STUDY::919f9fa3a72bf758		ineligible	counts_not_technically_available|observation_count_unavailable|patient_identity_missing|record_status_not_current	22f5d8ea3f3e4077865c1c2e673210bc20280f007103008428155343cefc83ef
HEST::MEND16	013_HEST	HEST_STUDY::919f9fa3a72bf758		ineligible	counts_not_technically_available|observation_count_unavailable|patient_identity_missing|record_status_not_current	28f5b048a899a65247eaf4e9a3d4c8997f37210b2fde9dfcbec1781b95462fa0
HEST::MEND17	013_HEST	HEST_STUDY::919f9fa3a72bf758		ineligible	counts_not_technically_available|observation_count_unavailable|patient_identity_missing|record_status_not_current	04111526599f846418cf6521152ea0fed8fcd1f8632fec43f0bc5321d2f4e85e
HEST::MEND18	013_HEST	HEST_STUDY::919f9fa3a72bf758		ineligible	counts_not_technically_available|observation_count_unavailable|patient_identity_missing|record_status_not_current	9721c3060229c72c6c70afbfcbe09e1c762d3c05d70dc6504e450b22c8228530
HEST::MEND19	013_HEST	HEST_STUDY::919f9fa3a72bf758		ineligible	counts_not_technically_available|observation_count_unavailable|patient_identity_missing|record_status_not_current	55c4f0c393c5b9be251f9d8a02bbea46e84085eb1b167f785abf1373f616ce87
HEST::MEND2	013_HEST	HEST_STUDY::919f9fa3a72bf758		ineligible	counts_not_technically_available|observation_count_unavailable|patient_identity_missing|record_status_not_current	cf2326a1715cca8502af5e149bd0c706b57ab005717ac84ba7ec9304e001de3d
HEST::MEND20	013_HEST	HEST_STUDY::919f9fa3a72bf758		ineligible	counts_not_technically_available|observation_count_unavailable|patient_identity_missing|record_status_not_current	6f993b406e80981a5006773025e09988a8b59a58681822fe73be47588a9b33f7
HEST::MEND21	013_HEST	HEST_STUDY::919f9fa3a72bf758		ineligible	counts_not_technically_available|observation_count_unavailable|patient_identity_missing|record_status_not_current	5e3047bea97052aff648e7c7653a3f598679e5a73ea2a502cdd9cb6b8a034248
HEST::MEND22	013_HEST	HEST_STUDY::919f9fa3a72bf758		ineligible	counts_not_technically_available|observation_count_unavailable|patient_identity_missing|record_status_not_current	abf04412d6ccd2d6f2d9528541ee10b48edc69d81739e952bfca1c9ee65344f3
HEST::MEND23	013_HEST	HEST_STUDY::919f9fa3a72bf758		ineligible	counts_not_technically_available|observation_count_unavailable|patient_identity_missing|record_status_not_current	a19c6e579a5873cedfc70da04ce2a4dd77944d78258a80e4a036a9c55823a5b1
HEST::MEND24	013_HEST	HEST_STUDY::919f9fa3a72bf758		ineligible	counts_not_technically_available|observation_count_unavailable|patient_identity_missing|record_status_not_current	d75afcb444d4bc77a1ee6b11a8eaf7cf2472e4108519c985ab34d3cd277a2bf0
HEST::MEND3	013_HEST	HEST_STUDY::919f9fa3a72bf758		ineligible	counts_not_technically_available|observation_count_unavailable|patient_identity_missing|record_status_not_current	a5eb1fb1c15c253709bda7668cd6007fb5c36fc7b478aeaa88bdfbd859e52a1a
HEST::MEND4	013_HEST	HEST_STUDY::919f9fa3a72bf758		ineligible	counts_not_technically_available|observation_count_unavailable|patient_identity_missing|record_status_not_current	2102344fc74405f9473fb03b421915d782b4b2cf92a43b2b1fc38acf8238d6f4
HEST::MEND41	013_HEST	HEST_STUDY::f47256d149f851fa		ineligible	counts_not_technically_available|observation_count_unavailable|patient_identity_missing|record_status_not_current	e97ec7cee92fc80c51f9454816a13f13dad9cb25d5f38f1c8805a1fec93d82e9
HEST::MEND45	013_HEST	HEST_STUDY::f47256d149f851fa		ineligible	counts_not_technically_available|observation_count_unavailable|patient_identity_missing|record_status_not_current	64cad7e01513e4e2d9d60e35eb1cca7866831360fef2fd8d6beed63b474c144c
HEST::MEND47	013_HEST	HEST_STUDY::f47256d149f851fa		ineligible	counts_not_technically_available|observation_count_unavailable|patient_identity_missing|record_status_not_current	459d50da367dad1fd90e71bb0ef35dbee54f31ed8d87095055a8933864dc9093
HEST::MEND48	013_HEST	HEST_STUDY::f47256d149f851fa		ineligible	counts_not_technically_available|observation_count_unavailable|patient_identity_missing|record_status_not_current	da15a56a0d68989bbf57e5f607a303449e8a63ce2cc9bf82e460f6a88f71ffb6
HEST::MEND49	013_HEST	HEST_STUDY::f47256d149f851fa		ineligible	counts_not_technically_available|observation_count_unavailable|patient_identity_missing|record_status_not_current	a3980066975fd9d1682a105a145bf7c4deef17a39776232bdf91f9a77d6c69c2
HEST::MEND5	013_HEST	HEST_STUDY::919f9fa3a72bf758		ineligible	counts_not_technically_available|observation_count_unavailable|patient_identity_missing|record_status_not_current	e658013eb190c6e9beb036961ffaddf5953c8d81dabd486be87424522407d2bd
HEST::MEND51	013_HEST	HEST_STUDY::f47256d149f851fa		ineligible	counts_not_technically_available|observation_count_unavailable|patient_identity_missing|record_status_not_current	9fdeb1546517e4121435e22b12b11151d73108705e1d9c9c5abfe99ee3d36319
HEST::MEND54	013_HEST	HEST_STUDY::f47256d149f851fa		ineligible	counts_not_technically_available|observation_count_unavailable|patient_identity_missing|record_status_not_current	a8b55b57474b5c273331e4f4c694b84afff6f8c02ecb2a8a2f40ab37b471707e
HEST::MEND59	013_HEST	HEST_STUDY::bb072427dcce7b61		ineligible	counts_not_technically_available|observation_count_unavailable|patient_identity_missing|record_status_not_current	6fcad51983ddb04cc4fb3290d8cb95c4679f72c733a8daf050d0d9f332fb0f06
HEST::MEND6	013_HEST	HEST_STUDY::919f9fa3a72bf758		ineligible	counts_not_technically_available|observation_count_unavailable|patient_identity_missing|record_status_not_current	50348c6bb2b47887d5211fecb5f4edc6818038c50aa1de27f331b33615dc8c83
HEST::MEND60	013_HEST	HEST_STUDY::bb072427dcce7b61		ineligible	counts_not_technically_available|observation_count_unavailable|patient_identity_missing|record_status_not_current	0727c17c9daf3214be65a344946daf4ab690bf579fd6706eda8b2bb0250e40c9
HEST::MEND61	013_HEST	HEST_STUDY::bb072427dcce7b61		ineligible	counts_not_technically_available|observation_count_unavailable|patient_identity_missing|record_status_not_current	d346e12adc0ee40adeaafd627f6cb2b164090350d9cf4797c6381cc298e0a23d
HEST::MEND62	013_HEST	HEST_STUDY::bb072427dcce7b61		ineligible	counts_not_technically_available|observation_count_unavailable|patient_identity_missing|record_status_not_current	4be2827f19bd93fd9b5d9cbbc59767323a43590dd28266bffba8c20bd489a64c
HEST::MEND7	013_HEST	HEST_STUDY::919f9fa3a72bf758		ineligible	counts_not_technically_available|observation_count_unavailable|patient_identity_missing|record_status_not_current	dc7463bfdf198bdb7c74ce26c5d2e8ac29a94bcb500850b900b736b975b606a3
HEST::MEND8	013_HEST	HEST_STUDY::919f9fa3a72bf758		ineligible	counts_not_technically_available|observation_count_unavailable|patient_identity_missing|record_status_not_current	bd368cb491fb6d499639ac534269df38af92691f836a7133d291adfc2ece5d11
HEST::MEND85	013_HEST	HEST_STUDY::bb072427dcce7b61		ineligible	counts_not_technically_available|observation_count_unavailable|patient_identity_missing|record_status_not_current	be6fa7bc7a4407ef1046cf0a3b12813795f5bd5ef638b82a2fc92afe756a3092
HEST::MEND86	013_HEST	HEST_STUDY::bb072427dcce7b61		ineligible	counts_not_technically_available|observation_count_unavailable|patient_identity_missing|record_status_not_current	3d5a20bc528b26dce7d29d665bba78d26f84aaa3ebc57ad188d1f9331a7a5d22
HEST::MEND87	013_HEST	HEST_STUDY::bb072427dcce7b61		ineligible	counts_not_technically_available|observation_count_unavailable|patient_identity_missing|record_status_not_current	e4b0e529ce6d0f5e415a77b617197c9d7c0303a458a9c421867197e7ee2cec10
HEST::MEND88	013_HEST	HEST_STUDY::bb072427dcce7b61		ineligible	counts_not_technically_available|observation_count_unavailable|patient_identity_missing|record_status_not_current	3795843853e56d1d0d3f537e9129696bf25125814c7cadca862b64e40d67fe96
HEST::MEND89	013_HEST	HEST_STUDY::bb072427dcce7b61		ineligible	counts_not_technically_available|observation_count_unavailable|patient_identity_missing|record_status_not_current	be475ffe0e5d09840b6689c1ca50859636ddac7aea91f7737320eca3feb516de
HEST::MEND9	013_HEST	HEST_STUDY::919f9fa3a72bf758		ineligible	counts_not_technically_available|observation_count_unavailable|patient_identity_missing|record_status_not_current	1ff19bc95371965752278e558e117928f4856bd8ceb4ae4125c5a2e630ecb5ef
HEST::MEND90	013_HEST	HEST_STUDY::bb072427dcce7b61		ineligible	counts_not_technically_available|observation_count_unavailable|patient_identity_missing|record_status_not_current	6dfe7ea784307eae4714d780f5ad53cb05dcc589b84a62f301af8b647259ad6e
HEST::MEND91	013_HEST	HEST_STUDY::bb072427dcce7b61		ineligible	counts_not_technically_available|observation_count_unavailable|patient_identity_missing|record_status_not_current	7ff5bef057b54550e8a3c22743f2e2f9eb56c1306d0e90bca14599ced098ffd4
HEST::MEND92	013_HEST	HEST_STUDY::bb072427dcce7b61		ineligible	counts_not_technically_available|observation_count_unavailable|patient_identity_missing|record_status_not_current	fa581e2afdeba4093b2306b2d91ed6c4313bb85b066b6969d943f53bded5ab3e
HEST::MEND93	013_HEST	HEST_STUDY::bb072427dcce7b61		ineligible	counts_not_technically_available|observation_count_unavailable|patient_identity_missing|record_status_not_current	9bfc06a7a5f43590c7e914e60de270b69666cc49ddeffc280b18e1facabd0f50
HEST::MEND95	013_HEST	HEST_STUDY::bb072427dcce7b61		ineligible	counts_not_technically_available|observation_count_unavailable|patient_identity_missing|record_status_not_current	21a20deaeeed329129c4622bc376b7e644e2c3e293e064e42f2127814367d9d0
HEST::MEND96	013_HEST	HEST_STUDY::bb072427dcce7b61		ineligible	counts_not_technically_available|observation_count_unavailable|patient_identity_missing|record_status_not_current	89913639600963588bf44f247255614cf11d13366931202f45536973345a23d5
HEST::MISC101	013_HEST	HEST_STUDY::afc1006bcece965c		ineligible	counts_not_technically_available|observation_count_unavailable|patient_identity_missing|record_status_not_current	d120442b062dad5ddb46e084dd002e1dd20be98ba278f0ecbc6101c7eccb116f
HEST::MISC102	013_HEST	HEST_STUDY::afc1006bcece965c		ineligible	counts_not_technically_available|observation_count_unavailable|patient_identity_missing|record_status_not_current	a867c387e5004c935becdb1bfd035c699a9ee9bbbf73a0f148c614dd8fa661a0
HEST::MISC103	013_HEST	HEST_STUDY::afc1006bcece965c		ineligible	counts_not_technically_available|observation_count_unavailable|patient_identity_missing|record_status_not_current	5d2449eefc4444c6913486fb753d1c013727efec9393ad48b2960fceb4392496
HEST::MISC104	013_HEST	HEST_STUDY::afc1006bcece965c		ineligible	counts_not_technically_available|observation_count_unavailable|patient_identity_missing|record_status_not_current	cccef01881982ba295a8899af905a5e76b9c8701a07d326f2d8d70abdbb0e03f
HEST::MISC105	013_HEST	HEST_STUDY::afc1006bcece965c		ineligible	counts_not_technically_available|observation_count_unavailable|patient_identity_missing|record_status_not_current	306d372afcf31c2b0dce0200b0fa627d74fdd1df7801bef2c97644ffbc4c761a
HEST::MISC106	013_HEST	HEST_STUDY::afc1006bcece965c		ineligible	counts_not_technically_available|observation_count_unavailable|patient_identity_missing|record_status_not_current	684f5165fb0ea582be4ab0a40383e006519ade50fe3a962ec0acb6e68381f653
HEST::MISC107	013_HEST	HEST_STUDY::afc1006bcece965c		ineligible	counts_not_technically_available|observation_count_unavailable|patient_identity_missing|record_status_not_current	d5d31096cbe76b755367224d95dc55facf3a4a3cc02517cdb6d894e2cd24fcfb
HEST::MISC108	013_HEST	HEST_STUDY::afc1006bcece965c		ineligible	counts_not_technically_available|observation_count_unavailable|patient_identity_missing|record_status_not_current	c10c1ea5438f06eb0b906bc0a2dfb42461eb0a4ec71965a6377221543f5b2635
HEST::MISC109	013_HEST	HEST_STUDY::afc1006bcece965c		ineligible	counts_not_technically_available|observation_count_unavailable|patient_identity_missing|record_status_not_current	4bd20d604aebc72ead0c705a40a3b1a9532d9f028001e107bfea241abaef18d2
HEST::MISC110	013_HEST	HEST_STUDY::afc1006bcece965c		ineligible	counts_not_technically_available|observation_count_unavailable|patient_identity_missing|record_status_not_current	52bc8e8201509edde1828b6e84bcaabceb882e91412c75d2232ad6b0eb160322
HEST::MISC111	013_HEST	HEST_STUDY::afc1006bcece965c		ineligible	counts_not_technically_available|observation_count_unavailable|patient_identity_missing|record_status_not_current	878eef136a043767bad5687c8c54cf9c49859eaea3467c95aa22949aea320c05
HEST::MISC112	013_HEST	HEST_STUDY::afc1006bcece965c		ineligible	counts_not_technically_available|observation_count_unavailable|patient_identity_missing|record_status_not_current	e5012f6548c0ebc7e9804869ba36761ca69d1f1a8c5678bbd5f3f785c2e253c2
HEST::MISC113	013_HEST	HEST_STUDY::afc1006bcece965c		ineligible	counts_not_technically_available|observation_count_unavailable|patient_identity_missing|record_status_not_current	203d4d3da5d878bfcab872f74fabcc84b1a39d225d0446ff2db60fb286cccda3
HEST::MISC114	013_HEST	HEST_STUDY::afc1006bcece965c		ineligible	counts_not_technically_available|observation_count_unavailable|patient_identity_missing|record_status_not_current	34bf358143ea4812cd6a0c1e150fb675b0f5d3b8c619a257d669a3c8fe20abf6
HEST::MISC115	013_HEST	HEST_STUDY::afc1006bcece965c		ineligible	counts_not_technically_available|observation_count_unavailable|patient_identity_missing|record_status_not_current	ef67276abd7297cae3a9d30ef84b57d5359e235b026763fddc7e15694d8fa053
HEST::MISC116	013_HEST	HEST_STUDY::afc1006bcece965c		ineligible	counts_not_technically_available|observation_count_unavailable|patient_identity_missing|record_status_not_current	d61143273da856b4eaceb11c7a7c1f5c58cdac90c124172b287d26504adfba48
HEST::MISC117	013_HEST	HEST_STUDY::afc1006bcece965c		ineligible	counts_not_technically_available|observation_count_unavailable|patient_identity_missing|record_status_not_current	22b1ef87d5d82c8cc83cae8c1d84c01a43c244dd6e5706482312ea240ec53be5
HEST::MISC118	013_HEST	HEST_STUDY::afc1006bcece965c		ineligible	counts_not_technically_available|observation_count_unavailable|patient_identity_missing|record_status_not_current	61712ae17b6d398b53ebf45477cd78797399cd5be752ea088d0b35990b3f7e49
HEST::MISC119	013_HEST	HEST_STUDY::afc1006bcece965c		ineligible	counts_not_technically_available|observation_count_unavailable|patient_identity_missing|record_status_not_current	7ce088e1db37da24f8792a276f2ad64629fa4403a4c12a93167b4acb0d726d9a
HEST::MISC120	013_HEST	HEST_STUDY::afc1006bcece965c		ineligible	counts_not_technically_available|observation_count_unavailable|patient_identity_missing|record_status_not_current	ded16c08bd9726325994c7743bfa46e649930e002f559d2090c1492f77db64b2
HEST::MISC121	013_HEST	HEST_STUDY::afc1006bcece965c		ineligible	counts_not_technically_available|observation_count_unavailable|patient_identity_missing|record_status_not_current	fbe2f698ef5258bf6058832a51a2d6aaec30b10801c09e44eaa40befd0b16bf9
HEST::MISC122	013_HEST	HEST_STUDY::afc1006bcece965c		ineligible	counts_not_technically_available|observation_count_unavailable|patient_identity_missing|record_status_not_current	b11b6e7df3019f96d429db0bf7a9f1940796a0042d34ff1f83ebe79425c5e6b5
HEST::MISC123	013_HEST	HEST_STUDY::afc1006bcece965c		ineligible	counts_not_technically_available|observation_count_unavailable|patient_identity_missing|record_status_not_current	acfa8846700e38223aaf0610a9ef1a43b1c033d1a757e3bb4b86a4afbef29e1d
HEST::MISC124	013_HEST	HEST_STUDY::afc1006bcece965c		ineligible	counts_not_technically_available|observation_count_unavailable|patient_identity_missing|record_status_not_current	49fed9a6e39e5344a5ee77011fcc8f96deb6839b560d3b192f693eb1d28a2680
HEST::MISC125	013_HEST	HEST_STUDY::afc1006bcece965c		ineligible	counts_not_technically_available|observation_count_unavailable|patient_identity_missing|record_status_not_current	7ef4a9c44f61a8a6751030d049e45fbee183b7593d4f94f53b405134341c2cfc
HEST::MISC126	013_HEST	HEST_STUDY::afc1006bcece965c		ineligible	counts_not_technically_available|observation_count_unavailable|patient_identity_missing|record_status_not_current	0e095ff0329d069334244eef495aeb8a304536f0d4d34ee1bb8462f6e4797dba
HEST::MISC127	013_HEST	HEST_STUDY::afc1006bcece965c		ineligible	counts_not_technically_available|observation_count_unavailable|patient_identity_missing|record_status_not_current	4d8cbafa62ab7d6791319e6434b7e44c7c3c32b772a289c38333e91851f1e982
HEST::MISC128	013_HEST	HEST_STUDY::afc1006bcece965c		ineligible	counts_not_technically_available|observation_count_unavailable|patient_identity_missing|record_status_not_current	d32b7ae05b30b91c16b6b5cbb4fbaa058b7f7012b28dd8a7ed9158721f3c1aba
HEST::MISC129	013_HEST	HEST_STUDY::afc1006bcece965c		ineligible	counts_not_technically_available|observation_count_unavailable|patient_identity_missing|record_status_not_current	ed339748915cc8b19e8707082b09ce63c1457570c4cab0d67d729facfb0d9970
HEST::MISC130	013_HEST	HEST_STUDY::afc1006bcece965c		ineligible	counts_not_technically_available|observation_count_unavailable|patient_identity_missing|record_status_not_current	0bbe1a189c4bcba25ca9cb89f9c6d291536f2ecae2420298a1c7553fbc00864c
HEST::MISC131	013_HEST	HEST_STUDY::afc1006bcece965c		ineligible	counts_not_technically_available|observation_count_unavailable|patient_identity_missing|record_status_not_current	111b7efa597c486aefca1188468bbbc8347f6efc43899d485bd820fed26c02d5
HEST::MISC132	013_HEST	HEST_STUDY::afc1006bcece965c		ineligible	counts_not_technically_available|observation_count_unavailable|patient_identity_missing|record_status_not_current	3c6970c7c4bea82484125daeebb573f482714b66e75c123bee5e66b2bfc87fbd
HEST::MISC133	013_HEST	HEST_STUDY::afc1006bcece965c		ineligible	counts_not_technically_available|observation_count_unavailable|patient_identity_missing|record_status_not_current	83b82af199074e132750a493f7681161a2687a04d8edf352cac29e45065a2926
HEST::MISC134	013_HEST	HEST_STUDY::afc1006bcece965c		ineligible	counts_not_technically_available|observation_count_unavailable|patient_identity_missing|record_status_not_current	9309008680096a050677f903e2c349e5db52aac06bdb8d02854dc29fb326c2af
HEST::MISC135	013_HEST	HEST_STUDY::afc1006bcece965c		ineligible	counts_not_technically_available|observation_count_unavailable|patient_identity_missing|record_status_not_current	a41b5369a42e3c5115e7335c0abf73b1e8e19ab0e44e28f4e6551ec2913f5236
HEST::MISC136	013_HEST	HEST_STUDY::afc1006bcece965c		ineligible	counts_not_technically_available|observation_count_unavailable|patient_identity_missing|record_status_not_current	bb890a5bc653faf92718e8c6a3c5f900121ac60733c0f93bd8d283c0fc509408
HEST::MISC138	013_HEST	HEST_STUDY::afc1006bcece965c		ineligible	counts_not_technically_available|observation_count_unavailable|patient_identity_missing|record_status_not_current	e1e4b7d7478e377acf75a42e7bce4fa9f4afc1e890e280b7e5bb6f9f900ce446
HEST::MISC139	013_HEST	HEST_STUDY::afc1006bcece965c		ineligible	counts_not_technically_available|observation_count_unavailable|patient_identity_missing|record_status_not_current	6dae2234d056ddb2ed5add9faba042387d7d7ad9da24fbea999c67a0885f0035
HEST::MISC140	013_HEST	HEST_STUDY::afc1006bcece965c		ineligible	counts_not_technically_available|observation_count_unavailable|patient_identity_missing|record_status_not_current	caa4a350cfa5fbf307f8e6d9f9d15c971df92504474e91f2a372fcb9c484aee6
HEST::MISC141	013_HEST	HEST_STUDY::afc1006bcece965c		ineligible	counts_not_technically_available|observation_count_unavailable|patient_identity_missing|record_status_not_current	daaad046da85b6472f11f9a65ac5fdc31a5953cdf9412e966de943b73addfd15
HEST::MISC142	013_HEST	HEST_STUDY::afc1006bcece965c		ineligible	counts_not_technically_available|observation_count_unavailable|patient_identity_missing|record_status_not_current	9ce9824da538f8b2efb7c3b54ea502fc76e6105f73996bffac672bd70a2b01a8
HEST::MISC33	013_HEST	HEST_STUDY::e8bc60bec5150f4e		ineligible	counts_not_technically_available|observation_count_unavailable|patient_identity_missing|record_status_not_current	96c61656c40181e76108e50605ce7d1552a292198a71b4113cc6e4d17cfeca7e
HEST::MISC34	013_HEST	HEST_STUDY::e8bc60bec5150f4e		ineligible	counts_not_technically_available|observation_count_unavailable|patient_identity_missing|record_status_not_current	693168b902a9eb5ec66637d6d30c294b38994014f851e6921f08c51d01783154
HEST::MISC35	013_HEST	HEST_STUDY::e8bc60bec5150f4e		ineligible	counts_not_technically_available|observation_count_unavailable|patient_identity_missing|record_status_not_current	80a9a7e80e8c30127709137cabde319fb455936cc0be1f88f56c86a033ad526e
HEST::MISC36	013_HEST	HEST_STUDY::e8bc60bec5150f4e		ineligible	counts_not_technically_available|observation_count_unavailable|patient_identity_missing|record_status_not_current	783661ffb8a5f51dd3aa77e7d68500079af4a137951ea680ec6f046cd7c053e2
HEST::MISC37	013_HEST	HEST_STUDY::e8bc60bec5150f4e		ineligible	counts_not_technically_available|observation_count_unavailable|patient_identity_missing|record_status_not_current	21d5a3ee964be8206e97063679ec3e1828f48d09fd5a997ea300b05e9bdfe83a
HEST::MISC38	013_HEST	HEST_STUDY::e8bc60bec5150f4e		ineligible	counts_not_technically_available|observation_count_unavailable|patient_identity_missing|record_status_not_current	d8f3e0b06f39e989d360ff27afe812127449ff4e1ea1ecfb5598aaa4df149ae9
HEST::MISC39	013_HEST	HEST_STUDY::e8bc60bec5150f4e		ineligible	counts_not_technically_available|observation_count_unavailable|patient_identity_missing|record_status_not_current	06bd62e73639f8632416ff85f01fac565cca545f085f90981ee43e49cd539975
HEST::MISC40	013_HEST	HEST_STUDY::27e5089ce6518aee		ineligible	counts_not_technically_available|observation_count_unavailable|patient_identity_missing|record_status_not_current	745ae6af9d548019da1a5ebeabfbc6284b1fe9bf594f00d0dda18aad4ce4a137
HEST::MISC41	013_HEST	HEST_STUDY::e8bc60bec5150f4e		ineligible	counts_not_technically_available|observation_count_unavailable|patient_identity_missing|record_status_not_current	0ea56b9c9ff77a3865ca5837a2763a2ad3d5301fd4f213a878b30a82d310eb88
HEST::MISC42	013_HEST	HEST_STUDY::e8bc60bec5150f4e		ineligible	counts_not_technically_available|observation_count_unavailable|patient_identity_missing|record_status_not_current	b71a0a57c1ceba0f527675283a5390d8e156d778bfbee5c21d4d3449628e7255
HEST::MISC43	013_HEST	HEST_STUDY::e8bc60bec5150f4e		ineligible	counts_not_technically_available|observation_count_unavailable|patient_identity_missing|record_status_not_current	b9dccd21383df089bb366b41dff8538fa863d11a2a52854b9312186fdf4b738f
HEST::MISC44	013_HEST	HEST_STUDY::e8bc60bec5150f4e		ineligible	counts_not_technically_available|observation_count_unavailable|patient_identity_missing|record_status_not_current	c0c62cb067ab3cf1073467aefc172e9941d2edc4e0acbd72526dac5da82c1bf5
HEST::MISC45	013_HEST	HEST_STUDY::e8bc60bec5150f4e		ineligible	counts_not_technically_available|observation_count_unavailable|patient_identity_missing|record_status_not_current	0b116697479f524788ce0518b8f30e2655f0ac8714fffd3b75b7ce432bba414a
HEST::MISC46	013_HEST	HEST_STUDY::e8bc60bec5150f4e		ineligible	counts_not_technically_available|observation_count_unavailable|patient_identity_missing|record_status_not_current	45cc4362e0904aaaf104a832f049f05075a64174ec1909fee72f3592080cbb6d
HEST::MISC47	013_HEST	HEST_STUDY::e8bc60bec5150f4e		ineligible	counts_not_technically_available|observation_count_unavailable|patient_identity_missing|record_status_not_current	4d6a95e3cac90efa4470d1f553aed44d95b9ae4bb8ab6909788054a23160794b
HEST::MISC48	013_HEST	HEST_STUDY::e8bc60bec5150f4e		ineligible	counts_not_technically_available|observation_count_unavailable|patient_identity_missing|record_status_not_current	6669e531a431f4153d103ae54a595efaf8d2f7b99afa0e913259d442eeb66756
HEST::MISC49	013_HEST	HEST_STUDY::e8bc60bec5150f4e		ineligible	counts_not_technically_available|observation_count_unavailable|patient_identity_missing|record_status_not_current	ec6a9f58c5eefaf09a1db7932c8af5e42c12547c91793eee5781350c62542d89
HEST::MISC50	013_HEST	HEST_STUDY::e8bc60bec5150f4e		ineligible	counts_not_technically_available|observation_count_unavailable|patient_identity_missing|record_status_not_current	d1108f49d0b5eb07377bfe014728b091e92e7f138812c126636befce361aef3b
HEST::MISC51	013_HEST	HEST_STUDY::e8bc60bec5150f4e		ineligible	counts_not_technically_available|observation_count_unavailable|patient_identity_missing|record_status_not_current	e86fbacc1f6933300ec954441df5ba3b72fe169a7489b9d53c9dded703215679
HEST::MISC52	013_HEST	HEST_STUDY::e8bc60bec5150f4e		ineligible	counts_not_technically_available|observation_count_unavailable|patient_identity_missing|record_status_not_current	915d62178b735868fe9ed1c9d672b5fcfc6e54fd6e85cb58ff5dc3f4c977837c
HEST::MISC53	013_HEST	HEST_STUDY::e8bc60bec5150f4e		ineligible	counts_not_technically_available|observation_count_unavailable|patient_identity_missing|record_status_not_current	c33cb82ae90716661afa7dc8ae784731ce5135aa2f11811c247c90419de00309
HEST::MISC54	013_HEST	HEST_STUDY::e8bc60bec5150f4e		ineligible	counts_not_technically_available|observation_count_unavailable|patient_identity_missing|record_status_not_current	bc79d425f211744b3035aff12b1a350fbff04328f21f570d3b7b3008c0010f93
HEST::MISC55	013_HEST	HEST_STUDY::e8bc60bec5150f4e		ineligible	counts_not_technically_available|observation_count_unavailable|patient_identity_missing|record_status_not_current	7c4af6456c50bdd7adafc13af04dec0c200f9d91da4fb5bc61f6660a79de2c0f
HEST::MISC56	013_HEST	HEST_STUDY::e8bc60bec5150f4e		ineligible	counts_not_technically_available|observation_count_unavailable|patient_identity_missing|record_status_not_current	5b33058e11d2d6c50368bb0838b5c3f264412dee9c7049909c9976e198e3a821
HEST::MISC57	013_HEST	HEST_STUDY::e8bc60bec5150f4e		ineligible	counts_not_technically_available|observation_count_unavailable|patient_identity_missing|record_status_not_current	168b5b7e34fc6bb1c05e5085c3329843a7ef3e9f91e33ad56204fa4bf59aca33
HEST::MISC58	013_HEST	HEST_STUDY::e8bc60bec5150f4e		ineligible	counts_not_technically_available|observation_count_unavailable|patient_identity_missing|record_status_not_current	b39ca1ef802e692fe746ec7a4bdacfc6ac81ef86205ed1e974b2ee35d4a51bef
HEST::MISC59	013_HEST	HEST_STUDY::e8bc60bec5150f4e		ineligible	counts_not_technically_available|observation_count_unavailable|patient_identity_missing|record_status_not_current	5d6a05367eeb68469a0233c586f72af90d65d588b3c3881be94d0204c77f3118
HEST::MISC60	013_HEST	HEST_STUDY::e8bc60bec5150f4e		ineligible	counts_not_technically_available|observation_count_unavailable|patient_identity_missing|record_status_not_current	25d0b0bd7c7326982720b480f6b6e343793e3bb7564ef6fa87b0e29a5f94d2bb
HEST::MISC61	013_HEST	HEST_STUDY::e8bc60bec5150f4e		ineligible	counts_not_technically_available|observation_count_unavailable|patient_identity_missing|record_status_not_current	d44c8a00a222c5fa0d78cd4ce648b801a52792bb1489bed2dfaa93a7f513c320
HEST::MISC62	013_HEST	HEST_STUDY::e8bc60bec5150f4e		ineligible	counts_not_technically_available|observation_count_unavailable|patient_identity_missing|record_status_not_current	7587489f9024ab2e483cdeb0ac59f0061d0556e9196ef4c2f35a91961ad1f272
HEST::MISC63	013_HEST	HEST_STUDY::e8bc60bec5150f4e		ineligible	counts_not_technically_available|observation_count_unavailable|patient_identity_missing|record_status_not_current	3deccf9b7cabf7fd9c1c7ede8234704cbdcf619c33f429323b30580c69591e85
HEST::MISC64	013_HEST	HEST_STUDY::e8bc60bec5150f4e		ineligible	counts_not_technically_available|observation_count_unavailable|patient_identity_missing|record_status_not_current	be5a38c32a879b790f9294d7f6fe10285de3372e8ee230c52a64aa5336728bf6
HEST::MISC65	013_HEST	HEST_STUDY::e8bc60bec5150f4e		ineligible	counts_not_technically_available|observation_count_unavailable|patient_identity_missing|record_status_not_current	90ae249c75b1a204e74444ef1f3f0410d197a030e26dd023a1d1962d91f7f4f1
HEST::MISC66	013_HEST	HEST_STUDY::e8bc60bec5150f4e		ineligible	counts_not_technically_available|observation_count_unavailable|patient_identity_missing|record_status_not_current	734df5fd729a1972c41af6e62f684d048543e95514499ecf6c91d46cc8a58b31
HEST::MISC67	013_HEST	HEST_STUDY::27e5089ce6518aee		ineligible	counts_not_technically_available|observation_count_unavailable|patient_identity_missing|record_status_not_current	0bf6408075000037a6f97c5ac4350dd556840b1a87aef9fffdc7afe7286f8563
HEST::MISC68	013_HEST	HEST_STUDY::e8bc60bec5150f4e		ineligible	counts_not_technically_available|observation_count_unavailable|patient_identity_missing|record_status_not_current	1124c243ef94e34db6615d7609d08c25529771a8f050c5ad867fad0ddc538b96
HEST::MISC69	013_HEST	HEST_STUDY::e8bc60bec5150f4e		ineligible	counts_not_technically_available|observation_count_unavailable|patient_identity_missing|record_status_not_current	109ca868bd4cb3c957af9c0eb8465d0149f41c4b4679c2548b89df23ee2e25e1
HEST::MISC70	013_HEST	HEST_STUDY::e8bc60bec5150f4e		ineligible	counts_not_technically_available|observation_count_unavailable|patient_identity_missing|record_status_not_current	490f8e0e59b1daa330d5865c0edeaccba571f54d5aba327f25e339a537ea8705
HEST::MISC71	013_HEST	HEST_STUDY::e8bc60bec5150f4e		ineligible	counts_not_technically_available|observation_count_unavailable|patient_identity_missing|record_status_not_current	80b4ee4c9fc991522a75821b61fea53f00ca6cf3f434d0b08216145c9aa29a69
HEST::MISC72	013_HEST	HEST_STUDY::e8bc60bec5150f4e		ineligible	counts_not_technically_available|observation_count_unavailable|patient_identity_missing|record_status_not_current	2dd3ff2ad671fb101a5ea2f639f93dcdb8af9259e3f6f4ebaf6627a440e22891
HEST::MISC73	013_HEST	HEST_STUDY::e8bc60bec5150f4e		ineligible	counts_not_technically_available|observation_count_unavailable|patient_identity_missing|record_status_not_current	5645320682377a186f3eed69e32984b76c1af57e89dfc8b958a7e56159e975e3
HEST::NCBI1	013_HEST	HEST_STUDY::4b9ff462a59da643		ineligible	counts_not_technically_available|observation_count_unavailable|patient_identity_missing|record_status_not_current	b01904dcf5756c292733b79b4870032b6c4ba6a16d48f033d7d397a071826fd5
HEST::NCBI2	013_HEST	HEST_STUDY::4b9ff462a59da643		ineligible	counts_not_technically_available|observation_count_unavailable|patient_identity_missing|record_status_not_current	9f7d7c6f958d2b23f8acb7010d7705374cfd674083fbea984163a3d9ed90bc28
HEST::NCBI534	013_HEST	HEST_STUDY::f47256d149f851fa		ineligible	counts_not_technically_available|observation_count_unavailable|patient_identity_missing|record_status_not_current	3fd035b64d813f61c98d9be06466b208a196cf145194570355a85a34202a9b81
HEST::NCBI568	013_HEST	HEST_STUDY::2cca115135ba8b4b		ineligible	counts_not_technically_available|observation_count_unavailable|patient_identity_missing|record_status_not_current	759f4ab88a882063fd1447dfffc4a77af9491879ac082baddc6430f8763ea6ef
HEST::NCBI569	013_HEST	HEST_STUDY::8c5f2af9f65a9706		ineligible	counts_not_technically_available|observation_count_unavailable|patient_identity_missing|record_status_not_current	6264148e9757734312f5a95c8d981a032b5d9b8fc5a6bd009ee7cc22c002a948
HEST::NCBI570	013_HEST	HEST_STUDY::8c5f2af9f65a9706		ineligible	counts_not_technically_available|observation_count_unavailable|patient_identity_missing|record_status_not_current	5a733d6d00d9268b79e405bf010477eba152c0ed3ffb4d979297b43d67806a86
HEST::NCBI571	013_HEST	HEST_STUDY::8c5f2af9f65a9706		ineligible	counts_not_technically_available|observation_count_unavailable|patient_identity_missing|record_status_not_current	46c2e69b97800df0fdc0717948c9d5f1f7a9a883e41004548cc40f103da0dd24
HEST::NCBI572	013_HEST	HEST_STUDY::8c5f2af9f65a9706		ineligible	counts_not_technically_available|observation_count_unavailable|patient_identity_missing|record_status_not_current	894282a386ca2a1e684511042b3b2f80786a07bca7e3eaaab23cbbb432d04f33
HEST::NCBI575	013_HEST	HEST_STUDY::6744138be3e0136f		ineligible	counts_not_technically_available|observation_count_unavailable|patient_identity_missing|record_status_not_current	e8320ca1c381384d3ae27ed50ccaeec9060e215766a6d3ebd2c5eb79aab0e9e2
HEST::NCBI576	013_HEST	HEST_STUDY::6744138be3e0136f		ineligible	counts_not_technically_available|observation_count_unavailable|patient_identity_missing|record_status_not_current	a38fa64c031411bcb83e8299c0d22fcf69415aa2e59e4f44626e8ffd54552255
HEST::NCBI594	013_HEST	HEST_STUDY::15b5dca2ff239137		ineligible	counts_not_technically_available|observation_count_unavailable|patient_identity_missing|record_status_not_current	219847592805d7a054b1ed425adef19382de9c2014106fd853b990d54c67f333
HEST::NCBI595	013_HEST	HEST_STUDY::15b5dca2ff239137		ineligible	counts_not_technically_available|observation_count_unavailable|patient_identity_missing|record_status_not_current	5af6cd904f2b4371fba152849800e62af7dc330826daeb30ff07348bc3f907ca
HEST::NCBI599	013_HEST	HEST		ineligible	counts_not_technically_available|observation_count_unavailable|patient_identity_missing|record_status_not_current	899a24ff041d9f634008b1e8d0f9bf01b88299553275cad1fa968d634192001b
HEST::NCBI771	013_HEST	HEST_STUDY::f0e00dfd9693267a		ineligible	counts_not_technically_available|observation_count_unavailable|patient_identity_missing|record_status_not_current	af762e76c25a41952df3636a77efd79b48fdc17ac1c70b5231fc6e93933df74c
HEST::NCBI776	013_HEST	HEST_STUDY::62480f1b0e8c1292		ineligible	counts_not_technically_available|observation_count_unavailable|patient_identity_missing|record_status_not_current	e3684de2e162cfb6bf24d10f054df30df8a379f85387c1c277ffa0ebe44c25c4
HEST::NCBI811	013_HEST	HEST_STUDY::6744138be3e0136f		ineligible	counts_not_technically_available|observation_count_unavailable|patient_identity_missing|record_status_not_current	53279f47e4bdbbf9980aafe8e1a4c7cbfe05d47ef2630ba9791cb5339c19b442
HEST::NCBI812	013_HEST	HEST_STUDY::6744138be3e0136f		ineligible	counts_not_technically_available|observation_count_unavailable|patient_identity_missing|record_status_not_current	ecd5272a2c8e3ac3e5526c8b42dfcd734e7c547cff372273f1023781ca81523a
HEST::NCBI813	013_HEST	HEST_STUDY::6744138be3e0136f		ineligible	counts_not_technically_available|observation_count_unavailable|patient_identity_missing|record_status_not_current	abbf76454b6a2504ce097609e89c439f31809cb6c51bc25241526761b699d8b6
HEST::NCBI828	013_HEST	HEST_STUDY::70db28cf17ba2827		ineligible	counts_not_technically_available|observation_count_unavailable|patient_identity_missing|record_status_not_current	011e629a3230d7592d606e5de23b2bc7b12b46c0bf9dea183ea42ebcf5272500
HEST::NCBI829	013_HEST	HEST_STUDY::70db28cf17ba2827		ineligible	counts_not_technically_available|observation_count_unavailable|patient_identity_missing|record_status_not_current	376e319f97ea32befe6a431eb8c108d430c81ad1efef80b8326dfe885ad9f1e8
HEST::NCBI830	013_HEST	HEST_STUDY::70db28cf17ba2827		ineligible	counts_not_technically_available|observation_count_unavailable|patient_identity_missing|record_status_not_current	47f1f578270eb9037deac514a28d750b8c661633ea216292ba3a16e833544b47
HEST::NCBI885	013_HEST	HEST_STUDY::3a20b85e22e14d14		ineligible	counts_not_technically_available|observation_count_unavailable|patient_identity_missing|record_status_not_current	99e5655184e7b6e172b10eebe5273d86d7446fae2e8d746c8304e8d12c106327
HEST::NCBI886	013_HEST	HEST_STUDY::3a20b85e22e14d14		ineligible	counts_not_technically_available|observation_count_unavailable|patient_identity_missing|record_status_not_current	74d03e7021c57f89110ba469441c4fc33ba7f64a1d027138e4378b4cc80f5618
HEST::NCBI887	013_HEST	HEST_STUDY::3a20b85e22e14d14		ineligible	counts_not_technically_available|observation_count_unavailable|patient_identity_missing|record_status_not_current	bd65e99fa54c9f7b42a619e526ef16114d77727fb4f2c4028839a45bd55da978
HEST::NCBI888	013_HEST	HEST_STUDY::3a20b85e22e14d14		ineligible	counts_not_technically_available|observation_count_unavailable|patient_identity_missing|record_status_not_current	5f8b87a4d3cebe79d62ee17cc301bcf57f78771910690e78f60f6f88aaa83ac1
HEST::SPA0	013_HEST	HEST_STUDY::53a961fe1c5d71fd		ineligible	counts_not_technically_available|observation_count_unavailable|patient_identity_missing|record_status_not_current	8caa4ac30a2ae6f0db89ebeb8179a44c9ad08896c10f67aac9f816e7067d817e
HEST::SPA1	013_HEST	HEST_STUDY::53a961fe1c5d71fd		ineligible	counts_not_technically_available|observation_count_unavailable|patient_identity_missing|record_status_not_current	d606cc96d180698aba7c22c416599a7b986ccf870ea256f58c9691565bd9407c
HEST::SPA2	013_HEST	HEST_STUDY::53a961fe1c5d71fd		ineligible	counts_not_technically_available|observation_count_unavailable|patient_identity_missing|record_status_not_current	cd18a2c99b86479915715f6aa6a5e7cb659f633334f35bcff1876d3d50e8a8c4
HEST::SPA3	013_HEST	HEST_STUDY::53a961fe1c5d71fd		ineligible	counts_not_technically_available|observation_count_unavailable|patient_identity_missing|record_status_not_current	1c84355678c0186a9735947574e7aeb18bdf13da394ae2fadddf26af11a9f908
HEST::SPA30	013_HEST	HEST_STUDY::dbfcb05022d8ddbd		ineligible	counts_not_technically_available|observation_count_unavailable|patient_identity_missing|record_status_not_current	c2c2b7eb9de0ecf5202811249e5454b5fdbf46433d10aaf7c2b0fc8a5cea2412
HEST::SPA31	013_HEST	HEST_STUDY::dbfcb05022d8ddbd		ineligible	counts_not_technically_available|observation_count_unavailable|patient_identity_missing|record_status_not_current	1a3712415ad42e46bd31ed51aeaaad4026abcaa60b02f810fe842b77eed39dec
HEST::SPA32	013_HEST	HEST_STUDY::dbfcb05022d8ddbd		ineligible	counts_not_technically_available|observation_count_unavailable|patient_identity_missing|record_status_not_current	fef8aa7d4ad976aa9f8c2e73e494000133040391362d4fa6ff5d39c23c96efe2
HEST::SPA33	013_HEST	HEST_STUDY::dbfcb05022d8ddbd		ineligible	counts_not_technically_available|observation_count_unavailable|patient_identity_missing|record_status_not_current	566ad5b39a06300f926473260c37707280dbdad2738fb46ad6802dc3d39c64c3
HEST::SPA34	013_HEST	HEST_STUDY::dbfcb05022d8ddbd		ineligible	counts_not_technically_available|observation_count_unavailable|patient_identity_missing|record_status_not_current	e401cfcaf772c4d728f3aa72f6cdfc2d9443fbb91bcccfcf6062d518ddd17423
HEST::SPA35	013_HEST	HEST_STUDY::dbfcb05022d8ddbd		ineligible	counts_not_technically_available|observation_count_unavailable|patient_identity_missing|record_status_not_current	9df9a1196872cc1ae69200bc4bf8d985b529e077210dc869874bd9193630a798
HEST::SPA36	013_HEST	HEST_STUDY::dbfcb05022d8ddbd		ineligible	counts_not_technically_available|observation_count_unavailable|patient_identity_missing|record_status_not_current	3a6ac0759d15f2fed4dd79f45c055c7266aa7e6ad66c8d8dc1eb93b0350d5d43
HEST::SPA37	013_HEST	HEST_STUDY::dbfcb05022d8ddbd		ineligible	counts_not_technically_available|observation_count_unavailable|patient_identity_missing|record_status_not_current	c24d4f48ae03c95168eef98ca627d86d798016857aba472e41c1b2f7ccf0de8a
HEST::SPA38	013_HEST	HEST_STUDY::dbfcb05022d8ddbd		ineligible	counts_not_technically_available|observation_count_unavailable|patient_identity_missing|record_status_not_current	3a5d82923189de73ac9556323af06dcd468b867dd8c0cd8094ed129053d9e139
HEST::SPA39	013_HEST	HEST_STUDY::dbfcb05022d8ddbd		ineligible	counts_not_technically_available|observation_count_unavailable|patient_identity_missing|record_status_not_current	9e6ff52e94f6bfc2a4e3e4000b69d839204cdfd266bcb1059b7652329526975a
HEST::SPA40	013_HEST	HEST_STUDY::dbfcb05022d8ddbd		ineligible	counts_not_technically_available|observation_count_unavailable|patient_identity_missing|record_status_not_current	ab6f84e67b0fbf5a8216a2fed1e14e43758cd4b9fed3541d3476d5af92b8bd57
HEST::SPA41	013_HEST	HEST_STUDY::dbfcb05022d8ddbd		ineligible	counts_not_technically_available|observation_count_unavailable|patient_identity_missing|record_status_not_current	a2dec34c71343e1c8e5ff8b1495807ad1597432fa80b14e33f4617863f009328
HEST::SPA42	013_HEST	HEST_STUDY::dbfcb05022d8ddbd		ineligible	counts_not_technically_available|observation_count_unavailable|patient_identity_missing|record_status_not_current	0e96bc7bc7d109af34dce9730deeb830831b46e2fcb119088e8fe12ba977b1eb
HEST::SPA43	013_HEST	HEST_STUDY::dbfcb05022d8ddbd		ineligible	counts_not_technically_available|observation_count_unavailable|patient_identity_missing|record_status_not_current	23ceade889a254b3401ab39f0a5560502fde4193f5570379faafb5967948ae41
HEST::SPA44	013_HEST	HEST_STUDY::dbfcb05022d8ddbd		ineligible	counts_not_technically_available|observation_count_unavailable|patient_identity_missing|record_status_not_current	9c10df695efc3d089f1b5acc6a95de28b34ea3d36a39bd935745d73c0d4fdca0
HEST::SPA45	013_HEST	HEST_STUDY::dbfcb05022d8ddbd		ineligible	counts_not_technically_available|observation_count_unavailable|patient_identity_missing|record_status_not_current	163954078b835d9eb082926d72ab56391f21410a6a4fba735fac960d376a6d7f
HEST::SPA46	013_HEST	HEST_STUDY::dbfcb05022d8ddbd		ineligible	counts_not_technically_available|observation_count_unavailable|patient_identity_missing|record_status_not_current	426e90e5fcc492cedda62f537f59db43211975968ab48a427b52a1dc243d3ad3
HEST::SPA47	013_HEST	HEST_STUDY::dbfcb05022d8ddbd		ineligible	counts_not_technically_available|observation_count_unavailable|patient_identity_missing|record_status_not_current	1c6c65036b9c542e3eba871544f496541129c661a596bff0cea00c4664d9b6f9
HEST::SPA48	013_HEST	HEST_STUDY::dbfcb05022d8ddbd		ineligible	counts_not_technically_available|observation_count_unavailable|patient_identity_missing|record_status_not_current	d68641b39ec7e156f3f27019be15b27f316838df2ba48135ee7e55bd9418f790
HEST::TENX105	013_HEST	HEST		ineligible	counts_not_technically_available|observation_count_unavailable|patient_identity_missing|record_status_not_current	8b8fbd98d9832c7dd4d4a4d0c52fe2c9e34093a8222413680594ab2f94d966df
HEST::TENX106	013_HEST	HEST		ineligible	counts_not_technically_available|observation_count_unavailable|patient_identity_missing|record_status_not_current	e2e2f75f69452ed5625e536f298389755a49145439710ffc2b115bfd41a7dc3b
HEST::TENX111	013_HEST	HEST		ineligible	counts_not_technically_available|observation_count_unavailable|patient_identity_missing|record_status_not_current	41f5033e5b9585cc258a8ba15ce88c7ac5dca80cd77c0b1dd1cec2b7a61662db
HEST::TENX114	013_HEST	HEST		ineligible	counts_not_technically_available|observation_count_unavailable|patient_identity_missing|record_status_not_current	3a8c048368f9529115b2857e44cfdb45e25742bddc58ca7ffa59a3f6be6264c9
HEST::TENX119	013_HEST	HEST		ineligible	counts_not_technically_available|observation_count_unavailable|patient_identity_missing|record_status_not_current	03fb9f1b81f62c3b295ae89f5ef22391531f02c673ddcf819695d1dc19be212a
HEST::TENX120	013_HEST	HEST		ineligible	counts_not_technically_available|observation_count_unavailable|patient_identity_missing|record_status_not_current	94d1474d90ede99b2773a3e11b17ffdfc74df996e66a324e1d1af481d2353d9a
HEST::TENX121	013_HEST	HEST		ineligible	counts_not_technically_available|observation_count_unavailable|patient_identity_missing|record_status_not_current	0de15e3f95ea9951e2f7a66049fdb8abc600e0310e3cf771016e86c06e4aa258
HEST::TENX122	013_HEST	HEST		ineligible	counts_not_technically_available|observation_count_unavailable|patient_identity_missing|record_status_not_current	8d1e16a0c0c91f5cb12c261dba8b8f28098af2b944559b5d0b84b86b095874a7
HEST::TENX123	013_HEST	HEST		ineligible	counts_not_technically_available|observation_count_unavailable|patient_identity_missing|record_status_not_current	d3a1578e9c3d075455030c1696e12b0e02f8519d64c2bf1a11595e8de7909e8a
HEST::TENX128	013_HEST	HEST		ineligible	counts_not_technically_available|observation_count_unavailable|patient_identity_missing|record_status_not_current	539c07e8ca57a7f577fbc9f33ce1cc5e2da0c086948ae6c9ff9395f58e53637d
HEST::TENX13	013_HEST	HEST		ineligible	counts_not_technically_available|observation_count_unavailable|patient_identity_missing|record_status_not_current	6a4bb339a808bbd3a1d270d8848fde443a794f97594a2dd80e58c0e895fe62a7
HEST::TENX132	013_HEST	HEST		ineligible	counts_not_technically_available|observation_count_unavailable|patient_identity_missing|record_status_not_current	8635baeb73f916e03097d917ec2d86493206ef032c9d50eda29e4e7e21f8c4c8
HEST::TENX133	013_HEST	HEST		ineligible	counts_not_technically_available|observation_count_unavailable|patient_identity_missing|record_status_not_current	eba2580da9bb136177cfe2e4c1f5989db4b78a51a75bf92d247cdb6ed56c7fd6
HEST::TENX134	013_HEST	HEST		ineligible	counts_not_technically_available|observation_count_unavailable|patient_identity_missing|record_status_not_current	df1d099fe4e8be64d9c0faa03bf2c9301911a51e3cfd4cd5565c3ddba867e45e
HEST::TENX139	013_HEST	HEST		ineligible	counts_not_technically_available|observation_count_unavailable|patient_identity_missing|record_status_not_current	7b52d2fe37a910fc4605297924cc192363dd6b0767cdc72c763899af789f7349
HEST::TENX14	013_HEST	HEST		ineligible	counts_not_technically_available|observation_count_unavailable|patient_identity_missing|record_status_not_current	f6ee3b672cb90151c57263f938629677b203d4f0d436092779597fbc9325b4be
HEST::TENX142	013_HEST	HEST		ineligible	counts_not_technically_available|observation_count_unavailable|patient_identity_missing|record_status_not_current	1806f7ac2748bd97b520045a42354ba3be53a8a73ca4f8c7f1dd50573dc45557
HEST::TENX144	013_HEST	HEST		ineligible	counts_not_technically_available|observation_count_unavailable|patient_identity_missing|record_status_not_current	99eb8690b30b2c243b31bc37bfea877a9c3ebd34b683ec8c51987775c4290825
HEST::TENX147	013_HEST	HEST_STUDY::296c1b80b7816973		ineligible	counts_not_technically_available|observation_count_unavailable|patient_identity_missing|record_status_not_current	9d363eeba2ec58bf0a64622f5a061744a76e3628baf67481ea3a2498855d0c20
HEST::TENX148	013_HEST	HEST_STUDY::296c1b80b7816973		ineligible	counts_not_technically_available|observation_count_unavailable|patient_identity_missing|record_status_not_current	8d8626ba2f4517de78fdcb464800f0632914e776122060c0982d5f654fd9b0c5
HEST::TENX15	013_HEST	HEST		ineligible	counts_not_technically_available|observation_count_unavailable|patient_identity_missing|record_status_not_current	9ffa6999110b07b9d4f8a54025082aeb5f4127763d331146fe0509ebb903a250
HEST::TENX152	013_HEST	HEST_STUDY::296c1b80b7816973		ineligible	counts_not_technically_available|observation_count_unavailable|patient_identity_missing|record_status_not_current	da368ddb8038e6ce6f53683a1328e8fb15c4689a3b19411f4c62112602dd0277
HEST::TENX153	013_HEST	HEST_STUDY::296c1b80b7816973		ineligible	counts_not_technically_available|observation_count_unavailable|patient_identity_missing|record_status_not_current	8230c6fe65028f2f343d8fb51c2d41f4eb127461b7f7a93ff90363ce0bf04bb7
HEST::TENX154	013_HEST	HEST_STUDY::296c1b80b7816973		ineligible	counts_not_technically_available|observation_count_unavailable|patient_identity_missing|record_status_not_current	e6067dfb81778caa9dd5cde9c51dca96b05196275f73225fac5134e1d8755836
HEST::TENX155	013_HEST	HEST_STUDY::296c1b80b7816973		ineligible	counts_not_technically_available|observation_count_unavailable|patient_identity_missing|record_status_not_current	7132720c2f399a108d1900693325eb3eaafdc29af1f7555093e8099d46b8de8d
HEST::TENX157	013_HEST	HEST		ineligible	counts_not_technically_available|observation_count_unavailable|patient_identity_missing|record_status_not_current	da67d8cbdef54fe48fb11d6df546f685385b5e217161d909e6666998adc81ebf
HEST::TENX158	013_HEST	HEST		ineligible	counts_not_technically_available|observation_count_unavailable|patient_identity_missing|record_status_not_current	03e702e4705ae0eab13195d9602a1b95f9ff26c59c70426219af735a0368f662
HEST::TENX16	013_HEST	HEST		ineligible	counts_not_technically_available|observation_count_unavailable|patient_identity_missing|record_status_not_current	47eb839e58dfedc9909c39d2aa16e82f2321f2768d06ea9c70ae80dc1f3ccf2a
HEST::TENX160	013_HEST	HEST		ineligible	counts_not_technically_available|observation_count_unavailable|patient_identity_missing|record_status_not_current	5365d3fa79a3f29b18fb12fdee160db73cc5b13809da8189360ea595a8741394
HEST::TENX161	013_HEST	HEST		ineligible	counts_not_technically_available|observation_count_unavailable|patient_identity_missing|record_status_not_current	f5c8efbf9524b48b5fe48314455eb042406a650ed6630a3becaa11a9e3804cee
HEST::TENX162	013_HEST	HEST		ineligible	counts_not_technically_available|observation_count_unavailable|patient_identity_missing|record_status_not_current	ea00f98dcc67533cade608dbf99c4c1e00374722affc8a0ef87d97d9ffe4b532
HEST::TENX163	013_HEST	HEST		ineligible	counts_not_technically_available|observation_count_unavailable|patient_identity_missing|record_status_not_current	0cca4f7bcdbc1bec823b7b4ac5f9656cd121c79ff1cd86c0ec27ad399514b54f
HEST::TENX168	013_HEST	HEST		ineligible	counts_not_technically_available|observation_count_unavailable|patient_identity_missing|record_status_not_current	58c4ba741668d71f51e15a5da476cec7f422cd21916cfe63978e8b7afad8b7dc
HEST::TENX169	013_HEST	HEST		ineligible	counts_not_technically_available|observation_count_unavailable|patient_identity_missing|record_status_not_current	a3d5f96003feb093c75a0ed959b65ecf58ea46a0d163e73c82e81379a8544bec
HEST::TENX170	013_HEST	HEST		ineligible	counts_not_technically_available|observation_count_unavailable|patient_identity_missing|record_status_not_current	964f70a19e1fb7978c27f60e41208b73443350a8cbb27c5878033b321d2d4e0d
HEST::TENX171	013_HEST	HEST		ineligible	counts_not_technically_available|observation_count_unavailable|patient_identity_missing|record_status_not_current	574f8dc0bc1d36ac3b92bc43102bf31ea44df992df684b7d4682cf5b394cd94e
HEST::TENX172	013_HEST	HEST		ineligible	counts_not_technically_available|observation_count_unavailable|patient_identity_missing|record_status_not_current	2b2a6d337c8a1e491182ef639ce288b78270a6ec2f77dc65c81e17c8d91118b3
HEST::TENX173	013_HEST	HEST		ineligible	counts_not_technically_available|observation_count_unavailable|patient_identity_missing|record_status_not_current	2f3e1cbdb3ba7c9d7469cc5427cda39c0ecbcc8a750b129cb9533d0849d0a035
HEST::TENX174	013_HEST	HEST		ineligible	counts_not_technically_available|observation_count_unavailable|patient_identity_missing|record_status_not_current	612d873931be6cb36be84084c91b0da7d42c3e64fc1d8bd875edeec8f62ab00b
HEST::TENX177	013_HEST	HEST		ineligible	counts_not_technically_available|observation_count_unavailable|patient_identity_missing|record_status_not_current	a37fdb1ad7fe7aea8c733f9ec99ecb5530f87c025f3b14abc42a412bb61cff24
HEST::TENX178	013_HEST	HEST		ineligible	counts_not_technically_available|observation_count_unavailable|patient_identity_missing|record_status_not_current	dcd3a3d6a0429e76b4faba8117dae6f8ea7fb51c2a513794a09527e297cdf8b1
HEST::TENX179	013_HEST	HEST		ineligible	counts_not_technically_available|observation_count_unavailable|patient_identity_missing|record_status_not_current	787b5560aba495645dc6e995222c2fe22b71c31d0128ba773051d3d8e2c63ef6
HEST::TENX180	013_HEST	HEST		ineligible	counts_not_technically_available|observation_count_unavailable|patient_identity_missing|record_status_not_current	5687a0f318e3e3ce25e213fb8e8d70b634426e64456943e8f5a538fa1c8c1c74
HEST::TENX182	013_HEST	HEST		ineligible	counts_not_technically_available|observation_count_unavailable|patient_identity_missing|record_status_not_current	cd7d42d903f82f4f57370dee623ce0d9220f2af54f76d258906a5e8ef34a3241
HEST::TENX183	013_HEST	HEST		ineligible	counts_not_technically_available|observation_count_unavailable|patient_identity_missing|record_status_not_current	6a78b3f070ca3f0e251a56f13d72710953e6e339c5f535519dbcbe7f5902f1f9
HEST::TENX184	013_HEST	HEST		ineligible	counts_not_technically_available|observation_count_unavailable|patient_identity_missing|record_status_not_current	dc6206a71441287e136980cb0d87117e428a4a0b77de95214dd6cdd0917c4f43
HEST::TENX185	013_HEST	HEST		ineligible	counts_not_technically_available|observation_count_unavailable|patient_identity_missing|record_status_not_current	440d5499558afabb5525bc96b6922fa1aaa60b923bb3c71e611e773b911c19ac
HEST::TENX187	013_HEST	HEST		ineligible	counts_not_technically_available|observation_count_unavailable|patient_identity_missing|record_status_not_current	56d168239b59ee13862d472a2243b4b6422e59d4fbc0dbfa189f3db21bfe39a0
HEST::TENX188	013_HEST	HEST		ineligible	counts_not_technically_available|observation_count_unavailable|patient_identity_missing|record_status_not_current	7b58a172f325abf753ded409475b5531f154038518f1196ca1eac50917d07d60
HEST::TENX189	013_HEST	HEST		ineligible	counts_not_technically_available|observation_count_unavailable|patient_identity_missing|record_status_not_current	9cdc6e83388a1cdde6cc336e358461ee127e999e7cf6fa032501bc9db0c030f2
HEST::TENX190	013_HEST	HEST		ineligible	counts_not_technically_available|observation_count_unavailable|patient_identity_missing|record_status_not_current	d3ff8b7260b535a42e0cbdd4f501e8d6ea1c9dd79bad24d42cc75120357a53a8
HEST::TENX23	013_HEST	HEST		ineligible	counts_not_technically_available|observation_count_unavailable|patient_identity_missing|record_status_not_current	b21d606b4f550437f65be406b936ee7664ee964bb7da1a7bd7492742b8db31dc
HEST::TENX24	013_HEST	HEST		ineligible	counts_not_technically_available|observation_count_unavailable|patient_identity_missing|record_status_not_current	5bbe122929d561444c86b52bac51bcf37f9d79e902af4bdc73faa357ac9bb3f1
HEST::TENX28	013_HEST	HEST		ineligible	counts_not_technically_available|observation_count_unavailable|patient_identity_missing|record_status_not_current	589de3bafbc17006814a56f28128a54bff23555819dee306d86dbad73650bdae
HEST::TENX29	013_HEST	HEST		ineligible	counts_not_technically_available|observation_count_unavailable|patient_identity_missing|record_status_not_current	fc280d6f1dabb77e112145801ae4500ab4e4dceb5e9c3f2a4f5f98d0c87c181c
HEST::TENX39	013_HEST	HEST		ineligible	counts_not_technically_available|observation_count_unavailable|patient_identity_missing|record_status_not_current	da2bd0054042c47bdc881edc2a3e79c72d50418b922d75948fef15bdfc99df05
HEST::TENX40	013_HEST	HEST		ineligible	counts_not_technically_available|observation_count_unavailable|patient_identity_missing|record_status_not_current	24285996719b56dfcbe93c072011b6a5ae1d546a2ea92cb62d50b34f5390670a
HEST::TENX41	013_HEST	HEST		ineligible	counts_not_technically_available|observation_count_unavailable|patient_identity_missing|record_status_not_current	6efabb259effae14aa6142c23d69dab758649e5307ee9e2fcf198167d42004de
HEST::TENX46	013_HEST	HEST		ineligible	counts_not_technically_available|observation_count_unavailable|patient_identity_missing|record_status_not_current	2157f23b2c4e6ec17a8082dec0b39168321b14f4fd36f0cd0698b2a80951e38e
HEST::TENX49	013_HEST	HEST		ineligible	counts_not_technically_available|observation_count_unavailable|patient_identity_missing|record_status_not_current	4f17a0ad870149c4370ae927ef95a4f72848fdcba19cd57c1757399570c130b8
HEST::TENX50	013_HEST	HEST		ineligible	counts_not_technically_available|observation_count_unavailable|patient_identity_missing|record_status_not_current	72fd6832c653320b47a7ff59c00ed5452252073ef31307a4ef1d6da3c6d8eb75
HEST::TENX51	013_HEST	HEST		ineligible	counts_not_technically_available|observation_count_unavailable|patient_identity_missing|record_status_not_current	80a50f6b6a407492ec42d359ed9b8e9f242a97e1329cea06d99e284f592ca6e1
HEST::TENX53	013_HEST	HEST		ineligible	counts_not_technically_available|observation_count_unavailable|patient_identity_missing|record_status_not_current	eeb5cd51ce1b9ff53eb7ba5ef9bd5182973dbd78d062f8afc7fddba3c923214c
HEST::TENX62	013_HEST	HEST		ineligible	counts_not_technically_available|observation_count_unavailable|patient_identity_missing|record_status_not_current	ae5148d43decde8bb00f36374d60e26fb2fce96b4b198d210950422e7de87bf1
HEST::TENX65	013_HEST	HEST		ineligible	counts_not_technically_available|observation_count_unavailable|patient_identity_missing|record_status_not_current	b175a0140e71937f1ddaf169a5feab81df8994e7a9909a04932ec204408c9199
HEST::TENX68	013_HEST	HEST		ineligible	counts_not_technically_available|observation_count_unavailable|patient_identity_missing|record_status_not_current	40ae227d722ce3cdf2f2b75f03a9e93b84d01b6f7ec634a43017d756eeffab4b
HEST::TENX70	013_HEST	HEST		ineligible	counts_not_technically_available|observation_count_unavailable|patient_identity_missing|record_status_not_current	d35889185e0579572321bdf0291437ccc8887e3d76f2c447dbe38ba47f3dc598
HEST::TENX71	013_HEST	HEST		ineligible	counts_not_technically_available|observation_count_unavailable|patient_identity_missing|record_status_not_current	83d48bc7df7b3e04fa9f94102e6a8e619622259ef026ebeee0ef4823f2f7f9a5
HEST::TENX72	013_HEST	HEST		ineligible	counts_not_technically_available|observation_count_unavailable|patient_identity_missing|record_status_not_current	525dce86a624eb658a2f3c5361e956fd36da68805e3c81434ade7eaed80de0a2
HEST::TENX89	013_HEST	HEST		ineligible	counts_not_technically_available|observation_count_unavailable|patient_identity_missing|record_status_not_current	df0607616a6376ba9d2fbd223b1f959af48013caa8e2ee32911212dc68f0e754
HEST::TENX90	013_HEST	HEST		ineligible	counts_not_technically_available|observation_count_unavailable|patient_identity_missing|record_status_not_current	b2903dfc654f7da8ceabbd5c437d4364437054a5c1a240c5771329568536097c
HEST::TENX91	013_HEST	HEST		ineligible	counts_not_technically_available|observation_count_unavailable|patient_identity_missing|record_status_not_current	bcf342fd7293479837bd775e338d0ba2a9006f6af876ee6fe7a19c932c0e6437
HEST::TENX92	013_HEST	HEST		ineligible	counts_not_technically_available|observation_count_unavailable|patient_identity_missing|record_status_not_current	d794cbf52120835675437bf13385e605d8a4b9e96e2adecb0b3628aac9a0efe8
HEST::MEND139	013_HEST	HEST_STUDY::0225c75eaf3a596e	HEST_STUDY::0225c75eaf3a596e::PATIENT::f6d103de0af23116	ineligible	counts_not_technically_available|observation_count_unavailable|record_status_not_current	66e24716a79df7cde034948e17244f2c0d600c8048e8953aa0984196fc2e1f2d
HEST::MEND140	013_HEST	HEST_STUDY::0225c75eaf3a596e	HEST_STUDY::0225c75eaf3a596e::PATIENT::f6d103de0af23116	ineligible	counts_not_technically_available|observation_count_unavailable|record_status_not_current	66ca26c04039b84c0dfae2a583dfab636dfd8b01b422098abc6d8c4feb06ba2a
HEST::MEND141	013_HEST	HEST_STUDY::0225c75eaf3a596e	HEST_STUDY::0225c75eaf3a596e::PATIENT::f6d103de0af23116	ineligible	counts_not_technically_available|observation_count_unavailable|record_status_not_current	cd057f695a11fd5bba18ead4e5a93935f2c357da03c0e83630a50404d1236f91
HEST::MEND142	013_HEST	HEST_STUDY::0225c75eaf3a596e	HEST_STUDY::0225c75eaf3a596e::PATIENT::f6d103de0af23116	ineligible	counts_not_technically_available|observation_count_unavailable|record_status_not_current	7351eaf8691ab756016f1185ea84a6ff62cb62846fe1f1f71b6b43d7b8f5f8f9
HEST::MEND143	013_HEST	HEST_STUDY::0225c75eaf3a596e	HEST_STUDY::0225c75eaf3a596e::PATIENT::f6d103de0af23116	ineligible	counts_not_technically_available|observation_count_unavailable|record_status_not_current	8d143fcb25067180a8c0648d66051d361ad7fb862bd8f4f8d67f968e5eb4557f
HEST::MEND144	013_HEST	HEST_STUDY::0225c75eaf3a596e	HEST_STUDY::0225c75eaf3a596e::PATIENT::f6d103de0af23116	ineligible	counts_not_technically_available|observation_count_unavailable|record_status_not_current	84954bc896137f1e48334a8667e6eb9fb793fb84b4aef1f0c8fc2a2d631c2002
HEST::MEND145	013_HEST	HEST_STUDY::0225c75eaf3a596e	HEST_STUDY::0225c75eaf3a596e::PATIENT::f6d103de0af23116	ineligible	counts_not_technically_available|observation_count_unavailable|record_status_not_current	344a6d6b1294767e421e2dd2a86c04661444665dd864cbdbaa05a4a30556cf25
HEST::MEND146	013_HEST	HEST_STUDY::0225c75eaf3a596e	HEST_STUDY::0225c75eaf3a596e::PATIENT::f6d103de0af23116	ineligible	counts_not_technically_available|observation_count_unavailable|record_status_not_current	52796c38637d7bc1a9e4bfbf7e62be2bbbdb77591d06611d31081ea93a187afa
HEST::MEND147	013_HEST	HEST_STUDY::0225c75eaf3a596e	HEST_STUDY::0225c75eaf3a596e::PATIENT::f6d103de0af23116	ineligible	counts_not_technically_available|observation_count_unavailable|record_status_not_current	23fadee6fc12824a867e51a93ee61913e9ecb9e09bc48ca2e47e4c2fddfec77d
HEST::MEND148	013_HEST	HEST_STUDY::0225c75eaf3a596e	HEST_STUDY::0225c75eaf3a596e::PATIENT::f6d103de0af23116	ineligible	counts_not_technically_available|observation_count_unavailable|record_status_not_current	94fdb627c3d6afe9022a1904b62c352d723834533e350d6becd5f4c2cc5d7389
HEST::MEND149	013_HEST	HEST_STUDY::0225c75eaf3a596e	HEST_STUDY::0225c75eaf3a596e::PATIENT::f6d103de0af23116	ineligible	counts_not_technically_available|observation_count_unavailable|record_status_not_current	7bee00343990d9c4db033619a8381c6681f66fa96d3e0ffc79ba9d6ce029c8db
HEST::MEND150	013_HEST	HEST_STUDY::0225c75eaf3a596e	HEST_STUDY::0225c75eaf3a596e::PATIENT::f6d103de0af23116	ineligible	counts_not_technically_available|observation_count_unavailable|record_status_not_current	d96178d76169a826f460297636108a61fa86ebcb9c29feeb405658e32b27ae05
HEST::MEND151	013_HEST	HEST_STUDY::0225c75eaf3a596e	HEST_STUDY::0225c75eaf3a596e::PATIENT::f6d103de0af23116	ineligible	counts_not_technically_available|observation_count_unavailable|record_status_not_current	c4b83ca2df159e1be86cb3eb659150a14b1e9524871b6b77fb1aec564cf9f266
HEST::MEND152	013_HEST	HEST_STUDY::0225c75eaf3a596e	HEST_STUDY::0225c75eaf3a596e::PATIENT::f6d103de0af23116	ineligible	counts_not_technically_available|observation_count_unavailable|record_status_not_current	b6ce54769d28c0fc40ab27fb932f80a5785a8a35c2f6865d79090843b76bca15
HEST::MEND153	013_HEST	HEST_STUDY::0225c75eaf3a596e	HEST_STUDY::0225c75eaf3a596e::PATIENT::f6d103de0af23116	ineligible	counts_not_technically_available|observation_count_unavailable|record_status_not_current	e1847cb2e28b8b04e2991afca7ff820cf078a5f61fed8545609bdc70f33669e8
HEST::MEND154	013_HEST	HEST_STUDY::0225c75eaf3a596e	HEST_STUDY::0225c75eaf3a596e::PATIENT::fe7592d01d79c2c5	ineligible	counts_not_technically_available|observation_count_unavailable|record_status_not_current	271a72f6ac8998316ac412945a9c9c71d6da7ea0ac7f212c07baea808c992417
HEST::MEND156	013_HEST	HEST_STUDY::0225c75eaf3a596e	HEST_STUDY::0225c75eaf3a596e::PATIENT::fe7592d01d79c2c5	ineligible	counts_not_technically_available|observation_count_unavailable|record_status_not_current	f1ffbe5c93495e037ce171032c1aa4431d17b067de4cc4971b2c146c767c64d9
HEST::MEND157	013_HEST	HEST_STUDY::0225c75eaf3a596e	HEST_STUDY::0225c75eaf3a596e::PATIENT::fe7592d01d79c2c5	ineligible	counts_not_technically_available|observation_count_unavailable|record_status_not_current	00e49f1f1c61c636e5d74c447643541d7eadcd8334f77dce6bd2882c4a05df7d
HEST::MEND158	013_HEST	HEST_STUDY::0225c75eaf3a596e	HEST_STUDY::0225c75eaf3a596e::PATIENT::fe7592d01d79c2c5	ineligible	counts_not_technically_available|observation_count_unavailable|record_status_not_current	2cb0af1c5966798b4bc8b63072870f9c0ec3059139c8b4305ded5eb0179a5eaa
HEST::MEND159	013_HEST	HEST_STUDY::0225c75eaf3a596e	HEST_STUDY::0225c75eaf3a596e::PATIENT::fe7592d01d79c2c5	ineligible	counts_not_technically_available|observation_count_unavailable|record_status_not_current	fd901d3e557bf4aa82e7760acabd7b252a1a9d0c55800516bbe23ed622e68110
HEST::MEND160	013_HEST	HEST_STUDY::0225c75eaf3a596e	HEST_STUDY::0225c75eaf3a596e::PATIENT::fe7592d01d79c2c5	ineligible	counts_not_technically_available|observation_count_unavailable|record_status_not_current	8991cd63dc80d79f38453d343abe185ef2d6923bcaede1ab378534e9fab79fd6
HEST::MEND161	013_HEST	HEST_STUDY::0225c75eaf3a596e	HEST_STUDY::0225c75eaf3a596e::PATIENT::fe7592d01d79c2c5	ineligible	counts_not_technically_available|observation_count_unavailable|record_status_not_current	72746ce6f5eb674c89c6a767e513a47bf48c1397aa5bb20dba6350d016460a81
HEST::MEND162	013_HEST	HEST_STUDY::0225c75eaf3a596e	HEST_STUDY::0225c75eaf3a596e::PATIENT::fe7592d01d79c2c5	ineligible	counts_not_technically_available|observation_count_unavailable|record_status_not_current	d91c74f6e64a55485cb8af70e1dde5bc9a75a4b3f1d8923f2bc674e231354ae9
HEST::TENX149	013_HEST	HEST_STUDY::296c1b80b7816973	HEST_STUDY::296c1b80b7816973::PATIENT::a6697941506f4e43	ineligible	counts_not_technically_available|observation_count_unavailable|record_status_not_current	947f4945348f560fe0c8fb0bd022addbae7c0b3657e233ef18ebff22b600e051
HEST::TENX156	013_HEST	HEST_STUDY::296c1b80b7816973	HEST_STUDY::296c1b80b7816973::PATIENT::a6697941506f4e43	ineligible	counts_not_technically_available|observation_count_unavailable|record_status_not_current	0635c8cf25562add5b436b8cbcd8693ea9d84f80e98c30ebc2ee260ad6e31e4a
HEST::NCBI711	013_HEST	HEST_STUDY::2a9a724c3b86d826	HEST_STUDY::2a9a724c3b86d826::PATIENT::55c80e0882bfed64	ineligible	counts_not_technically_available|observation_count_unavailable|record_status_not_current	96698d7b8bc8a20da7d62c526d02ffd57d4ab164f4bd4432d2e2cbbeb3367cc4
HEST::NCBI709	013_HEST	HEST_STUDY::2a9a724c3b86d826	HEST_STUDY::2a9a724c3b86d826::PATIENT::61b46903903918c1	ineligible	counts_not_technically_available|observation_count_unavailable|record_status_not_current	274e3a33a738d18097b36390540a8eeb3267a9e11ca0913f5c5be9d914a49301
HEST::NCBI713	013_HEST	HEST_STUDY::2a9a724c3b86d826	HEST_STUDY::2a9a724c3b86d826::PATIENT::686b7ccc6c2d33f2	ineligible	counts_not_technically_available|observation_count_unavailable|record_status_not_current	406ef943a26c7e43cdac9ad43e2e523e58826e4ae9594f4b94521de30e566d80
HEST::NCBI710	013_HEST	HEST_STUDY::2a9a724c3b86d826	HEST_STUDY::2a9a724c3b86d826::PATIENT::8463db9b7b3e2fbd	ineligible	counts_not_technically_available|observation_count_unavailable|record_status_not_current	595a254ea3bc5b8dffc9b315ffa5e83c28ec6e140cef20a50c1c0354e1beec9f
HEST::NCBI712	013_HEST	HEST_STUDY::2a9a724c3b86d826	HEST_STUDY::2a9a724c3b86d826::PATIENT::9ef7f98eb1ef3d60	ineligible	counts_not_technically_available|observation_count_unavailable|record_status_not_current	d04fdaf15f0136801615d931442f5079cf57d3d649ff3dfc9ed14901c5cf4ecc
HEST::NCBI714	013_HEST	HEST_STUDY::2a9a724c3b86d826	HEST_STUDY::2a9a724c3b86d826::PATIENT::a6697941506f4e43	ineligible	counts_not_technically_available|observation_count_unavailable|record_status_not_current	f38d3ad557db696626ac087a047c01f11adba2b44f51165007dd7c9f6e575e40
HEST::NCBI642	013_HEST	HEST_STUDY::2d21fbdf19118ede	HEST_STUDY::2d21fbdf19118ede::PATIENT::a5cdc1f2ab696950	ineligible	counts_not_technically_available|observation_count_unavailable|record_status_not_current	ddf21707ddd24a59215763fa66979965d5c64f8f2e27baf0fd562f83bfbbcb3a
HEST::NCBI643	013_HEST	HEST_STUDY::2d21fbdf19118ede	HEST_STUDY::2d21fbdf19118ede::PATIENT::d408fcf1ecc60671	ineligible	counts_not_technically_available|observation_count_unavailable|record_status_not_current	0c26fbb2c2f9931e4587325ba77ab6d87420701b9116d4e5c77d7094c5b9dce7
HEST::MEND33	013_HEST	HEST_STUDY::41f79666c0186484	HEST_STUDY::41f79666c0186484::PATIENT::a6697941506f4e43	ineligible	counts_not_technically_available|observation_count_unavailable|record_status_not_current	63219d3ab0d8ec953f8fcb82e96d90b22551f8b9c81235dedf5046decbe093b6
HEST::MEND34	013_HEST	HEST_STUDY::41f79666c0186484	HEST_STUDY::41f79666c0186484::PATIENT::a6697941506f4e43	ineligible	counts_not_technically_available|observation_count_unavailable|record_status_not_current	688d21f5c559c8b3ef98383402427e105430c9804a3cb864c4b99c130c6b01c3
HEST::MEND35	013_HEST	HEST_STUDY::41f79666c0186484	HEST_STUDY::41f79666c0186484::PATIENT::a6697941506f4e43	ineligible	counts_not_technically_available|observation_count_unavailable|record_status_not_current	e3a050b2a603988f38f29b52ddea974d22055dc4bfd748bbe08c9c4a5da5ead8
HEST::MEND36	013_HEST	HEST_STUDY::41f79666c0186484	HEST_STUDY::41f79666c0186484::PATIENT::a6697941506f4e43	ineligible	counts_not_technically_available|observation_count_unavailable|record_status_not_current	15c79532b90eeda5a758d6f7ef49fd03f44bc34f09aa2782af3bdcc1d9822cf5
HEST::SPA137	013_HEST	HEST_STUDY::50c9e446a2e4e056	HEST_STUDY::50c9e446a2e4e056::PATIENT::4aeb08244ffad639	ineligible	counts_not_technically_available|observation_count_unavailable|record_status_not_current	17182aa960abbdf37be5a08a4d7f426396d7ef66091e92b3b2f729e321b2620e
HEST::SPA138	013_HEST	HEST_STUDY::50c9e446a2e4e056	HEST_STUDY::50c9e446a2e4e056::PATIENT::4aeb08244ffad639	ineligible	counts_not_technically_available|observation_count_unavailable|record_status_not_current	85c63bceda7b3808a16067210538421c6e8ad6a0d9d6ecff0fe272bfd86e2247
HEST::SPA139	013_HEST	HEST_STUDY::50c9e446a2e4e056	HEST_STUDY::50c9e446a2e4e056::PATIENT::4aeb08244ffad639	ineligible	counts_not_technically_available|observation_count_unavailable|record_status_not_current	cc3196531178d89359ab78763625a01a95d7be978c2785428af0a8e774af169f
HEST::SPA140	013_HEST	HEST_STUDY::50c9e446a2e4e056	HEST_STUDY::50c9e446a2e4e056::PATIENT::4aeb08244ffad639	ineligible	counts_not_technically_available|observation_count_unavailable|record_status_not_current	b007ffda184dc25dc55e2ff9ba8eebffb66726fe25bdafcef87e6f78decdf7d1
HEST::SPA141	013_HEST	HEST_STUDY::50c9e446a2e4e056	HEST_STUDY::50c9e446a2e4e056::PATIENT::4aeb08244ffad639	ineligible	counts_not_technically_available|observation_count_unavailable|record_status_not_current	ac9edb7fc090d6c69400cf7ffe850f9199bafd08179964df2e28b72b591a2cc0
HEST::SPA142	013_HEST	HEST_STUDY::50c9e446a2e4e056	HEST_STUDY::50c9e446a2e4e056::PATIENT::4aeb08244ffad639	ineligible	counts_not_technically_available|observation_count_unavailable|record_status_not_current	28720979e7ec0a9e5668cd96d960cf4d13ed4db64b2be47d2aa29602aa018bd5
HEST::SPA125	013_HEST	HEST_STUDY::50c9e446a2e4e056	HEST_STUDY::50c9e446a2e4e056::PATIENT::5762f9917be3d9da	ineligible	counts_not_technically_available|observation_count_unavailable|record_status_not_current	6dfb5b6e67ab274e0378861639e4293da93e4682cc0c255e9ff119875473aaa6
HEST::SPA126	013_HEST	HEST_STUDY::50c9e446a2e4e056	HEST_STUDY::50c9e446a2e4e056::PATIENT::5762f9917be3d9da	ineligible	counts_not_technically_available|observation_count_unavailable|record_status_not_current	b81f2b2ec69b8a3175160b6dc5396d5c05b866c8b849ea8c167fc166bed40142
HEST::SPA127	013_HEST	HEST_STUDY::50c9e446a2e4e056	HEST_STUDY::50c9e446a2e4e056::PATIENT::5762f9917be3d9da	ineligible	counts_not_technically_available|observation_count_unavailable|record_status_not_current	a8e36f22c6b220ecb90658bad6b872772e09c73d6b2b47f11fb8e0a4a428e655
HEST::SPA119	013_HEST	HEST_STUDY::50c9e446a2e4e056	HEST_STUDY::50c9e446a2e4e056::PATIENT::5ca74b8c77ed8818	ineligible	counts_not_technically_available|observation_count_unavailable|record_status_not_current	250728291102e47879a2779fde6036fce8e8a699c2d8a1e93edc2f6aee1ac044
HEST::SPA120	013_HEST	HEST_STUDY::50c9e446a2e4e056	HEST_STUDY::50c9e446a2e4e056::PATIENT::5ca74b8c77ed8818	ineligible	counts_not_technically_available|observation_count_unavailable|record_status_not_current	d78d3b61fcc923c2a3a5b263e1c3c4e397f6bec37b4f6ce053097f622acdf296
HEST::SPA121	013_HEST	HEST_STUDY::50c9e446a2e4e056	HEST_STUDY::50c9e446a2e4e056::PATIENT::5ca74b8c77ed8818	ineligible	counts_not_technically_available|observation_count_unavailable|record_status_not_current	9b744d53b2bf27b12deabbd433ff909e87f21404e33ce1c47d49e0b6d2fecd0c
HEST::SPA131	013_HEST	HEST_STUDY::50c9e446a2e4e056	HEST_STUDY::50c9e446a2e4e056::PATIENT::63c6f661ce0193d7	ineligible	counts_not_technically_available|observation_count_unavailable|record_status_not_current	9a09e15e48b0acba3be8b7e19831c14e70c154816a904baa49f1a06998098d2a
HEST::SPA132	013_HEST	HEST_STUDY::50c9e446a2e4e056	HEST_STUDY::50c9e446a2e4e056::PATIENT::63c6f661ce0193d7	ineligible	counts_not_technically_available|observation_count_unavailable|record_status_not_current	8a7f7d87591b49658064c1a8723d61247160d367607f8e84e640dce97d71ec20
HEST::SPA133	013_HEST	HEST_STUDY::50c9e446a2e4e056	HEST_STUDY::50c9e446a2e4e056::PATIENT::63c6f661ce0193d7	ineligible	counts_not_technically_available|observation_count_unavailable|record_status_not_current	f9325cf22cb701f7879675a72f4d9cebee4b3ad82e9d59c6555a7b89f522b0a8
HEST::SPA134	013_HEST	HEST_STUDY::50c9e446a2e4e056	HEST_STUDY::50c9e446a2e4e056::PATIENT::63c6f661ce0193d7	ineligible	counts_not_technically_available|observation_count_unavailable|record_status_not_current	78ab099f26674ff13eb3d87c3acdff5788c1b9062939e85bd16fcbee3e273260
HEST::SPA135	013_HEST	HEST_STUDY::50c9e446a2e4e056	HEST_STUDY::50c9e446a2e4e056::PATIENT::63c6f661ce0193d7	ineligible	counts_not_technically_available|observation_count_unavailable|record_status_not_current	a917495f478063fc191f9dc9b991eaacf98ed23930e5979873062329c2c62997
HEST::SPA136	013_HEST	HEST_STUDY::50c9e446a2e4e056	HEST_STUDY::50c9e446a2e4e056::PATIENT::63c6f661ce0193d7	ineligible	counts_not_technically_available|observation_count_unavailable|record_status_not_current	78e1c6e3832ede3b56ce09defe3c1ae738605bd71db855c34053265a91f870ed
HEST::SPA143	013_HEST	HEST_STUDY::50c9e446a2e4e056	HEST_STUDY::50c9e446a2e4e056::PATIENT::6a9d5c6e1ac288dc	ineligible	counts_not_technically_available|observation_count_unavailable|record_status_not_current	feca1aa7e9b083f2f6e83fe87ad678db22a8764dc6f224cda18e5f6a3846dc3f
HEST::SPA144	013_HEST	HEST_STUDY::50c9e446a2e4e056	HEST_STUDY::50c9e446a2e4e056::PATIENT::6a9d5c6e1ac288dc	ineligible	counts_not_technically_available|observation_count_unavailable|record_status_not_current	c4c92596b2f8b54ccabfdc7d9bbc9a22ee708b52c4f1c76103af50bb050e146f
HEST::SPA145	013_HEST	HEST_STUDY::50c9e446a2e4e056	HEST_STUDY::50c9e446a2e4e056::PATIENT::6a9d5c6e1ac288dc	ineligible	counts_not_technically_available|observation_count_unavailable|record_status_not_current	4984c670ece11e7f19663ffa0382b50205ca6866f3b148795765ce6620aee393
HEST::SPA146	013_HEST	HEST_STUDY::50c9e446a2e4e056	HEST_STUDY::50c9e446a2e4e056::PATIENT::6a9d5c6e1ac288dc	ineligible	counts_not_technically_available|observation_count_unavailable|record_status_not_current	932f8fb7a868b6f4fdc22d325ce6d0bfb223c4dcd33844475774ca946c3fd44c
HEST::SPA147	013_HEST	HEST_STUDY::50c9e446a2e4e056	HEST_STUDY::50c9e446a2e4e056::PATIENT::6a9d5c6e1ac288dc	ineligible	counts_not_technically_available|observation_count_unavailable|record_status_not_current	dfaa525411311ad716d02f66c181c17ed3ea9d50c9880b742efda3cfc64faf96
HEST::SPA148	013_HEST	HEST_STUDY::50c9e446a2e4e056	HEST_STUDY::50c9e446a2e4e056::PATIENT::6a9d5c6e1ac288dc	ineligible	counts_not_technically_available|observation_count_unavailable|record_status_not_current	d392943493f19366e0c02e20d94a87d8d83442a2012643e55a8f987188f7b2a5
HEST::SPA122	013_HEST	HEST_STUDY::50c9e446a2e4e056	HEST_STUDY::50c9e446a2e4e056::PATIENT::8702b2fd03af2fe7	ineligible	counts_not_technically_available|observation_count_unavailable|record_status_not_current	69fb253d7df5a8ad74891ca61d264819733c4a64a7a72096582c5dfeb02466db
HEST::SPA123	013_HEST	HEST_STUDY::50c9e446a2e4e056	HEST_STUDY::50c9e446a2e4e056::PATIENT::8702b2fd03af2fe7	ineligible	counts_not_technically_available|observation_count_unavailable|record_status_not_current	55a74e4769e9e46348a4f06d4b40971c831633cddab7fe1f43f44ecea7c74410
HEST::SPA124	013_HEST	HEST_STUDY::50c9e446a2e4e056	HEST_STUDY::50c9e446a2e4e056::PATIENT::8702b2fd03af2fe7	ineligible	counts_not_technically_available|observation_count_unavailable|record_status_not_current	eca1e842860bdb35d24d86a5372ae5f6b070dc57eebe7ddf1681855bd324646c
HEST::SPA149	013_HEST	HEST_STUDY::50c9e446a2e4e056	HEST_STUDY::50c9e446a2e4e056::PATIENT::db191c4ba3b42c42	ineligible	counts_not_technically_available|observation_count_unavailable|record_status_not_current	6b26c73f21b1d8d2a5e7cc2ad770bfa60f4177619bd478958db654fc55eedcf7
HEST::SPA150	013_HEST	HEST_STUDY::50c9e446a2e4e056	HEST_STUDY::50c9e446a2e4e056::PATIENT::db191c4ba3b42c42	ineligible	counts_not_technically_available|observation_count_unavailable|record_status_not_current	a538b0fefb033f2e6a1b54596d6068e81efecd3318d3fc57181eb586bce682f1
HEST::SPA151	013_HEST	HEST_STUDY::50c9e446a2e4e056	HEST_STUDY::50c9e446a2e4e056::PATIENT::db191c4ba3b42c42	ineligible	counts_not_technically_available|observation_count_unavailable|record_status_not_current	78c9187b725caa2704a37fb48b0481ea45b24817bbe4ea94ab58f3ece4139a4c
HEST::SPA152	013_HEST	HEST_STUDY::50c9e446a2e4e056	HEST_STUDY::50c9e446a2e4e056::PATIENT::db191c4ba3b42c42	ineligible	counts_not_technically_available|observation_count_unavailable|record_status_not_current	fb79c7a74201fe299575c58f31483b374bfb60e96ff3c2e1ea78178d25e11ea4
HEST::SPA153	013_HEST	HEST_STUDY::50c9e446a2e4e056	HEST_STUDY::50c9e446a2e4e056::PATIENT::db191c4ba3b42c42	ineligible	counts_not_technically_available|observation_count_unavailable|record_status_not_current	320223ba6ce03972731483f10ce58eafdb9b83b937e396cea210a5bc4553cc15
HEST::SPA154	013_HEST	HEST_STUDY::50c9e446a2e4e056	HEST_STUDY::50c9e446a2e4e056::PATIENT::db191c4ba3b42c42	ineligible	counts_not_technically_available|observation_count_unavailable|record_status_not_current	37b0343ed7c01377fe988fee2ba006a1e572fba9943c48d840206ac50fc11b3b
HEST::SPA128	013_HEST	HEST_STUDY::50c9e446a2e4e056	HEST_STUDY::50c9e446a2e4e056::PATIENT::fa641f37aeb36d73	ineligible	counts_not_technically_available|observation_count_unavailable|record_status_not_current	48c81fb9703ecc6acc178533a70cee12e980153ad16dc7482d164e78a9b22a46
HEST::SPA129	013_HEST	HEST_STUDY::50c9e446a2e4e056	HEST_STUDY::50c9e446a2e4e056::PATIENT::fa641f37aeb36d73	ineligible	counts_not_technically_available|observation_count_unavailable|record_status_not_current	2e9646aab4676c63b0751fbf1c5d254139bb0b773ab335c33f820c1b815a452d
HEST::SPA130	013_HEST	HEST_STUDY::50c9e446a2e4e056	HEST_STUDY::50c9e446a2e4e056::PATIENT::fa641f37aeb36d73	ineligible	counts_not_technically_available|observation_count_unavailable|record_status_not_current	6ca1a1a8a06dd63e85a77f426cc26a8fcf8ce08a9cc43849c9db364cca5387de
HEST::NCBI682	013_HEST	HEST_STUDY::551191bc76553b0f	HEST_STUDY::551191bc76553b0f::PATIENT::3ed46a0628664286	ineligible	counts_not_technically_available|observation_count_unavailable|record_status_not_current	d41b604b2d1b7c3a8b792feb2ced163166e16710f1dab582d3768230e8f41dbc
HEST::NCBI683	013_HEST	HEST_STUDY::551191bc76553b0f	HEST_STUDY::551191bc76553b0f::PATIENT::61b46903903918c1	ineligible	counts_not_technically_available|observation_count_unavailable|record_status_not_current	4a30000212783a3f7be611ff598e9877cc27c124772a889b0af1d4706097f717
HEST::NCBI684	013_HEST	HEST_STUDY::551191bc76553b0f	HEST_STUDY::551191bc76553b0f::PATIENT::9ef7f98eb1ef3d60	ineligible	counts_not_technically_available|observation_count_unavailable|record_status_not_current	b97921db25c85560acffa99418cfdf33172beafc2c5b4708ab85b40690498abe
HEST::NCBI681	013_HEST	HEST_STUDY::551191bc76553b0f	HEST_STUDY::551191bc76553b0f::PATIENT::b6d508fe9855bdfe	ineligible	counts_not_technically_available|observation_count_unavailable|record_status_not_current	5e1e73d777d60fe097034a524cdf90be7e60c12fae7b9ec612149f396736f63c
HEST::TENX200	013_HEST	HEST_STUDY::560ae0f4430e2942	HEST_STUDY::560ae0f4430e2942::PATIENT::55c80e0882bfed64	ineligible	counts_not_technically_available|observation_count_unavailable|record_status_not_current	a55cd4b4b66a92df2df03ea22f560b9169a5eca6d0be232a8ecc4d6483823e6a
HEST::TENX201	013_HEST	HEST_STUDY::560ae0f4430e2942	HEST_STUDY::560ae0f4430e2942::PATIENT::55c80e0882bfed64	ineligible	counts_not_technically_available|observation_count_unavailable|record_status_not_current	b75359ef895304dbc5c31384a39d170c49e0941d712be9a60b6da221e6135134
HEST::TENX202	013_HEST	HEST_STUDY::560ae0f4430e2942	HEST_STUDY::560ae0f4430e2942::PATIENT::55c80e0882bfed64	ineligible	counts_not_technically_available|observation_count_unavailable|record_status_not_current	bdc0ad7cc9be4d31707266535e496602b6fd517db19cc60ffdb893c7b0005228
HEST::TENX194	013_HEST	HEST_STUDY::560ae0f4430e2942	HEST_STUDY::560ae0f4430e2942::PATIENT::686b7ccc6c2d33f2	ineligible	counts_not_technically_available|observation_count_unavailable|record_status_not_current	790abf10250db7b70074356a893c45d5ee3043a23b9d4840f639f70017ce7f42
HEST::TENX195	013_HEST	HEST_STUDY::560ae0f4430e2942	HEST_STUDY::560ae0f4430e2942::PATIENT::686b7ccc6c2d33f2	ineligible	counts_not_technically_available|observation_count_unavailable|record_status_not_current	518abcd41f65a83569efc38066549607144f579217d11e3eb96550b67962d784
HEST::TENX196	013_HEST	HEST_STUDY::560ae0f4430e2942	HEST_STUDY::560ae0f4430e2942::PATIENT::686b7ccc6c2d33f2	ineligible	counts_not_technically_available|observation_count_unavailable|record_status_not_current	97f4609ca0ac8e3820e34500be82580a9112b8b749b1a7df45b6b03a91dba92c
HEST::TENX197	013_HEST	HEST_STUDY::560ae0f4430e2942	HEST_STUDY::560ae0f4430e2942::PATIENT::9ef7f98eb1ef3d60	ineligible	counts_not_technically_available|observation_count_unavailable|record_status_not_current	b9b24a26bc3abbd6ea3648153582dd10de30afa873d09bc95cd5ddd4a240d207
HEST::TENX198	013_HEST	HEST_STUDY::560ae0f4430e2942	HEST_STUDY::560ae0f4430e2942::PATIENT::9ef7f98eb1ef3d60	ineligible	counts_not_technically_available|observation_count_unavailable|record_status_not_current	3d221438f486fe6608f6bb72a9edb50eb28c94682371b8697f529be7d327e6c4
HEST::TENX199	013_HEST	HEST_STUDY::560ae0f4430e2942	HEST_STUDY::560ae0f4430e2942::PATIENT::9ef7f98eb1ef3d60	ineligible	counts_not_technically_available|observation_count_unavailable|record_status_not_current	c905fb34e7857cfdfd173444f75188403093a6d0d1624c4a95b8d0df3e36c85c
HEST::TENX191	013_HEST	HEST_STUDY::560ae0f4430e2942	HEST_STUDY::560ae0f4430e2942::PATIENT::a6697941506f4e43	ineligible	counts_not_technically_available|observation_count_unavailable|record_status_not_current	c2e838942cefc47e13456a97b8e7fd5df053159d9dc9d3224aacb1671fa89ec9
HEST::TENX192	013_HEST	HEST_STUDY::560ae0f4430e2942	HEST_STUDY::560ae0f4430e2942::PATIENT::a6697941506f4e43	ineligible	counts_not_technically_available|observation_count_unavailable|record_status_not_current	4f300bdbf02aa30cfd5ec7a2039171359b752abe2ccf50ca89053a433d8d3414
HEST::TENX193	013_HEST	HEST_STUDY::560ae0f4430e2942	HEST_STUDY::560ae0f4430e2942::PATIENT::a6697941506f4e43	ineligible	counts_not_technically_available|observation_count_unavailable|record_status_not_current	634e8ed02e91aeeac9995bae6936b071d8c86f3f77ad14b5b4fdf808a7cffe10
HEST::NCBI784	013_HEST	HEST_STUDY::62480f1b0e8c1292	HEST_STUDY::62480f1b0e8c1292::PATIENT::52652e51ba6f9abd	ineligible	counts_not_technically_available|observation_count_unavailable|record_status_not_current	47ad3217daa305bd7be089ee9a75e050b7a971fa12e58dab2d211077282d591d
HEST::NCBI785	013_HEST	HEST_STUDY::62480f1b0e8c1292	HEST_STUDY::62480f1b0e8c1292::PATIENT::52652e51ba6f9abd	ineligible	counts_not_technically_available|observation_count_unavailable|record_status_not_current	547d761a8287226aac700fb1d52bdea599ced61f10d13237e96cf62039c4d466
HEST::NCBI783	013_HEST	HEST_STUDY::62480f1b0e8c1292	HEST_STUDY::62480f1b0e8c1292::PATIENT::cba45335aee18f06	ineligible	counts_not_technically_available|observation_count_unavailable|record_status_not_current	3a8dce590fc7c635c73a267bc0a1e09b99ba510f1fa02f9f96d70bf6e31f733c
HEST::NCBI762	013_HEST	HEST_STUDY::70d6a0bd74a6675c	HEST_STUDY::70d6a0bd74a6675c::PATIENT::0819020e459fb5fb	ineligible	counts_not_technically_available|observation_count_unavailable|record_status_not_current	6ab613fd3050cd84df6f1df2797047056ab91cda5ea0204bb4b1670305e39baf
HEST::NCBI763	013_HEST	HEST_STUDY::70d6a0bd74a6675c	HEST_STUDY::70d6a0bd74a6675c::PATIENT::0819020e459fb5fb	ineligible	counts_not_technically_available|observation_count_unavailable|record_status_not_current	bc5d171979e568116e7f78341ae237282f5c341620cd07ae9d6eaa2679d7261f
HEST::NCBI764	013_HEST	HEST_STUDY::70d6a0bd74a6675c	HEST_STUDY::70d6a0bd74a6675c::PATIENT::0819020e459fb5fb	ineligible	counts_not_technically_available|observation_count_unavailable|record_status_not_current	60da97e05c7fb3b1ce6a6434204304a31505ffa1f74a57bf841e3b8f32b95d31
HEST::NCBI768	013_HEST	HEST_STUDY::70d6a0bd74a6675c	HEST_STUDY::70d6a0bd74a6675c::PATIENT::686b7ccc6c2d33f2	ineligible	counts_not_technically_available|observation_count_unavailable|record_status_not_current	8ac8bbbeba04b0387ac09cae486395e0123650d10c6d7bc29e324610b43add60
HEST::NCBI769	013_HEST	HEST_STUDY::70d6a0bd74a6675c	HEST_STUDY::70d6a0bd74a6675c::PATIENT::686b7ccc6c2d33f2	ineligible	counts_not_technically_available|observation_count_unavailable|record_status_not_current	bdfbed3f193aad8c5c3b04f5234749fe70bdc294983f8c318503023b027537d4
HEST::NCBI770	013_HEST	HEST_STUDY::70d6a0bd74a6675c	HEST_STUDY::70d6a0bd74a6675c::PATIENT::686b7ccc6c2d33f2	ineligible	counts_not_technically_available|observation_count_unavailable|record_status_not_current	2080b7d7865c4fc7cd289c38d825193122c91c76760db487543439525466d072
HEST::NCBI765	013_HEST	HEST_STUDY::70d6a0bd74a6675c	HEST_STUDY::70d6a0bd74a6675c::PATIENT::8463db9b7b3e2fbd	ineligible	counts_not_technically_available|observation_count_unavailable|record_status_not_current	52a331724736d8d5bae59cd64c676985fcf3232b5c5e3b1e04fb9ee4089fda7b
HEST::NCBI766	013_HEST	HEST_STUDY::70d6a0bd74a6675c	HEST_STUDY::70d6a0bd74a6675c::PATIENT::8463db9b7b3e2fbd	ineligible	counts_not_technically_available|observation_count_unavailable|record_status_not_current	cf00dd01c86083f790b52cc4d409ec2ff5b4300cdda9f05a303a68ed6e6466f4
HEST::NCBI767	013_HEST	HEST_STUDY::70d6a0bd74a6675c	HEST_STUDY::70d6a0bd74a6675c::PATIENT::8463db9b7b3e2fbd	ineligible	counts_not_technically_available|observation_count_unavailable|record_status_not_current	d8d9aeec75c9450a7417ab7768714d5cca34430a2f60749017b309b5a52f36a4
HEST::MEND37	013_HEST	HEST_STUDY::70d6a0bd74a6675c	HEST_STUDY::70d6a0bd74a6675c::PATIENT::a6697941506f4e43	ineligible	counts_not_technically_available|observation_count_unavailable|record_status_not_current	53b40df03feb359956410bfbfdef94dbaf0f6433d3b5f2351d59ef10a4ea2090
HEST::MEND38	013_HEST	HEST_STUDY::70d6a0bd74a6675c	HEST_STUDY::70d6a0bd74a6675c::PATIENT::a6697941506f4e43	ineligible	counts_not_technically_available|observation_count_unavailable|record_status_not_current	b66c308962dcafeec2b568fb6a2521a5d8b3a0daf310421b78121bfbba0b0881
HEST::MEND39	013_HEST	HEST_STUDY::70d6a0bd74a6675c	HEST_STUDY::70d6a0bd74a6675c::PATIENT::a6697941506f4e43	ineligible	counts_not_technically_available|observation_count_unavailable|record_status_not_current	d925b5829d55023536ff34aaaeb4e009ba537649332163daeb159431ede4ce23
HEST::MEND40	013_HEST	HEST_STUDY::70d6a0bd74a6675c	HEST_STUDY::70d6a0bd74a6675c::PATIENT::a6697941506f4e43	ineligible	counts_not_technically_available|observation_count_unavailable|record_status_not_current	8060a3f8daf03a178878729535456995c0f74e599e359e5720d90bbd2d0eec84
HEST::NCBI759	013_HEST	HEST_STUDY::70d6a0bd74a6675c	HEST_STUDY::70d6a0bd74a6675c::PATIENT::c12c25258bb6ae43	ineligible	counts_not_technically_available|observation_count_unavailable|record_status_not_current	425608f08bc00a45fe1a16b4facff1c76b30cb8687335625d0409cfeed1a61b1
HEST::NCBI760	013_HEST	HEST_STUDY::70d6a0bd74a6675c	HEST_STUDY::70d6a0bd74a6675c::PATIENT::c12c25258bb6ae43	ineligible	counts_not_technically_available|observation_count_unavailable|record_status_not_current	0569c3d2b2de417168b53bf8d73b23bc82a062912012db161f6e33f11e8d9b3d
HEST::NCBI761	013_HEST	HEST_STUDY::70d6a0bd74a6675c	HEST_STUDY::70d6a0bd74a6675c::PATIENT::c12c25258bb6ae43	ineligible	counts_not_technically_available|observation_count_unavailable|record_status_not_current	625bdf48c696f79caf263c98f2cdd6a4cfb0d1b1d99f5b0fbd209242fa28ff9a
HEST::INT16	013_HEST	HEST_STUDY::7d3c5dc45fff3986	HEST_STUDY::7d3c5dc45fff3986::PATIENT::0819020e459fb5fb	ineligible	counts_not_technically_available|observation_count_unavailable|record_status_not_current	e944c20bb742bcf855a2f25333ebb94cf8440b65d3c4581323594df275d035f4
HEST::INT14	013_HEST	HEST_STUDY::7d3c5dc45fff3986	HEST_STUDY::7d3c5dc45fff3986::PATIENT::12347ea563836741	ineligible	counts_not_technically_available|observation_count_unavailable|record_status_not_current	8be8a633cac43525e4339dc78145878dc6e75a15cc1299355e187d88af1512f3
HEST::INT1	013_HEST	HEST_STUDY::7d3c5dc45fff3986	HEST_STUDY::7d3c5dc45fff3986::PATIENT::17421084945695eb	ineligible	counts_not_technically_available|observation_count_unavailable|record_status_not_current	c7d4b47dd6f85282bfb0f6b6cf2a03a48aa6a78fb3bf76a91a301e5c8d4c7d33
HEST::INT18	013_HEST	HEST_STUDY::7d3c5dc45fff3986	HEST_STUDY::7d3c5dc45fff3986::PATIENT::3ed46a0628664286	ineligible	counts_not_technically_available|observation_count_unavailable|record_status_not_current	644d0f3c07d2f98f23cca524cdc47ad7961a3682f7d38fb409b40ea025e63817
HEST::INT7	013_HEST	HEST_STUDY::7d3c5dc45fff3986	HEST_STUDY::7d3c5dc45fff3986::PATIENT::46fb6033e7d97d6a	ineligible	counts_not_technically_available|observation_count_unavailable|record_status_not_current	a1cac1d95a40f223d0ff62e143ba0671d5171ed72bcec50f0dd31341b22fc903
HEST::INT8	013_HEST	HEST_STUDY::7d3c5dc45fff3986	HEST_STUDY::7d3c5dc45fff3986::PATIENT::5359ba91f18779e7	ineligible	counts_not_technically_available|observation_count_unavailable|record_status_not_current	130203f7cb4a5b68b044adc33849320f93488366e63bf34e778974c1122e9994
HEST::INT21	013_HEST	HEST_STUDY::7d3c5dc45fff3986	HEST_STUDY::7d3c5dc45fff3986::PATIENT::55c80e0882bfed64	ineligible	counts_not_technically_available|observation_count_unavailable|record_status_not_current	e1db9773b9682785c8cbba37f4bf752db0acb22f7912dff950cfa665f084db8a
HEST::INT12	013_HEST	HEST_STUDY::7d3c5dc45fff3986	HEST_STUDY::7d3c5dc45fff3986::PATIENT::5aab563a2d2cfc02	ineligible	counts_not_technically_available|observation_count_unavailable|record_status_not_current	8612937eb3232409d810ab20e27a7264884d3926eb54abdb2befe03ebcb52c8c
HEST::INT19	013_HEST	HEST_STUDY::7d3c5dc45fff3986	HEST_STUDY::7d3c5dc45fff3986::PATIENT::61b46903903918c1	ineligible	counts_not_technically_available|observation_count_unavailable|record_status_not_current	ddbe98bc996a2d0485f20af7a7edfdd7ea370112806be6880d5ffb0a9ae7c848
HEST::INT23	013_HEST	HEST_STUDY::7d3c5dc45fff3986	HEST_STUDY::7d3c5dc45fff3986::PATIENT::686b7ccc6c2d33f2	ineligible	counts_not_technically_available|observation_count_unavailable|record_status_not_current	8b2253c0fcd883d5e08c893f5047eedce7b11a4bfe78118f4ec627a5c653b5ba
HEST::INT3	013_HEST	HEST_STUDY::7d3c5dc45fff3986	HEST_STUDY::7d3c5dc45fff3986::PATIENT::7c83ecaddf9c9a9f	ineligible	counts_not_technically_available|observation_count_unavailable|record_status_not_current	0815045a3576e55e68df517aca825411b20bd1fe505e259a03ea12965ee2e768
HEST::INT11	013_HEST	HEST_STUDY::7d3c5dc45fff3986	HEST_STUDY::7d3c5dc45fff3986::PATIENT::7f5a1a73aa7d8c46	ineligible	counts_not_technically_available|observation_count_unavailable|record_status_not_current	b90ed35f5a621d91fec98cc9903068b2d778f4ff6b73b252269d8af614a3f7fb
HEST::INT20	013_HEST	HEST_STUDY::7d3c5dc45fff3986	HEST_STUDY::7d3c5dc45fff3986::PATIENT::8463db9b7b3e2fbd	ineligible	counts_not_technically_available|observation_count_unavailable|record_status_not_current	0ea2bb1eb47c0efb20f92008aca793da65d20ceda027f490e9fa854c54b94ca8
HEST::INT10	013_HEST	HEST_STUDY::7d3c5dc45fff3986	HEST_STUDY::7d3c5dc45fff3986::PATIENT::947e0f19214ac6ed	ineligible	counts_not_technically_available|observation_count_unavailable|record_status_not_current	5bb5a11ed8283d4ae0ce68662439c80644d3dda7d4e3db03cf47610a64609d17
HEST::INT22	013_HEST	HEST_STUDY::7d3c5dc45fff3986	HEST_STUDY::7d3c5dc45fff3986::PATIENT::9ef7f98eb1ef3d60	ineligible	counts_not_technically_available|observation_count_unavailable|record_status_not_current	6728c4fd31eb3bcd7638dfd848e6949c8a08bd8fd4115270b9282c302f0572c8
HEST::INT13	013_HEST	HEST_STUDY::7d3c5dc45fff3986	HEST_STUDY::7d3c5dc45fff3986::PATIENT::a02342267b2d29d7	ineligible	counts_not_technically_available|observation_count_unavailable|record_status_not_current	854c14585675f4a873a0842140cc01f89b089b614aba69ea89c55537c89cf741
HEST::INT24	013_HEST	HEST_STUDY::7d3c5dc45fff3986	HEST_STUDY::7d3c5dc45fff3986::PATIENT::a6697941506f4e43	ineligible	counts_not_technically_available|observation_count_unavailable|record_status_not_current	3b6e5c9ddd468100e8b63d4e60bb3eaae8407cbc303d4b1fe41ac30915660e59
HEST::INT6	013_HEST	HEST_STUDY::7d3c5dc45fff3986	HEST_STUDY::7d3c5dc45fff3986::PATIENT::a93fe280b33a6e78	ineligible	counts_not_technically_available|observation_count_unavailable|record_status_not_current	d92aeaf79897893c5f9df73a181656ecd63e1dc04d355d6e86b8ba08e0a9ae68
HEST::INT17	013_HEST	HEST_STUDY::7d3c5dc45fff3986	HEST_STUDY::7d3c5dc45fff3986::PATIENT::b6d508fe9855bdfe	ineligible	counts_not_technically_available|observation_count_unavailable|record_status_not_current	774331c46ad4a8f2b072b89b9f03d4bff57c76f5368e7891e882f7012d57145f
HEST::INT15	013_HEST	HEST_STUDY::7d3c5dc45fff3986	HEST_STUDY::7d3c5dc45fff3986::PATIENT::c12c25258bb6ae43	ineligible	counts_not_technically_available|observation_count_unavailable|record_status_not_current	fb9b29a06647a1b0c9c29656e06ab8c5d8cada9281149c2ee9ed6e0d763bb017
HEST::INT2	013_HEST	HEST_STUDY::7d3c5dc45fff3986	HEST_STUDY::7d3c5dc45fff3986::PATIENT::d8f7a48d8b7e4442	ineligible	counts_not_technically_available|observation_count_unavailable|record_status_not_current	8e382025b1f464f883e7a3fd1169b1ef504e87518823c89ab93edab718f2a65e
HEST::INT9	013_HEST	HEST_STUDY::7d3c5dc45fff3986	HEST_STUDY::7d3c5dc45fff3986::PATIENT::dec45ab3b2e737c6	ineligible	counts_not_technically_available|observation_count_unavailable|record_status_not_current	8d0dc1de662c09292912b4891e42ce0cf3c0e0dfffdfaed2f32aaffb7f5438dc
HEST::INT4	013_HEST	HEST_STUDY::7d3c5dc45fff3986	HEST_STUDY::7d3c5dc45fff3986::PATIENT::ec1efa34eb6c90c0	ineligible	counts_not_technically_available|observation_count_unavailable|record_status_not_current	3a31f597c5e8534417c2240f7735e8cb2f406b071fedfc0b5db8f342c0c2a71b
HEST::INT5	013_HEST	HEST_STUDY::7d3c5dc45fff3986	HEST_STUDY::7d3c5dc45fff3986::PATIENT::f0d853b214fa04f4	ineligible	counts_not_technically_available|observation_count_unavailable|record_status_not_current	bde483120d8c7f2e7186f13e5f6e3cd0eb4c05bc98beebf0d043bdfd1679beba
HEST::NCBI854	013_HEST	HEST_STUDY::8009241e859a7286	HEST_STUDY::8009241e859a7286::PATIENT::a6697941506f4e43	ineligible	counts_not_technically_available|observation_count_unavailable|record_status_not_current	d34e695dba951dd5a021466c95d5fc7ef70d6effd9c33b7a2b4b201f742dd438
HEST::NCBI855	013_HEST	HEST_STUDY::8009241e859a7286	HEST_STUDY::8009241e859a7286::PATIENT::c12c25258bb6ae43	ineligible	counts_not_technically_available|observation_count_unavailable|record_status_not_current	0678e596cc248fed60b09a61ea1546d5fb1a70bff3124488adfba7939e62a16a
HEST::SPA66	013_HEST	HEST_STUDY::85ef289e4d85fd28	HEST_STUDY::85ef289e4d85fd28::PATIENT::0f3972a955e197dc	ineligible	counts_not_technically_available|observation_count_unavailable|record_status_not_current	47fa208cf9f014757b3f0867617d6d1aa81b6f027f797f18f64dc9c0b56c8a6b
HEST::SPA67	013_HEST	HEST_STUDY::85ef289e4d85fd28	HEST_STUDY::85ef289e4d85fd28::PATIENT::0f3972a955e197dc	ineligible	counts_not_technically_available|observation_count_unavailable|record_status_not_current	b097ce5371880e71e4581cb3f364308f490eb5c655a7f94e5f6b7736d8c78982
HEST::SPA68	013_HEST	HEST_STUDY::85ef289e4d85fd28	HEST_STUDY::85ef289e4d85fd28::PATIENT::0f3972a955e197dc	ineligible	counts_not_technically_available|observation_count_unavailable|record_status_not_current	f2e642a16a4735c60c2baea5564ed6a9394a3ef252702ab8e61bb0db08e82d13
HEST::SPA105	013_HEST	HEST_STUDY::85ef289e4d85fd28	HEST_STUDY::85ef289e4d85fd28::PATIENT::0f48fdbd43a010b8	ineligible	counts_not_technically_available|observation_count_unavailable|record_status_not_current	22dc0f574f6c9b2a12a261b07854cfc33aa0930a4b2ab99e1fb6f0b7c65f88a2
HEST::SPA106	013_HEST	HEST_STUDY::85ef289e4d85fd28	HEST_STUDY::85ef289e4d85fd28::PATIENT::0f48fdbd43a010b8	ineligible	counts_not_technically_available|observation_count_unavailable|record_status_not_current	633b12a230fb47d7f9afc0928c88be4c52922ae0e923e6344c165e00343f4b9d
HEST::SPA107	013_HEST	HEST_STUDY::85ef289e4d85fd28	HEST_STUDY::85ef289e4d85fd28::PATIENT::0f48fdbd43a010b8	ineligible	counts_not_technically_available|observation_count_unavailable|record_status_not_current	3ca88b6e0db5b7edee6b0656b4774b2f9288b632898cb668d128c2e2dc68b5b7
HEST::SPA93	013_HEST	HEST_STUDY::85ef289e4d85fd28	HEST_STUDY::85ef289e4d85fd28::PATIENT::1ef2afe407b74297	ineligible	counts_not_technically_available|observation_count_unavailable|record_status_not_current	18c09744c3cfe0e5e1414d2014f695de47e5f94de492e3565a6f9bbd984df2ba
HEST::SPA94	013_HEST	HEST_STUDY::85ef289e4d85fd28	HEST_STUDY::85ef289e4d85fd28::PATIENT::1ef2afe407b74297	ineligible	counts_not_technically_available|observation_count_unavailable|record_status_not_current	947c452f26f3c2904645a8010b3da8a833b7d7dcf0e434483a5fc1718c825dc1
HEST::SPA95	013_HEST	HEST_STUDY::85ef289e4d85fd28	HEST_STUDY::85ef289e4d85fd28::PATIENT::1ef2afe407b74297	ineligible	counts_not_technically_available|observation_count_unavailable|record_status_not_current	9e9498fd7269fbffd8c535ed04e7b3b2488c55c74693b8cba971e06c563e30cd
HEST::SPA96	013_HEST	HEST_STUDY::85ef289e4d85fd28	HEST_STUDY::85ef289e4d85fd28::PATIENT::26a560d8eda53dcc	ineligible	counts_not_technically_available|observation_count_unavailable|record_status_not_current	703ba575283596cb6ace513d028b5b4c3c950adbd488def2459314005c3bb147
HEST::SPA97	013_HEST	HEST_STUDY::85ef289e4d85fd28	HEST_STUDY::85ef289e4d85fd28::PATIENT::26a560d8eda53dcc	ineligible	counts_not_technically_available|observation_count_unavailable|record_status_not_current	c27a66fc0fc76dfd236144f6fa28aaedc7876d09fe98fec347113aa859e25a6a
HEST::SPA98	013_HEST	HEST_STUDY::85ef289e4d85fd28	HEST_STUDY::85ef289e4d85fd28::PATIENT::26a560d8eda53dcc	ineligible	counts_not_technically_available|observation_count_unavailable|record_status_not_current	355f51b7533b63fbce098352308bc2429bc4014b30dacdde0dd962b6c69cdd8a
HEST::SPA78	013_HEST	HEST_STUDY::85ef289e4d85fd28	HEST_STUDY::85ef289e4d85fd28::PATIENT::2e2167a175ee172a	ineligible	counts_not_technically_available|observation_count_unavailable|record_status_not_current	738f3e9f1277ee2143c32e578e0eefcad1f848b1168facbe871001e1ad803e49
HEST::SPA79	013_HEST	HEST_STUDY::85ef289e4d85fd28	HEST_STUDY::85ef289e4d85fd28::PATIENT::2e2167a175ee172a	ineligible	counts_not_technically_available|observation_count_unavailable|record_status_not_current	4766aa4dc5fc1415b0c1845bfb95cca840c6580629f543b75364356009338871
HEST::SPA80	013_HEST	HEST_STUDY::85ef289e4d85fd28	HEST_STUDY::85ef289e4d85fd28::PATIENT::2e2167a175ee172a	ineligible	counts_not_technically_available|observation_count_unavailable|record_status_not_current	f4c6273a65f399e4d1d8e62c6868f834eaf69fbedb0e14307a9e0feceaa5a810
HEST::SPA108	013_HEST	HEST_STUDY::85ef289e4d85fd28	HEST_STUDY::85ef289e4d85fd28::PATIENT::439d460fbd96094d	ineligible	counts_not_technically_available|observation_count_unavailable|record_status_not_current	aee1574df5e914dc9ed5e9ae8b741c6be8fb48dc0d36830ffda37ca3749a8b78
HEST::SPA109	013_HEST	HEST_STUDY::85ef289e4d85fd28	HEST_STUDY::85ef289e4d85fd28::PATIENT::439d460fbd96094d	ineligible	counts_not_technically_available|observation_count_unavailable|record_status_not_current	b9df52b59596d8d4d8a4b6f583b0dec89ec32de03af51869c2778c2cb5baa995
HEST::SPA110	013_HEST	HEST_STUDY::85ef289e4d85fd28	HEST_STUDY::85ef289e4d85fd28::PATIENT::439d460fbd96094d	ineligible	counts_not_technically_available|observation_count_unavailable|record_status_not_current	4db6e285e10bdd606eca5164ea339bf802d5a8addb62fd6033ab9ca5877ba14a
HEST::SPA60	013_HEST	HEST_STUDY::85ef289e4d85fd28	HEST_STUDY::85ef289e4d85fd28::PATIENT::459a9a7aa843ae7b	ineligible	counts_not_technically_available|observation_count_unavailable|record_status_not_current	0094bbad01c693dc53dcfdc4e502007b3eacbeaa90cd67f9c9bf3f1858299098
HEST::SPA61	013_HEST	HEST_STUDY::85ef289e4d85fd28	HEST_STUDY::85ef289e4d85fd28::PATIENT::459a9a7aa843ae7b	ineligible	counts_not_technically_available|observation_count_unavailable|record_status_not_current	fc6814c12eeb67646dcc7894316f1ba2350fa7853957d16a35b545741f72f0a3
HEST::SPA62	013_HEST	HEST_STUDY::85ef289e4d85fd28	HEST_STUDY::85ef289e4d85fd28::PATIENT::459a9a7aa843ae7b	ineligible	counts_not_technically_available|observation_count_unavailable|record_status_not_current	ae9bcf0aa3832e435517e50255fecf0bdcbc8039ae5476c8b282ad8054d6fcf2
HEST::SPA100	013_HEST	HEST_STUDY::85ef289e4d85fd28	HEST_STUDY::85ef289e4d85fd28::PATIENT::4a8df70afca776ec	ineligible	counts_not_technically_available|observation_count_unavailable|record_status_not_current	c53808d67519474301db06522e10c2d0573be6e16b5bd74045d63fc52032d0e6
HEST::SPA101	013_HEST	HEST_STUDY::85ef289e4d85fd28	HEST_STUDY::85ef289e4d85fd28::PATIENT::4a8df70afca776ec	ineligible	counts_not_technically_available|observation_count_unavailable|record_status_not_current	40f4339328bde9973da3da01c2401c9c9dfe2f2b8bf9f5c8a76407832832fe7b
HEST::SPA99	013_HEST	HEST_STUDY::85ef289e4d85fd28	HEST_STUDY::85ef289e4d85fd28::PATIENT::4a8df70afca776ec	ineligible	counts_not_technically_available|observation_count_unavailable|record_status_not_current	669d0f60722d011c02bc3aced16e102105f4995ac75ddaa395c55294b8502ed3
HEST::SPA54	013_HEST	HEST_STUDY::85ef289e4d85fd28	HEST_STUDY::85ef289e4d85fd28::PATIENT::533badac26491852	ineligible	counts_not_technically_available|observation_count_unavailable|record_status_not_current	d60ad2c8471efdef94a040658561dee186dc521b274f35bb223a69cc5fb5ea3d
HEST::SPA55	013_HEST	HEST_STUDY::85ef289e4d85fd28	HEST_STUDY::85ef289e4d85fd28::PATIENT::533badac26491852	ineligible	counts_not_technically_available|observation_count_unavailable|record_status_not_current	eca2d1597e3478258450c61af3d340697e631a391481a77955d6aa7d7e578957
HEST::SPA56	013_HEST	HEST_STUDY::85ef289e4d85fd28	HEST_STUDY::85ef289e4d85fd28::PATIENT::533badac26491852	ineligible	counts_not_technically_available|observation_count_unavailable|record_status_not_current	8c0c59fa426fb02e9759a42626061e18743e48bf565795ffc1c4a3811e0f9b8d
HEST::SPA102	013_HEST	HEST_STUDY::85ef289e4d85fd28	HEST_STUDY::85ef289e4d85fd28::PATIENT::79186ae4dd934def	ineligible	counts_not_technically_available|observation_count_unavailable|record_status_not_current	e3e2668f15122b55816c14dee84448b0559732cd6449ddd1c08a1a9d0026e151
HEST::SPA103	013_HEST	HEST_STUDY::85ef289e4d85fd28	HEST_STUDY::85ef289e4d85fd28::PATIENT::79186ae4dd934def	ineligible	counts_not_technically_available|observation_count_unavailable|record_status_not_current	f2f32f1ef58841462041dc6b523d2b3be785177bb615570eff296536410060c0
HEST::SPA104	013_HEST	HEST_STUDY::85ef289e4d85fd28	HEST_STUDY::85ef289e4d85fd28::PATIENT::79186ae4dd934def	ineligible	counts_not_technically_available|observation_count_unavailable|record_status_not_current	9897a57db3708eb8df02daa3af592cdeeae3eebccd591514ff6c85e123c1cb2c
HEST::SPA87	013_HEST	HEST_STUDY::85ef289e4d85fd28	HEST_STUDY::85ef289e4d85fd28::PATIENT::7d319114ec8c9adb	ineligible	counts_not_technically_available|observation_count_unavailable|record_status_not_current	8832538facbf81a5de3e4893428ff3728cd4919e05ef42587a1d1ace2ef0bfcf
HEST::SPA88	013_HEST	HEST_STUDY::85ef289e4d85fd28	HEST_STUDY::85ef289e4d85fd28::PATIENT::7d319114ec8c9adb	ineligible	counts_not_technically_available|observation_count_unavailable|record_status_not_current	7ace2a3b5a2815ddfa1397d999051a2102cc8a5fb7ee9e818ebde67d3c4f12f9
HEST::SPA89	013_HEST	HEST_STUDY::85ef289e4d85fd28	HEST_STUDY::85ef289e4d85fd28::PATIENT::7d319114ec8c9adb	ineligible	counts_not_technically_available|observation_count_unavailable|record_status_not_current	a2d4b6a1d30e824b8bb1b37425e29d9568680a6bf8014a01f692df803281bce5
HEST::SPA51	013_HEST	HEST_STUDY::85ef289e4d85fd28	HEST_STUDY::85ef289e4d85fd28::PATIENT::87e9b6cc7d55acd8	ineligible	counts_not_technically_available|observation_count_unavailable|record_status_not_current	f903139b4d4cca4db7995f8db07adaf5a674cba6edd7b975013dc04b4bfb120a
HEST::SPA52	013_HEST	HEST_STUDY::85ef289e4d85fd28	HEST_STUDY::85ef289e4d85fd28::PATIENT::87e9b6cc7d55acd8	ineligible	counts_not_technically_available|observation_count_unavailable|record_status_not_current	acc57148ab4768b32b33b6e3520bec1d5721555386e05be47576d8bcd7bb2198
HEST::SPA53	013_HEST	HEST_STUDY::85ef289e4d85fd28	HEST_STUDY::85ef289e4d85fd28::PATIENT::87e9b6cc7d55acd8	ineligible	counts_not_technically_available|observation_count_unavailable|record_status_not_current	2e9c8db09dc7171f00b9ad32d36a6f1b02963f0b5158a778b404b5917e09bf0f
HEST::SPA84	013_HEST	HEST_STUDY::85ef289e4d85fd28	HEST_STUDY::85ef289e4d85fd28::PATIENT::91d3ddbab96cf6c6	ineligible	counts_not_technically_available|observation_count_unavailable|record_status_not_current	15bdc0d4bb05ef99a59c57921929e63a41eeb2c36f4117bcdcd40f10486e3d5f
HEST::SPA85	013_HEST	HEST_STUDY::85ef289e4d85fd28	HEST_STUDY::85ef289e4d85fd28::PATIENT::91d3ddbab96cf6c6	ineligible	counts_not_technically_available|observation_count_unavailable|record_status_not_current	29a988eb07593062a23257942951d37211ce497beffdcfac68a49d1e0ef17eab
HEST::SPA86	013_HEST	HEST_STUDY::85ef289e4d85fd28	HEST_STUDY::85ef289e4d85fd28::PATIENT::91d3ddbab96cf6c6	ineligible	counts_not_technically_available|observation_count_unavailable|record_status_not_current	f50688a06a786db55cb0f1606acd2d0713b37a913e177174226834faa47424a8
HEST::SPA75	013_HEST	HEST_STUDY::85ef289e4d85fd28	HEST_STUDY::85ef289e4d85fd28::PATIENT::9b0a7e34c2d00b0d	ineligible	counts_not_technically_available|observation_count_unavailable|record_status_not_current	42450f4306be2baa244235552b3011f917210e2a5d105cb350423154b8728ff9
HEST::SPA76	013_HEST	HEST_STUDY::85ef289e4d85fd28	HEST_STUDY::85ef289e4d85fd28::PATIENT::9b0a7e34c2d00b0d	ineligible	counts_not_technically_available|observation_count_unavailable|record_status_not_current	9ec6450988d9861185f8d4cde5fa75808a6c7ff16963fbfa8138b63aa9bcb32e
HEST::SPA77	013_HEST	HEST_STUDY::85ef289e4d85fd28	HEST_STUDY::85ef289e4d85fd28::PATIENT::9b0a7e34c2d00b0d	ineligible	counts_not_technically_available|observation_count_unavailable|record_status_not_current	b1679bc5670fe2a3237954f3dda5cb3a1a4c9414ac4bad38477beb270110b56f
HEST::SPA63	013_HEST	HEST_STUDY::85ef289e4d85fd28	HEST_STUDY::85ef289e4d85fd28::PATIENT::a73a784b2b0e3dba	ineligible	counts_not_technically_available|observation_count_unavailable|record_status_not_current	c75d910d7c5eecbc72535d093a59920d5ca2c29fa73908ed373b9d05d630cf40
HEST::SPA64	013_HEST	HEST_STUDY::85ef289e4d85fd28	HEST_STUDY::85ef289e4d85fd28::PATIENT::a73a784b2b0e3dba	ineligible	counts_not_technically_available|observation_count_unavailable|record_status_not_current	fabfe874fc22ffa9787b579f334f4ee85e2564a12fa0d6218434e7c6649887de
HEST::SPA65	013_HEST	HEST_STUDY::85ef289e4d85fd28	HEST_STUDY::85ef289e4d85fd28::PATIENT::a73a784b2b0e3dba	ineligible	counts_not_technically_available|observation_count_unavailable|record_status_not_current	f180a5dc4f8944219da9b94a9b8361c8a0ef592e29864c1f3eb7334d92dfce8e
HEST::SPA116	013_HEST	HEST_STUDY::85ef289e4d85fd28	HEST_STUDY::85ef289e4d85fd28::PATIENT::af973ce63bbde720	ineligible	counts_not_technically_available|observation_count_unavailable|record_status_not_current	cb47f41a19b8c179c2d653edaf2151e4417b67c84acab95592a0062e8d3a04a2
HEST::SPA117	013_HEST	HEST_STUDY::85ef289e4d85fd28	HEST_STUDY::85ef289e4d85fd28::PATIENT::af973ce63bbde720	ineligible	counts_not_technically_available|observation_count_unavailable|record_status_not_current	1b16f48d755028f460f3bdbb46c4d9332434363682356c243ee18cd2aa72597f
HEST::SPA118	013_HEST	HEST_STUDY::85ef289e4d85fd28	HEST_STUDY::85ef289e4d85fd28::PATIENT::af973ce63bbde720	ineligible	counts_not_technically_available|observation_count_unavailable|record_status_not_current	17cf01bad57aec54de36b90bb1195d77a94c9c330212c7ded71271ee6ccfdf83
HEST::SPA72	013_HEST	HEST_STUDY::85ef289e4d85fd28	HEST_STUDY::85ef289e4d85fd28::PATIENT::b9cb2674d2ea89eb	ineligible	counts_not_technically_available|observation_count_unavailable|record_status_not_current	a2aaf8852b93ad59be9ee5d40128ffcbfc14c597e95bc88a126b95b7ce937fd9
HEST::SPA73	013_HEST	HEST_STUDY::85ef289e4d85fd28	HEST_STUDY::85ef289e4d85fd28::PATIENT::b9cb2674d2ea89eb	ineligible	counts_not_technically_available|observation_count_unavailable|record_status_not_current	53b18a4939739c799d6d103a87b8a187fe6ade0d9858da7f62313cdf3c718950
HEST::SPA74	013_HEST	HEST_STUDY::85ef289e4d85fd28	HEST_STUDY::85ef289e4d85fd28::PATIENT::b9cb2674d2ea89eb	ineligible	counts_not_technically_available|observation_count_unavailable|record_status_not_current	c086cefc618b17fddc303e17ed52ea8f422cf4ac1e9c819984676786f2daf154
HEST::SPA113	013_HEST	HEST_STUDY::85ef289e4d85fd28	HEST_STUDY::85ef289e4d85fd28::PATIENT::bb4d09417c2a9632	ineligible	counts_not_technically_available|observation_count_unavailable|record_status_not_current	6046506df7449af99b1fae965cc99bf8203c49af55b363043a963abe4eb34e59
HEST::SPA114	013_HEST	HEST_STUDY::85ef289e4d85fd28	HEST_STUDY::85ef289e4d85fd28::PATIENT::bb4d09417c2a9632	ineligible	counts_not_technically_available|observation_count_unavailable|record_status_not_current	3c7f470e79f6055a1ba484d095e06eeaea96381cd504304f2fc06d2af32693b5
HEST::SPA115	013_HEST	HEST_STUDY::85ef289e4d85fd28	HEST_STUDY::85ef289e4d85fd28::PATIENT::bb4d09417c2a9632	ineligible	counts_not_technically_available|observation_count_unavailable|record_status_not_current	e5f2b551efd54724a396e4023fc5fae6f7fce14543ac3240ccee72cfa7f06438
HEST::SPA111	013_HEST	HEST_STUDY::85ef289e4d85fd28	HEST_STUDY::85ef289e4d85fd28::PATIENT::ce2edb0be2138c7b	ineligible	counts_not_technically_available|observation_count_unavailable|record_status_not_current	50a07aafdc7df34a376ebd3c565e977aa6d95f6f573857fe2db64eaf73a822de
HEST::SPA112	013_HEST	HEST_STUDY::85ef289e4d85fd28	HEST_STUDY::85ef289e4d85fd28::PATIENT::ce2edb0be2138c7b	ineligible	counts_not_technically_available|observation_count_unavailable|record_status_not_current	141bc325a5abfb50db1709a4415dc6d564cde6948b20f7f0f4cbbd7fd12dd1d4
HEST::SPA90	013_HEST	HEST_STUDY::85ef289e4d85fd28	HEST_STUDY::85ef289e4d85fd28::PATIENT::d2455e758297b5ec	ineligible	counts_not_technically_available|observation_count_unavailable|record_status_not_current	dd10edf7585d8810dc07d4954cfa9353c4f8e49ee136e288d4ce8d9810d17949
HEST::SPA91	013_HEST	HEST_STUDY::85ef289e4d85fd28	HEST_STUDY::85ef289e4d85fd28::PATIENT::d2455e758297b5ec	ineligible	counts_not_technically_available|observation_count_unavailable|record_status_not_current	77120415452cf0a3214539d85eecd1631e5f889e3dc719df4d8693c36a7579d6
HEST::SPA92	013_HEST	HEST_STUDY::85ef289e4d85fd28	HEST_STUDY::85ef289e4d85fd28::PATIENT::d2455e758297b5ec	ineligible	counts_not_technically_available|observation_count_unavailable|record_status_not_current	ca1e21084134490a7c6bf1d67a615adb1dddfd4f1e42532677eca758bf4a4b0c
HEST::SPA81	013_HEST	HEST_STUDY::85ef289e4d85fd28	HEST_STUDY::85ef289e4d85fd28::PATIENT::dd25470a86821077	ineligible	counts_not_technically_available|observation_count_unavailable|record_status_not_current	e6ed3291fa4653badcae0b8611ddfb7570401b42ed92834f1e41d467516618e7
HEST::SPA82	013_HEST	HEST_STUDY::85ef289e4d85fd28	HEST_STUDY::85ef289e4d85fd28::PATIENT::dd25470a86821077	ineligible	counts_not_technically_available|observation_count_unavailable|record_status_not_current	96f6a5e2b6d80542d14179156adaf9a3c4cf63f3c279c11e86e84db9fb1b2a04
HEST::SPA83	013_HEST	HEST_STUDY::85ef289e4d85fd28	HEST_STUDY::85ef289e4d85fd28::PATIENT::dd25470a86821077	ineligible	counts_not_technically_available|observation_count_unavailable|record_status_not_current	873a7d3389e8292540847bbb2af6e4ef1b03f0aa9bc10c7c35db7e6beb587515
HEST::SPA57	013_HEST	HEST_STUDY::85ef289e4d85fd28	HEST_STUDY::85ef289e4d85fd28::PATIENT::eb3de6fc3a55bf6a	ineligible	counts_not_technically_available|observation_count_unavailable|record_status_not_current	37fec575d7d7824adf45ea896f6093790c398a38aad0ccf62342279284127ffb
HEST::SPA58	013_HEST	HEST_STUDY::85ef289e4d85fd28	HEST_STUDY::85ef289e4d85fd28::PATIENT::eb3de6fc3a55bf6a	ineligible	counts_not_technically_available|observation_count_unavailable|record_status_not_current	d9782f128684117c1f5e97dae9391769c5759b6e0b2a40f06799f4d1463354f5
HEST::SPA59	013_HEST	HEST_STUDY::85ef289e4d85fd28	HEST_STUDY::85ef289e4d85fd28::PATIENT::eb3de6fc3a55bf6a	ineligible	counts_not_technically_available|observation_count_unavailable|record_status_not_current	dc2c1e0a9e8f38731ff0be8ce5110799885e0da78144e2a4303fe6c229cd878c
HEST::SPA69	013_HEST	HEST_STUDY::85ef289e4d85fd28	HEST_STUDY::85ef289e4d85fd28::PATIENT::eed65e541f7665f3	ineligible	counts_not_technically_available|observation_count_unavailable|record_status_not_current	1fd4d3095e252fb84c293b1ef34c9469d62a9f763ef7ca31e152ca6dbc83c281
HEST::SPA70	013_HEST	HEST_STUDY::85ef289e4d85fd28	HEST_STUDY::85ef289e4d85fd28::PATIENT::eed65e541f7665f3	ineligible	counts_not_technically_available|observation_count_unavailable|record_status_not_current	84ea66b0ff2772a24758f68b1157ead0b71eba6384a55bd318632eab940e0cc6
HEST::SPA71	013_HEST	HEST_STUDY::85ef289e4d85fd28	HEST_STUDY::85ef289e4d85fd28::PATIENT::eed65e541f7665f3	ineligible	counts_not_technically_available|observation_count_unavailable|record_status_not_current	44492c72ec61135cce5854b2526fa5df9195f50b053a6d69cabb4a263b0b7c4b
HEST::NCBI875	013_HEST	HEST_STUDY::e60ce218897d3e67	HEST_STUDY::e60ce218897d3e67::PATIENT::3ed46a0628664286	ineligible	counts_not_technically_available|observation_count_unavailable|record_status_not_current	3fada2424d21771ac3759c8660909d0f9c2e8b9de058da893cb70338ea763698
HEST::NCBI876	013_HEST	HEST_STUDY::e60ce218897d3e67	HEST_STUDY::e60ce218897d3e67::PATIENT::3ed46a0628664286	ineligible	counts_not_technically_available|observation_count_unavailable|record_status_not_current	4649aa9c8fb2b7cf83c88177a537156ceec162af1b46f6b859a15c968595cc08
HEST::NCBI879	013_HEST	HEST_STUDY::e60ce218897d3e67	HEST_STUDY::e60ce218897d3e67::PATIENT::55c80e0882bfed64	ineligible	counts_not_technically_available|observation_count_unavailable|record_status_not_current	5bba41b95562796063df722135b661d73718f8e17f21f475438e52c4b82cf3d6
HEST::NCBI883	013_HEST	HEST_STUDY::e60ce218897d3e67	HEST_STUDY::e60ce218897d3e67::PATIENT::9fadc49af31e05dc	ineligible	counts_not_technically_available|observation_count_unavailable|record_status_not_current	2222d04ab2f3c1e613eeedb5db2b0c02abb8c6019a204a2051acab1b8869a5f7
HEST::NCBI884	013_HEST	HEST_STUDY::e60ce218897d3e67	HEST_STUDY::e60ce218897d3e67::PATIENT::d607ff2899ef4176	ineligible	counts_not_technically_available|observation_count_unavailable|record_status_not_current	15e37141fd098487e562cbd6d600d61e3998377ff21b660f432f9d7df4172d6d
HEST::ZEN36	013_HEST	HEST_STUDY::fce6a7204f438bee	HEST_STUDY::fce6a7204f438bee::PATIENT::3ed46a0628664286	ineligible	counts_not_technically_available|observation_count_unavailable|record_status_not_current	a97d2a84f1c29f12df684030d7162c0b1836f30cc705e8acbc7bcd8edbadb292
HEST::ZEN40	013_HEST	HEST_STUDY::fce6a7204f438bee	HEST_STUDY::fce6a7204f438bee::PATIENT::3ed46a0628664286	ineligible	counts_not_technically_available|observation_count_unavailable|record_status_not_current	105e3de690c0d7fa8afd8db27ecead981ec5e145673a1c5b554a9b1246240080
HEST::ZEN39	013_HEST	HEST_STUDY::fce6a7204f438bee	HEST_STUDY::fce6a7204f438bee::PATIENT::55c80e0882bfed64	ineligible	counts_not_technically_available|observation_count_unavailable|record_status_not_current	7b3ff92070d25d6a63c5f917d13ecee3b21d7c5c3dd7f5ee27f26853ad9eb152
HEST::ZEN43	013_HEST	HEST_STUDY::fce6a7204f438bee	HEST_STUDY::fce6a7204f438bee::PATIENT::55c80e0882bfed64	ineligible	counts_not_technically_available|observation_count_unavailable|record_status_not_current	9588c44c613a943021587e8688dcfb6a30128846775fd0b89d791fc909e3bc8d
HEST::ZEN37	013_HEST	HEST_STUDY::fce6a7204f438bee	HEST_STUDY::fce6a7204f438bee::PATIENT::61b46903903918c1	ineligible	counts_not_technically_available|observation_count_unavailable|record_status_not_current	673553e90dd48ca07b295fd31ceae85da3d72428ba445f400d11d34b8e7a52ef
HEST::ZEN41	013_HEST	HEST_STUDY::fce6a7204f438bee	HEST_STUDY::fce6a7204f438bee::PATIENT::61b46903903918c1	ineligible	counts_not_technically_available|observation_count_unavailable|record_status_not_current	3b210a5e03308a6d4ecde39d4f4e2cd43ba60ad888117e3a946d350731acc1a0
HEST::ZEN46	013_HEST	HEST_STUDY::fce6a7204f438bee	HEST_STUDY::fce6a7204f438bee::PATIENT::686b7ccc6c2d33f2	ineligible	counts_not_technically_available|observation_count_unavailable|record_status_not_current	8906710c1404921ed48c6970b2d1c202f9eced437f57e24844ca2b9839af9e8d
HEST::ZEN47	013_HEST	HEST_STUDY::fce6a7204f438bee	HEST_STUDY::fce6a7204f438bee::PATIENT::686b7ccc6c2d33f2	ineligible	counts_not_technically_available|observation_count_unavailable|record_status_not_current	5e97f04ba51cefbda7dfaf430a0e46cfcf48e2b4e6fbe15c9f92648e504dd3c6
HEST::ZEN38	013_HEST	HEST_STUDY::fce6a7204f438bee	HEST_STUDY::fce6a7204f438bee::PATIENT::8463db9b7b3e2fbd	ineligible	counts_not_technically_available|observation_count_unavailable|record_status_not_current	50e5daea6eb3acb3ee9d7eb0cbc86c1bbd2578cd5abd1f2dc7b363e3d896c421
HEST::ZEN42	013_HEST	HEST_STUDY::fce6a7204f438bee	HEST_STUDY::fce6a7204f438bee::PATIENT::8463db9b7b3e2fbd	ineligible	counts_not_technically_available|observation_count_unavailable|record_status_not_current	33d76d62e9d1b247646dc345784257314f6f5316be3886d29b6647ccc719a7b9
HEST::ZEN44	013_HEST	HEST_STUDY::fce6a7204f438bee	HEST_STUDY::fce6a7204f438bee::PATIENT::9ef7f98eb1ef3d60	ineligible	counts_not_technically_available|observation_count_unavailable|record_status_not_current	683cd31d276eb021d963561cb413468ca6abe4db40de6a28865d6cf0bc71533c
HEST::ZEN45	013_HEST	HEST_STUDY::fce6a7204f438bee	HEST_STUDY::fce6a7204f438bee::PATIENT::9ef7f98eb1ef3d60	ineligible	counts_not_technically_available|observation_count_unavailable|record_status_not_current	480d1854da53a5997ef8e49859910d3b8d9e2aed44fcb8adb38e72bbea50c98a
HEST::ZEN48	013_HEST	HEST_STUDY::fce6a7204f438bee	HEST_STUDY::fce6a7204f438bee::PATIENT::a6697941506f4e43	ineligible	counts_not_technically_available|observation_count_unavailable|record_status_not_current	32e6a587f1c2d63501176070bc6cdbfc778af36c3215bdc5f6a026d2bbde3629
HEST::ZEN49	013_HEST	HEST_STUDY::fce6a7204f438bee	HEST_STUDY::fce6a7204f438bee::PATIENT::a6697941506f4e43	ineligible	counts_not_technically_available|observation_count_unavailable|record_status_not_current	a9618e223407d77fbf4d08fdd2d6977147a2de6670904e3e1d821733ad3103c8
HEST::NCBI600	013_HEST	HEST	HEST_UNKNOWN::PATIENT::55c80e0882bfed64	ineligible	counts_not_technically_available|observation_count_unavailable|record_status_not_current	82ebfde37c995abb8c32b28fcf953de51da7672870ed2f3364799fd6ffdc7135
HEST::NCBI602	013_HEST	HEST	HEST_UNKNOWN::PATIENT::686b7ccc6c2d33f2	ineligible	counts_not_technically_available|observation_count_unavailable|record_status_not_current	4f54fb5d5f2832a964927381812da322dbb4b49d963c8b660c7838bd9ee5eb65
HEST::TENX140	013_HEST	HEST	HEST_UNKNOWN::PATIENT::87c54dee78e06eb2	ineligible	counts_not_technically_available|observation_count_unavailable|record_status_not_current	0a6f7a8ec6ad52c1cae8ac66b1271a98e19231382a0de677aebe1b2fbea093b3
HEST::TENX94	013_HEST	HEST	HEST_UNKNOWN::PATIENT::87c54dee78e06eb2	ineligible	counts_not_technically_available|observation_count_unavailable|record_status_not_current	30f3a24aeb04fbf4b6b09fdfbcce74048a001b65d318ac3446168fed66f95fc4
HEST::TENX96	013_HEST	HEST	HEST_UNKNOWN::PATIENT::87c54dee78e06eb2	ineligible	counts_not_technically_available|observation_count_unavailable|record_status_not_current	706de2b4ff157c10b6139db6b41c528775af508aa29f54836b4cdef4e117401f
HEST::NCBI601	013_HEST	HEST	HEST_UNKNOWN::PATIENT::9ef7f98eb1ef3d60	ineligible	counts_not_technically_available|observation_count_unavailable|record_status_not_current	c1e9a51c514f3f18409c310f2d44026be9fc76faae4906d400c524b1c8b12a68
HEST::NCBI603	013_HEST	HEST	HEST_UNKNOWN::PATIENT::a6697941506f4e43	ineligible	counts_not_technically_available|observation_count_unavailable|record_status_not_current	3bb04a62a35f479fd087c6bac17eee974cbf5c317dfa1897fb260da07e33393e
HEST::TENX126	013_HEST	HEST	HEST_UNKNOWN::PATIENT::d3d7b232f030f5c1	ineligible	counts_not_technically_available|observation_count_unavailable|record_status_not_current	f07e06862d6bc5ccc343ff9e6b4a7a830502409984e9c6f929ca05da9b666160
HEST::TENX115	013_HEST	HEST	HEST_UNKNOWN::PATIENT::f6d103de0af23116	ineligible	counts_not_technically_available|observation_count_unavailable|record_status_not_current	8f3103dc569ec4f9db9f9c46d3ea4fc8ae1ad1d0a7d4cd4b8fc7e682008334c0
HEST::TENX116	013_HEST	HEST	HEST_UNKNOWN::PATIENT::f6d103de0af23116	ineligible	counts_not_technically_available|observation_count_unavailable|record_status_not_current	27567c8f558d4f241ed48cae987885dcb84c80967a0b15724591fa3f9b2f78bc
HEST::TENX118	013_HEST	HEST	HEST_UNKNOWN::PATIENT::f6d103de0af23116	ineligible	counts_not_technically_available|observation_count_unavailable|record_status_not_current	8ba0c1a2614b049be50d0e94904ca59c57c47734dcffab8e6e93b20aa18fd1b0
HEST::TENX95	013_HEST	HEST	HEST_UNKNOWN::PATIENT::f6d103de0af23116	ineligible	counts_not_technically_available|observation_count_unavailable|record_status_not_current	3cd0050b748342558c742de7e39971e9d726164568ffda609a5fb7dde50a8546
HEST::TENX97	013_HEST	HEST	HEST_UNKNOWN::PATIENT::f6d103de0af23116	ineligible	counts_not_technically_available|observation_count_unavailable|record_status_not_current	7ec1e7f6c270dfa66ebf660df7bc1c8327b0b9c2607ebd49265d2c1d204ce7e2
HEST::TENX117	013_HEST	HEST	HEST_UNKNOWN::PATIENT::fe7592d01d79c2c5	ineligible	counts_not_technically_available|observation_count_unavailable|record_status_not_current	b8327e60dd992d912217e4b76278595ee4c556339ef89d1f681e19ee36bc6e46
HEST::TENX141	013_HEST	HEST	HEST_UNKNOWN::PATIENT::fe7592d01d79c2c5	ineligible	counts_not_technically_available|observation_count_unavailable|record_status_not_current	4a247460664b43a4baa50401377f3d481e911db85766b29a4bf85651b0377068
HEST::TENX98	013_HEST	HEST	HEST_UNKNOWN::PATIENT::fe7592d01d79c2c5	ineligible	counts_not_technically_available|observation_count_unavailable|record_status_not_current	637d68a261e48c9c20ef6cdf6a3a17a107bdbc842cff16ec967c2ea67e87b1bf
HEST::TENX99	013_HEST	HEST	HEST_UNKNOWN::PATIENT::fe7592d01d79c2c5	ineligible	counts_not_technically_available|observation_count_unavailable|record_status_not_current	f8e4502449e82331b3c3e846aefcdb1d0e9b1e5fe3c1c1185eeafcbef1cfe06e
HTAN::7794_AS_4_filtered_trimmed.h5ad	013_HTAN_CRC	HTAN_VANDERBILT_CRC		ineligible	counts_not_technically_available|observation_count_unavailable|patient_identity_missing|record_status_not_current	89bcc5344d214926446735a14785ffd7f06558822983d0080c3190fc7c6796e6
HTAN::8270_AS_4_filtered_trimmed.h5ad	013_HTAN_CRC	HTAN_VANDERBILT_CRC		ineligible	counts_not_technically_available|observation_count_unavailable|patient_identity_missing|record_status_not_current	151d52f12cd43d07595b01d7ba4ef74f512fd0b62e28cf52059e27cf57759376
HTAN::8270_AS_2_filtered_trimmed.h5ad	013_HTAN_CRC	HTAN_VANDERBILT_CRC	HTAN_VANDERBILT_CRC::PATIENT::07dc676d92f9d153	eligible		536e5ff9494c137dafdedcb24cf4d0fd073f574fe55d5dc25e95c070a8db1896
HTAN::7003_AS_5_filtered_trimmed.h5ad	013_HTAN_CRC	HTAN_VANDERBILT_CRC	HTAN_VANDERBILT_CRC::PATIENT::0bd3490036cbd4de	eligible		bda05409576890bc56164c69c8ded0c6b355b8ebbbe43ce53f1c7681e8e3cc8d
HTAN::7003_AS_6_filtered_trimmed.h5ad	013_HTAN_CRC	HTAN_VANDERBILT_CRC	HTAN_VANDERBILT_CRC::PATIENT::0bd3490036cbd4de	eligible		2f7062b39ac4a3cd0028bec2f6d1c69c52e09750aae4ac2f9777b41b608de983
HTAN::7003_AS_1_filtered_trimmed.h5ad	013_HTAN_CRC	HTAN_VANDERBILT_CRC	HTAN_VANDERBILT_CRC::PATIENT::0def2e0b01043545	eligible		90977c451ddd9e5509e63e7eb56ee8870f7f83f01ca270a6f4f57d8b6ff3fef4
HTAN::7003_AS_2_filtered_trimmed.h5ad	013_HTAN_CRC	HTAN_VANDERBILT_CRC	HTAN_VANDERBILT_CRC::PATIENT::0def2e0b01043545	eligible		f498df9df5f1c36908fb42b7f7ca5ff286b95ca9a877383fc87b7dc1aa65170a
HTAN::8270_AS_10_filtered_trimmed.h5ad	013_HTAN_CRC	HTAN_VANDERBILT_CRC	HTAN_VANDERBILT_CRC::PATIENT::15c4be5f5e924870	eligible		be3494c0cb76c957765540b143da398df410b25321a03713483dd4c888072932
HTAN::8578_AS_2_filtered_trimmed_WD84226.h5ad	013_HTAN_CRC	HTAN_VANDERBILT_CRC	HTAN_VANDERBILT_CRC::PATIENT::15c4be5f5e924870	eligible		083847f3c065433dce40ab5f8966976d8eaeccd98a5a61c5ae1baa438427c6eb
HTAN::8270_AS_9_filtered_trimmed.h5ad	013_HTAN_CRC	HTAN_VANDERBILT_CRC	HTAN_VANDERBILT_CRC::PATIENT::1cdbf9c9f9ca1d51	eligible		12878f1483c48367c928070bd5642adac50be51adcd69f1c97b87067ee0118c7
HTAN::8578_AS_2_filtered_trimmed_WD84594.h5ad	013_HTAN_CRC	HTAN_VANDERBILT_CRC	HTAN_VANDERBILT_CRC::PATIENT::1cdbf9c9f9ca1d51	eligible		7ea6ff7622b4113e0689d062d44305d95144c3e8155e774c80262a53f34cc7a2
HTAN::8578_AS_1_filtered_trimmed_WD33473.h5ad	013_HTAN_CRC	HTAN_VANDERBILT_CRC	HTAN_VANDERBILT_CRC::PATIENT::2660ebb0a070d36e	eligible		0e1ec7c28956871865fa1238e694c666fed93a3291a5be4c7bd61085a49dd6f4
HTAN::8270_AS_1_filtered_trimmed.h5ad	013_HTAN_CRC	HTAN_VANDERBILT_CRC	HTAN_VANDERBILT_CRC::PATIENT::283e577e68cd34cf	eligible		f483619427bd1b7dacc0aedb8a0e5babd4bde87fb30f7c3fc961d31df101ceb4
HTAN::8899_AS_7_filtered_trimmed.h5ad	013_HTAN_CRC	HTAN_VANDERBILT_CRC	HTAN_VANDERBILT_CRC::PATIENT::286667cab598bb4a	eligible		70e480ac09c2160950293a992493103e61fb8ceb40cdb3932b6301fc36c11b68
HTAN::8899_AS_8_filtered_trimmed.h5ad	013_HTAN_CRC	HTAN_VANDERBILT_CRC	HTAN_VANDERBILT_CRC::PATIENT::286667cab598bb4a	eligible		51dc0bd81d056dbfbf4e6b934aa7e6bd335e61a33e6205d9977524b3e479f8c6
HTAN::7794_AS_3_filtered_trimmed.h5ad	013_HTAN_CRC	HTAN_VANDERBILT_CRC	HTAN_VANDERBILT_CRC::PATIENT::306c7a068bf4965f	eligible		c255abfb3d10ece7a6d81d2b29ff58cb02b030c797adce393d37a2a727350226
HTAN::8578_AS_3_filtered_trimmed_WD84221.h5ad	013_HTAN_CRC	HTAN_VANDERBILT_CRC	HTAN_VANDERBILT_CRC::PATIENT::306c7a068bf4965f	eligible		285f1f4126a63e357084c8ba11143f44fa145ea4444d1584cf7cd1dea4079257
HTAN::8578_AS_4_filtered_trimmed.h5ad	013_HTAN_CRC	HTAN_VANDERBILT_CRC	HTAN_VANDERBILT_CRC::PATIENT::3e050f81f3d36d48	eligible		34921a5d6f3edc384b77deb30abc1bc934402125ef809b610bfdbe6838792cfa
HTAN::7319_AS_2_filtered_trimmed.h5ad	013_HTAN_CRC	HTAN_VANDERBILT_CRC	HTAN_VANDERBILT_CRC::PATIENT::42db69b0c0fe9511	eligible		a71536da8ead2bbd0260f58311b000164462f323d885aadf610eb6b58d6ac85c
HTAN::8270_AS_8_filtered_trimmed.h5ad	013_HTAN_CRC	HTAN_VANDERBILT_CRC	HTAN_VANDERBILT_CRC::PATIENT::46cd4bcce25745d5	eligible		e133a80d9764bcbdac94ad9a8fb7c9afcdf426a7b35034ff9680fdcd1380aac2
HTAN::8578_AS_3_filtered_trimmed_WD84596.h5ad	013_HTAN_CRC	HTAN_VANDERBILT_CRC	HTAN_VANDERBILT_CRC::PATIENT::46cd4bcce25745d5	eligible		77f7f6283c766e23838fb9ec9da74cce09ac3f8348d03051b9718047fd0c084d
HTAN::6723_KL_1_filtered_trimmed.h5ad	013_HTAN_CRC	HTAN_VANDERBILT_CRC	HTAN_VANDERBILT_CRC::PATIENT::4aa571d63ab1aa20	eligible		9118baf1502a9716d493c7d3488f102e2b18a25fbb001d018a281441c00c7406
HTAN::6723_KL_2_filtered_trimmed.h5ad	013_HTAN_CRC	HTAN_VANDERBILT_CRC	HTAN_VANDERBILT_CRC::PATIENT::4aa571d63ab1aa20	eligible		fcd14ca67a4d66d6599a6ccdfd261c9aafba6cd511bff4411692d3bd6819636c
HTAN::6723_KL_3_filtered_trimmed.h5ad	013_HTAN_CRC	HTAN_VANDERBILT_CRC	HTAN_VANDERBILT_CRC::PATIENT::4aa571d63ab1aa20	eligible		f90cb034e4dba8e3d1caeb6e64180754db11d1257f6303e4c5d70bf9d5575d00
HTAN::6723_KL_4_filtered_trimmed.h5ad	013_HTAN_CRC	HTAN_VANDERBILT_CRC	HTAN_VANDERBILT_CRC::PATIENT::4aa571d63ab1aa20	eligible		3e8399aeccc42a3385725c3b52b7793ea413f6491e37599a4f6da6400a80b201
HTAN::8270_AS_11_filtered_trimmed.h5ad	013_HTAN_CRC	HTAN_VANDERBILT_CRC	HTAN_VANDERBILT_CRC::PATIENT::4f81822a6f2ecd63	eligible		1ca75adb2ac1c9e084b1a1f6658fa32df54558a636b4736713e4dd616e06fc3e
HTAN::8270_AS_12_filtered_trimmed.h5ad	013_HTAN_CRC	HTAN_VANDERBILT_CRC	HTAN_VANDERBILT_CRC::PATIENT::4f81822a6f2ecd63	eligible		68d78cc14715fb11984755ca803858fefd5de9e815d7de447f90799777d5df3d
HTAN::8578_AS_2_filtered_trimmed_WD84216.h5ad	013_HTAN_CRC	HTAN_VANDERBILT_CRC	HTAN_VANDERBILT_CRC::PATIENT::4f81822a6f2ecd63	eligible		e71a8f287b9aef4131b7f0795922d3f43b21ce0f58b1839341c0220c69a5b8a2
HTAN::8899_AS_1_filtered_trimmed.h5ad	013_HTAN_CRC	HTAN_VANDERBILT_CRC	HTAN_VANDERBILT_CRC::PATIENT::51764d2ec560e464	eligible		d2611cdf116d0073a426dec48ae35e374cb76dc3522a2d1d0359e5fc72224440
HTAN::8899_AS_2_filtered_trimmed.h5ad	013_HTAN_CRC	HTAN_VANDERBILT_CRC	HTAN_VANDERBILT_CRC::PATIENT::51764d2ec560e464	eligible		010468321ac0fd2832b95ecceab7402818cb595287627368df9abd86ca81a2f7
HTAN::7794_AS_2_filtered_trimmed_WD33475.h5ad	013_HTAN_CRC	HTAN_VANDERBILT_CRC	HTAN_VANDERBILT_CRC::PATIENT::5a3d3a5b1d783fe6	eligible		2a42205e6ed88ae5597aa91c84dcf5e0679a3590b33779c254083bb3f075dd0f
HTAN::7319_AS_3_filtered_trimmed.h5ad	013_HTAN_CRC	HTAN_VANDERBILT_CRC	HTAN_VANDERBILT_CRC::PATIENT::6aea40a35e6c4335	eligible		73e86e40f2282d27d5840d29c4fb234940346c53581868ef09f76811993527d1
HTAN::7003_AS_3_filtered_trimmed.h5ad	013_HTAN_CRC	HTAN_VANDERBILT_CRC	HTAN_VANDERBILT_CRC::PATIENT::7032fa6644896b13	eligible		b9e902c62d6101bed202b2e8efa00d5b8a65000e0aa67e33044089726d32ab34
HTAN::7003_AS_4_filtered_trimmed.h5ad	013_HTAN_CRC	HTAN_VANDERBILT_CRC	HTAN_VANDERBILT_CRC::PATIENT::7032fa6644896b13	eligible		73cc30daff1d6508776210ce85f25b3f81016f1dc8d426a3ebd1c025c422b958
HTAN::8578_AS_1_filtered_trimmed_WD33474.h5ad	013_HTAN_CRC	HTAN_VANDERBILT_CRC	HTAN_VANDERBILT_CRC::PATIENT::772733d53add12a2	eligible		ed7c6a1ec0641c1bd4f172bcd9ee8cd6ff5449738c3d0d2c4621169e51ad0320
HTAN::8578_AS_1_filtered_trimmed_WD33469.h5ad	013_HTAN_CRC	HTAN_VANDERBILT_CRC	HTAN_VANDERBILT_CRC::PATIENT::82a1eb08b47e14fe	eligible		f266f7ff0750f5f1f9322976dab6ddd829226b978c35844d46c19b7cd34463a1
HTAN::8270_AS_3_filtered_trimmed.h5ad	013_HTAN_CRC	HTAN_VANDERBILT_CRC	HTAN_VANDERBILT_CRC::PATIENT::8abcbad99198901e	eligible		1d83aeb0eb22406117ccdb192f67ce9c0be5d0c074fe569597c02f1c755622fa
HTAN::8270_AS_6_filtered_trimmed.h5ad	013_HTAN_CRC	HTAN_VANDERBILT_CRC	HTAN_VANDERBILT_CRC::PATIENT::8d0d8f21b233f35b	eligible		6a5f302f7450f90a5b056028e39d39d604da9e6f21186a744c5ac68e0276a039
HTAN::8270_AS_7_filtered_trimmed.h5ad	013_HTAN_CRC	HTAN_VANDERBILT_CRC	HTAN_VANDERBILT_CRC::PATIENT::8d0d8f21b233f35b	eligible		b90239666bbd3d1faffa785d74db48f3dc8ba5ca85c42ddcb321e6497bc3fdcb
HTAN::7794_AS_1_filtered_trimmed_WD33476.h5ad	013_HTAN_CRC	HTAN_VANDERBILT_CRC	HTAN_VANDERBILT_CRC::PATIENT::94567531ae08aa59	eligible		72759a84c2dab42f2eb7bfcc7dde158ffeafe185652085627d02470fc9abc87e
HTAN::7794_AS_1_filtered_trimmed_WD33479.h5ad	013_HTAN_CRC	HTAN_VANDERBILT_CRC	HTAN_VANDERBILT_CRC::PATIENT::9af051af377d9c81	eligible		da8813a98c7f5ab2e83be3d939b756c63fbe0151df6a7a6002a2c52ab7ae72ee
HTAN::8899_AS_5_filtered_trimmed.h5ad	013_HTAN_CRC	HTAN_VANDERBILT_CRC	HTAN_VANDERBILT_CRC::PATIENT::a29ba9b1cd4cf508	eligible		c7e3232da37021b7e65cf47a413ef21734577b3c936f614335059b538f435085
HTAN::8899_AS_6_filtered_trimmed.h5ad	013_HTAN_CRC	HTAN_VANDERBILT_CRC	HTAN_VANDERBILT_CRC::PATIENT::a29ba9b1cd4cf508	eligible		96b55122c77f9132c890d003693894d68fab211202d24c5fe31780499b27343c
HTAN::8270_AS_5_filtered_trimmed.h5ad	013_HTAN_CRC	HTAN_VANDERBILT_CRC	HTAN_VANDERBILT_CRC::PATIENT::b279c0a0ecf76890	eligible		f761eaad4bca486a221a9b35e1654d354a4deb1ba0fa86d5c17d234a4d57a569
HTAN::7794_AS_2_filtered_trimmed_WD33468.h5ad	013_HTAN_CRC	HTAN_VANDERBILT_CRC	HTAN_VANDERBILT_CRC::PATIENT::bbd41350b0c0bd3c	eligible		4fbc4fd54c0ee2be67c109993a115bb952cf389e66a931ab84e58c98fc0a9360
HTAN::7319_AS_4_filtered_trimmed.h5ad	013_HTAN_CRC	HTAN_VANDERBILT_CRC	HTAN_VANDERBILT_CRC::PATIENT::c0b1b19d533645cb	eligible		73be88a172964a83594b9c1ec5f32138d1c55033ae4d92e4df1cd765eb10e4fb
HTAN::8899_AS_3_filtered_trimmed.h5ad	013_HTAN_CRC	HTAN_VANDERBILT_CRC	HTAN_VANDERBILT_CRC::PATIENT::c591c5e150910f33	eligible		cdaf578044c66701a24a685f806e7309bfcee80f08f5526512e4a15c4c7041db
HTAN::8899_AS_4_filtered_trimmed.h5ad	013_HTAN_CRC	HTAN_VANDERBILT_CRC	HTAN_VANDERBILT_CRC::PATIENT::c591c5e150910f33	eligible		88e568ac390a4160fe2959a11523abed9b83cf020927d411d203c8c6fd63d0df
HTAN::7003_AS_7_filtered_trimmed.h5ad	013_HTAN_CRC	HTAN_VANDERBILT_CRC	HTAN_VANDERBILT_CRC::PATIENT::e52fa79982a9ecea	ineligible	counts_not_technically_available|observation_count_unavailable|record_status_not_current	1d42c928d7fddcd29349d8fe925e50993a7d57a5f6f0e580bc4ede7c46d17951
HTAN::7003_AS_8_filtered_trimmed.h5ad	013_HTAN_CRC	HTAN_VANDERBILT_CRC	HTAN_VANDERBILT_CRC::PATIENT::e52fa79982a9ecea	eligible		71a132d8f369b34deb2cfab30ff72f48220a1e7e130e9ecb90166f69f4ddfb34
ST_CRC_CMS::SN048_A121573_Rep1	013_ST_CRC_CMS	ST_CRC_CMS	ST_CRC_CMS::PATIENT::01d49ea3852dbab9	eligible		4c9b1d5ef14e06686a4303a5b4a5fb3c48f3f05eb9156c51c5ab3d31f3e7c2fc
ST_CRC_CMS::SN048_A121573_Rep2	013_ST_CRC_CMS	ST_CRC_CMS	ST_CRC_CMS::PATIENT::01d49ea3852dbab9	eligible		b88d4dbb861dc97342b4da2ee119af1f925ea4f5c95d2587198f5f75372fefe6
ST_CRC_CMS::SN048_A416371_Rep1	013_ST_CRC_CMS	ST_CRC_CMS	ST_CRC_CMS::PATIENT::1ae41c966afe7f34	eligible		9ff5396d4581841ebe4e5dff3a39200a65fac3f91bae8d041efbc64393028f87
ST_CRC_CMS::SN048_A416371_Rep2	013_ST_CRC_CMS	ST_CRC_CMS	ST_CRC_CMS::PATIENT::1ae41c966afe7f34	eligible		51e94aae371f186121659fa6f5410f023e5c9830af1a239caaf7d9f692b7f482
ST_CRC_CMS::SN123_A595688_Rep1	013_ST_CRC_CMS	ST_CRC_CMS	ST_CRC_CMS::PATIENT::4ba09d0d8a81a32c	eligible		70c892d146424c96cb032444b98fc6a52ce04d3ed94bc3cc353a4ab5ca3dfbce
ST_CRC_CMS::SN124_A595688_Rep2	013_ST_CRC_CMS	ST_CRC_CMS	ST_CRC_CMS::PATIENT::4ba09d0d8a81a32c	eligible		374bf628ea8e38891c36e82872c0607b7a62fc9220b19bf66fa4d46653f8f8b6
ST_CRC_CMS::SN123_A551763_Rep1	013_ST_CRC_CMS	ST_CRC_CMS	ST_CRC_CMS::PATIENT::5399a83c19996600	eligible		5319dca447814421dd18358f9cbb13c655f71ea0be5d903644de50a843f809ae
ST_CRC_CMS::SN124_A551763_Rep2	013_ST_CRC_CMS	ST_CRC_CMS	ST_CRC_CMS::PATIENT::5399a83c19996600	eligible		ad9486feaa5c97aacbc7e9d109cd0c63c53569fe6edae7497703c8edf22f538f
ST_CRC_CMS::SN123_A798015_Rep1	013_ST_CRC_CMS	ST_CRC_CMS	ST_CRC_CMS::PATIENT::5619c44ddca2f782	eligible		8b70061b3e34ca1f229a10d827e451d8d74af0547750e02fb79bf65ab957a64b
ST_CRC_CMS::SN124_A798015_Rep2	013_ST_CRC_CMS	ST_CRC_CMS	ST_CRC_CMS::PATIENT::5619c44ddca2f782	eligible		80845c395b9c12ad06717b99df06f9d647e7b33d7725d73487d5de89f3a8b0a0
ST_CRC_CMS::SN123_A938797_Rep1_X	013_ST_CRC_CMS	ST_CRC_CMS	ST_CRC_CMS::PATIENT::8448c8d266f03cd4	eligible		ceb68d6aff51bd645dde74adb134d7f0ff9e51f13952563af825d44b5de7f710
ST_CRC_CMS::SN124_A938797_Rep2	013_ST_CRC_CMS	ST_CRC_CMS	ST_CRC_CMS::PATIENT::8448c8d266f03cd4	eligible		6a48820fc364fe794b4affb5ad71652c55794c736b6786eaf949942574b69445
ST_CRC_CMS::SN84_A120838_Rep1	013_ST_CRC_CMS	ST_CRC_CMS	ST_CRC_CMS::PATIENT::bbb3c37ffe61230a	eligible		e3d27bde004c6873d906d36f77530d9494b56b31191bf2424cb540aa08b4493b
ST_CRC_CMS::SN84_A120838_Rep2	013_ST_CRC_CMS	ST_CRC_CMS	ST_CRC_CMS::PATIENT::bbb3c37ffe61230a	eligible		b4590d1ccbc9cb31cd47677ed2a6519c2029306a798eedab1df2908f92f76684
TLS_VISIUM_USZ::LC3	013_TLS_USZ	TLS_VISIUM_USZ	TLS_VISIUM_USZ::PATIENT::0277194ca1561b98	eligible		dad42cff73b93eec48c2a3c4b01b8616e05e9f7ca7fe839d8d618c702e4e4950
TLS_VISIUM_USZ::KC3	013_TLS_USZ	TLS_VISIUM_USZ	TLS_VISIUM_USZ::PATIENT::05d0cf19760f8f04	eligible		88f788bd18ce2754cc59f3c8312a7de3b63bdc8da5fe651811979ffb91ecf317
TLS_VISIUM_USZ::LC2	013_TLS_USZ	TLS_VISIUM_USZ	TLS_VISIUM_USZ::PATIENT::5a46f98f9f8eedfe	eligible		0c3eb8d78368fc1adf615e9fae2b3df632ed95de0af481d2813ad3178ae9526f
TLS_VISIUM_USZ::LC1	013_TLS_USZ	TLS_VISIUM_USZ	TLS_VISIUM_USZ::PATIENT::7054344dca71771a	eligible		825abae4b1b8fc507b8b97242cc9b35de1582403b6118dcff46f125d59eac20f
TLS_VISIUM_USZ::KC1	013_TLS_USZ	TLS_VISIUM_USZ	TLS_VISIUM_USZ::PATIENT::7b9204be03aa71d0	eligible		b9758fef3334af42ee4cbcee1cb58b1089de9f7e88bc74a052af8bc30c3ad786
TLS_VISIUM_USZ::LC5	013_TLS_USZ	TLS_VISIUM_USZ	TLS_VISIUM_USZ::PATIENT::83fba1cd85d2f31b	eligible		03c62c66c9c34c4d5027f69da60ebf7cd23bf598e953dec5c70f1e8a1c655093
TLS_VISIUM_USZ::KC2	013_TLS_USZ	TLS_VISIUM_USZ	TLS_VISIUM_USZ::PATIENT::e13843047f4d2612	eligible		857cb3b244fe9e6f86a87362be65e7bd5c88d2e87774dc0097a76237468437dc
TLS_VISIUM_USZ::LC4	013_TLS_USZ	TLS_VISIUM_USZ	TLS_VISIUM_USZ::PATIENT::ff5fc998488e94c0	eligible		6659ca0b51fbddaa640c2aaab42c3fea57541d71ded271c03c1b99c6a4d70b4f
