mapping_id	cohort_id	annotation_field	original_label	harmonized_coarse	harmonized_mid	harmonized_fine	coarse_ontology_id	mid_ontology_id	fine_ontology_id	mapping_confidence	mapping_status	mapping_resolution_status	shadow_candidate_level	shadow_candidate_label	shadow_candidate_ontology_id	n_shadow_observations	mapping_source	source_sha256
canonical__7b6a83617795cba3d16d	GSE123813_bcc	celltype_raw	B_cells_1	B_Plasma	B_cell	Unknown	identity::coarse::B_Plasma	identity::mid::B_cell	annotation_status::fine::Unknown	high	canonical	resolved				0	v6_original_to_harmonized_label_map	c271d7067eefff379b2a8e344b3697c4508ea6d07dbca45192e87dc0512849cd
canonical__712b0b8181216080331e	GSE123813_bcc	celltype_raw	B_cells_2	B_Plasma	B_cell	Unknown	identity::coarse::B_Plasma	identity::mid::B_cell	annotation_status::fine::Unknown	high	canonical	resolved				0	v6_original_to_harmonized_label_map	c271d7067eefff379b2a8e344b3697c4508ea6d07dbca45192e87dc0512849cd
canonical__2af4a929131032c723d3	GSE123813_bcc	celltype_raw	CAFs	CAF_Stromal	CAF	Unknown	identity::coarse::CAF_Stromal	identity::mid::CAF	annotation_status::fine::Unknown	high	canonical	resolved				0	v6_original_to_harmonized_label_map	c271d7067eefff379b2a8e344b3697c4508ea6d07dbca45192e87dc0512849cd
canonical__2de3a41075b1213279ad	GSE123813_bcc	celltype_raw	CD4_T_cells	T_NK	CD4_T	Unknown	identity::coarse::T_NK	identity::mid::CD4_T	annotation_status::fine::Unknown	high	canonical	resolved				0	v6_original_to_harmonized_label_map	c271d7067eefff379b2a8e344b3697c4508ea6d07dbca45192e87dc0512849cd
canonical__8bc9343af10eea7075ce	GSE123813_bcc	celltype_raw	CD8_act_T_cells	T_NK	CD8_T	Unknown	identity::coarse::T_NK	identity::mid::CD8_T	annotation_status::fine::Unknown	high	canonical	resolved				0	v6_original_to_harmonized_label_map	c271d7067eefff379b2a8e344b3697c4508ea6d07dbca45192e87dc0512849cd
canonical__6e2d7e5a62ec9bfe3977	GSE123813_bcc	celltype_raw	CD8_ex_T_cells	T_NK	CD8_T	Unknown	identity::coarse::T_NK	identity::mid::CD8_T	annotation_status::fine::Unknown	high	canonical	resolved				0	v6_original_to_harmonized_label_map	c271d7067eefff379b2a8e344b3697c4508ea6d07dbca45192e87dc0512849cd
canonical__8fe570649a7a23f7d985	GSE123813_bcc	celltype_raw	CD8_mem_T_cells	T_NK	CD8_T	Unknown	identity::coarse::T_NK	identity::mid::CD8_T	annotation_status::fine::Unknown	high	canonical	resolved				0	v6_original_to_harmonized_label_map	c271d7067eefff379b2a8e344b3697c4508ea6d07dbca45192e87dc0512849cd
canonical__b2cc207f332685278e95	GSE123813_bcc	celltype_raw	DCs	Unknown	Unknown	Unknown	annotation_status::coarse::Unknown	annotation_status::mid::Unknown	annotation_status::fine::Unknown	low	canonical	unknown				0	v6_original_to_harmonized_label_map	c271d7067eefff379b2a8e344b3697c4508ea6d07dbca45192e87dc0512849cd
canonical__84342a306958a55c1652	GSE123813_bcc	celltype_raw	Endothelial	Endothelial	Endothelial	Unknown	identity::coarse::Endothelial	identity::mid::Endothelial	annotation_status::fine::Unknown	high	canonical	resolved				0	v6_original_to_harmonized_label_map	c271d7067eefff379b2a8e344b3697c4508ea6d07dbca45192e87dc0512849cd
canonical__7735a1be9e97efe103a3	GSE123813_bcc	celltype_raw	Macrophages	Myeloid	Macrophage	Unknown	identity::coarse::Myeloid	identity::mid::Macrophage	annotation_status::fine::Unknown	high	canonical	resolved				0	v6_original_to_harmonized_label_map	c271d7067eefff379b2a8e344b3697c4508ea6d07dbca45192e87dc0512849cd
canonical__4fd50f2dbbb5404c86ac	GSE123813_bcc	celltype_raw	Melanocytes	Unknown	Unknown	Unknown	annotation_status::coarse::Unknown	annotation_status::mid::Unknown	annotation_status::fine::Unknown	low	canonical	unknown				0	v6_original_to_harmonized_label_map	c271d7067eefff379b2a8e344b3697c4508ea6d07dbca45192e87dc0512849cd
canonical__0aa6e4fdbfb97b2ce9f9	GSE123813_bcc	celltype_raw	Myofibroblasts	CAF_Stromal	CAF	Unknown	identity::coarse::CAF_Stromal	identity::mid::CAF	annotation_status::fine::Unknown	high	canonical	resolved				0	v6_original_to_harmonized_label_map	c271d7067eefff379b2a8e344b3697c4508ea6d07dbca45192e87dc0512849cd
canonical__6138206af2f772ee5aa3	GSE123813_bcc	celltype_raw	NK_cells	T_NK	NK	Unknown	identity::coarse::T_NK	identity::mid::NK	annotation_status::fine::Unknown	high	canonical	resolved				0	v6_original_to_harmonized_label_map	c271d7067eefff379b2a8e344b3697c4508ea6d07dbca45192e87dc0512849cd
canonical__1a300147ddbaa8c757e0	GSE123813_bcc	celltype_raw	Plasma_cells	B_Plasma	Plasma_cell	Unknown	identity::coarse::B_Plasma	identity::mid::Plasma_cell	annotation_status::fine::Unknown	high	canonical	resolved				0	v6_original_to_harmonized_label_map	c271d7067eefff379b2a8e344b3697c4508ea6d07dbca45192e87dc0512849cd
canonical__2c205f21a6c1dd6cd503	GSE123813_bcc	celltype_raw	Tcell_prolif	Unknown	Unknown	Unknown	annotation_status::coarse::Unknown	annotation_status::mid::Unknown	annotation_status::fine::Unknown	low	canonical	unknown				0	v6_original_to_harmonized_label_map	c271d7067eefff379b2a8e344b3697c4508ea6d07dbca45192e87dc0512849cd
canonical__d545202c049ea740b4da	GSE123813_bcc	celltype_raw	Tregs	T_NK	Treg	Unknown	identity::coarse::T_NK	identity::mid::Treg	annotation_status::fine::Unknown	high	canonical	resolved				0	v6_original_to_harmonized_label_map	c271d7067eefff379b2a8e344b3697c4508ea6d07dbca45192e87dc0512849cd
canonical__c66df2b641d722755c18	GSE123813_bcc	celltype_raw	Tumor_1	Tumor_like	Tumor_epithelial_like	Unknown	identity::coarse::Tumor_like	identity::mid::Tumor_epithelial_like	annotation_status::fine::Unknown	high	canonical	resolved				0	v6_original_to_harmonized_label_map	c271d7067eefff379b2a8e344b3697c4508ea6d07dbca45192e87dc0512849cd
canonical__e5c4221ece109b8abc5c	GSE123813_bcc	celltype_raw	Tumor_2	Tumor_like	Tumor_epithelial_like	Unknown	identity::coarse::Tumor_like	identity::mid::Tumor_epithelial_like	annotation_status::fine::Unknown	high	canonical	resolved				0	v6_original_to_harmonized_label_map	c271d7067eefff379b2a8e344b3697c4508ea6d07dbca45192e87dc0512849cd
canonical__3ee42dff59e22abc7d48	GSE123813_bcc	celltype_raw	pDCs	DC_APC	pDC	Unknown	identity::coarse::DC_APC	identity::mid::pDC	annotation_status::fine::Unknown	high	canonical	resolved				0	v6_original_to_harmonized_label_map	c271d7067eefff379b2a8e344b3697c4508ea6d07dbca45192e87dc0512849cd
canonical__217bb30e77bdeabf710e	GSE123813_bcc	cluster	B_cells_1	B_Plasma	B_cell	Unknown	identity::coarse::B_Plasma	identity::mid::B_cell	annotation_status::fine::Unknown	high	canonical	resolved				0	v6_original_to_harmonized_label_map	c271d7067eefff379b2a8e344b3697c4508ea6d07dbca45192e87dc0512849cd
canonical__e504a6c0ea6977f3fe64	GSE123813_bcc	cluster	B_cells_2	B_Plasma	B_cell	Unknown	identity::coarse::B_Plasma	identity::mid::B_cell	annotation_status::fine::Unknown	high	canonical	resolved				0	v6_original_to_harmonized_label_map	c271d7067eefff379b2a8e344b3697c4508ea6d07dbca45192e87dc0512849cd
canonical__28f96399dd06cebfe189	GSE123813_bcc	cluster	CAFs	CAF_Stromal	CAF	Unknown	identity::coarse::CAF_Stromal	identity::mid::CAF	annotation_status::fine::Unknown	high	canonical	resolved				0	v6_original_to_harmonized_label_map	c271d7067eefff379b2a8e344b3697c4508ea6d07dbca45192e87dc0512849cd
canonical__9ddeb613ada76241c2a6	GSE123813_bcc	cluster	CD4_T_cells	T_NK	CD4_T	Unknown	identity::coarse::T_NK	identity::mid::CD4_T	annotation_status::fine::Unknown	high	canonical	resolved				0	v6_original_to_harmonized_label_map	c271d7067eefff379b2a8e344b3697c4508ea6d07dbca45192e87dc0512849cd
canonical__374714b80344aaf7f239	GSE123813_bcc	cluster	CD8_act_T_cells	T_NK	CD8_T	Unknown	identity::coarse::T_NK	identity::mid::CD8_T	annotation_status::fine::Unknown	high	canonical	resolved				0	v6_original_to_harmonized_label_map	c271d7067eefff379b2a8e344b3697c4508ea6d07dbca45192e87dc0512849cd
canonical__6a12a6b8fe15d10b3ebd	GSE123813_bcc	cluster	CD8_ex_T_cells	T_NK	CD8_T	Unknown	identity::coarse::T_NK	identity::mid::CD8_T	annotation_status::fine::Unknown	high	canonical	resolved				0	v6_original_to_harmonized_label_map	c271d7067eefff379b2a8e344b3697c4508ea6d07dbca45192e87dc0512849cd
canonical__aa2b9ed000e46404a1cc	GSE123813_bcc	cluster	CD8_mem_T_cells	T_NK	CD8_T	Unknown	identity::coarse::T_NK	identity::mid::CD8_T	annotation_status::fine::Unknown	high	canonical	resolved				0	v6_original_to_harmonized_label_map	c271d7067eefff379b2a8e344b3697c4508ea6d07dbca45192e87dc0512849cd
canonical__b6577ef0b3f94e400df8	GSE123813_bcc	cluster	DCs	Unknown	Unknown	Unknown	annotation_status::coarse::Unknown	annotation_status::mid::Unknown	annotation_status::fine::Unknown	low	canonical	unknown				0	v6_original_to_harmonized_label_map	c271d7067eefff379b2a8e344b3697c4508ea6d07dbca45192e87dc0512849cd
canonical__26c8b521499c638eec4c	GSE123813_bcc	cluster	Endothelial	Endothelial	Endothelial	Unknown	identity::coarse::Endothelial	identity::mid::Endothelial	annotation_status::fine::Unknown	high	canonical	resolved				0	v6_original_to_harmonized_label_map	c271d7067eefff379b2a8e344b3697c4508ea6d07dbca45192e87dc0512849cd
canonical__af4d45c278a3bd167c1d	GSE123813_bcc	cluster	Macrophages	Myeloid	Macrophage	Unknown	identity::coarse::Myeloid	identity::mid::Macrophage	annotation_status::fine::Unknown	high	canonical	resolved				0	v6_original_to_harmonized_label_map	c271d7067eefff379b2a8e344b3697c4508ea6d07dbca45192e87dc0512849cd
canonical__7c2c5566b3701898d4b3	GSE123813_bcc	cluster	Melanocytes	Unknown	Unknown	Unknown	annotation_status::coarse::Unknown	annotation_status::mid::Unknown	annotation_status::fine::Unknown	low	canonical	unknown				0	v6_original_to_harmonized_label_map	c271d7067eefff379b2a8e344b3697c4508ea6d07dbca45192e87dc0512849cd
canonical__d0dbf4b5af81dfb3142e	GSE123813_bcc	cluster	Myofibroblasts	CAF_Stromal	CAF	Unknown	identity::coarse::CAF_Stromal	identity::mid::CAF	annotation_status::fine::Unknown	high	canonical	resolved				0	v6_original_to_harmonized_label_map	c271d7067eefff379b2a8e344b3697c4508ea6d07dbca45192e87dc0512849cd
canonical__a8f86cc5357a624b046a	GSE123813_bcc	cluster	NK_cells	T_NK	NK	Unknown	identity::coarse::T_NK	identity::mid::NK	annotation_status::fine::Unknown	high	canonical	resolved				0	v6_original_to_harmonized_label_map	c271d7067eefff379b2a8e344b3697c4508ea6d07dbca45192e87dc0512849cd
canonical__23d2e9335d2ff5ce5a9d	GSE123813_bcc	cluster	Plasma_cells	B_Plasma	Plasma_cell	Unknown	identity::coarse::B_Plasma	identity::mid::Plasma_cell	annotation_status::fine::Unknown	high	canonical	resolved				0	v6_original_to_harmonized_label_map	c271d7067eefff379b2a8e344b3697c4508ea6d07dbca45192e87dc0512849cd
canonical__eec7138edd25e33ae160	GSE123813_bcc	cluster	Tcell_prolif	Unknown	Unknown	Unknown	annotation_status::coarse::Unknown	annotation_status::mid::Unknown	annotation_status::fine::Unknown	low	canonical	unknown				0	v6_original_to_harmonized_label_map	c271d7067eefff379b2a8e344b3697c4508ea6d07dbca45192e87dc0512849cd
canonical__be0c66aa0ec437dfcd7f	GSE123813_bcc	cluster	Tregs	T_NK	Treg	Unknown	identity::coarse::T_NK	identity::mid::Treg	annotation_status::fine::Unknown	high	canonical	resolved				0	v6_original_to_harmonized_label_map	c271d7067eefff379b2a8e344b3697c4508ea6d07dbca45192e87dc0512849cd
canonical__12a4f0eb95a2a8f519fd	GSE123813_bcc	cluster	Tumor_1	Tumor_like	Tumor_epithelial_like	Unknown	identity::coarse::Tumor_like	identity::mid::Tumor_epithelial_like	annotation_status::fine::Unknown	high	canonical	resolved				0	v6_original_to_harmonized_label_map	c271d7067eefff379b2a8e344b3697c4508ea6d07dbca45192e87dc0512849cd
canonical__47b8c6c375416e52137d	GSE123813_bcc	cluster	Tumor_2	Tumor_like	Tumor_epithelial_like	Unknown	identity::coarse::Tumor_like	identity::mid::Tumor_epithelial_like	annotation_status::fine::Unknown	high	canonical	resolved				0	v6_original_to_harmonized_label_map	c271d7067eefff379b2a8e344b3697c4508ea6d07dbca45192e87dc0512849cd
canonical__1b65cc33d0e4a966c710	GSE123813_bcc	cluster	pDCs	DC_APC	pDC	Unknown	identity::coarse::DC_APC	identity::mid::pDC	annotation_status::fine::Unknown	high	canonical	resolved				0	v6_original_to_harmonized_label_map	c271d7067eefff379b2a8e344b3697c4508ea6d07dbca45192e87dc0512849cd
canonical__3d3bd32e0f5dec9213c5	GSE123813_scc	celltype_raw	CD8_act	T_NK	CD8_T	Unknown	identity::coarse::T_NK	identity::mid::CD8_T	annotation_status::fine::Unknown	high	canonical	resolved				0	v6_original_to_harmonized_label_map	c271d7067eefff379b2a8e344b3697c4508ea6d07dbca45192e87dc0512849cd
canonical__23470a70a7c762d4cf32	GSE123813_scc	celltype_raw	CD8_eff	T_NK	CD8_T	Unknown	identity::coarse::T_NK	identity::mid::CD8_T	annotation_status::fine::Unknown	high	canonical	resolved				0	v6_original_to_harmonized_label_map	c271d7067eefff379b2a8e344b3697c4508ea6d07dbca45192e87dc0512849cd
canonical__d2effc15b065fd5ddf37	GSE123813_scc	celltype_raw	CD8_ex	T_NK	CD8_T	Unknown	identity::coarse::T_NK	identity::mid::CD8_T	annotation_status::fine::Unknown	high	canonical	resolved				0	v6_original_to_harmonized_label_map	c271d7067eefff379b2a8e344b3697c4508ea6d07dbca45192e87dc0512849cd
canonical__ee75b0c66e3e3daf84aa	GSE123813_scc	celltype_raw	CD8_ex_act	T_NK	CD8_T	Unknown	identity::coarse::T_NK	identity::mid::CD8_T	annotation_status::fine::Unknown	high	canonical	resolved				0	v6_original_to_harmonized_label_map	c271d7067eefff379b2a8e344b3697c4508ea6d07dbca45192e87dc0512849cd
canonical__f59c61ec2c6223d6f139	GSE123813_scc	celltype_raw	CD8_mem	T_NK	CD8_T	Unknown	identity::coarse::T_NK	identity::mid::CD8_T	annotation_status::fine::Unknown	high	canonical	resolved				0	v6_original_to_harmonized_label_map	c271d7067eefff379b2a8e344b3697c4508ea6d07dbca45192e87dc0512849cd
canonical__39be12604d9ba091165d	GSE123813_scc	celltype_raw	CD8_naive	T_NK	CD8_T	Unknown	identity::coarse::T_NK	identity::mid::CD8_T	annotation_status::fine::Unknown	high	canonical	resolved				0	v6_original_to_harmonized_label_map	c271d7067eefff379b2a8e344b3697c4508ea6d07dbca45192e87dc0512849cd
canonical__bf694eb028ef914479f9	GSE123813_scc	celltype_raw	Naive	Unknown	Unknown	Unknown	annotation_status::coarse::Unknown	annotation_status::mid::Unknown	annotation_status::fine::Unknown	low	canonical	unknown				0	v6_original_to_harmonized_label_map	c271d7067eefff379b2a8e344b3697c4508ea6d07dbca45192e87dc0512849cd
canonical__ef990233b9af521e51e2	GSE123813_scc	celltype_raw	Tfh	Unknown	Unknown	Unknown	annotation_status::coarse::Unknown	annotation_status::mid::Unknown	annotation_status::fine::Unknown	low	canonical	unknown				0	v6_original_to_harmonized_label_map	c271d7067eefff379b2a8e344b3697c4508ea6d07dbca45192e87dc0512849cd
canonical__f0f005d8b6ed7af4b5fc	GSE123813_scc	celltype_raw	Th17	Unknown	Unknown	Unknown	annotation_status::coarse::Unknown	annotation_status::mid::Unknown	annotation_status::fine::Unknown	low	canonical	unknown				0	v6_original_to_harmonized_label_map	c271d7067eefff379b2a8e344b3697c4508ea6d07dbca45192e87dc0512849cd
canonical__3dd01eb98df16f659363	GSE123813_scc	celltype_raw	Treg	T_NK	Treg	Unknown	identity::coarse::T_NK	identity::mid::Treg	annotation_status::fine::Unknown	high	canonical	resolved				0	v6_original_to_harmonized_label_map	c271d7067eefff379b2a8e344b3697c4508ea6d07dbca45192e87dc0512849cd
canonical__cce2cd433a774ba9811e	GSE123813_scc	cluster	CD8_act	T_NK	CD8_T	Unknown	identity::coarse::T_NK	identity::mid::CD8_T	annotation_status::fine::Unknown	high	canonical	resolved				0	v6_original_to_harmonized_label_map	c271d7067eefff379b2a8e344b3697c4508ea6d07dbca45192e87dc0512849cd
canonical__ba209a31003824065ea6	GSE123813_scc	cluster	CD8_eff	T_NK	CD8_T	Unknown	identity::coarse::T_NK	identity::mid::CD8_T	annotation_status::fine::Unknown	high	canonical	resolved				0	v6_original_to_harmonized_label_map	c271d7067eefff379b2a8e344b3697c4508ea6d07dbca45192e87dc0512849cd
canonical__92de37ac494c9e41fec7	GSE123813_scc	cluster	CD8_ex	T_NK	CD8_T	Unknown	identity::coarse::T_NK	identity::mid::CD8_T	annotation_status::fine::Unknown	high	canonical	resolved				0	v6_original_to_harmonized_label_map	c271d7067eefff379b2a8e344b3697c4508ea6d07dbca45192e87dc0512849cd
canonical__f76a6ff6a413766701e4	GSE123813_scc	cluster	CD8_ex_act	T_NK	CD8_T	Unknown	identity::coarse::T_NK	identity::mid::CD8_T	annotation_status::fine::Unknown	high	canonical	resolved				0	v6_original_to_harmonized_label_map	c271d7067eefff379b2a8e344b3697c4508ea6d07dbca45192e87dc0512849cd
canonical__44e576a75974ae3b4370	GSE123813_scc	cluster	CD8_mem	T_NK	CD8_T	Unknown	identity::coarse::T_NK	identity::mid::CD8_T	annotation_status::fine::Unknown	high	canonical	resolved				0	v6_original_to_harmonized_label_map	c271d7067eefff379b2a8e344b3697c4508ea6d07dbca45192e87dc0512849cd
canonical__fc5177edd1a42dff8369	GSE123813_scc	cluster	CD8_naive	T_NK	CD8_T	Unknown	identity::coarse::T_NK	identity::mid::CD8_T	annotation_status::fine::Unknown	high	canonical	resolved				0	v6_original_to_harmonized_label_map	c271d7067eefff379b2a8e344b3697c4508ea6d07dbca45192e87dc0512849cd
canonical__f05c5b7416f1d167cd38	GSE123813_scc	cluster	Naive	Unknown	Unknown	Unknown	annotation_status::coarse::Unknown	annotation_status::mid::Unknown	annotation_status::fine::Unknown	low	canonical	unknown				0	v6_original_to_harmonized_label_map	c271d7067eefff379b2a8e344b3697c4508ea6d07dbca45192e87dc0512849cd
canonical__f545212ae59305c71662	GSE123813_scc	cluster	Tfh	Unknown	Unknown	Unknown	annotation_status::coarse::Unknown	annotation_status::mid::Unknown	annotation_status::fine::Unknown	low	canonical	unknown				0	v6_original_to_harmonized_label_map	c271d7067eefff379b2a8e344b3697c4508ea6d07dbca45192e87dc0512849cd
canonical__19b1435b29e983e033c4	GSE123813_scc	cluster	Th17	Unknown	Unknown	Unknown	annotation_status::coarse::Unknown	annotation_status::mid::Unknown	annotation_status::fine::Unknown	low	canonical	unknown				0	v6_original_to_harmonized_label_map	c271d7067eefff379b2a8e344b3697c4508ea6d07dbca45192e87dc0512849cd
canonical__bebb312fb0db79540c02	GSE123813_scc	cluster	Treg	T_NK	Treg	Unknown	identity::coarse::T_NK	identity::mid::Treg	annotation_status::fine::Unknown	high	canonical	resolved				0	v6_original_to_harmonized_label_map	c271d7067eefff379b2a8e344b3697c4508ea6d07dbca45192e87dc0512849cd
canonical__90a4fdc1acfc8777a288	GSE140228_droplet	celltype_global	ILCs	Unknown	Unknown	Unknown	annotation_status::coarse::Unknown	annotation_status::mid::Unknown	annotation_status::fine::Unknown	low	canonical	unknown				0	v6_original_to_harmonized_label_map	c271d7067eefff379b2a8e344b3697c4508ea6d07dbca45192e87dc0512849cd
canonical__a8b2a88d664408342d94	GSE140228_droplet	celltype_global	Lymphoid-B	Unknown	Unknown	Unknown	annotation_status::coarse::Unknown	annotation_status::mid::Unknown	annotation_status::fine::Unknown	low	canonical	unknown				0	v6_original_to_harmonized_label_map	c271d7067eefff379b2a8e344b3697c4508ea6d07dbca45192e87dc0512849cd
canonical__5b607df6e5c5a40e3b32	GSE140228_droplet	celltype_global	Lymphoid-B-Plasma	B_Plasma	Plasma_cell	Unknown	identity::coarse::B_Plasma	identity::mid::Plasma_cell	annotation_status::fine::Unknown	high	canonical	resolved				0	v6_original_to_harmonized_label_map	c271d7067eefff379b2a8e344b3697c4508ea6d07dbca45192e87dc0512849cd
canonical__f778d7569bc568cbf77c	GSE140228_droplet	celltype_global	Lymphoid-NK	Unknown	Unknown	Unknown	annotation_status::coarse::Unknown	annotation_status::mid::Unknown	annotation_status::fine::Unknown	low	canonical	unknown				0	v6_original_to_harmonized_label_map	c271d7067eefff379b2a8e344b3697c4508ea6d07dbca45192e87dc0512849cd
canonical__89e0425a8b45accdadec	GSE140228_droplet	celltype_global	Lymphoid-T	Unknown	Unknown	Unknown	annotation_status::coarse::Unknown	annotation_status::mid::Unknown	annotation_status::fine::Unknown	low	canonical	unknown				0	v6_original_to_harmonized_label_map	c271d7067eefff379b2a8e344b3697c4508ea6d07dbca45192e87dc0512849cd
canonical__8257ba6fde2a3f455cb7	GSE140228_droplet	celltype_global	Lymphoid-T-NK-Cycling	T_NK	NK	Unknown	identity::coarse::T_NK	identity::mid::NK	annotation_status::fine::Unknown	medium	canonical	resolved				0	v6_original_to_harmonized_label_map	c271d7067eefff379b2a8e344b3697c4508ea6d07dbca45192e87dc0512849cd
canonical__d4e1a32e3d2da8dded91	GSE140228_droplet	celltype_global	Myeloid	Unknown	Unknown	Unknown	annotation_status::coarse::Unknown	annotation_status::mid::Unknown	annotation_status::fine::Unknown	low	canonical	unknown				0	v6_original_to_harmonized_label_map	c271d7067eefff379b2a8e344b3697c4508ea6d07dbca45192e87dc0512849cd
canonical__a97710fb2e1593f0da87	GSE140228_droplet	celltype_global	Myeloid-Liver-doublets	Unknown	Unknown	Unknown	annotation_status::coarse::Unknown	annotation_status::mid::Unknown	annotation_status::fine::Unknown	low	canonical	unknown				0	v6_original_to_harmonized_label_map	c271d7067eefff379b2a8e344b3697c4508ea6d07dbca45192e87dc0512849cd
canonical__e22d5a6038888b288fec	GSE140228_droplet	celltype_global	Myeloid-Mast	Unknown	Unknown	Unknown	annotation_status::coarse::Unknown	annotation_status::mid::Unknown	annotation_status::fine::Unknown	low	canonical	unknown				0	v6_original_to_harmonized_label_map	c271d7067eefff379b2a8e344b3697c4508ea6d07dbca45192e87dc0512849cd
canonical__829bade9ea19804dba2d	GSE140228_droplet	celltype_raw	ILCs	Unknown	Unknown	Unknown	annotation_status::coarse::Unknown	annotation_status::mid::Unknown	annotation_status::fine::Unknown	low	canonical	unknown				0	v6_original_to_harmonized_label_map	c271d7067eefff379b2a8e344b3697c4508ea6d07dbca45192e87dc0512849cd
canonical__6ac9f835b647689b02bd	GSE140228_droplet	celltype_raw	Lymphoid-B	Unknown	Unknown	Unknown	annotation_status::coarse::Unknown	annotation_status::mid::Unknown	annotation_status::fine::Unknown	low	canonical	unknown				0	v6_original_to_harmonized_label_map	c271d7067eefff379b2a8e344b3697c4508ea6d07dbca45192e87dc0512849cd
canonical__f4e0eb45878ce686e1d5	GSE140228_droplet	celltype_raw	Lymphoid-B-Plasma	B_Plasma	Plasma_cell	Unknown	identity::coarse::B_Plasma	identity::mid::Plasma_cell	annotation_status::fine::Unknown	high	canonical	resolved				0	v6_original_to_harmonized_label_map	c271d7067eefff379b2a8e344b3697c4508ea6d07dbca45192e87dc0512849cd
canonical__7a6943128afda6327214	GSE140228_droplet	celltype_raw	Lymphoid-NK	Unknown	Unknown	Unknown	annotation_status::coarse::Unknown	annotation_status::mid::Unknown	annotation_status::fine::Unknown	low	canonical	unknown				0	v6_original_to_harmonized_label_map	c271d7067eefff379b2a8e344b3697c4508ea6d07dbca45192e87dc0512849cd
canonical__2bad44a8c8775f65bbb3	GSE140228_droplet	celltype_raw	Lymphoid-T	Unknown	Unknown	Unknown	annotation_status::coarse::Unknown	annotation_status::mid::Unknown	annotation_status::fine::Unknown	low	canonical	unknown				0	v6_original_to_harmonized_label_map	c271d7067eefff379b2a8e344b3697c4508ea6d07dbca45192e87dc0512849cd
canonical__801d563e1416f8e4df1c	GSE140228_droplet	celltype_raw	Lymphoid-T-NK-Cycling	T_NK	NK	Unknown	identity::coarse::T_NK	identity::mid::NK	annotation_status::fine::Unknown	medium	canonical	resolved				0	v6_original_to_harmonized_label_map	c271d7067eefff379b2a8e344b3697c4508ea6d07dbca45192e87dc0512849cd
canonical__2bc5d8a54b03464c5e34	GSE140228_droplet	celltype_raw	Myeloid	Unknown	Unknown	Unknown	annotation_status::coarse::Unknown	annotation_status::mid::Unknown	annotation_status::fine::Unknown	low	canonical	unknown				0	v6_original_to_harmonized_label_map	c271d7067eefff379b2a8e344b3697c4508ea6d07dbca45192e87dc0512849cd
canonical__9b8c90f9ab5cd056148a	GSE140228_droplet	celltype_raw	Myeloid-Liver-doublets	Unknown	Unknown	Unknown	annotation_status::coarse::Unknown	annotation_status::mid::Unknown	annotation_status::fine::Unknown	low	canonical	unknown				0	v6_original_to_harmonized_label_map	c271d7067eefff379b2a8e344b3697c4508ea6d07dbca45192e87dc0512849cd
canonical__f834c6718d4567776516	GSE140228_droplet	celltype_raw	Myeloid-Mast	Unknown	Unknown	Unknown	annotation_status::coarse::Unknown	annotation_status::mid::Unknown	annotation_status::fine::Unknown	low	canonical	unknown				0	v6_original_to_harmonized_label_map	c271d7067eefff379b2a8e344b3697c4508ea6d07dbca45192e87dc0512849cd
canonical__6d6456ef87dcf273770d	GSE140228_droplet	celltype_sub	CD4-C3-ANXA1	T_NK	CD4_T	Unknown	identity::coarse::T_NK	identity::mid::CD4_T	annotation_status::fine::Unknown	high	canonical	resolved				0	v6_original_to_harmonized_label_map	c271d7067eefff379b2a8e344b3697c4508ea6d07dbca45192e87dc0512849cd
canonical__918c74ca765201a56f82	GSE140228_droplet	celltype_sub	CD4-C4-IL7R	T_NK	CD4_T	Unknown	identity::coarse::T_NK	identity::mid::CD4_T	annotation_status::fine::Unknown	high	canonical	resolved				0	v6_original_to_harmonized_label_map	c271d7067eefff379b2a8e344b3697c4508ea6d07dbca45192e87dc0512849cd
canonical__7ded3a88d191fe58cc30	GSE140228_droplet	celltype_sub	CD4-C5-TCF7	T_NK	CD4_T	Unknown	identity::coarse::T_NK	identity::mid::CD4_T	annotation_status::fine::Unknown	high	canonical	resolved				0	v6_original_to_harmonized_label_map	c271d7067eefff379b2a8e344b3697c4508ea6d07dbca45192e87dc0512849cd
canonical__90c00dfda5a694479f92	GSE140228_droplet	celltype_sub	CD4-C6-CXCL13	T_NK	CD4_T	Unknown	identity::coarse::T_NK	identity::mid::CD4_T	annotation_status::fine::Unknown	high	canonical	resolved				0	v6_original_to_harmonized_label_map	c271d7067eefff379b2a8e344b3697c4508ea6d07dbca45192e87dc0512849cd
canonical__f453dbd6e55eba4345a4	GSE140228_droplet	celltype_sub	CD4-C7-FOXP3	T_NK	CD4_T	Unknown	identity::coarse::T_NK	identity::mid::CD4_T	annotation_status::fine::Unknown	medium	canonical	resolved				0	v6_original_to_harmonized_label_map	c271d7067eefff379b2a8e344b3697c4508ea6d07dbca45192e87dc0512849cd
canonical__5e808c72a952ac622eb6	GSE140228_droplet	celltype_sub	CD4/CD8-C1-CCR7	T_NK	CD8_T	Unknown	identity::coarse::T_NK	identity::mid::CD8_T	annotation_status::fine::Unknown	medium	canonical	resolved				0	v6_original_to_harmonized_label_map	c271d7067eefff379b2a8e344b3697c4508ea6d07dbca45192e87dc0512849cd
canonical__76f2f25dcc8a7c057588	GSE140228_droplet	celltype_sub	CD4/CD8-C2-MKI67	T_NK	CD8_T	Unknown	identity::coarse::T_NK	identity::mid::CD8_T	annotation_status::fine::Unknown	medium	canonical	resolved				0	v6_original_to_harmonized_label_map	c271d7067eefff379b2a8e344b3697c4508ea6d07dbca45192e87dc0512849cd
canonical__8e7d7b1c15c0043dc8ec	GSE140228_droplet	celltype_sub	CD8-C3-IL7R	T_NK	CD8_T	Unknown	identity::coarse::T_NK	identity::mid::CD8_T	annotation_status::fine::Unknown	high	canonical	resolved				0	v6_original_to_harmonized_label_map	c271d7067eefff379b2a8e344b3697c4508ea6d07dbca45192e87dc0512849cd
canonical__c26200ecd51516749a8f	GSE140228_droplet	celltype_sub	CD8-C4-CX3CR1	T_NK	CD8_T	Unknown	identity::coarse::T_NK	identity::mid::CD8_T	annotation_status::fine::Unknown	high	canonical	resolved				0	v6_original_to_harmonized_label_map	c271d7067eefff379b2a8e344b3697c4508ea6d07dbca45192e87dc0512849cd
canonical__615ada42d22e116b459c	GSE140228_droplet	celltype_sub	CD8-C5-SELL	T_NK	CD8_T	Unknown	identity::coarse::T_NK	identity::mid::CD8_T	annotation_status::fine::Unknown	high	canonical	resolved				0	v6_original_to_harmonized_label_map	c271d7067eefff379b2a8e344b3697c4508ea6d07dbca45192e87dc0512849cd
canonical__ef9093d457043a2d56fc	GSE140228_droplet	celltype_sub	CD8-C6-GZMK	T_NK	CD8_T	Unknown	identity::coarse::T_NK	identity::mid::CD8_T	annotation_status::fine::Unknown	high	canonical	resolved				0	v6_original_to_harmonized_label_map	c271d7067eefff379b2a8e344b3697c4508ea6d07dbca45192e87dc0512849cd
canonical__2c2a9f636a9327d2ace4	GSE140228_droplet	celltype_sub	CD8-C7-KLRD1	T_NK	CD8_T	Unknown	identity::coarse::T_NK	identity::mid::CD8_T	annotation_status::fine::Unknown	high	canonical	resolved				0	v6_original_to_harmonized_label_map	c271d7067eefff379b2a8e344b3697c4508ea6d07dbca45192e87dc0512849cd
canonical__905413d5a3b423a4fcdd	GSE140228_droplet	celltype_sub	CD8-C8-PDCD1	T_NK	CD8_T	Unknown	identity::coarse::T_NK	identity::mid::CD8_T	annotation_status::fine::Unknown	medium	canonical	resolved				0	v6_original_to_harmonized_label_map	c271d7067eefff379b2a8e344b3697c4508ea6d07dbca45192e87dc0512849cd
canonical__d65f08d6846fe50c4c20	GSE140228_droplet	celltype_sub	CD8-C9-SLC4A10	T_NK	CD8_T	Unknown	identity::coarse::T_NK	identity::mid::CD8_T	annotation_status::fine::Unknown	high	canonical	resolved				0	v6_original_to_harmonized_label_map	c271d7067eefff379b2a8e344b3697c4508ea6d07dbca45192e87dc0512849cd
canonical__9a454a7671ad53d173ba	GSE140228_droplet	celltype_sub	DC-C1-CD1C	DC_APC	DC	Unknown	identity::coarse::DC_APC	identity::mid::DC	annotation_status::fine::Unknown	high	canonical	resolved				0	v6_original_to_harmonized_label_map	c271d7067eefff379b2a8e344b3697c4508ea6d07dbca45192e87dc0512849cd
canonical__87d414def76421a0a08e	GSE140228_droplet	celltype_sub	DC-C2-FCER1A	DC_APC	DC	Unknown	identity::coarse::DC_APC	identity::mid::DC	annotation_status::fine::Unknown	high	canonical	resolved				0	v6_original_to_harmonized_label_map	c271d7067eefff379b2a8e344b3697c4508ea6d07dbca45192e87dc0512849cd
canonical__28268f31053ad6db61b9	GSE140228_droplet	celltype_sub	DC-C3-CLEC9A	DC_APC	DC	Unknown	identity::coarse::DC_APC	identity::mid::DC	annotation_status::fine::Unknown	high	canonical	resolved				0	v6_original_to_harmonized_label_map	c271d7067eefff379b2a8e344b3697c4508ea6d07dbca45192e87dc0512849cd
canonical__8f8251c4e44e8e1b28c2	GSE140228_droplet	celltype_sub	DC-C4-LAMP3	DC_APC	DC	Unknown	identity::coarse::DC_APC	identity::mid::DC	annotation_status::fine::Unknown	high	canonical	resolved				0	v6_original_to_harmonized_label_map	c271d7067eefff379b2a8e344b3697c4508ea6d07dbca45192e87dc0512849cd
canonical__c12371fcc99d59820caa	GSE140228_droplet	celltype_sub	ILCs	Unknown	Unknown	Unknown	annotation_status::coarse::Unknown	annotation_status::mid::Unknown	annotation_status::fine::Unknown	low	canonical	unknown				0	v6_original_to_harmonized_label_map	c271d7067eefff379b2a8e344b3697c4508ea6d07dbca45192e87dc0512849cd
canonical__1eef68be8e983b9ece5d	GSE140228_droplet	celltype_sub	Lymphoid-B	Unknown	Unknown	Unknown	annotation_status::coarse::Unknown	annotation_status::mid::Unknown	annotation_status::fine::Unknown	low	canonical	unknown				0	v6_original_to_harmonized_label_map	c271d7067eefff379b2a8e344b3697c4508ea6d07dbca45192e87dc0512849cd
canonical__539da3cd5d9aed0a5aa3	GSE140228_droplet	celltype_sub	Lymphoid-B-Plasma	B_Plasma	Plasma_cell	Unknown	identity::coarse::B_Plasma	identity::mid::Plasma_cell	annotation_status::fine::Unknown	high	canonical	resolved				0	v6_original_to_harmonized_label_map	c271d7067eefff379b2a8e344b3697c4508ea6d07dbca45192e87dc0512849cd
canonical__573a6fbff91ad750a813	GSE140228_droplet	celltype_sub	Mast-C1-IL7R	Unknown	Unknown	Unknown	annotation_status::coarse::Unknown	annotation_status::mid::Unknown	annotation_status::fine::Unknown	low	canonical	unknown				0	v6_original_to_harmonized_label_map	c271d7067eefff379b2a8e344b3697c4508ea6d07dbca45192e87dc0512849cd
canonical__1c28aacf6fe68c4b4a78	GSE140228_droplet	celltype_sub	Mast-C2-CPA3	Unknown	Unknown	Unknown	annotation_status::coarse::Unknown	annotation_status::mid::Unknown	annotation_status::fine::Unknown	low	canonical	unknown				0	v6_original_to_harmonized_label_map	c271d7067eefff379b2a8e344b3697c4508ea6d07dbca45192e87dc0512849cd
canonical__9fec9fbe81a0d1b96476	GSE140228_droplet	celltype_sub	Mono-C1-CD14	Myeloid	Monocyte	Unknown	identity::coarse::Myeloid	identity::mid::Monocyte	annotation_status::fine::Unknown	high	canonical	resolved				0	v6_original_to_harmonized_label_map	c271d7067eefff379b2a8e344b3697c4508ea6d07dbca45192e87dc0512849cd
canonical__f768b3367b8021e6e6c0	GSE140228_droplet	celltype_sub	Mono-C2-FCGR3A	Myeloid	Monocyte	Unknown	identity::coarse::Myeloid	identity::mid::Monocyte	annotation_status::fine::Unknown	high	canonical	resolved				0	v6_original_to_harmonized_label_map	c271d7067eefff379b2a8e344b3697c4508ea6d07dbca45192e87dc0512849cd
canonical__3e8cf45d4f97609d90b1	GSE140228_droplet	celltype_sub	Mφ-C1-THBS1	Unknown	Unknown	Unknown	annotation_status::coarse::Unknown	annotation_status::mid::Unknown	annotation_status::fine::Unknown	low	canonical	unknown				0	v6_original_to_harmonized_label_map	c271d7067eefff379b2a8e344b3697c4508ea6d07dbca45192e87dc0512849cd
canonical__d63ea70f1e7c705e4bb8	GSE140228_droplet	celltype_sub	Mφ-C2-C1QA	Unknown	Unknown	Unknown	annotation_status::coarse::Unknown	annotation_status::mid::Unknown	annotation_status::fine::Unknown	low	canonical	unknown				0	v6_original_to_harmonized_label_map	c271d7067eefff379b2a8e344b3697c4508ea6d07dbca45192e87dc0512849cd
canonical__6d24711a5fca5ea414d8	GSE140228_droplet	celltype_sub	Mφ-C3-APOE	Unknown	Unknown	Unknown	annotation_status::coarse::Unknown	annotation_status::mid::Unknown	annotation_status::fine::Unknown	low	canonical	unknown				0	v6_original_to_harmonized_label_map	c271d7067eefff379b2a8e344b3697c4508ea6d07dbca45192e87dc0512849cd
canonical__ed1e7b60089aa80a86e3	GSE140228_droplet	celltype_sub	Mφ-C4-GPX3	Unknown	Unknown	Unknown	annotation_status::coarse::Unknown	annotation_status::mid::Unknown	annotation_status::fine::Unknown	low	canonical	unknown				0	v6_original_to_harmonized_label_map	c271d7067eefff379b2a8e344b3697c4508ea6d07dbca45192e87dc0512849cd
canonical__c5dfafdb9e50ee6473d0	GSE140228_droplet	celltype_sub	Mφ-C5-VCAN	Unknown	Unknown	Unknown	annotation_status::coarse::Unknown	annotation_status::mid::Unknown	annotation_status::fine::Unknown	low	canonical	unknown				0	v6_original_to_harmonized_label_map	c271d7067eefff379b2a8e344b3697c4508ea6d07dbca45192e87dc0512849cd
canonical__70d369db9bd14fd51478	GSE140228_droplet	celltype_sub	Mφ-C6-MARCO	Unknown	Unknown	Unknown	annotation_status::coarse::Unknown	annotation_status::mid::Unknown	annotation_status::fine::Unknown	low	canonical	unknown				0	v6_original_to_harmonized_label_map	c271d7067eefff379b2a8e344b3697c4508ea6d07dbca45192e87dc0512849cd
canonical__120bd8c61debd04d4883	GSE140228_droplet	celltype_sub	NK-C1-FCGR3A	T_NK	NK	Unknown	identity::coarse::T_NK	identity::mid::NK	annotation_status::fine::Unknown	high	canonical	resolved				0	v6_original_to_harmonized_label_map	c271d7067eefff379b2a8e344b3697c4508ea6d07dbca45192e87dc0512849cd
canonical__19ce8b7061fb8e1d1ae7	GSE140228_droplet	celltype_sub	NK-C2-SELL	T_NK	NK	Unknown	identity::coarse::T_NK	identity::mid::NK	annotation_status::fine::Unknown	high	canonical	resolved				0	v6_original_to_harmonized_label_map	c271d7067eefff379b2a8e344b3697c4508ea6d07dbca45192e87dc0512849cd
canonical__c490ae925f2a0969232c	GSE140228_droplet	celltype_sub	NK-C3-IFNG	T_NK	NK	Unknown	identity::coarse::T_NK	identity::mid::NK	annotation_status::fine::Unknown	high	canonical	resolved				0	v6_original_to_harmonized_label_map	c271d7067eefff379b2a8e344b3697c4508ea6d07dbca45192e87dc0512849cd
canonical__cb59dfef6d37209c50e5	GSE140228_droplet	celltype_sub	NK-C4-IFNG-HSPA1A	T_NK	NK	Unknown	identity::coarse::T_NK	identity::mid::NK	annotation_status::fine::Unknown	high	canonical	resolved				0	v6_original_to_harmonized_label_map	c271d7067eefff379b2a8e344b3697c4508ea6d07dbca45192e87dc0512849cd
canonical__44d0923ace8f997b366b	GSE140228_droplet	celltype_sub	NK-C5-CD69	T_NK	NK	Unknown	identity::coarse::T_NK	identity::mid::NK	annotation_status::fine::Unknown	high	canonical	resolved				0	v6_original_to_harmonized_label_map	c271d7067eefff379b2a8e344b3697c4508ea6d07dbca45192e87dc0512849cd
canonical__645258eb96adbcc19106	GSE140228_droplet	celltype_sub	NK-C6-IL7R	T_NK	NK	Unknown	identity::coarse::T_NK	identity::mid::NK	annotation_status::fine::Unknown	high	canonical	resolved				0	v6_original_to_harmonized_label_map	c271d7067eefff379b2a8e344b3697c4508ea6d07dbca45192e87dc0512849cd
canonical__9686f8bbfa122f97dd57	GSE140228_droplet	celltype_sub	NK-C7-CD160	T_NK	NK	Unknown	identity::coarse::T_NK	identity::mid::NK	annotation_status::fine::Unknown	high	canonical	resolved				0	v6_original_to_harmonized_label_map	c271d7067eefff379b2a8e344b3697c4508ea6d07dbca45192e87dc0512849cd
canonical__58bda4c42fe114bbea38	GSE140228_droplet	celltype_sub	NK-C8-CD160-HSPA1A	T_NK	NK	Unknown	identity::coarse::T_NK	identity::mid::NK	annotation_status::fine::Unknown	high	canonical	resolved				0	v6_original_to_harmonized_label_map	c271d7067eefff379b2a8e344b3697c4508ea6d07dbca45192e87dc0512849cd
canonical__fb5adb293223ae0763b4	GSE140228_droplet	celltype_sub	NK-C9-MKI67	T_NK	NK	Unknown	identity::coarse::T_NK	identity::mid::NK	annotation_status::fine::Unknown	high	canonical	resolved				0	v6_original_to_harmonized_label_map	c271d7067eefff379b2a8e344b3697c4508ea6d07dbca45192e87dc0512849cd
canonical__cdfc230e754ebc609f62	GSE140228_smartseq2	celltype_raw		Unknown	Unknown	Unknown	annotation_status::coarse::Unknown	annotation_status::mid::Unknown	annotation_status::fine::Unknown	low	canonical	unknown				0	v6_original_to_harmonized_label_map	c271d7067eefff379b2a8e344b3697c4508ea6d07dbca45192e87dc0512849cd
canonical__6760038b622370f03c63	GSE149614	celltype	B	Unknown	Unknown	Unknown	annotation_status::coarse::Unknown	annotation_status::mid::Unknown	annotation_status::fine::Unknown	low	canonical	unknown				0	v6_original_to_harmonized_label_map	c271d7067eefff379b2a8e344b3697c4508ea6d07dbca45192e87dc0512849cd
canonical__90363d37e056837c78fd	GSE149614	celltype	Endothelial	Endothelial	Endothelial	Unknown	identity::coarse::Endothelial	identity::mid::Endothelial	annotation_status::fine::Unknown	high	canonical	resolved				0	v6_original_to_harmonized_label_map	c271d7067eefff379b2a8e344b3697c4508ea6d07dbca45192e87dc0512849cd
canonical__928c05463ee6b3039510	GSE149614	celltype	Fibroblast	CAF_Stromal	CAF	Unknown	identity::coarse::CAF_Stromal	identity::mid::CAF	annotation_status::fine::Unknown	high	canonical	resolved				0	v6_original_to_harmonized_label_map	c271d7067eefff379b2a8e344b3697c4508ea6d07dbca45192e87dc0512849cd
canonical__2fee5c799ef8117ee022	GSE149614	celltype	Hepatocyte	Tumor_like	Tumor_epithelial_like	Unknown	identity::coarse::Tumor_like	identity::mid::Tumor_epithelial_like	annotation_status::fine::Unknown	high	canonical	resolved				0	v6_original_to_harmonized_label_map	c271d7067eefff379b2a8e344b3697c4508ea6d07dbca45192e87dc0512849cd
canonical__ff3cdc23674008f44037	GSE149614	celltype	Myeloid	Unknown	Unknown	Unknown	annotation_status::coarse::Unknown	annotation_status::mid::Unknown	annotation_status::fine::Unknown	low	canonical	unknown				0	v6_original_to_harmonized_label_map	c271d7067eefff379b2a8e344b3697c4508ea6d07dbca45192e87dc0512849cd
canonical__612758c83cbbd3d44455	GSE149614	celltype	T/NK	Unknown	Unknown	Unknown	annotation_status::coarse::Unknown	annotation_status::mid::Unknown	annotation_status::fine::Unknown	low	canonical	unknown				0	v6_original_to_harmonized_label_map	c271d7067eefff379b2a8e344b3697c4508ea6d07dbca45192e87dc0512849cd
canonical__5b631f614fa9c9efec04	GSE149614	celltype_raw	B	Unknown	Unknown	Unknown	annotation_status::coarse::Unknown	annotation_status::mid::Unknown	annotation_status::fine::Unknown	low	canonical	unknown				0	v6_original_to_harmonized_label_map	c271d7067eefff379b2a8e344b3697c4508ea6d07dbca45192e87dc0512849cd
canonical__e43cb37c224d58769865	GSE149614	celltype_raw	Endothelial	Endothelial	Endothelial	Unknown	identity::coarse::Endothelial	identity::mid::Endothelial	annotation_status::fine::Unknown	high	canonical	resolved				0	v6_original_to_harmonized_label_map	c271d7067eefff379b2a8e344b3697c4508ea6d07dbca45192e87dc0512849cd
canonical__f9a3703c8cb1cd1d6723	GSE149614	celltype_raw	Fibroblast	CAF_Stromal	CAF	Unknown	identity::coarse::CAF_Stromal	identity::mid::CAF	annotation_status::fine::Unknown	high	canonical	resolved				0	v6_original_to_harmonized_label_map	c271d7067eefff379b2a8e344b3697c4508ea6d07dbca45192e87dc0512849cd
canonical__f21c15878d6107a2b57c	GSE149614	celltype_raw	Hepatocyte	Tumor_like	Tumor_epithelial_like	Unknown	identity::coarse::Tumor_like	identity::mid::Tumor_epithelial_like	annotation_status::fine::Unknown	high	canonical	resolved				0	v6_original_to_harmonized_label_map	c271d7067eefff379b2a8e344b3697c4508ea6d07dbca45192e87dc0512849cd
canonical__305e26d09bc1e56a3bc9	GSE149614	celltype_raw	Myeloid	Unknown	Unknown	Unknown	annotation_status::coarse::Unknown	annotation_status::mid::Unknown	annotation_status::fine::Unknown	low	canonical	unknown				0	v6_original_to_harmonized_label_map	c271d7067eefff379b2a8e344b3697c4508ea6d07dbca45192e87dc0512849cd
canonical__820231a1e12a2cdf767a	GSE149614	celltype_raw	T/NK	Unknown	Unknown	Unknown	annotation_status::coarse::Unknown	annotation_status::mid::Unknown	annotation_status::fine::Unknown	low	canonical	unknown				0	v6_original_to_harmonized_label_map	c271d7067eefff379b2a8e344b3697c4508ea6d07dbca45192e87dc0512849cd
canonical__0f9a07214cc926a6e508	GSE161801	celltype_1	B	Unknown	Unknown	Unknown	annotation_status::coarse::Unknown	annotation_status::mid::Unknown	annotation_status::fine::Unknown	low	canonical	unknown				0	v6_original_to_harmonized_label_map	c271d7067eefff379b2a8e344b3697c4508ea6d07dbca45192e87dc0512849cd
canonical__4df4f0d656d5dc5cecd6	GSE161801	celltype_1	B_im	Unknown	Unknown	Unknown	annotation_status::coarse::Unknown	annotation_status::mid::Unknown	annotation_status::fine::Unknown	low	canonical	unknown				0	v6_original_to_harmonized_label_map	c271d7067eefff379b2a8e344b3697c4508ea6d07dbca45192e87dc0512849cd
canonical__91485f3168782c626e2a	GSE161801	celltype_1	CLP	Unknown	Unknown	Unknown	annotation_status::coarse::Unknown	annotation_status::mid::Unknown	annotation_status::fine::Unknown	low	canonical	unknown				0	v6_original_to_harmonized_label_map	c271d7067eefff379b2a8e344b3697c4508ea6d07dbca45192e87dc0512849cd
canonical__6f7f955ac0f048850a11	GSE161801	celltype_1	ERP	Unknown	Unknown	Unknown	annotation_status::coarse::Unknown	annotation_status::mid::Unknown	annotation_status::fine::Unknown	low	canonical	unknown				0	v6_original_to_harmonized_label_map	c271d7067eefff379b2a8e344b3697c4508ea6d07dbca45192e87dc0512849cd
canonical__cd5c42334670c0d57161	GSE161801	celltype_1	Er	Unknown	Unknown	Unknown	annotation_status::coarse::Unknown	annotation_status::mid::Unknown	annotation_status::fine::Unknown	low	canonical	unknown				0	v6_original_to_harmonized_label_map	c271d7067eefff379b2a8e344b3697c4508ea6d07dbca45192e87dc0512849cd
canonical__730c8207f98a80887009	GSE161801	celltype_1	GMP	Unknown	Unknown	Unknown	annotation_status::coarse::Unknown	annotation_status::mid::Unknown	annotation_status::fine::Unknown	low	canonical	unknown				0	v6_original_to_harmonized_label_map	c271d7067eefff379b2a8e344b3697c4508ea6d07dbca45192e87dc0512849cd
canonical__a47b3ca0fe2016196bb3	GSE161801	celltype_1	HSC	Unknown	Unknown	Unknown	annotation_status::coarse::Unknown	annotation_status::mid::Unknown	annotation_status::fine::Unknown	low	canonical	unknown				0	v6_original_to_harmonized_label_map	c271d7067eefff379b2a8e344b3697c4508ea6d07dbca45192e87dc0512849cd
canonical__407552ca731ef99dc567	GSE161801	celltype_1	MPP	Unknown	Unknown	Unknown	annotation_status::coarse::Unknown	annotation_status::mid::Unknown	annotation_status::fine::Unknown	low	canonical	unknown				0	v6_original_to_harmonized_label_map	c271d7067eefff379b2a8e344b3697c4508ea6d07dbca45192e87dc0512849cd
canonical__057afcd4c2b67738792f	GSE161801	celltype_1	MkP	Unknown	Unknown	Unknown	annotation_status::coarse::Unknown	annotation_status::mid::Unknown	annotation_status::fine::Unknown	low	canonical	unknown				0	v6_original_to_harmonized_label_map	c271d7067eefff379b2a8e344b3697c4508ea6d07dbca45192e87dc0512849cd
canonical__d27e9ebc6cb0cc3a6e63	GSE161801	celltype_1	Mono/Macro_CD14	Unknown	Unknown	Unknown	annotation_status::coarse::Unknown	annotation_status::mid::Unknown	annotation_status::fine::Unknown	low	canonical	unknown				0	v6_original_to_harmonized_label_map	c271d7067eefff379b2a8e344b3697c4508ea6d07dbca45192e87dc0512849cd
canonical__44256c024bcc4adda84c	GSE161801	celltype_1	Mono/Macro_CD16	Unknown	Unknown	Unknown	annotation_status::coarse::Unknown	annotation_status::mid::Unknown	annotation_status::fine::Unknown	low	canonical	unknown				0	v6_original_to_harmonized_label_map	c271d7067eefff379b2a8e344b3697c4508ea6d07dbca45192e87dc0512849cd
canonical__fd74e60a4292309aed37	GSE161801	celltype_1	Myeloma	Unknown	Unknown	Unknown	annotation_status::coarse::Unknown	annotation_status::mid::Unknown	annotation_status::fine::Unknown	low	canonical	unknown				0	v6_original_to_harmonized_label_map	c271d7067eefff379b2a8e344b3697c4508ea6d07dbca45192e87dc0512849cd
canonical__52a05b587ffba73f8a78	GSE161801	celltype_1	NKT	Unknown	Unknown	Unknown	annotation_status::coarse::Unknown	annotation_status::mid::Unknown	annotation_status::fine::Unknown	low	canonical	unknown				0	v6_original_to_harmonized_label_map	c271d7067eefff379b2a8e344b3697c4508ea6d07dbca45192e87dc0512849cd
canonical__9f3fa3a3efab5a8c2fac	GSE161801	celltype_1	NK_bright	T_NK	NK	Unknown	identity::coarse::T_NK	identity::mid::NK	annotation_status::fine::Unknown	high	canonical	resolved				0	v6_original_to_harmonized_label_map	c271d7067eefff379b2a8e344b3697c4508ea6d07dbca45192e87dc0512849cd
canonical__293b75f05337f6d41832	GSE161801	celltype_1	NK_dim	T_NK	NK	Unknown	identity::coarse::T_NK	identity::mid::NK	annotation_status::fine::Unknown	high	canonical	resolved				0	v6_original_to_harmonized_label_map	c271d7067eefff379b2a8e344b3697c4508ea6d07dbca45192e87dc0512849cd
canonical__a21f6822d090e132e456	GSE161801	celltype_1	PC	Unknown	Unknown	Unknown	annotation_status::coarse::Unknown	annotation_status::mid::Unknown	annotation_status::fine::Unknown	low	canonical	unknown				0	v6_original_to_harmonized_label_map	c271d7067eefff379b2a8e344b3697c4508ea6d07dbca45192e87dc0512849cd
canonical__ce63ff4e54cafbbfabb9	GSE161801	celltype_1	PreB	Unknown	Unknown	Unknown	annotation_status::coarse::Unknown	annotation_status::mid::Unknown	annotation_status::fine::Unknown	low	canonical	unknown				0	v6_original_to_harmonized_label_map	c271d7067eefff379b2a8e344b3697c4508ea6d07dbca45192e87dc0512849cd
canonical__80f01901e81e191c26b2	GSE161801	celltype_1	ProB	Unknown	Unknown	Unknown	annotation_status::coarse::Unknown	annotation_status::mid::Unknown	annotation_status::fine::Unknown	low	canonical	unknown				0	v6_original_to_harmonized_label_map	c271d7067eefff379b2a8e344b3697c4508ea6d07dbca45192e87dc0512849cd
canonical__2f1b8c2e1dff03cff1aa	GSE161801	celltype_1	T_CD4_mem	T_NK	CD4_T	Unknown	identity::coarse::T_NK	identity::mid::CD4_T	annotation_status::fine::Unknown	high	canonical	resolved				0	v6_original_to_harmonized_label_map	c271d7067eefff379b2a8e344b3697c4508ea6d07dbca45192e87dc0512849cd
canonical__3ce935ba078363fe19a5	GSE161801	celltype_1	T_CD4_naive	T_NK	CD4_T	Unknown	identity::coarse::T_NK	identity::mid::CD4_T	annotation_status::fine::Unknown	high	canonical	resolved				0	v6_original_to_harmonized_label_map	c271d7067eefff379b2a8e344b3697c4508ea6d07dbca45192e87dc0512849cd
canonical__4045da6421caa5068367	GSE161801	celltype_1	T_CD8_mem	T_NK	CD8_T	Unknown	identity::coarse::T_NK	identity::mid::CD8_T	annotation_status::fine::Unknown	high	canonical	resolved				0	v6_original_to_harmonized_label_map	c271d7067eefff379b2a8e344b3697c4508ea6d07dbca45192e87dc0512849cd
canonical__d29fbd0cedbc31b22a31	GSE161801	celltype_1	T_CD8_mem_ck	T_NK	CD8_T	Unknown	identity::coarse::T_NK	identity::mid::CD8_T	annotation_status::fine::Unknown	high	canonical	resolved				0	v6_original_to_harmonized_label_map	c271d7067eefff379b2a8e344b3697c4508ea6d07dbca45192e87dc0512849cd
canonical__41a9d842be17eaebcdb7	GSE161801	celltype_1	T_CD8_naive	T_NK	CD8_T	Unknown	identity::coarse::T_NK	identity::mid::CD8_T	annotation_status::fine::Unknown	high	canonical	resolved				0	v6_original_to_harmonized_label_map	c271d7067eefff379b2a8e344b3697c4508ea6d07dbca45192e87dc0512849cd
canonical__0890208a71a724342842	GSE161801	celltype_1	T_CD8_tox	T_NK	CD8_T	Unknown	identity::coarse::T_NK	identity::mid::CD8_T	annotation_status::fine::Unknown	high	canonical	resolved				0	v6_original_to_harmonized_label_map	c271d7067eefff379b2a8e344b3697c4508ea6d07dbca45192e87dc0512849cd
canonical__74c24cb21feb34489683	GSE161801	celltype_1	T_cycling	Cycling	Unknown	Unknown	identity::coarse::Cycling	annotation_status::mid::Unknown	annotation_status::fine::Unknown	high	canonical	unknown				0	v6_original_to_harmonized_label_map	c271d7067eefff379b2a8e344b3697c4508ea6d07dbca45192e87dc0512849cd
canonical__0c87ef72e3ee85362548	GSE161801	celltype_1	Th17	Unknown	Unknown	Unknown	annotation_status::coarse::Unknown	annotation_status::mid::Unknown	annotation_status::fine::Unknown	low	canonical	unknown				0	v6_original_to_harmonized_label_map	c271d7067eefff379b2a8e344b3697c4508ea6d07dbca45192e87dc0512849cd
canonical__c8b95e3f5fa10253ec23	GSE161801	celltype_1	Treg	T_NK	Treg	Unknown	identity::coarse::T_NK	identity::mid::Treg	annotation_status::fine::Unknown	high	canonical	resolved				0	v6_original_to_harmonized_label_map	c271d7067eefff379b2a8e344b3697c4508ea6d07dbca45192e87dc0512849cd
canonical__77f8aaa165d3d316804c	GSE161801	celltype_1	cDC1	DC_APC	DC	Unknown	identity::coarse::DC_APC	identity::mid::DC	annotation_status::fine::Unknown	high	canonical	resolved				0	v6_original_to_harmonized_label_map	c271d7067eefff379b2a8e344b3697c4508ea6d07dbca45192e87dc0512849cd
canonical__9d5c090aac9a1b3465fb	GSE161801	celltype_1	cDC2	DC_APC	DC	Unknown	identity::coarse::DC_APC	identity::mid::DC	annotation_status::fine::Unknown	high	canonical	resolved				0	v6_original_to_harmonized_label_map	c271d7067eefff379b2a8e344b3697c4508ea6d07dbca45192e87dc0512849cd
canonical__22cff3ade8a4e3e75e9f	GSE161801	celltype_1	gdT	Unknown	Unknown	Unknown	annotation_status::coarse::Unknown	annotation_status::mid::Unknown	annotation_status::fine::Unknown	low	canonical	unknown				0	v6_original_to_harmonized_label_map	c271d7067eefff379b2a8e344b3697c4508ea6d07dbca45192e87dc0512849cd
canonical__c85a2ba8eff4eba08b4d	GSE161801	celltype_1	pDC	DC_APC	pDC	Unknown	identity::coarse::DC_APC	identity::mid::pDC	annotation_status::fine::Unknown	high	canonical	resolved				0	v6_original_to_harmonized_label_map	c271d7067eefff379b2a8e344b3697c4508ea6d07dbca45192e87dc0512849cd
canonical__6fc9ba085c3989a4e23b	GSE161801	celltype_1	prMa	Unknown	Unknown	Unknown	annotation_status::coarse::Unknown	annotation_status::mid::Unknown	annotation_status::fine::Unknown	low	canonical	unknown				0	v6_original_to_harmonized_label_map	c271d7067eefff379b2a8e344b3697c4508ea6d07dbca45192e87dc0512849cd
canonical__2b1df06c8206bdb619dc	GSE161801	celltype_1	prMono	Unknown	Unknown	Unknown	annotation_status::coarse::Unknown	annotation_status::mid::Unknown	annotation_status::fine::Unknown	low	canonical	unknown				0	v6_original_to_harmonized_label_map	c271d7067eefff379b2a8e344b3697c4508ea6d07dbca45192e87dc0512849cd
canonical__66ba8baa036495332b4c	GSE161801	celltype_1	preDC	Unknown	Unknown	Unknown	annotation_status::coarse::Unknown	annotation_status::mid::Unknown	annotation_status::fine::Unknown	low	canonical	unknown				0	v6_original_to_harmonized_label_map	c271d7067eefff379b2a8e344b3697c4508ea6d07dbca45192e87dc0512849cd
canonical__0b806d3eeb6a959ec19f	GSE161801	celltype_raw	CD138_neg	Unknown	Unknown	Unknown	annotation_status::coarse::Unknown	annotation_status::mid::Unknown	annotation_status::fine::Unknown	low	canonical	unknown				0	v6_original_to_harmonized_label_map	c271d7067eefff379b2a8e344b3697c4508ea6d07dbca45192e87dc0512849cd
canonical__907f9ee322315a6eeaf9	GSE161801	celltype_raw	CD138_pos	Unknown	Unknown	Unknown	annotation_status::coarse::Unknown	annotation_status::mid::Unknown	annotation_status::fine::Unknown	low	canonical	unknown				0	v6_original_to_harmonized_label_map	c271d7067eefff379b2a8e344b3697c4508ea6d07dbca45192e87dc0512849cd
canonical__a738782ed88b8e0f4edd	GSE161801	celltype_raw	WBM	Unknown	Unknown	Unknown	annotation_status::coarse::Unknown	annotation_status::mid::Unknown	annotation_status::fine::Unknown	low	canonical	unknown				0	v6_original_to_harmonized_label_map	c271d7067eefff379b2a8e344b3697c4508ea6d07dbca45192e87dc0512849cd
canonical__e8b190ab56fed5c036ec	GSE161801	major_celltype	B	Unknown	Unknown	Unknown	annotation_status::coarse::Unknown	annotation_status::mid::Unknown	annotation_status::fine::Unknown	low	canonical	unknown				0	v6_original_to_harmonized_label_map	c271d7067eefff379b2a8e344b3697c4508ea6d07dbca45192e87dc0512849cd
canonical__8ab6ecc8d4864b320649	GSE161801	major_celltype	Er	Unknown	Unknown	Unknown	annotation_status::coarse::Unknown	annotation_status::mid::Unknown	annotation_status::fine::Unknown	low	canonical	unknown				0	v6_original_to_harmonized_label_map	c271d7067eefff379b2a8e344b3697c4508ea6d07dbca45192e87dc0512849cd
canonical__887cdb12c4ea3205ba82	GSE161801	major_celltype	Myeloid	Unknown	Unknown	Unknown	annotation_status::coarse::Unknown	annotation_status::mid::Unknown	annotation_status::fine::Unknown	low	canonical	unknown				0	v6_original_to_harmonized_label_map	c271d7067eefff379b2a8e344b3697c4508ea6d07dbca45192e87dc0512849cd
canonical__35b00c77c9361bb681be	GSE161801	major_celltype	PCs	Unknown	Unknown	Unknown	annotation_status::coarse::Unknown	annotation_status::mid::Unknown	annotation_status::fine::Unknown	low	canonical	unknown				0	v6_original_to_harmonized_label_map	c271d7067eefff379b2a8e344b3697c4508ea6d07dbca45192e87dc0512849cd
canonical__7fab7e227aacc399a1fe	GSE161801	major_celltype	Pro	Unknown	Unknown	Unknown	annotation_status::coarse::Unknown	annotation_status::mid::Unknown	annotation_status::fine::Unknown	low	canonical	unknown				0	v6_original_to_harmonized_label_map	c271d7067eefff379b2a8e344b3697c4508ea6d07dbca45192e87dc0512849cd
canonical__5b9ac2720c3d72b1e4f9	GSE161801	major_celltype	T_NK	Unknown	Unknown	Unknown	annotation_status::coarse::Unknown	annotation_status::mid::Unknown	annotation_status::fine::Unknown	low	canonical	unknown				0	v6_original_to_harmonized_label_map	c271d7067eefff379b2a8e344b3697c4508ea6d07dbca45192e87dc0512849cd
canonical__b2061ab945fea39d824e	GSE161801	major_population	PCs	Unknown	Unknown	Unknown	annotation_status::coarse::Unknown	annotation_status::mid::Unknown	annotation_status::fine::Unknown	low	canonical	unknown				0	v6_original_to_harmonized_label_map	c271d7067eefff379b2a8e344b3697c4508ea6d07dbca45192e87dc0512849cd
canonical__4a60655ad31e6372e206	GSE161801	major_population	TME	Unknown	Unknown	Unknown	annotation_status::coarse::Unknown	annotation_status::mid::Unknown	annotation_status::fine::Unknown	low	canonical	unknown				0	v6_original_to_harmonized_label_map	c271d7067eefff379b2a8e344b3697c4508ea6d07dbca45192e87dc0512849cd
canonical__778d7fa69fb714a81286	GSE176021	cd3_CellType		Unknown	Unknown	Unknown	annotation_status::coarse::Unknown	annotation_status::mid::Unknown	annotation_status::fine::Unknown	low	canonical	unknown				0	v6_original_to_harmonized_label_map	c271d7067eefff379b2a8e344b3697c4508ea6d07dbca45192e87dc0512849cd
canonical__fce82ab5faddc98a5850	GSE176021	cd3_CellType	CD4-Tfh(1)	T_NK	CD4_T	Unknown	identity::coarse::T_NK	identity::mid::CD4_T	annotation_status::fine::Unknown	high	canonical	resolved				0	v6_original_to_harmonized_label_map	c271d7067eefff379b2a8e344b3697c4508ea6d07dbca45192e87dc0512849cd
canonical__2d4d42605a967b01ed9a	GSE176021	cd3_CellType	CD4-Tfh(2)	T_NK	CD4_T	Unknown	identity::coarse::T_NK	identity::mid::CD4_T	annotation_status::fine::Unknown	high	canonical	resolved				0	v6_original_to_harmonized_label_map	c271d7067eefff379b2a8e344b3697c4508ea6d07dbca45192e87dc0512849cd
canonical__278ab6af3d14bdf3a341	GSE176021	cd3_CellType	CD4-Th(1)	T_NK	CD4_T	Unknown	identity::coarse::T_NK	identity::mid::CD4_T	annotation_status::fine::Unknown	high	canonical	resolved				0	v6_original_to_harmonized_label_map	c271d7067eefff379b2a8e344b3697c4508ea6d07dbca45192e87dc0512849cd
canonical__30491df45b6c1e7a0a3b	GSE176021	cd3_CellType	CD4-Th(2)	T_NK	CD4_T	Unknown	identity::coarse::T_NK	identity::mid::CD4_T	annotation_status::fine::Unknown	high	canonical	resolved				0	v6_original_to_harmonized_label_map	c271d7067eefff379b2a8e344b3697c4508ea6d07dbca45192e87dc0512849cd
canonical__210610f5020e1d3955e8	GSE176021	cd3_CellType	CD4-Th(3)	T_NK	CD4_T	Unknown	identity::coarse::T_NK	identity::mid::CD4_T	annotation_status::fine::Unknown	high	canonical	resolved				0	v6_original_to_harmonized_label_map	c271d7067eefff379b2a8e344b3697c4508ea6d07dbca45192e87dc0512849cd
canonical__db45083a5688d1419064	GSE176021	cd3_CellType	CD4-Treg	T_NK	CD4_T	Unknown	identity::coarse::T_NK	identity::mid::CD4_T	annotation_status::fine::Unknown	medium	canonical	resolved				0	v6_original_to_harmonized_label_map	c271d7067eefff379b2a8e344b3697c4508ea6d07dbca45192e87dc0512849cd
canonical__21a3fdca2e51bf930bac	GSE176021	cd3_CellType	CD8-Effector(1)	T_NK	CD8_T	Unknown	identity::coarse::T_NK	identity::mid::CD8_T	annotation_status::fine::Unknown	high	canonical	resolved				0	v6_original_to_harmonized_label_map	c271d7067eefff379b2a8e344b3697c4508ea6d07dbca45192e87dc0512849cd
canonical__249634fdabed2b8d5bc6	GSE176021	cd3_CellType	CD8-Effector(2)	T_NK	CD8_T	Unknown	identity::coarse::T_NK	identity::mid::CD8_T	annotation_status::fine::Unknown	high	canonical	resolved				0	v6_original_to_harmonized_label_map	c271d7067eefff379b2a8e344b3697c4508ea6d07dbca45192e87dc0512849cd
canonical__2914d9d3ac18421f3bfa	GSE176021	cd3_CellType	CD8-Effector(3)	T_NK	CD8_T	Unknown	identity::coarse::T_NK	identity::mid::CD8_T	annotation_status::fine::Unknown	high	canonical	resolved				0	v6_original_to_harmonized_label_map	c271d7067eefff379b2a8e344b3697c4508ea6d07dbca45192e87dc0512849cd
canonical__3b288eb0769d45a68c81	GSE176021	cd3_CellType	CD8-MHCII	T_NK	CD8_T	Unknown	identity::coarse::T_NK	identity::mid::CD8_T	annotation_status::fine::Unknown	high	canonical	resolved				0	v6_original_to_harmonized_label_map	c271d7067eefff379b2a8e344b3697c4508ea6d07dbca45192e87dc0512849cd
canonical__44e1bcd65d2cec9b1ced	GSE176021	cd3_CellType	CD8-Proliferating	T_NK	CD8_T	Unknown	identity::coarse::T_NK	identity::mid::CD8_T	annotation_status::fine::Unknown	medium	canonical	resolved				0	v6_original_to_harmonized_label_map	c271d7067eefff379b2a8e344b3697c4508ea6d07dbca45192e87dc0512849cd
canonical__52ce1a4ee308a651782b	GSE176021	cd3_CellType	CD8-TRM(1)	T_NK	CD8_T	Unknown	identity::coarse::T_NK	identity::mid::CD8_T	annotation_status::fine::Unknown	high	canonical	resolved				0	v6_original_to_harmonized_label_map	c271d7067eefff379b2a8e344b3697c4508ea6d07dbca45192e87dc0512849cd
canonical__274dbd2507e73fd90b68	GSE176021	cd3_CellType	CD8-TRM(2)	T_NK	CD8_T	Unknown	identity::coarse::T_NK	identity::mid::CD8_T	annotation_status::fine::Unknown	high	canonical	resolved				0	v6_original_to_harmonized_label_map	c271d7067eefff379b2a8e344b3697c4508ea6d07dbca45192e87dc0512849cd
canonical__29b2b267bbc782895be0	GSE176021	cd3_CellType	MAIT	Unknown	Unknown	Unknown	annotation_status::coarse::Unknown	annotation_status::mid::Unknown	annotation_status::fine::Unknown	low	canonical	unknown				0	v6_original_to_harmonized_label_map	c271d7067eefff379b2a8e344b3697c4508ea6d07dbca45192e87dc0512849cd
canonical__196d1efb9832c31b0262	GSE176021	cd3_CellType	Stem-like memory	Unknown	Unknown	Unknown	annotation_status::coarse::Unknown	annotation_status::mid::Unknown	annotation_status::fine::Unknown	low	canonical	unknown				0	v6_original_to_harmonized_label_map	c271d7067eefff379b2a8e344b3697c4508ea6d07dbca45192e87dc0512849cd
canonical__b6873f6febd6be4f2033	GSE176021	cd8_CellType		Unknown	Unknown	Unknown	annotation_status::coarse::Unknown	annotation_status::mid::Unknown	annotation_status::fine::Unknown	low	canonical	unknown				0	v6_original_to_harmonized_label_map	c271d7067eefff379b2a8e344b3697c4508ea6d07dbca45192e87dc0512849cd
canonical__83cf5f8cfd4ade19f788	GSE176021	cd8_CellType	CD4CD8(I)	T_NK	CD8_T	Unknown	identity::coarse::T_NK	identity::mid::CD8_T	annotation_status::fine::Unknown	medium	canonical	resolved				0	v6_original_to_harmonized_label_map	c271d7067eefff379b2a8e344b3697c4508ea6d07dbca45192e87dc0512849cd
canonical__b267a558df66f0e9181c	GSE176021	cd8_CellType	CD4CD8(II)	T_NK	CD8_T	Unknown	identity::coarse::T_NK	identity::mid::CD8_T	annotation_status::fine::Unknown	medium	canonical	resolved				0	v6_original_to_harmonized_label_map	c271d7067eefff379b2a8e344b3697c4508ea6d07dbca45192e87dc0512849cd
canonical__6bb6f6b0c3aabd16d8e3	GSE176021	cd8_CellType	Effector(I)	Unknown	Unknown	Unknown	annotation_status::coarse::Unknown	annotation_status::mid::Unknown	annotation_status::fine::Unknown	low	canonical	unknown				0	v6_original_to_harmonized_label_map	c271d7067eefff379b2a8e344b3697c4508ea6d07dbca45192e87dc0512849cd
canonical__0454174736798d926455	GSE176021	cd8_CellType	Effector(II)	Unknown	Unknown	Unknown	annotation_status::coarse::Unknown	annotation_status::mid::Unknown	annotation_status::fine::Unknown	low	canonical	unknown				0	v6_original_to_harmonized_label_map	c271d7067eefff379b2a8e344b3697c4508ea6d07dbca45192e87dc0512849cd
canonical__5e1bc7cae6cdfdabe515	GSE176021	cd8_CellType	Effector(III)	Unknown	Unknown	Unknown	annotation_status::coarse::Unknown	annotation_status::mid::Unknown	annotation_status::fine::Unknown	low	canonical	unknown				0	v6_original_to_harmonized_label_map	c271d7067eefff379b2a8e344b3697c4508ea6d07dbca45192e87dc0512849cd
canonical__13980596baf2cc27f86f	GSE176021	cd8_CellType	MAIT	Unknown	Unknown	Unknown	annotation_status::coarse::Unknown	annotation_status::mid::Unknown	annotation_status::fine::Unknown	low	canonical	unknown				0	v6_original_to_harmonized_label_map	c271d7067eefff379b2a8e344b3697c4508ea6d07dbca45192e87dc0512849cd
canonical__cc4e0a9ee281b4296f8d	GSE176021	cd8_CellType	Proliferating	Cycling	Unknown	Unknown	identity::coarse::Cycling	annotation_status::mid::Unknown	annotation_status::fine::Unknown	high	canonical	unknown				0	v6_original_to_harmonized_label_map	c271d7067eefff379b2a8e344b3697c4508ea6d07dbca45192e87dc0512849cd
canonical__ffc0f965694c56cf7f38	GSE176021	cd8_CellType	Stem-like memory	Unknown	Unknown	Unknown	annotation_status::coarse::Unknown	annotation_status::mid::Unknown	annotation_status::fine::Unknown	low	canonical	unknown				0	v6_original_to_harmonized_label_map	c271d7067eefff379b2a8e344b3697c4508ea6d07dbca45192e87dc0512849cd
canonical__a4691fec8820c3db8fbc	GSE176021	cd8_CellType	TRM(I)	Unknown	Unknown	Unknown	annotation_status::coarse::Unknown	annotation_status::mid::Unknown	annotation_status::fine::Unknown	low	canonical	unknown				0	v6_original_to_harmonized_label_map	c271d7067eefff379b2a8e344b3697c4508ea6d07dbca45192e87dc0512849cd
canonical__deb23616dad285a77110	GSE176021	cd8_CellType	TRM(II)	Unknown	Unknown	Unknown	annotation_status::coarse::Unknown	annotation_status::mid::Unknown	annotation_status::fine::Unknown	low	canonical	unknown				0	v6_original_to_harmonized_label_map	c271d7067eefff379b2a8e344b3697c4508ea6d07dbca45192e87dc0512849cd
canonical__6d99778d3e454c411968	GSE176021	cd8_CellType	TRM(III)	Unknown	Unknown	Unknown	annotation_status::coarse::Unknown	annotation_status::mid::Unknown	annotation_status::fine::Unknown	low	canonical	unknown				0	v6_original_to_harmonized_label_map	c271d7067eefff379b2a8e344b3697c4508ea6d07dbca45192e87dc0512849cd
canonical__e65fa642a0147e2931a5	GSE176021	cd8_CellType	TRM(IV)	Unknown	Unknown	Unknown	annotation_status::coarse::Unknown	annotation_status::mid::Unknown	annotation_status::fine::Unknown	low	canonical	unknown				0	v6_original_to_harmonized_label_map	c271d7067eefff379b2a8e344b3697c4508ea6d07dbca45192e87dc0512849cd
canonical__9ae65284b80ffae0ac01	GSE176021	cd8_CellType	TRM(V)	Unknown	Unknown	Unknown	annotation_status::coarse::Unknown	annotation_status::mid::Unknown	annotation_status::fine::Unknown	low	canonical	unknown				0	v6_original_to_harmonized_label_map	c271d7067eefff379b2a8e344b3697c4508ea6d07dbca45192e87dc0512849cd
canonical__f8360f456999e133621a	GSE176021	cd8_CellType	TRM(VI)	Unknown	Unknown	Unknown	annotation_status::coarse::Unknown	annotation_status::mid::Unknown	annotation_status::fine::Unknown	low	canonical	unknown				0	v6_original_to_harmonized_label_map	c271d7067eefff379b2a8e344b3697c4508ea6d07dbca45192e87dc0512849cd
canonical__d615da25c94d86cdfa47	GSE176021	celltype_raw		Unknown	Unknown	Unknown	annotation_status::coarse::Unknown	annotation_status::mid::Unknown	annotation_status::fine::Unknown	low	canonical	unknown				0	v6_original_to_harmonized_label_map	c271d7067eefff379b2a8e344b3697c4508ea6d07dbca45192e87dc0512849cd
canonical__3bcadd49ca780817ee17	GSE176021	celltype_raw	CD4-Tfh(1)	T_NK	CD4_T	Unknown	identity::coarse::T_NK	identity::mid::CD4_T	annotation_status::fine::Unknown	high	canonical	resolved				0	v6_original_to_harmonized_label_map	c271d7067eefff379b2a8e344b3697c4508ea6d07dbca45192e87dc0512849cd
canonical__27db772bf2b25c8202b9	GSE176021	celltype_raw	CD4-Tfh(2)	T_NK	CD4_T	Unknown	identity::coarse::T_NK	identity::mid::CD4_T	annotation_status::fine::Unknown	high	canonical	resolved				0	v6_original_to_harmonized_label_map	c271d7067eefff379b2a8e344b3697c4508ea6d07dbca45192e87dc0512849cd
canonical__2d3703b3fef621967898	GSE176021	celltype_raw	CD4-Th(1)	T_NK	CD4_T	Unknown	identity::coarse::T_NK	identity::mid::CD4_T	annotation_status::fine::Unknown	high	canonical	resolved				0	v6_original_to_harmonized_label_map	c271d7067eefff379b2a8e344b3697c4508ea6d07dbca45192e87dc0512849cd
canonical__853d4154c708ad871093	GSE176021	celltype_raw	CD4-Th(2)	T_NK	CD4_T	Unknown	identity::coarse::T_NK	identity::mid::CD4_T	annotation_status::fine::Unknown	high	canonical	resolved				0	v6_original_to_harmonized_label_map	c271d7067eefff379b2a8e344b3697c4508ea6d07dbca45192e87dc0512849cd
canonical__706e950c49d65b313d65	GSE176021	celltype_raw	CD4-Th(3)	T_NK	CD4_T	Unknown	identity::coarse::T_NK	identity::mid::CD4_T	annotation_status::fine::Unknown	high	canonical	resolved				0	v6_original_to_harmonized_label_map	c271d7067eefff379b2a8e344b3697c4508ea6d07dbca45192e87dc0512849cd
canonical__5c263c710d324e32e76b	GSE176021	celltype_raw	CD4-Treg	T_NK	CD4_T	Unknown	identity::coarse::T_NK	identity::mid::CD4_T	annotation_status::fine::Unknown	medium	canonical	resolved				0	v6_original_to_harmonized_label_map	c271d7067eefff379b2a8e344b3697c4508ea6d07dbca45192e87dc0512849cd
canonical__ff7b7707144280c73959	GSE176021	celltype_raw	CD8-Effector(1)	T_NK	CD8_T	Unknown	identity::coarse::T_NK	identity::mid::CD8_T	annotation_status::fine::Unknown	high	canonical	resolved				0	v6_original_to_harmonized_label_map	c271d7067eefff379b2a8e344b3697c4508ea6d07dbca45192e87dc0512849cd
canonical__6915bc68270ddb12e70e	GSE176021	celltype_raw	CD8-Effector(2)	T_NK	CD8_T	Unknown	identity::coarse::T_NK	identity::mid::CD8_T	annotation_status::fine::Unknown	high	canonical	resolved				0	v6_original_to_harmonized_label_map	c271d7067eefff379b2a8e344b3697c4508ea6d07dbca45192e87dc0512849cd
canonical__f1e88d994cc70edff9b3	GSE176021	celltype_raw	CD8-Effector(3)	T_NK	CD8_T	Unknown	identity::coarse::T_NK	identity::mid::CD8_T	annotation_status::fine::Unknown	high	canonical	resolved				0	v6_original_to_harmonized_label_map	c271d7067eefff379b2a8e344b3697c4508ea6d07dbca45192e87dc0512849cd
canonical__aceea4571a31db2291a3	GSE176021	celltype_raw	CD8-MHCII	T_NK	CD8_T	Unknown	identity::coarse::T_NK	identity::mid::CD8_T	annotation_status::fine::Unknown	high	canonical	resolved				0	v6_original_to_harmonized_label_map	c271d7067eefff379b2a8e344b3697c4508ea6d07dbca45192e87dc0512849cd
canonical__0de6a03c50725064f160	GSE176021	celltype_raw	CD8-Proliferating	T_NK	CD8_T	Unknown	identity::coarse::T_NK	identity::mid::CD8_T	annotation_status::fine::Unknown	medium	canonical	resolved				0	v6_original_to_harmonized_label_map	c271d7067eefff379b2a8e344b3697c4508ea6d07dbca45192e87dc0512849cd
canonical__9f3907c8c7e6363b6f52	GSE176021	celltype_raw	CD8-TRM(1)	T_NK	CD8_T	Unknown	identity::coarse::T_NK	identity::mid::CD8_T	annotation_status::fine::Unknown	high	canonical	resolved				0	v6_original_to_harmonized_label_map	c271d7067eefff379b2a8e344b3697c4508ea6d07dbca45192e87dc0512849cd
canonical__1ebec19ae48077413c66	GSE176021	celltype_raw	CD8-TRM(2)	T_NK	CD8_T	Unknown	identity::coarse::T_NK	identity::mid::CD8_T	annotation_status::fine::Unknown	high	canonical	resolved				0	v6_original_to_harmonized_label_map	c271d7067eefff379b2a8e344b3697c4508ea6d07dbca45192e87dc0512849cd
canonical__73657ba0be01c3ccb5bd	GSE176021	celltype_raw	Effector(I)	Unknown	Unknown	Unknown	annotation_status::coarse::Unknown	annotation_status::mid::Unknown	annotation_status::fine::Unknown	low	canonical	unknown				0	v6_original_to_harmonized_label_map	c271d7067eefff379b2a8e344b3697c4508ea6d07dbca45192e87dc0512849cd
canonical__053517dc973ec1e682a7	GSE176021	celltype_raw	MAIT	Unknown	Unknown	Unknown	annotation_status::coarse::Unknown	annotation_status::mid::Unknown	annotation_status::fine::Unknown	low	canonical	unknown				0	v6_original_to_harmonized_label_map	c271d7067eefff379b2a8e344b3697c4508ea6d07dbca45192e87dc0512849cd
canonical__9d90f693ed1de77c42c7	GSE176021	celltype_raw	Stem-like memory	Unknown	Unknown	Unknown	annotation_status::coarse::Unknown	annotation_status::mid::Unknown	annotation_status::fine::Unknown	low	canonical	unknown				0	v6_original_to_harmonized_label_map	c271d7067eefff379b2a8e344b3697c4508ea6d07dbca45192e87dc0512849cd
canonical__80bb9be5c0fc2d9e8f99	GSE176021	celltype_raw	TRM(II)	Unknown	Unknown	Unknown	annotation_status::coarse::Unknown	annotation_status::mid::Unknown	annotation_status::fine::Unknown	low	canonical	unknown				0	v6_original_to_harmonized_label_map	c271d7067eefff379b2a8e344b3697c4508ea6d07dbca45192e87dc0512849cd
canonical__e1805130ab4f1367c0ed	GSE176021	celltype_raw	TRM(V)	Unknown	Unknown	Unknown	annotation_status::coarse::Unknown	annotation_status::mid::Unknown	annotation_status::fine::Unknown	low	canonical	unknown				0	v6_original_to_harmonized_label_map	c271d7067eefff379b2a8e344b3697c4508ea6d07dbca45192e87dc0512849cd
canonical__ebdc602a6dfe2076aed6	GSE206325	cluster_compartment	Doublets	Unknown	Unknown	Unknown	annotation_status::coarse::Unknown	annotation_status::mid::Unknown	annotation_status::fine::Unknown	low	canonical	unknown				0	v6_original_to_harmonized_label_map	c271d7067eefff379b2a8e344b3697c4508ea6d07dbca45192e87dc0512849cd
canonical__cc3b9fff968ef204bedc	GSE206325	cluster_compartment	Lymphoid	Unknown	Unknown	Unknown	annotation_status::coarse::Unknown	annotation_status::mid::Unknown	annotation_status::fine::Unknown	low	canonical	unknown				0	v6_original_to_harmonized_label_map	c271d7067eefff379b2a8e344b3697c4508ea6d07dbca45192e87dc0512849cd
canonical__9874155d40da20b4afe8	GSE206325	cluster_compartment	Myeloid	Unknown	Unknown	Unknown	annotation_status::coarse::Unknown	annotation_status::mid::Unknown	annotation_status::fine::Unknown	low	canonical	unknown				0	v6_original_to_harmonized_label_map	c271d7067eefff379b2a8e344b3697c4508ea6d07dbca45192e87dc0512849cd
canonical__8232e07f90ebc1410165	GSE206325	cluster_compartment	Stromal	Unknown	Unknown	Unknown	annotation_status::coarse::Unknown	annotation_status::mid::Unknown	annotation_status::fine::Unknown	low	canonical	unknown				0	v6_original_to_harmonized_label_map	c271d7067eefff379b2a8e344b3697c4508ea6d07dbca45192e87dc0512849cd
canonical__2b91e935e82f5983018b	GSE206325	cluster_compartment	Unknown	Unknown	Unknown	Unknown	annotation_status::coarse::Unknown	annotation_status::mid::Unknown	annotation_status::fine::Unknown	low	canonical	unknown				0	v6_original_to_harmonized_label_map	c271d7067eefff379b2a8e344b3697c4508ea6d07dbca45192e87dc0512849cd
canonical__ef64cfb1c67d69cd26c0	GSE206325	cluster_exclude		Unknown	Unknown	Unknown	annotation_status::coarse::Unknown	annotation_status::mid::Unknown	annotation_status::fine::Unknown	low	canonical	unknown				0	v6_original_to_harmonized_label_map	c271d7067eefff379b2a8e344b3697c4508ea6d07dbca45192e87dc0512849cd
canonical__f01dabb285b5df4e0c84	GSE206325	cluster_exclude	True	Unknown	Unknown	Unknown	annotation_status::coarse::Unknown	annotation_status::mid::Unknown	annotation_status::fine::Unknown	low	canonical	unknown				0	v6_original_to_harmonized_label_map	c271d7067eefff379b2a8e344b3697c4508ea6d07dbca45192e87dc0512849cd
canonical__8f160837dc0f0b3b435f	GSE206325	cluster_group	B	Unknown	Unknown	Unknown	annotation_status::coarse::Unknown	annotation_status::mid::Unknown	annotation_status::fine::Unknown	low	canonical	unknown				0	v6_original_to_harmonized_label_map	c271d7067eefff379b2a8e344b3697c4508ea6d07dbca45192e87dc0512849cd
canonical__7145a4d4e08bf1b860f3	GSE206325	cluster_group	DC	Unknown	Unknown	Unknown	annotation_status::coarse::Unknown	annotation_status::mid::Unknown	annotation_status::fine::Unknown	low	canonical	unknown				0	v6_original_to_harmonized_label_map	c271d7067eefff379b2a8e344b3697c4508ea6d07dbca45192e87dc0512849cd
canonical__5586a84584b4ac726e4d	GSE206325	cluster_group	Doublets	Unknown	Unknown	Unknown	annotation_status::coarse::Unknown	annotation_status::mid::Unknown	annotation_status::fine::Unknown	low	canonical	unknown				0	v6_original_to_harmonized_label_map	c271d7067eefff379b2a8e344b3697c4508ea6d07dbca45192e87dc0512849cd
canonical__16476d633ebe0c50c662	GSE206325	cluster_group	ILC	Unknown	Unknown	Unknown	annotation_status::coarse::Unknown	annotation_status::mid::Unknown	annotation_status::fine::Unknown	low	canonical	unknown				0	v6_original_to_harmonized_label_map	c271d7067eefff379b2a8e344b3697c4508ea6d07dbca45192e87dc0512849cd
canonical__7ebc0c033d391843aa6e	GSE206325	cluster_group	Mast	Unknown	Unknown	Unknown	annotation_status::coarse::Unknown	annotation_status::mid::Unknown	annotation_status::fine::Unknown	low	canonical	unknown				0	v6_original_to_harmonized_label_map	c271d7067eefff379b2a8e344b3697c4508ea6d07dbca45192e87dc0512849cd
canonical__79401bb3b39ddf3e1282	GSE206325	cluster_group	MonoMac	Unknown	Unknown	Unknown	annotation_status::coarse::Unknown	annotation_status::mid::Unknown	annotation_status::fine::Unknown	low	canonical	unknown				0	v6_original_to_harmonized_label_map	c271d7067eefff379b2a8e344b3697c4508ea6d07dbca45192e87dc0512849cd
canonical__b402fbf6e40d9653d5be	GSE206325	cluster_group	NK	Unknown	Unknown	Unknown	annotation_status::coarse::Unknown	annotation_status::mid::Unknown	annotation_status::fine::Unknown	low	canonical	unknown				0	v6_original_to_harmonized_label_map	c271d7067eefff379b2a8e344b3697c4508ea6d07dbca45192e87dc0512849cd
canonical__fa0e69dfc59fdf3b548e	GSE206325	cluster_group	Stromal	Unknown	Unknown	Unknown	annotation_status::coarse::Unknown	annotation_status::mid::Unknown	annotation_status::fine::Unknown	low	canonical	unknown				0	v6_original_to_harmonized_label_map	c271d7067eefff379b2a8e344b3697c4508ea6d07dbca45192e87dc0512849cd
canonical__a6dc1cece590e0f405a0	GSE206325	cluster_group	T	Unknown	Unknown	Unknown	annotation_status::coarse::Unknown	annotation_status::mid::Unknown	annotation_status::fine::Unknown	low	canonical	unknown				0	v6_original_to_harmonized_label_map	c271d7067eefff379b2a8e344b3697c4508ea6d07dbca45192e87dc0512849cd
canonical__7e87f644d1727119dbef	GSE206325	cluster_group	Unknown	Unknown	Unknown	Unknown	annotation_status::coarse::Unknown	annotation_status::mid::Unknown	annotation_status::fine::Unknown	low	canonical	unknown				0	v6_original_to_harmonized_label_map	c271d7067eefff379b2a8e344b3697c4508ea6d07dbca45192e87dc0512849cd
canonical__6021db42b6b50eb1c65f	GSE206325	cluster_subgroup	1-Dysfunctional-terminal	Unknown	Unknown	Unknown	annotation_status::coarse::Unknown	annotation_status::mid::Unknown	annotation_status::fine::Unknown	low	canonical	unknown				0	v6_original_to_harmonized_label_map	c271d7067eefff379b2a8e344b3697c4508ea6d07dbca45192e87dc0512849cd
canonical__23b174e7efb5e5d85ba6	GSE206325	cluster_subgroup	1-Tfh-like	Unknown	Unknown	Unknown	annotation_status::coarse::Unknown	annotation_status::mid::Unknown	annotation_status::fine::Unknown	low	canonical	unknown				0	v6_original_to_harmonized_label_map	c271d7067eefff379b2a8e344b3697c4508ea6d07dbca45192e87dc0512849cd
canonical__b2eec3001c03ae71b2ff	GSE206325	cluster_subgroup	2-Dysfunctional-progenitor	Unknown	Unknown	Unknown	annotation_status::coarse::Unknown	annotation_status::mid::Unknown	annotation_status::fine::Unknown	low	canonical	unknown				0	v6_original_to_harmonized_label_map	c271d7067eefff379b2a8e344b3697c4508ea6d07dbca45192e87dc0512849cd
canonical__e4ed9a1d28e72895b191	GSE206325	cluster_subgroup	2-Th1 GZMK	Unknown	Unknown	Unknown	annotation_status::coarse::Unknown	annotation_status::mid::Unknown	annotation_status::fine::Unknown	low	canonical	unknown				0	v6_original_to_harmonized_label_map	c271d7067eefff379b2a8e344b3697c4508ea6d07dbca45192e87dc0512849cd
canonical__e320e01e33e4ea1cb977	GSE206325	cluster_subgroup	3-Dysfunctional-Proliferating	Cycling	Unknown	Unknown	identity::coarse::Cycling	annotation_status::mid::Unknown	annotation_status::fine::Unknown	high	canonical	unknown				0	v6_original_to_harmonized_label_map	c271d7067eefff379b2a8e344b3697c4508ea6d07dbca45192e87dc0512849cd
canonical__08820c8ff0dfab77c82e	GSE206325	cluster_subgroup	3-Th1/Th17	Unknown	Unknown	Unknown	annotation_status::coarse::Unknown	annotation_status::mid::Unknown	annotation_status::fine::Unknown	low	canonical	unknown				0	v6_original_to_harmonized_label_map	c271d7067eefff379b2a8e344b3697c4508ea6d07dbca45192e87dc0512849cd
canonical__3f83f2c234468f455bd2	GSE206325	cluster_subgroup	4-Dysfunctional-effector	Unknown	Unknown	Unknown	annotation_status::coarse::Unknown	annotation_status::mid::Unknown	annotation_status::fine::Unknown	low	canonical	unknown				0	v6_original_to_harmonized_label_map	c271d7067eefff379b2a8e344b3697c4508ea6d07dbca45192e87dc0512849cd
canonical__fa90f19b39e5c81f9dc7	GSE206325	cluster_subgroup	4-Effector-Memory	Unknown	Unknown	Unknown	annotation_status::coarse::Unknown	annotation_status::mid::Unknown	annotation_status::fine::Unknown	low	canonical	unknown				0	v6_original_to_harmonized_label_map	c271d7067eefff379b2a8e344b3697c4508ea6d07dbca45192e87dc0512849cd
canonical__a6f8cda78669c3fd0b59	GSE206325	cluster_subgroup	5-Effector	Unknown	Unknown	Unknown	annotation_status::coarse::Unknown	annotation_status::mid::Unknown	annotation_status::fine::Unknown	low	canonical	unknown				0	v6_original_to_harmonized_label_map	c271d7067eefff379b2a8e344b3697c4508ea6d07dbca45192e87dc0512849cd
canonical__6a587c3bc2fdb8087711	GSE206325	cluster_subgroup	5-Memory	Unknown	Unknown	Unknown	annotation_status::coarse::Unknown	annotation_status::mid::Unknown	annotation_status::fine::Unknown	low	canonical	unknown				0	v6_original_to_harmonized_label_map	c271d7067eefff379b2a8e344b3697c4508ea6d07dbca45192e87dc0512849cd
canonical__cf12edcc2c5598036ef8	GSE206325	cluster_subgroup	6-Memory	Unknown	Unknown	Unknown	annotation_status::coarse::Unknown	annotation_status::mid::Unknown	annotation_status::fine::Unknown	low	canonical	unknown				0	v6_original_to_harmonized_label_map	c271d7067eefff379b2a8e344b3697c4508ea6d07dbca45192e87dc0512849cd
canonical__445233bc205454e68304	GSE206325	cluster_subgroup	7-Cytotoxic	Unknown	Unknown	Unknown	annotation_status::coarse::Unknown	annotation_status::mid::Unknown	annotation_status::fine::Unknown	low	canonical	unknown				0	v6_original_to_harmonized_label_map	c271d7067eefff379b2a8e344b3697c4508ea6d07dbca45192e87dc0512849cd
canonical__eaaf74cd4d9126881ddc	GSE206325	cluster_subgroup	CD14	Unknown	Unknown	Unknown	annotation_status::coarse::Unknown	annotation_status::mid::Unknown	annotation_status::fine::Unknown	low	canonical	unknown				0	v6_original_to_harmonized_label_map	c271d7067eefff379b2a8e344b3697c4508ea6d07dbca45192e87dc0512849cd
canonical__ee06fe482a965cf06370	GSE206325	cluster_subgroup	CD14 SPP1	Unknown	Unknown	Unknown	annotation_status::coarse::Unknown	annotation_status::mid::Unknown	annotation_status::fine::Unknown	low	canonical	unknown				0	v6_original_to_harmonized_label_map	c271d7067eefff379b2a8e344b3697c4508ea6d07dbca45192e87dc0512849cd
canonical__ce885a7188604b7f8959	GSE206325	cluster_subgroup	CD16	Unknown	Unknown	Unknown	annotation_status::coarse::Unknown	annotation_status::mid::Unknown	annotation_status::fine::Unknown	low	canonical	unknown				0	v6_original_to_harmonized_label_map	c271d7067eefff379b2a8e344b3697c4508ea6d07dbca45192e87dc0512849cd
canonical__d76a54e73614c280bb69	GSE206325	cluster_subgroup	Doublets	Unknown	Unknown	Unknown	annotation_status::coarse::Unknown	annotation_status::mid::Unknown	annotation_status::fine::Unknown	low	canonical	unknown				0	v6_original_to_harmonized_label_map	c271d7067eefff379b2a8e344b3697c4508ea6d07dbca45192e87dc0512849cd
canonical__19f766aa728631206111	GSE206325	cluster_subgroup	Empty	Unknown	Unknown	Unknown	annotation_status::coarse::Unknown	annotation_status::mid::Unknown	annotation_status::fine::Unknown	low	canonical	unknown				0	v6_original_to_harmonized_label_map	c271d7067eefff379b2a8e344b3697c4508ea6d07dbca45192e87dc0512849cd
canonical__d318b3f77220ac79d5c9	GSE206325	cluster_subgroup	Endothelial cells	Endothelial	Endothelial	Unknown	identity::coarse::Endothelial	identity::mid::Endothelial	annotation_status::fine::Unknown	high	canonical	resolved				0	v6_original_to_harmonized_label_map	c271d7067eefff379b2a8e344b3697c4508ea6d07dbca45192e87dc0512849cd
canonical__c899c88eee636e163bde	GSE206325	cluster_subgroup	FCN1/CXCL9	Unknown	Unknown	Unknown	annotation_status::coarse::Unknown	annotation_status::mid::Unknown	annotation_status::fine::Unknown	low	canonical	unknown				0	v6_original_to_harmonized_label_map	c271d7067eefff379b2a8e344b3697c4508ea6d07dbca45192e87dc0512849cd
canonical__541128d47fba70386668	GSE206325	cluster_subgroup	FOLR2	Unknown	Unknown	Unknown	annotation_status::coarse::Unknown	annotation_status::mid::Unknown	annotation_status::fine::Unknown	low	canonical	unknown				0	v6_original_to_harmonized_label_map	c271d7067eefff379b2a8e344b3697c4508ea6d07dbca45192e87dc0512849cd
canonical__6a6242755bdd47f95f8f	GSE206325	cluster_subgroup	HSC	Unknown	Unknown	Unknown	annotation_status::coarse::Unknown	annotation_status::mid::Unknown	annotation_status::fine::Unknown	low	canonical	unknown				0	v6_original_to_harmonized_label_map	c271d7067eefff379b2a8e344b3697c4508ea6d07dbca45192e87dc0512849cd
canonical__7cb2c2f7787d7c5e5fcd	GSE206325	cluster_subgroup	Hepatocytes	Tumor_like	Tumor_epithelial_like	Unknown	identity::coarse::Tumor_like	identity::mid::Tumor_epithelial_like	annotation_status::fine::Unknown	high	canonical	resolved				0	v6_original_to_harmonized_label_map	c271d7067eefff379b2a8e344b3697c4508ea6d07dbca45192e87dc0512849cd
canonical__bf8fb172741fadae3fd1	GSE206325	cluster_subgroup	I	Unknown	Unknown	Unknown	annotation_status::coarse::Unknown	annotation_status::mid::Unknown	annotation_status::fine::Unknown	low	canonical	unknown				0	v6_original_to_harmonized_label_map	c271d7067eefff379b2a8e344b3697c4508ea6d07dbca45192e87dc0512849cd
canonical__f987c8580805016cbd26	GSE206325	cluster_subgroup	II	Unknown	Unknown	Unknown	annotation_status::coarse::Unknown	annotation_status::mid::Unknown	annotation_status::fine::Unknown	low	canonical	unknown				0	v6_original_to_harmonized_label_map	c271d7067eefff379b2a8e344b3697c4508ea6d07dbca45192e87dc0512849cd
canonical__d31a72fcb9e2acb19e31	GSE206325	cluster_subgroup	ILC	Unknown	Unknown	Unknown	annotation_status::coarse::Unknown	annotation_status::mid::Unknown	annotation_status::fine::Unknown	low	canonical	unknown				0	v6_original_to_harmonized_label_map	c271d7067eefff379b2a8e344b3697c4508ea6d07dbca45192e87dc0512849cd
canonical__b09c448724cbf31c0572	GSE206325	cluster_subgroup	Intermediate	Unknown	Unknown	Unknown	annotation_status::coarse::Unknown	annotation_status::mid::Unknown	annotation_status::fine::Unknown	low	canonical	unknown				0	v6_original_to_harmonized_label_map	c271d7067eefff379b2a8e344b3697c4508ea6d07dbca45192e87dc0512849cd
canonical__6fad210843a9b5e0b5e6	GSE206325	cluster_subgroup	Kupffer	Myeloid	Macrophage	Unknown	identity::coarse::Myeloid	identity::mid::Macrophage	annotation_status::fine::Unknown	high	canonical	resolved				0	v6_original_to_harmonized_label_map	c271d7067eefff379b2a8e344b3697c4508ea6d07dbca45192e87dc0512849cd
canonical__04ae0f624ef4a497bb21	GSE206325	cluster_subgroup	MAIT	Unknown	Unknown	Unknown	annotation_status::coarse::Unknown	annotation_status::mid::Unknown	annotation_status::fine::Unknown	low	canonical	unknown				0	v6_original_to_harmonized_label_map	c271d7067eefff379b2a8e344b3697c4508ea6d07dbca45192e87dc0512849cd
canonical__3e7b41cca47100de5544	GSE206325	cluster_subgroup	Mast	Unknown	Unknown	Unknown	annotation_status::coarse::Unknown	annotation_status::mid::Unknown	annotation_status::fine::Unknown	low	canonical	unknown				0	v6_original_to_harmonized_label_map	c271d7067eefff379b2a8e344b3697c4508ea6d07dbca45192e87dc0512849cd
canonical__05ef9a02699de7235f4e	GSE206325	cluster_subgroup	Memory	Unknown	Unknown	Unknown	annotation_status::coarse::Unknown	annotation_status::mid::Unknown	annotation_status::fine::Unknown	low	canonical	unknown				0	v6_original_to_harmonized_label_map	c271d7067eefff379b2a8e344b3697c4508ea6d07dbca45192e87dc0512849cd
canonical__b3bf8d3eac5bad4ddd39	GSE206325	cluster_subgroup	NK	Unknown	Unknown	Unknown	annotation_status::coarse::Unknown	annotation_status::mid::Unknown	annotation_status::fine::Unknown	low	canonical	unknown				0	v6_original_to_harmonized_label_map	c271d7067eefff379b2a8e344b3697c4508ea6d07dbca45192e87dc0512849cd
canonical__1502f8938b709fd4b440	GSE206325	cluster_subgroup	Naive	Unknown	Unknown	Unknown	annotation_status::coarse::Unknown	annotation_status::mid::Unknown	annotation_status::fine::Unknown	low	canonical	unknown				0	v6_original_to_harmonized_label_map	c271d7067eefff379b2a8e344b3697c4508ea6d07dbca45192e87dc0512849cd
canonical__d4aa26391d6937fd4cfc	GSE206325	cluster_subgroup	Plasma	B_Plasma	Plasma_cell	Unknown	identity::coarse::B_Plasma	identity::mid::Plasma_cell	annotation_status::fine::Unknown	high	canonical	resolved				0	v6_original_to_harmonized_label_map	c271d7067eefff379b2a8e344b3697c4508ea6d07dbca45192e87dc0512849cd
canonical__776c5eb0e2eacebc705a	GSE206325	cluster_subgroup	Proliferating	Cycling	Unknown	Unknown	identity::coarse::Cycling	annotation_status::mid::Unknown	annotation_status::fine::Unknown	high	canonical	unknown				0	v6_original_to_harmonized_label_map	c271d7067eefff379b2a8e344b3697c4508ea6d07dbca45192e87dc0512849cd
canonical__955733660e6c9389b20a	GSE206325	cluster_subgroup	SPP1	Unknown	Unknown	Unknown	annotation_status::coarse::Unknown	annotation_status::mid::Unknown	annotation_status::fine::Unknown	low	canonical	unknown				0	v6_original_to_harmonized_label_map	c271d7067eefff379b2a8e344b3697c4508ea6d07dbca45192e87dc0512849cd
canonical__2ee24a2664b189cfd863	GSE206325	cluster_subgroup	TREM2	Unknown	Unknown	Unknown	annotation_status::coarse::Unknown	annotation_status::mid::Unknown	annotation_status::fine::Unknown	low	canonical	unknown				0	v6_original_to_harmonized_label_map	c271d7067eefff379b2a8e344b3697c4508ea6d07dbca45192e87dc0512849cd
canonical__30d49868098e73aabada	GSE206325	cluster_subgroup	Treg	T_NK	Treg	Unknown	identity::coarse::T_NK	identity::mid::Treg	annotation_status::fine::Unknown	high	canonical	resolved				0	v6_original_to_harmonized_label_map	c271d7067eefff379b2a8e344b3697c4508ea6d07dbca45192e87dc0512849cd
canonical__2cec5c351cfb503cd951	GSE206325	cluster_subgroup	cDC1	DC_APC	DC	Unknown	identity::coarse::DC_APC	identity::mid::DC	annotation_status::fine::Unknown	high	canonical	resolved				0	v6_original_to_harmonized_label_map	c271d7067eefff379b2a8e344b3697c4508ea6d07dbca45192e87dc0512849cd
canonical__683a775acc5410f1d497	GSE206325	cluster_subgroup	cDC2	DC_APC	DC	Unknown	identity::coarse::DC_APC	identity::mid::DC	annotation_status::fine::Unknown	high	canonical	resolved				0	v6_original_to_harmonized_label_map	c271d7067eefff379b2a8e344b3697c4508ea6d07dbca45192e87dc0512849cd
canonical__453ed6efa7cc3049b80f	GSE206325	cluster_subgroup	gdT	Unknown	Unknown	Unknown	annotation_status::coarse::Unknown	annotation_status::mid::Unknown	annotation_status::fine::Unknown	low	canonical	unknown				0	v6_original_to_harmonized_label_map	c271d7067eefff379b2a8e344b3697c4508ea6d07dbca45192e87dc0512849cd
canonical__e9411774689c5ad421f7	GSE206325	cluster_subgroup	iNKT	Unknown	Unknown	Unknown	annotation_status::coarse::Unknown	annotation_status::mid::Unknown	annotation_status::fine::Unknown	low	canonical	unknown				0	v6_original_to_harmonized_label_map	c271d7067eefff379b2a8e344b3697c4508ea6d07dbca45192e87dc0512849cd
canonical__06355ca604fcade0e5e0	GSE206325	cluster_subgroup	mregDC	Unknown	Unknown	Unknown	annotation_status::coarse::Unknown	annotation_status::mid::Unknown	annotation_status::fine::Unknown	low	canonical	unknown				0	v6_original_to_harmonized_label_map	c271d7067eefff379b2a8e344b3697c4508ea6d07dbca45192e87dc0512849cd
canonical__9c3a116ac9bcf8db3cda	GSE206325	cluster_subgroup	pDC	DC_APC	pDC	Unknown	identity::coarse::DC_APC	identity::mid::pDC	annotation_status::fine::Unknown	high	canonical	resolved				0	v6_original_to_harmonized_label_map	c271d7067eefff379b2a8e344b3697c4508ea6d07dbca45192e87dc0512849cd
canonical__8fb5695115ec5a5ffd7a	GSE206325	cluster_type		Unknown	Unknown	Unknown	annotation_status::coarse::Unknown	annotation_status::mid::Unknown	annotation_status::fine::Unknown	low	canonical	unknown				0	v6_original_to_harmonized_label_map	c271d7067eefff379b2a8e344b3697c4508ea6d07dbca45192e87dc0512849cd
canonical__67d2cdb919239aa9f62f	GSE206325	cluster_type	B	Unknown	Unknown	Unknown	annotation_status::coarse::Unknown	annotation_status::mid::Unknown	annotation_status::fine::Unknown	low	canonical	unknown				0	v6_original_to_harmonized_label_map	c271d7067eefff379b2a8e344b3697c4508ea6d07dbca45192e87dc0512849cd
canonical__c951ed71b1c5a367e941	GSE206325	cluster_type	CD4	T_NK	CD4_T	Unknown	identity::coarse::T_NK	identity::mid::CD4_T	annotation_status::fine::Unknown	high	canonical	resolved				0	v6_original_to_harmonized_label_map	c271d7067eefff379b2a8e344b3697c4508ea6d07dbca45192e87dc0512849cd
canonical__d5619718c64c05269adc	GSE206325	cluster_type	CD8	T_NK	CD8_T	Unknown	identity::coarse::T_NK	identity::mid::CD8_T	annotation_status::fine::Unknown	high	canonical	resolved				0	v6_original_to_harmonized_label_map	c271d7067eefff379b2a8e344b3697c4508ea6d07dbca45192e87dc0512849cd
canonical__8d593cfc357aff1bde9b	GSE206325	cluster_type	DC	Unknown	Unknown	Unknown	annotation_status::coarse::Unknown	annotation_status::mid::Unknown	annotation_status::fine::Unknown	low	canonical	unknown				0	v6_original_to_harmonized_label_map	c271d7067eefff379b2a8e344b3697c4508ea6d07dbca45192e87dc0512849cd
canonical__77df8d418c25913c0277	GSE206325	cluster_type	Macrophage	Myeloid	Macrophage	Unknown	identity::coarse::Myeloid	identity::mid::Macrophage	annotation_status::fine::Unknown	high	canonical	resolved				0	v6_original_to_harmonized_label_map	c271d7067eefff379b2a8e344b3697c4508ea6d07dbca45192e87dc0512849cd
canonical__0429f2a0bc7f9c34bc15	GSE206325	cluster_type	Monocyte	Myeloid	Monocyte	Unknown	identity::coarse::Myeloid	identity::mid::Monocyte	annotation_status::fine::Unknown	high	canonical	resolved				0	v6_original_to_harmonized_label_map	c271d7067eefff379b2a8e344b3697c4508ea6d07dbca45192e87dc0512849cd
canonical__da7338896a6cdb202499	GSE206325	cluster_type	NK	Unknown	Unknown	Unknown	annotation_status::coarse::Unknown	annotation_status::mid::Unknown	annotation_status::fine::Unknown	low	canonical	unknown				0	v6_original_to_harmonized_label_map	c271d7067eefff379b2a8e344b3697c4508ea6d07dbca45192e87dc0512849cd
canonical__03354dd145b8c9540424	GSE206325	cluster_type	Naive	Unknown	Unknown	Unknown	annotation_status::coarse::Unknown	annotation_status::mid::Unknown	annotation_status::fine::Unknown	low	canonical	unknown				0	v6_original_to_harmonized_label_map	c271d7067eefff379b2a8e344b3697c4508ea6d07dbca45192e87dc0512849cd
canonical__b9ffcbb1e19ac0761b57	GSE206325	cluster_type	Proliferating	Cycling	Unknown	Unknown	identity::coarse::Cycling	annotation_status::mid::Unknown	annotation_status::fine::Unknown	high	canonical	unknown				0	v6_original_to_harmonized_label_map	c271d7067eefff379b2a8e344b3697c4508ea6d07dbca45192e87dc0512849cd
canonical__da5cbce79adb5c0cec66	GSE206325	cluster_type	Stromal	Unknown	Unknown	Unknown	annotation_status::coarse::Unknown	annotation_status::mid::Unknown	annotation_status::fine::Unknown	low	canonical	unknown				0	v6_original_to_harmonized_label_map	c271d7067eefff379b2a8e344b3697c4508ea6d07dbca45192e87dc0512849cd
canonical__ab6af2926f3b05a5dbcb	GSE206325	cluster_type	Treg	T_NK	Treg	Unknown	identity::coarse::T_NK	identity::mid::Treg	annotation_status::fine::Unknown	high	canonical	resolved				0	v6_original_to_harmonized_label_map	c271d7067eefff379b2a8e344b3697c4508ea6d07dbca45192e87dc0512849cd
canonical__2a2a05abb23920af56b9	GSE206325	cluster_type	Unknown	Unknown	Unknown	Unknown	annotation_status::coarse::Unknown	annotation_status::mid::Unknown	annotation_status::fine::Unknown	low	canonical	unknown				0	v6_original_to_harmonized_label_map	c271d7067eefff379b2a8e344b3697c4508ea6d07dbca45192e87dc0512849cd
canonical__92fef38b70478e3a06a3	GSE207422_sc	celltype_raw		Unknown	Unknown	Unknown	annotation_status::coarse::Unknown	annotation_status::mid::Unknown	annotation_status::fine::Unknown	low	canonical	unknown				0	v6_original_to_harmonized_label_map	c271d7067eefff379b2a8e344b3697c4508ea6d07dbca45192e87dc0512849cd
canonical__a8f8f1a0a3b35e9a8437	GSE225063	celltype_raw	1	Unknown	Unknown	Unknown	annotation_status::coarse::Unknown	annotation_status::mid::Unknown	annotation_status::fine::Unknown	low	canonical	unknown				0	v6_original_to_harmonized_label_map	c271d7067eefff379b2a8e344b3697c4508ea6d07dbca45192e87dc0512849cd
canonical__0f49b4ccb7d0b8587e20	GSE225063	celltype_raw	2	Unknown	Unknown	Unknown	annotation_status::coarse::Unknown	annotation_status::mid::Unknown	annotation_status::fine::Unknown	low	canonical	unknown				0	v6_original_to_harmonized_label_map	c271d7067eefff379b2a8e344b3697c4508ea6d07dbca45192e87dc0512849cd
canonical__a911c446daef44c4acb5	GSE225063	celltype_raw	3	Unknown	Unknown	Unknown	annotation_status::coarse::Unknown	annotation_status::mid::Unknown	annotation_status::fine::Unknown	low	canonical	unknown				0	v6_original_to_harmonized_label_map	c271d7067eefff379b2a8e344b3697c4508ea6d07dbca45192e87dc0512849cd
canonical__9ecd4970a35dffd76106	GSE225063	celltype_raw	4	Unknown	Unknown	Unknown	annotation_status::coarse::Unknown	annotation_status::mid::Unknown	annotation_status::fine::Unknown	low	canonical	unknown				0	v6_original_to_harmonized_label_map	c271d7067eefff379b2a8e344b3697c4508ea6d07dbca45192e87dc0512849cd
canonical__963f563a6eef86dd7599	GSE225063	celltype_raw	5	Unknown	Unknown	Unknown	annotation_status::coarse::Unknown	annotation_status::mid::Unknown	annotation_status::fine::Unknown	low	canonical	unknown				0	v6_original_to_harmonized_label_map	c271d7067eefff379b2a8e344b3697c4508ea6d07dbca45192e87dc0512849cd
canonical__1a7bd54451b322115ed9	GSE225063	celltype_raw	6	Unknown	Unknown	Unknown	annotation_status::coarse::Unknown	annotation_status::mid::Unknown	annotation_status::fine::Unknown	low	canonical	unknown				0	v6_original_to_harmonized_label_map	c271d7067eefff379b2a8e344b3697c4508ea6d07dbca45192e87dc0512849cd
canonical__817e5dafb4c2ff12422c	GSE225063	celltype_raw	7	Unknown	Unknown	Unknown	annotation_status::coarse::Unknown	annotation_status::mid::Unknown	annotation_status::fine::Unknown	low	canonical	unknown				0	v6_original_to_harmonized_label_map	c271d7067eefff379b2a8e344b3697c4508ea6d07dbca45192e87dc0512849cd
canonical__2a35ec07558e959042fa	GSE225063	celltype_raw	8	Unknown	Unknown	Unknown	annotation_status::coarse::Unknown	annotation_status::mid::Unknown	annotation_status::fine::Unknown	low	canonical	unknown				0	v6_original_to_harmonized_label_map	c271d7067eefff379b2a8e344b3697c4508ea6d07dbca45192e87dc0512849cd
canonical__f52da632cff3326c0f18	GSE225063	celltype_raw	9	Unknown	Unknown	Unknown	annotation_status::coarse::Unknown	annotation_status::mid::Unknown	annotation_status::fine::Unknown	low	canonical	unknown				0	v6_original_to_harmonized_label_map	c271d7067eefff379b2a8e344b3697c4508ea6d07dbca45192e87dc0512849cd
canonical__4be66cb66782e04b4690	GSE225063	final_clustering_results	1	Unknown	Unknown	Unknown	annotation_status::coarse::Unknown	annotation_status::mid::Unknown	annotation_status::fine::Unknown	low	canonical	unknown				0	v6_original_to_harmonized_label_map	c271d7067eefff379b2a8e344b3697c4508ea6d07dbca45192e87dc0512849cd
canonical__3c426d3f12a3d3dac441	GSE225063	final_clustering_results	2	Unknown	Unknown	Unknown	annotation_status::coarse::Unknown	annotation_status::mid::Unknown	annotation_status::fine::Unknown	low	canonical	unknown				0	v6_original_to_harmonized_label_map	c271d7067eefff379b2a8e344b3697c4508ea6d07dbca45192e87dc0512849cd
canonical__cca36d812dc6296e82fd	GSE225063	final_clustering_results	3	Unknown	Unknown	Unknown	annotation_status::coarse::Unknown	annotation_status::mid::Unknown	annotation_status::fine::Unknown	low	canonical	unknown				0	v6_original_to_harmonized_label_map	c271d7067eefff379b2a8e344b3697c4508ea6d07dbca45192e87dc0512849cd
canonical__63160fad6cc5ba0ce0be	GSE225063	final_clustering_results	4	Unknown	Unknown	Unknown	annotation_status::coarse::Unknown	annotation_status::mid::Unknown	annotation_status::fine::Unknown	low	canonical	unknown				0	v6_original_to_harmonized_label_map	c271d7067eefff379b2a8e344b3697c4508ea6d07dbca45192e87dc0512849cd
canonical__449e1f9dcc456f03a2c5	GSE225063	final_clustering_results	5	Unknown	Unknown	Unknown	annotation_status::coarse::Unknown	annotation_status::mid::Unknown	annotation_status::fine::Unknown	low	canonical	unknown				0	v6_original_to_harmonized_label_map	c271d7067eefff379b2a8e344b3697c4508ea6d07dbca45192e87dc0512849cd
canonical__37e7b2ce8de01a57c52e	GSE225063	final_clustering_results	6	Unknown	Unknown	Unknown	annotation_status::coarse::Unknown	annotation_status::mid::Unknown	annotation_status::fine::Unknown	low	canonical	unknown				0	v6_original_to_harmonized_label_map	c271d7067eefff379b2a8e344b3697c4508ea6d07dbca45192e87dc0512849cd
canonical__faaac83666e0b8153388	GSE225063	final_clustering_results	7	Unknown	Unknown	Unknown	annotation_status::coarse::Unknown	annotation_status::mid::Unknown	annotation_status::fine::Unknown	low	canonical	unknown				0	v6_original_to_harmonized_label_map	c271d7067eefff379b2a8e344b3697c4508ea6d07dbca45192e87dc0512849cd
canonical__bad88b09e4258286d273	GSE225063	final_clustering_results	8	Unknown	Unknown	Unknown	annotation_status::coarse::Unknown	annotation_status::mid::Unknown	annotation_status::fine::Unknown	low	canonical	unknown				0	v6_original_to_harmonized_label_map	c271d7067eefff379b2a8e344b3697c4508ea6d07dbca45192e87dc0512849cd
canonical__0046c327262af1a0c76c	GSE225063	final_clustering_results	9	Unknown	Unknown	Unknown	annotation_status::coarse::Unknown	annotation_status::mid::Unknown	annotation_status::fine::Unknown	low	canonical	unknown				0	v6_original_to_harmonized_label_map	c271d7067eefff379b2a8e344b3697c4508ea6d07dbca45192e87dc0512849cd
canonical__a8c0be8832e491cc5154	GSE232240	cell_type	B	Unknown	Unknown	Unknown	annotation_status::coarse::Unknown	annotation_status::mid::Unknown	annotation_status::fine::Unknown	low	canonical	unknown				0	v6_original_to_harmonized_label_map	c271d7067eefff379b2a8e344b3697c4508ea6d07dbca45192e87dc0512849cd
canonical__3f33149f5dd3fc3d1d96	GSE232240	cell_type	CD4	T_NK	CD4_T	Unknown	identity::coarse::T_NK	identity::mid::CD4_T	annotation_status::fine::Unknown	high	canonical	resolved				0	v6_original_to_harmonized_label_map	c271d7067eefff379b2a8e344b3697c4508ea6d07dbca45192e87dc0512849cd
canonical__cf741753365760c55571	GSE232240	cell_type	CD8	T_NK	CD8_T	Unknown	identity::coarse::T_NK	identity::mid::CD8_T	annotation_status::fine::Unknown	high	canonical	resolved				0	v6_original_to_harmonized_label_map	c271d7067eefff379b2a8e344b3697c4508ea6d07dbca45192e87dc0512849cd
canonical__29d1d997ca33ac5d7d28	GSE232240	cell_type	M	Unknown	Unknown	Unknown	annotation_status::coarse::Unknown	annotation_status::mid::Unknown	annotation_status::fine::Unknown	low	canonical	unknown				0	v6_original_to_harmonized_label_map	c271d7067eefff379b2a8e344b3697c4508ea6d07dbca45192e87dc0512849cd
canonical__d369685530dbaf03680e	GSE232240	cell_type	NK	Unknown	Unknown	Unknown	annotation_status::coarse::Unknown	annotation_status::mid::Unknown	annotation_status::fine::Unknown	low	canonical	unknown				0	v6_original_to_harmonized_label_map	c271d7067eefff379b2a8e344b3697c4508ea6d07dbca45192e87dc0512849cd
canonical__d8251e44eb706df680b8	GSE232240	celltype_raw		Unknown	Unknown	Unknown	annotation_status::coarse::Unknown	annotation_status::mid::Unknown	annotation_status::fine::Unknown	low	canonical	unknown				0	v6_original_to_harmonized_label_map	c271d7067eefff379b2a8e344b3697c4508ea6d07dbca45192e87dc0512849cd
canonical__8f8e044289fff16f66fd	GSE235863_5pt_cd8	celltype_raw	CD8_C01_LEF1	T_NK	CD8_T	Unknown	identity::coarse::T_NK	identity::mid::CD8_T	annotation_status::fine::Unknown	high	canonical	resolved				0	v6_original_to_harmonized_label_map	c271d7067eefff379b2a8e344b3697c4508ea6d07dbca45192e87dc0512849cd
canonical__53960c3ff92c67e406c6	GSE235863_5pt_cd8	celltype_raw	CD8_C02_GPR183	T_NK	CD8_T	Unknown	identity::coarse::T_NK	identity::mid::CD8_T	annotation_status::fine::Unknown	high	canonical	resolved				0	v6_original_to_harmonized_label_map	c271d7067eefff379b2a8e344b3697c4508ea6d07dbca45192e87dc0512849cd
canonical__9dfbd5d2fdaea07b23c1	GSE235863_5pt_cd8	celltype_raw	CD8_C03_CX3CR1	T_NK	CD8_T	Unknown	identity::coarse::T_NK	identity::mid::CD8_T	annotation_status::fine::Unknown	high	canonical	resolved				0	v6_original_to_harmonized_label_map	c271d7067eefff379b2a8e344b3697c4508ea6d07dbca45192e87dc0512849cd
canonical__4fbf0720843fb7640ed5	GSE235863_5pt_cd8	celltype_raw	CD8_C04_GIMAP4	T_NK	CD8_T	Unknown	identity::coarse::T_NK	identity::mid::CD8_T	annotation_status::fine::Unknown	high	canonical	resolved				0	v6_original_to_harmonized_label_map	c271d7067eefff379b2a8e344b3697c4508ea6d07dbca45192e87dc0512849cd
canonical__361b4b9dd3aed19a6397	GSE235863_5pt_cd8	celltype_raw	CD8_C05_CCR7	T_NK	CD8_T	Unknown	identity::coarse::T_NK	identity::mid::CD8_T	annotation_status::fine::Unknown	high	canonical	resolved				0	v6_original_to_harmonized_label_map	c271d7067eefff379b2a8e344b3697c4508ea6d07dbca45192e87dc0512849cd
canonical__c353b47d01fdd3d2aef8	GSE235863_5pt_cd8	celltype_raw	CD8_C06_IKZF2	T_NK	CD8_T	Unknown	identity::coarse::T_NK	identity::mid::CD8_T	annotation_status::fine::Unknown	high	canonical	resolved				0	v6_original_to_harmonized_label_map	c271d7067eefff379b2a8e344b3697c4508ea6d07dbca45192e87dc0512849cd
canonical__d0f03eb6d4c6476cee98	GSE235863_5pt_cd8	celltype_raw	CD8_C07_KIR2DL4	T_NK	CD8_T	Unknown	identity::coarse::T_NK	identity::mid::CD8_T	annotation_status::fine::Unknown	high	canonical	resolved				0	v6_original_to_harmonized_label_map	c271d7067eefff379b2a8e344b3697c4508ea6d07dbca45192e87dc0512849cd
canonical__4992075d6f6535b89185	GSE235863_5pt_cd8	celltype_raw	CD8_C08_GZMK	T_NK	CD8_T	Unknown	identity::coarse::T_NK	identity::mid::CD8_T	annotation_status::fine::Unknown	high	canonical	resolved				0	v6_original_to_harmonized_label_map	c271d7067eefff379b2a8e344b3697c4508ea6d07dbca45192e87dc0512849cd
canonical__aa525fbaff36d0482ab0	GSE235863_5pt_cd8	celltype_raw	CD8_C09_LAYN	T_NK	CD8_T	Unknown	identity::coarse::T_NK	identity::mid::CD8_T	annotation_status::fine::Unknown	high	canonical	resolved				0	v6_original_to_harmonized_label_map	c271d7067eefff379b2a8e344b3697c4508ea6d07dbca45192e87dc0512849cd
canonical__b1c1f8617c76fa657441	GSE235863_5pt_cd8	celltype_raw	CD8_C10_SLC4A10	T_NK	CD8_T	Unknown	identity::coarse::T_NK	identity::mid::CD8_T	annotation_status::fine::Unknown	high	canonical	resolved				0	v6_original_to_harmonized_label_map	c271d7067eefff379b2a8e344b3697c4508ea6d07dbca45192e87dc0512849cd
canonical__ce693efcdc770956693a	GSE235863_5pt_cd8	celltype_raw	CD8_C11_MKI67	T_NK	CD8_T	Unknown	identity::coarse::T_NK	identity::mid::CD8_T	annotation_status::fine::Unknown	high	canonical	resolved				0	v6_original_to_harmonized_label_map	c271d7067eefff379b2a8e344b3697c4508ea6d07dbca45192e87dc0512849cd
canonical__99f9894a4415609fe484	GSE235863_5pt_cd8	sub_cluster	CD8_C01_LEF1	T_NK	CD8_T	Unknown	identity::coarse::T_NK	identity::mid::CD8_T	annotation_status::fine::Unknown	high	canonical	resolved				0	v6_original_to_harmonized_label_map	c271d7067eefff379b2a8e344b3697c4508ea6d07dbca45192e87dc0512849cd
canonical__8613a61287e92df639a4	GSE235863_5pt_cd8	sub_cluster	CD8_C02_GPR183	T_NK	CD8_T	Unknown	identity::coarse::T_NK	identity::mid::CD8_T	annotation_status::fine::Unknown	high	canonical	resolved				0	v6_original_to_harmonized_label_map	c271d7067eefff379b2a8e344b3697c4508ea6d07dbca45192e87dc0512849cd
canonical__624432704a017f0be766	GSE235863_5pt_cd8	sub_cluster	CD8_C03_CX3CR1	T_NK	CD8_T	Unknown	identity::coarse::T_NK	identity::mid::CD8_T	annotation_status::fine::Unknown	high	canonical	resolved				0	v6_original_to_harmonized_label_map	c271d7067eefff379b2a8e344b3697c4508ea6d07dbca45192e87dc0512849cd
canonical__a09d7d6da3d4cd4d652c	GSE235863_5pt_cd8	sub_cluster	CD8_C04_GIMAP4	T_NK	CD8_T	Unknown	identity::coarse::T_NK	identity::mid::CD8_T	annotation_status::fine::Unknown	high	canonical	resolved				0	v6_original_to_harmonized_label_map	c271d7067eefff379b2a8e344b3697c4508ea6d07dbca45192e87dc0512849cd
canonical__194032cc87a881fe8846	GSE235863_5pt_cd8	sub_cluster	CD8_C05_CCR7	T_NK	CD8_T	Unknown	identity::coarse::T_NK	identity::mid::CD8_T	annotation_status::fine::Unknown	high	canonical	resolved				0	v6_original_to_harmonized_label_map	c271d7067eefff379b2a8e344b3697c4508ea6d07dbca45192e87dc0512849cd
canonical__8291f17718c7c38e1fb9	GSE235863_5pt_cd8	sub_cluster	CD8_C06_IKZF2	T_NK	CD8_T	Unknown	identity::coarse::T_NK	identity::mid::CD8_T	annotation_status::fine::Unknown	high	canonical	resolved				0	v6_original_to_harmonized_label_map	c271d7067eefff379b2a8e344b3697c4508ea6d07dbca45192e87dc0512849cd
canonical__814b7a039ae4b4ea3b0e	GSE235863_5pt_cd8	sub_cluster	CD8_C07_KIR2DL4	T_NK	CD8_T	Unknown	identity::coarse::T_NK	identity::mid::CD8_T	annotation_status::fine::Unknown	high	canonical	resolved				0	v6_original_to_harmonized_label_map	c271d7067eefff379b2a8e344b3697c4508ea6d07dbca45192e87dc0512849cd
canonical__690981fe5a9cfe162c11	GSE235863_5pt_cd8	sub_cluster	CD8_C08_GZMK	T_NK	CD8_T	Unknown	identity::coarse::T_NK	identity::mid::CD8_T	annotation_status::fine::Unknown	high	canonical	resolved				0	v6_original_to_harmonized_label_map	c271d7067eefff379b2a8e344b3697c4508ea6d07dbca45192e87dc0512849cd
canonical__e05b0eb92254408462ee	GSE235863_5pt_cd8	sub_cluster	CD8_C09_LAYN	T_NK	CD8_T	Unknown	identity::coarse::T_NK	identity::mid::CD8_T	annotation_status::fine::Unknown	high	canonical	resolved				0	v6_original_to_harmonized_label_map	c271d7067eefff379b2a8e344b3697c4508ea6d07dbca45192e87dc0512849cd
canonical__d82fc1a3838c6538bd4b	GSE235863_5pt_cd8	sub_cluster	CD8_C10_SLC4A10	T_NK	CD8_T	Unknown	identity::coarse::T_NK	identity::mid::CD8_T	annotation_status::fine::Unknown	high	canonical	resolved				0	v6_original_to_harmonized_label_map	c271d7067eefff379b2a8e344b3697c4508ea6d07dbca45192e87dc0512849cd
canonical__098c1d27fb69f6eee72b	GSE235863_5pt_cd8	sub_cluster	CD8_C11_MKI67	T_NK	CD8_T	Unknown	identity::coarse::T_NK	identity::mid::CD8_T	annotation_status::fine::Unknown	high	canonical	resolved				0	v6_original_to_harmonized_label_map	c271d7067eefff379b2a8e344b3697c4508ea6d07dbca45192e87dc0512849cd
canonical__d51a450904e0535a1d02	GSE235863_9pt_cd45	celltype_raw	B	Unknown	Unknown	Unknown	annotation_status::coarse::Unknown	annotation_status::mid::Unknown	annotation_status::fine::Unknown	low	canonical	unknown				0	v6_original_to_harmonized_label_map	c271d7067eefff379b2a8e344b3697c4508ea6d07dbca45192e87dc0512849cd
canonical__73babde9c8720245d2d9	GSE235863_9pt_cd45	celltype_raw	CD4T	T_NK	CD4_T	Unknown	identity::coarse::T_NK	identity::mid::CD4_T	annotation_status::fine::Unknown	high	canonical	resolved				0	v6_original_to_harmonized_label_map	c271d7067eefff379b2a8e344b3697c4508ea6d07dbca45192e87dc0512849cd
canonical__e304ad480f2bb8e95adf	GSE235863_9pt_cd45	celltype_raw	CD8T	T_NK	CD8_T	Unknown	identity::coarse::T_NK	identity::mid::CD8_T	annotation_status::fine::Unknown	high	canonical	resolved				0	v6_original_to_harmonized_label_map	c271d7067eefff379b2a8e344b3697c4508ea6d07dbca45192e87dc0512849cd
canonical__3686489050cfb140789f	GSE235863_9pt_cd45	celltype_raw	ILC	Unknown	Unknown	Unknown	annotation_status::coarse::Unknown	annotation_status::mid::Unknown	annotation_status::fine::Unknown	low	canonical	unknown				0	v6_original_to_harmonized_label_map	c271d7067eefff379b2a8e344b3697c4508ea6d07dbca45192e87dc0512849cd
canonical__2b6d751b85d9b9ea2bb9	GSE235863_9pt_cd45	celltype_raw	Myeloid	Unknown	Unknown	Unknown	annotation_status::coarse::Unknown	annotation_status::mid::Unknown	annotation_status::fine::Unknown	low	canonical	unknown				0	v6_original_to_harmonized_label_map	c271d7067eefff379b2a8e344b3697c4508ea6d07dbca45192e87dc0512849cd
canonical__6daad4658a88bd1e5ef1	GSE235863_9pt_cd45	celltype_raw	Plasma	B_Plasma	Plasma_cell	Unknown	identity::coarse::B_Plasma	identity::mid::Plasma_cell	annotation_status::fine::Unknown	high	canonical	resolved				0	v6_original_to_harmonized_label_map	c271d7067eefff379b2a8e344b3697c4508ea6d07dbca45192e87dc0512849cd
canonical__2ffe332b81e073857a4e	GSE235863_9pt_cd45	celltype_raw	gdT	Unknown	Unknown	Unknown	annotation_status::coarse::Unknown	annotation_status::mid::Unknown	annotation_status::fine::Unknown	low	canonical	unknown				0	v6_original_to_harmonized_label_map	c271d7067eefff379b2a8e344b3697c4508ea6d07dbca45192e87dc0512849cd
canonical__268946f2241d8457f163	GSE235863_9pt_cd45	major_cluster	B	Unknown	Unknown	Unknown	annotation_status::coarse::Unknown	annotation_status::mid::Unknown	annotation_status::fine::Unknown	low	canonical	unknown				0	v6_original_to_harmonized_label_map	c271d7067eefff379b2a8e344b3697c4508ea6d07dbca45192e87dc0512849cd
canonical__582fa603c30c64ab1676	GSE235863_9pt_cd45	major_cluster	CD4T	T_NK	CD4_T	Unknown	identity::coarse::T_NK	identity::mid::CD4_T	annotation_status::fine::Unknown	high	canonical	resolved				0	v6_original_to_harmonized_label_map	c271d7067eefff379b2a8e344b3697c4508ea6d07dbca45192e87dc0512849cd
canonical__027fadc0b7e09a915355	GSE235863_9pt_cd45	major_cluster	CD8T	T_NK	CD8_T	Unknown	identity::coarse::T_NK	identity::mid::CD8_T	annotation_status::fine::Unknown	high	canonical	resolved				0	v6_original_to_harmonized_label_map	c271d7067eefff379b2a8e344b3697c4508ea6d07dbca45192e87dc0512849cd
canonical__eab7f4fb8fce91e5a73c	GSE235863_9pt_cd45	major_cluster	ILC	Unknown	Unknown	Unknown	annotation_status::coarse::Unknown	annotation_status::mid::Unknown	annotation_status::fine::Unknown	low	canonical	unknown				0	v6_original_to_harmonized_label_map	c271d7067eefff379b2a8e344b3697c4508ea6d07dbca45192e87dc0512849cd
canonical__fdf0870e28beba879e1c	GSE235863_9pt_cd45	major_cluster	Myeloid	Unknown	Unknown	Unknown	annotation_status::coarse::Unknown	annotation_status::mid::Unknown	annotation_status::fine::Unknown	low	canonical	unknown				0	v6_original_to_harmonized_label_map	c271d7067eefff379b2a8e344b3697c4508ea6d07dbca45192e87dc0512849cd
canonical__c6c501e634ed9477491e	GSE235863_9pt_cd45	major_cluster	Plasma	B_Plasma	Plasma_cell	Unknown	identity::coarse::B_Plasma	identity::mid::Plasma_cell	annotation_status::fine::Unknown	high	canonical	resolved				0	v6_original_to_harmonized_label_map	c271d7067eefff379b2a8e344b3697c4508ea6d07dbca45192e87dc0512849cd
canonical__03ef761ac24e4d4bd31c	GSE235863_9pt_cd45	major_cluster	gdT	Unknown	Unknown	Unknown	annotation_status::coarse::Unknown	annotation_status::mid::Unknown	annotation_status::fine::Unknown	low	canonical	unknown				0	v6_original_to_harmonized_label_map	c271d7067eefff379b2a8e344b3697c4508ea6d07dbca45192e87dc0512849cd
canonical__9b4dd686c6864701a826	GSE235863_9pt_cd45	sub_cluster	B_C01_IGHD	Unknown	Unknown	Unknown	annotation_status::coarse::Unknown	annotation_status::mid::Unknown	annotation_status::fine::Unknown	low	canonical	unknown				0	v6_original_to_harmonized_label_map	c271d7067eefff379b2a8e344b3697c4508ea6d07dbca45192e87dc0512849cd
canonical__1f1a020924d35a554f5f	GSE235863_9pt_cd45	sub_cluster	B_C02_CD27	Unknown	Unknown	Unknown	annotation_status::coarse::Unknown	annotation_status::mid::Unknown	annotation_status::fine::Unknown	low	canonical	unknown				0	v6_original_to_harmonized_label_map	c271d7067eefff379b2a8e344b3697c4508ea6d07dbca45192e87dc0512849cd
canonical__8204b7fbf9bd44059352	GSE235863_9pt_cd45	sub_cluster	CD4_C01_CCR7	T_NK	CD4_T	Unknown	identity::coarse::T_NK	identity::mid::CD4_T	annotation_status::fine::Unknown	high	canonical	resolved				0	v6_original_to_harmonized_label_map	c271d7067eefff379b2a8e344b3697c4508ea6d07dbca45192e87dc0512849cd
canonical__12bb112f8571480b2edc	GSE235863_9pt_cd45	sub_cluster	CD4_C02_IL7R	T_NK	CD4_T	Unknown	identity::coarse::T_NK	identity::mid::CD4_T	annotation_status::fine::Unknown	high	canonical	resolved				0	v6_original_to_harmonized_label_map	c271d7067eefff379b2a8e344b3697c4508ea6d07dbca45192e87dc0512849cd
canonical__f97fb1b0b979dabc4999	GSE235863_9pt_cd45	sub_cluster	CD4_C03_CD44	T_NK	CD4_T	Unknown	identity::coarse::T_NK	identity::mid::CD4_T	annotation_status::fine::Unknown	high	canonical	resolved				0	v6_original_to_harmonized_label_map	c271d7067eefff379b2a8e344b3697c4508ea6d07dbca45192e87dc0512849cd
canonical__a443f4e4b70dd13e5a89	GSE235863_9pt_cd45	sub_cluster	CD4_C04_GZMK	T_NK	CD4_T	Unknown	identity::coarse::T_NK	identity::mid::CD4_T	annotation_status::fine::Unknown	high	canonical	resolved				0	v6_original_to_harmonized_label_map	c271d7067eefff379b2a8e344b3697c4508ea6d07dbca45192e87dc0512849cd
canonical__c16f3830a6962121b0cf	GSE235863_9pt_cd45	sub_cluster	CD4_C05_GNLY	T_NK	CD4_T	Unknown	identity::coarse::T_NK	identity::mid::CD4_T	annotation_status::fine::Unknown	high	canonical	resolved				0	v6_original_to_harmonized_label_map	c271d7067eefff379b2a8e344b3697c4508ea6d07dbca45192e87dc0512849cd
canonical__2c638cb24ac534f6f14d	GSE235863_9pt_cd45	sub_cluster	CD4_C06_CXCL13	T_NK	CD4_T	Unknown	identity::coarse::T_NK	identity::mid::CD4_T	annotation_status::fine::Unknown	high	canonical	resolved				0	v6_original_to_harmonized_label_map	c271d7067eefff379b2a8e344b3697c4508ea6d07dbca45192e87dc0512849cd
canonical__cab365b93d71e9763946	GSE235863_9pt_cd45	sub_cluster	CD4_C07_CTLA4	T_NK	CD8_T	Unknown	identity::coarse::T_NK	identity::mid::CD8_T	annotation_status::fine::Unknown	medium	canonical	resolved				0	v6_original_to_harmonized_label_map	c271d7067eefff379b2a8e344b3697c4508ea6d07dbca45192e87dc0512849cd
canonical__f0c3d6aa0d5b538edf5b	GSE235863_9pt_cd45	sub_cluster	CD4_C08_FOXP3	T_NK	CD4_T	Unknown	identity::coarse::T_NK	identity::mid::CD4_T	annotation_status::fine::Unknown	medium	canonical	resolved				0	v6_original_to_harmonized_label_map	c271d7067eefff379b2a8e344b3697c4508ea6d07dbca45192e87dc0512849cd
canonical__cdd031ccedefc82fa7c0	GSE235863_9pt_cd45	sub_cluster	CD4_C09_MKI67	T_NK	CD4_T	Unknown	identity::coarse::T_NK	identity::mid::CD4_T	annotation_status::fine::Unknown	high	canonical	resolved				0	v6_original_to_harmonized_label_map	c271d7067eefff379b2a8e344b3697c4508ea6d07dbca45192e87dc0512849cd
canonical__07b34c34c031ce006251	GSE235863_9pt_cd45	sub_cluster	CD8_C01_LEF1	T_NK	CD8_T	Unknown	identity::coarse::T_NK	identity::mid::CD8_T	annotation_status::fine::Unknown	high	canonical	resolved				0	v6_original_to_harmonized_label_map	c271d7067eefff379b2a8e344b3697c4508ea6d07dbca45192e87dc0512849cd
canonical__8b7ab302c0e6e39f5bf6	GSE235863_9pt_cd45	sub_cluster	CD8_C02_GPR183	T_NK	CD8_T	Unknown	identity::coarse::T_NK	identity::mid::CD8_T	annotation_status::fine::Unknown	high	canonical	resolved				0	v6_original_to_harmonized_label_map	c271d7067eefff379b2a8e344b3697c4508ea6d07dbca45192e87dc0512849cd
canonical__8ed63b8993ea8709db01	GSE235863_9pt_cd45	sub_cluster	CD8_C03_CX3CR1	T_NK	CD8_T	Unknown	identity::coarse::T_NK	identity::mid::CD8_T	annotation_status::fine::Unknown	high	canonical	resolved				0	v6_original_to_harmonized_label_map	c271d7067eefff379b2a8e344b3697c4508ea6d07dbca45192e87dc0512849cd
canonical__ad9f8b9185d3e1100835	GSE235863_9pt_cd45	sub_cluster	CD8_C04_GIMAP4	T_NK	CD8_T	Unknown	identity::coarse::T_NK	identity::mid::CD8_T	annotation_status::fine::Unknown	high	canonical	resolved				0	v6_original_to_harmonized_label_map	c271d7067eefff379b2a8e344b3697c4508ea6d07dbca45192e87dc0512849cd
canonical__daf71d84754b5d2fed35	GSE235863_9pt_cd45	sub_cluster	CD8_C05_TCF7	T_NK	CD8_T	Unknown	identity::coarse::T_NK	identity::mid::CD8_T	annotation_status::fine::Unknown	high	canonical	resolved				0	v6_original_to_harmonized_label_map	c271d7067eefff379b2a8e344b3697c4508ea6d07dbca45192e87dc0512849cd
canonical__27a9090afebdbd84f184	GSE235863_9pt_cd45	sub_cluster	CD8_C06_KIR2DL3	T_NK	CD8_T	Unknown	identity::coarse::T_NK	identity::mid::CD8_T	annotation_status::fine::Unknown	high	canonical	resolved				0	v6_original_to_harmonized_label_map	c271d7067eefff379b2a8e344b3697c4508ea6d07dbca45192e87dc0512849cd
canonical__f7f379faca8208800585	GSE235863_9pt_cd45	sub_cluster	CD8_C07_KLRC2	T_NK	CD8_T	Unknown	identity::coarse::T_NK	identity::mid::CD8_T	annotation_status::fine::Unknown	high	canonical	resolved				0	v6_original_to_harmonized_label_map	c271d7067eefff379b2a8e344b3697c4508ea6d07dbca45192e87dc0512849cd
canonical__83da93a98f39d3c8ece6	GSE235863_9pt_cd45	sub_cluster	CD8_C08_GZMK	T_NK	CD8_T	Unknown	identity::coarse::T_NK	identity::mid::CD8_T	annotation_status::fine::Unknown	high	canonical	resolved				0	v6_original_to_harmonized_label_map	c271d7067eefff379b2a8e344b3697c4508ea6d07dbca45192e87dc0512849cd
canonical__80c3f15725df69de7d71	GSE235863_9pt_cd45	sub_cluster	CD8_C09_LAYN	T_NK	CD8_T	Unknown	identity::coarse::T_NK	identity::mid::CD8_T	annotation_status::fine::Unknown	high	canonical	resolved				0	v6_original_to_harmonized_label_map	c271d7067eefff379b2a8e344b3697c4508ea6d07dbca45192e87dc0512849cd
canonical__f770dc6f1ee16079b14e	GSE235863_9pt_cd45	sub_cluster	CD8_C10_SLC4A10	T_NK	CD8_T	Unknown	identity::coarse::T_NK	identity::mid::CD8_T	annotation_status::fine::Unknown	high	canonical	resolved				0	v6_original_to_harmonized_label_map	c271d7067eefff379b2a8e344b3697c4508ea6d07dbca45192e87dc0512849cd
canonical__911daa208970e2e46df0	GSE235863_9pt_cd45	sub_cluster	CD8_C11_MKI67	T_NK	CD8_T	Unknown	identity::coarse::T_NK	identity::mid::CD8_T	annotation_status::fine::Unknown	high	canonical	resolved				0	v6_original_to_harmonized_label_map	c271d7067eefff379b2a8e344b3697c4508ea6d07dbca45192e87dc0512849cd
canonical__b39e7c8589cf2b765efd	GSE235863_9pt_cd45	sub_cluster	ILC2	Unknown	Unknown	Unknown	annotation_status::coarse::Unknown	annotation_status::mid::Unknown	annotation_status::fine::Unknown	low	canonical	unknown				0	v6_original_to_harmonized_label_map	c271d7067eefff379b2a8e344b3697c4508ea6d07dbca45192e87dc0512849cd
canonical__96cb1d766aae58c7e7ad	GSE235863_9pt_cd45	sub_cluster	ILC3	Unknown	Unknown	Unknown	annotation_status::coarse::Unknown	annotation_status::mid::Unknown	annotation_status::fine::Unknown	low	canonical	unknown				0	v6_original_to_harmonized_label_map	c271d7067eefff379b2a8e344b3697c4508ea6d07dbca45192e87dc0512849cd
canonical__1cae49ad41bc45f895b8	GSE235863_9pt_cd45	sub_cluster	LAMP3+ DC	Unknown	Unknown	Unknown	annotation_status::coarse::Unknown	annotation_status::mid::Unknown	annotation_status::fine::Unknown	low	canonical	unknown				0	v6_original_to_harmonized_label_map	c271d7067eefff379b2a8e344b3697c4508ea6d07dbca45192e87dc0512849cd
canonical__21c643f465a85202f372	GSE235863_9pt_cd45	sub_cluster	Macro_C01_FCN1	Unknown	Unknown	Unknown	annotation_status::coarse::Unknown	annotation_status::mid::Unknown	annotation_status::fine::Unknown	low	canonical	unknown				0	v6_original_to_harmonized_label_map	c271d7067eefff379b2a8e344b3697c4508ea6d07dbca45192e87dc0512849cd
canonical__8711dbe1e1df681b7855	GSE235863_9pt_cd45	sub_cluster	Macro_C02_C1QC	Unknown	Unknown	Unknown	annotation_status::coarse::Unknown	annotation_status::mid::Unknown	annotation_status::fine::Unknown	low	canonical	unknown				0	v6_original_to_harmonized_label_map	c271d7067eefff379b2a8e344b3697c4508ea6d07dbca45192e87dc0512849cd
canonical__cc6898e4ff983b8088e5	GSE235863_9pt_cd45	sub_cluster	Macro_C03_TREM2	Unknown	Unknown	Unknown	annotation_status::coarse::Unknown	annotation_status::mid::Unknown	annotation_status::fine::Unknown	low	canonical	unknown				0	v6_original_to_harmonized_label_map	c271d7067eefff379b2a8e344b3697c4508ea6d07dbca45192e87dc0512849cd
canonical__f06cbdb5bc138071abe7	GSE235863_9pt_cd45	sub_cluster	Macro_C04_IL1B	Unknown	Unknown	Unknown	annotation_status::coarse::Unknown	annotation_status::mid::Unknown	annotation_status::fine::Unknown	low	canonical	unknown				0	v6_original_to_harmonized_label_map	c271d7067eefff379b2a8e344b3697c4508ea6d07dbca45192e87dc0512849cd
canonical__cfa8fb1928fc638566bd	GSE235863_9pt_cd45	sub_cluster	Mast	Unknown	Unknown	Unknown	annotation_status::coarse::Unknown	annotation_status::mid::Unknown	annotation_status::fine::Unknown	low	canonical	unknown				0	v6_original_to_harmonized_label_map	c271d7067eefff379b2a8e344b3697c4508ea6d07dbca45192e87dc0512849cd
canonical__db65d2f5eecf3d6c6564	GSE235863_9pt_cd45	sub_cluster	Megakaryocyte	Unknown	Unknown	Unknown	annotation_status::coarse::Unknown	annotation_status::mid::Unknown	annotation_status::fine::Unknown	low	canonical	unknown				0	v6_original_to_harmonized_label_map	c271d7067eefff379b2a8e344b3697c4508ea6d07dbca45192e87dc0512849cd
canonical__8d2a0832aa6f4ea043fa	GSE235863_9pt_cd45	sub_cluster	Mono_C01_FCGR3A	Myeloid	Monocyte	Unknown	identity::coarse::Myeloid	identity::mid::Monocyte	annotation_status::fine::Unknown	high	canonical	resolved				0	v6_original_to_harmonized_label_map	c271d7067eefff379b2a8e344b3697c4508ea6d07dbca45192e87dc0512849cd
canonical__e6554db88eb254bc9a3f	GSE235863_9pt_cd45	sub_cluster	Mono_C02_CD14	Myeloid	Monocyte	Unknown	identity::coarse::Myeloid	identity::mid::Monocyte	annotation_status::fine::Unknown	high	canonical	resolved				0	v6_original_to_harmonized_label_map	c271d7067eefff379b2a8e344b3697c4508ea6d07dbca45192e87dc0512849cd
canonical__4afd669d3359655f568d	GSE235863_9pt_cd45	sub_cluster	Mono_C03_ITGA5	Myeloid	Monocyte	Unknown	identity::coarse::Myeloid	identity::mid::Monocyte	annotation_status::fine::Unknown	high	canonical	resolved				0	v6_original_to_harmonized_label_map	c271d7067eefff379b2a8e344b3697c4508ea6d07dbca45192e87dc0512849cd
canonical__633416b5fecfd11ab77b	GSE235863_9pt_cd45	sub_cluster	NKT-like	Unknown	Unknown	Unknown	annotation_status::coarse::Unknown	annotation_status::mid::Unknown	annotation_status::fine::Unknown	low	canonical	unknown				0	v6_original_to_harmonized_label_map	c271d7067eefff379b2a8e344b3697c4508ea6d07dbca45192e87dc0512849cd
canonical__0f530454a6cc02ae96a2	GSE235863_9pt_cd45	sub_cluster	NK_C01_FCGR3A	T_NK	NK	Unknown	identity::coarse::T_NK	identity::mid::NK	annotation_status::fine::Unknown	high	canonical	resolved				0	v6_original_to_harmonized_label_map	c271d7067eefff379b2a8e344b3697c4508ea6d07dbca45192e87dc0512849cd
canonical__55e2340186c491f3314c	GSE235863_9pt_cd45	sub_cluster	NK_C02_SELL	T_NK	NK	Unknown	identity::coarse::T_NK	identity::mid::NK	annotation_status::fine::Unknown	high	canonical	resolved				0	v6_original_to_harmonized_label_map	c271d7067eefff379b2a8e344b3697c4508ea6d07dbca45192e87dc0512849cd
canonical__4811a5043d1cfc175704	GSE235863_9pt_cd45	sub_cluster	NK_C03_GZMK	T_NK	NK	Unknown	identity::coarse::T_NK	identity::mid::NK	annotation_status::fine::Unknown	high	canonical	resolved				0	v6_original_to_harmonized_label_map	c271d7067eefff379b2a8e344b3697c4508ea6d07dbca45192e87dc0512849cd
canonical__e6d2f559df0c770e36ea	GSE235863_9pt_cd45	sub_cluster	NK_C04_MKI67	T_NK	NK	Unknown	identity::coarse::T_NK	identity::mid::NK	annotation_status::fine::Unknown	high	canonical	resolved				0	v6_original_to_harmonized_label_map	c271d7067eefff379b2a8e344b3697c4508ea6d07dbca45192e87dc0512849cd
canonical__9b99d139bf8ba17a66a0	GSE235863_9pt_cd45	sub_cluster	Plasma_C01_CD52	B_Plasma	Plasma_cell	Unknown	identity::coarse::B_Plasma	identity::mid::Plasma_cell	annotation_status::fine::Unknown	high	canonical	resolved				0	v6_original_to_harmonized_label_map	c271d7067eefff379b2a8e344b3697c4508ea6d07dbca45192e87dc0512849cd
canonical__598a046951d4f5964322	GSE235863_9pt_cd45	sub_cluster	Plasma_C02_SDC1	B_Plasma	Plasma_cell	Unknown	identity::coarse::B_Plasma	identity::mid::Plasma_cell	annotation_status::fine::Unknown	high	canonical	resolved				0	v6_original_to_harmonized_label_map	c271d7067eefff379b2a8e344b3697c4508ea6d07dbca45192e87dc0512849cd
canonical__420cf8b6d665c9b408f1	GSE235863_9pt_cd45	sub_cluster	Plasma_C03_SDC1_HSPA1A	B_Plasma	Plasma_cell	Unknown	identity::coarse::B_Plasma	identity::mid::Plasma_cell	annotation_status::fine::Unknown	high	canonical	resolved				0	v6_original_to_harmonized_label_map	c271d7067eefff379b2a8e344b3697c4508ea6d07dbca45192e87dc0512849cd
canonical__4dab4831b6cda3269597	GSE235863_9pt_cd45	sub_cluster	cDC1	DC_APC	DC	Unknown	identity::coarse::DC_APC	identity::mid::DC	annotation_status::fine::Unknown	high	canonical	resolved				0	v6_original_to_harmonized_label_map	c271d7067eefff379b2a8e344b3697c4508ea6d07dbca45192e87dc0512849cd
canonical__febc560fb0686c8af517	GSE235863_9pt_cd45	sub_cluster	cDC2_C01_CD1C	DC_APC	DC	Unknown	identity::coarse::DC_APC	identity::mid::DC	annotation_status::fine::Unknown	high	canonical	resolved				0	v6_original_to_harmonized_label_map	c271d7067eefff379b2a8e344b3697c4508ea6d07dbca45192e87dc0512849cd
canonical__a94df59e79c29bc9400e	GSE235863_9pt_cd45	sub_cluster	cDC2_C02_MKI67	DC_APC	DC	Unknown	identity::coarse::DC_APC	identity::mid::DC	annotation_status::fine::Unknown	high	canonical	resolved				0	v6_original_to_harmonized_label_map	c271d7067eefff379b2a8e344b3697c4508ea6d07dbca45192e87dc0512849cd
canonical__f4b9f53890f31eab22da	GSE235863_9pt_cd45	sub_cluster	gdT_C01_GZMB	Unknown	Unknown	Unknown	annotation_status::coarse::Unknown	annotation_status::mid::Unknown	annotation_status::fine::Unknown	low	canonical	unknown				0	v6_original_to_harmonized_label_map	c271d7067eefff379b2a8e344b3697c4508ea6d07dbca45192e87dc0512849cd
canonical__d321195e4f6a08e64a45	GSE235863_9pt_cd45	sub_cluster	gdT_C02_GZMK	Unknown	Unknown	Unknown	annotation_status::coarse::Unknown	annotation_status::mid::Unknown	annotation_status::fine::Unknown	low	canonical	unknown				0	v6_original_to_harmonized_label_map	c271d7067eefff379b2a8e344b3697c4508ea6d07dbca45192e87dc0512849cd
canonical__ec2f40a0510df573ce64	GSE235863_9pt_cd45	sub_cluster	gdT_C03_KLRG1	Unknown	Unknown	Unknown	annotation_status::coarse::Unknown	annotation_status::mid::Unknown	annotation_status::fine::Unknown	low	canonical	unknown				0	v6_original_to_harmonized_label_map	c271d7067eefff379b2a8e344b3697c4508ea6d07dbca45192e87dc0512849cd
canonical__31586ffd58da2866da6d	GSE235863_9pt_cd45	sub_cluster	pDC	DC_APC	pDC	Unknown	identity::coarse::DC_APC	identity::mid::pDC	annotation_status::fine::Unknown	high	canonical	resolved				0	v6_original_to_harmonized_label_map	c271d7067eefff379b2a8e344b3697c4508ea6d07dbca45192e87dc0512849cd
canonical__fc7d835640de973f1b57	GSE243013	celltype_raw	B cell	B_Plasma	B_cell	Unknown	identity::coarse::B_Plasma	identity::mid::B_cell	annotation_status::fine::Unknown	high	canonical	resolved				0	v6_original_to_harmonized_label_map	c271d7067eefff379b2a8e344b3697c4508ea6d07dbca45192e87dc0512849cd
canonical__52876de6e9f1c6692afa	GSE243013	celltype_raw	Myeloid cell	Unknown	Unknown	Unknown	annotation_status::coarse::Unknown	annotation_status::mid::Unknown	annotation_status::fine::Unknown	low	canonical	unknown				0	v6_original_to_harmonized_label_map	c271d7067eefff379b2a8e344b3697c4508ea6d07dbca45192e87dc0512849cd
canonical__88546766f03f3b9ef6a5	GSE243013	celltype_raw	T/NK cell	T_NK	NK	Unknown	identity::coarse::T_NK	identity::mid::NK	annotation_status::fine::Unknown	high	canonical	resolved				0	v6_original_to_harmonized_label_map	c271d7067eefff379b2a8e344b3697c4508ea6d07dbca45192e87dc0512849cd
canonical__f945da4fbe314ed0e0d3	GSE243013	major_cell_type	B cell	B_Plasma	B_cell	Unknown	identity::coarse::B_Plasma	identity::mid::B_cell	annotation_status::fine::Unknown	high	canonical	resolved				0	v6_original_to_harmonized_label_map	c271d7067eefff379b2a8e344b3697c4508ea6d07dbca45192e87dc0512849cd
canonical__5d4dd33747f36569a0b4	GSE243013	major_cell_type	Myeloid cell	Unknown	Unknown	Unknown	annotation_status::coarse::Unknown	annotation_status::mid::Unknown	annotation_status::fine::Unknown	low	canonical	unknown				0	v6_original_to_harmonized_label_map	c271d7067eefff379b2a8e344b3697c4508ea6d07dbca45192e87dc0512849cd
canonical__72ef14984bb695edfe88	GSE243013	major_cell_type	T/NK cell	T_NK	NK	Unknown	identity::coarse::T_NK	identity::mid::NK	annotation_status::fine::Unknown	high	canonical	resolved				0	v6_original_to_harmonized_label_map	c271d7067eefff379b2a8e344b3697c4508ea6d07dbca45192e87dc0512849cd
canonical__1afae9318282d37a670a	GSE243013	sub_cell_type	B_prf_MKI67	Unknown	Unknown	Unknown	annotation_status::coarse::Unknown	annotation_status::mid::Unknown	annotation_status::fine::Unknown	low	canonical	unknown				0	v6_original_to_harmonized_label_map	c271d7067eefff379b2a8e344b3697c4508ea6d07dbca45192e87dc0512849cd
canonical__71782cdec973f27cdd79	GSE243013	sub_cell_type	Bm_CD74	Unknown	Unknown	Unknown	annotation_status::coarse::Unknown	annotation_status::mid::Unknown	annotation_status::fine::Unknown	low	canonical	unknown				0	v6_original_to_harmonized_label_map	c271d7067eefff379b2a8e344b3697c4508ea6d07dbca45192e87dc0512849cd
canonical__3cf824070ef77020ab34	GSE243013	sub_cell_type	Bm_FCRL4	Unknown	Unknown	Unknown	annotation_status::coarse::Unknown	annotation_status::mid::Unknown	annotation_status::fine::Unknown	low	canonical	unknown				0	v6_original_to_harmonized_label_map	c271d7067eefff379b2a8e344b3697c4508ea6d07dbca45192e87dc0512849cd
canonical__e4798fed26d30f665f19	GSE243013	sub_cell_type	Bm_MT2A	Unknown	Unknown	Unknown	annotation_status::coarse::Unknown	annotation_status::mid::Unknown	annotation_status::fine::Unknown	low	canonical	unknown				0	v6_original_to_harmonized_label_map	c271d7067eefff379b2a8e344b3697c4508ea6d07dbca45192e87dc0512849cd
canonical__f26ab5639f524014c488	GSE243013	sub_cell_type	Bm_PDE4D	Unknown	Unknown	Unknown	annotation_status::coarse::Unknown	annotation_status::mid::Unknown	annotation_status::fine::Unknown	low	canonical	unknown				0	v6_original_to_harmonized_label_map	c271d7067eefff379b2a8e344b3697c4508ea6d07dbca45192e87dc0512849cd
canonical__c84663c2b2a40652ce71	GSE243013	sub_cell_type	Bm_TNF	Unknown	Unknown	Unknown	annotation_status::coarse::Unknown	annotation_status::mid::Unknown	annotation_status::fine::Unknown	low	canonical	unknown				0	v6_original_to_harmonized_label_map	c271d7067eefff379b2a8e344b3697c4508ea6d07dbca45192e87dc0512849cd
canonical__4071019bb0a5d860ce11	GSE243013	sub_cell_type	Bm_TNFSF9	Unknown	Unknown	Unknown	annotation_status::coarse::Unknown	annotation_status::mid::Unknown	annotation_status::fine::Unknown	low	canonical	unknown				0	v6_original_to_harmonized_label_map	c271d7067eefff379b2a8e344b3697c4508ea6d07dbca45192e87dc0512849cd
canonical__015271ddf434414de99a	GSE243013	sub_cell_type	Bn_TCL1A	Unknown	Unknown	Unknown	annotation_status::coarse::Unknown	annotation_status::mid::Unknown	annotation_status::fine::Unknown	low	canonical	unknown				0	v6_original_to_harmonized_label_map	c271d7067eefff379b2a8e344b3697c4508ea6d07dbca45192e87dc0512849cd
canonical__839f453215b6b64afb44	GSE243013	sub_cell_type	CD4T_Tem_GZMA	T_NK	CD4_T	Unknown	identity::coarse::T_NK	identity::mid::CD4_T	annotation_status::fine::Unknown	high	canonical	resolved				0	v6_original_to_harmonized_label_map	c271d7067eefff379b2a8e344b3697c4508ea6d07dbca45192e87dc0512849cd
canonical__e9ea5bcdf372781e8680	GSE243013	sub_cell_type	CD4T_Tfh_CXCL13	T_NK	CD4_T	Unknown	identity::coarse::T_NK	identity::mid::CD4_T	annotation_status::fine::Unknown	high	canonical	resolved				0	v6_original_to_harmonized_label_map	c271d7067eefff379b2a8e344b3697c4508ea6d07dbca45192e87dc0512849cd
canonical__78554c9b9971f5f99e6f	GSE243013	sub_cell_type	CD4T_Th1-like_CXCL13	T_NK	CD4_T	Unknown	identity::coarse::T_NK	identity::mid::CD4_T	annotation_status::fine::Unknown	high	canonical	resolved				0	v6_original_to_harmonized_label_map	c271d7067eefff379b2a8e344b3697c4508ea6d07dbca45192e87dc0512849cd
canonical__2d5f3d7c5988ad17bc76	GSE243013	sub_cell_type	CD4T_Tm_ANXA1	T_NK	CD4_T	Unknown	identity::coarse::T_NK	identity::mid::CD4_T	annotation_status::fine::Unknown	high	canonical	resolved				0	v6_original_to_harmonized_label_map	c271d7067eefff379b2a8e344b3697c4508ea6d07dbca45192e87dc0512849cd
canonical__aba49d5a597d09bcb011	GSE243013	sub_cell_type	CD4T_Tm_XCL1	T_NK	CD4_T	Unknown	identity::coarse::T_NK	identity::mid::CD4_T	annotation_status::fine::Unknown	high	canonical	resolved				0	v6_original_to_harmonized_label_map	c271d7067eefff379b2a8e344b3697c4508ea6d07dbca45192e87dc0512849cd
canonical__dfde732032d014b620a4	GSE243013	sub_cell_type	CD4T_Tn_CCR7	T_NK	CD4_T	Unknown	identity::coarse::T_NK	identity::mid::CD4_T	annotation_status::fine::Unknown	high	canonical	resolved				0	v6_original_to_harmonized_label_map	c271d7067eefff379b2a8e344b3697c4508ea6d07dbca45192e87dc0512849cd
canonical__db0361d0b2b16b6c214a	GSE243013	sub_cell_type	CD4T_Treg_CCR8	T_NK	CD4_T	Unknown	identity::coarse::T_NK	identity::mid::CD4_T	annotation_status::fine::Unknown	medium	canonical	resolved				0	v6_original_to_harmonized_label_map	c271d7067eefff379b2a8e344b3697c4508ea6d07dbca45192e87dc0512849cd
canonical__63a758c6b50449b4fd2f	GSE243013	sub_cell_type	CD4T_Treg_FOXP3	T_NK	CD4_T	Unknown	identity::coarse::T_NK	identity::mid::CD4_T	annotation_status::fine::Unknown	medium	canonical	resolved				0	v6_original_to_harmonized_label_map	c271d7067eefff379b2a8e344b3697c4508ea6d07dbca45192e87dc0512849cd
canonical__1ca355694f41a9a55b18	GSE243013	sub_cell_type	CD4T_Treg_MKI67	T_NK	CD4_T	Unknown	identity::coarse::T_NK	identity::mid::CD4_T	annotation_status::fine::Unknown	medium	canonical	resolved				0	v6_original_to_harmonized_label_map	c271d7067eefff379b2a8e344b3697c4508ea6d07dbca45192e87dc0512849cd
canonical__57d17f8222b0208cd982	GSE243013	sub_cell_type	CD8T_ISG15	T_NK	CD8_T	Unknown	identity::coarse::T_NK	identity::mid::CD8_T	annotation_status::fine::Unknown	high	canonical	resolved				0	v6_original_to_harmonized_label_map	c271d7067eefff379b2a8e344b3697c4508ea6d07dbca45192e87dc0512849cd
canonical__4921ca20c8e70c847258	GSE243013	sub_cell_type	CD8T_MAIT_KLRB1	T_NK	CD8_T	Unknown	identity::coarse::T_NK	identity::mid::CD8_T	annotation_status::fine::Unknown	high	canonical	resolved				0	v6_original_to_harmonized_label_map	c271d7067eefff379b2a8e344b3697c4508ea6d07dbca45192e87dc0512849cd
canonical__84c6b0fe1d4190e7882e	GSE243013	sub_cell_type	CD8T_NK-like_FGFBP2	T_NK	CD8_T	Unknown	identity::coarse::T_NK	identity::mid::CD8_T	annotation_status::fine::Unknown	medium	canonical	resolved				0	v6_original_to_harmonized_label_map	c271d7067eefff379b2a8e344b3697c4508ea6d07dbca45192e87dc0512849cd
canonical__e9582c461b81ea288e4f	GSE243013	sub_cell_type	CD8T_Tem_GZMK+GZMH+	T_NK	CD8_T	Unknown	identity::coarse::T_NK	identity::mid::CD8_T	annotation_status::fine::Unknown	high	canonical	resolved				0	v6_original_to_harmonized_label_map	c271d7067eefff379b2a8e344b3697c4508ea6d07dbca45192e87dc0512849cd
canonical__3dc12ff63d3d94e62cba	GSE243013	sub_cell_type	CD8T_Tem_GZMK+NR4A1+	T_NK	CD8_T	Unknown	identity::coarse::T_NK	identity::mid::CD8_T	annotation_status::fine::Unknown	high	canonical	resolved				0	v6_original_to_harmonized_label_map	c271d7067eefff379b2a8e344b3697c4508ea6d07dbca45192e87dc0512849cd
canonical__4f3b5ad9d0fe63b5fcb2	GSE243013	sub_cell_type	CD8T_Tex_CXCL13	T_NK	CD8_T	Unknown	identity::coarse::T_NK	identity::mid::CD8_T	annotation_status::fine::Unknown	high	canonical	resolved				0	v6_original_to_harmonized_label_map	c271d7067eefff379b2a8e344b3697c4508ea6d07dbca45192e87dc0512849cd
canonical__1e52ef3463736349c104	GSE243013	sub_cell_type	CD8T_Tm_IL7R	T_NK	CD8_T	Unknown	identity::coarse::T_NK	identity::mid::CD8_T	annotation_status::fine::Unknown	high	canonical	resolved				0	v6_original_to_harmonized_label_map	c271d7067eefff379b2a8e344b3697c4508ea6d07dbca45192e87dc0512849cd
canonical__8d359247753ae89713e1	GSE243013	sub_cell_type	CD8T_Trm_ZNF683	T_NK	CD8_T	Unknown	identity::coarse::T_NK	identity::mid::CD8_T	annotation_status::fine::Unknown	high	canonical	resolved				0	v6_original_to_harmonized_label_map	c271d7067eefff379b2a8e344b3697c4508ea6d07dbca45192e87dc0512849cd
canonical__b042b053b20784c9239e	GSE243013	sub_cell_type	CD8T_prf_MKI67	T_NK	CD8_T	Unknown	identity::coarse::T_NK	identity::mid::CD8_T	annotation_status::fine::Unknown	high	canonical	resolved				0	v6_original_to_harmonized_label_map	c271d7067eefff379b2a8e344b3697c4508ea6d07dbca45192e87dc0512849cd
canonical__98fc53663419ce3a10d8	GSE243013	sub_cell_type	CD8T_terminal_Tex_LAYN	T_NK	CD8_T	Unknown	identity::coarse::T_NK	identity::mid::CD8_T	annotation_status::fine::Unknown	high	canonical	resolved				0	v6_original_to_harmonized_label_map	c271d7067eefff379b2a8e344b3697c4508ea6d07dbca45192e87dc0512849cd
canonical__a7598a14ea2f44eaee1a	GSE243013	sub_cell_type	GCB_RGS13	Unknown	Unknown	Unknown	annotation_status::coarse::Unknown	annotation_status::mid::Unknown	annotation_status::fine::Unknown	low	canonical	unknown				0	v6_original_to_harmonized_label_map	c271d7067eefff379b2a8e344b3697c4508ea6d07dbca45192e87dc0512849cd
canonical__6fab4637ef615b9c8465	GSE243013	sub_cell_type	ILC3_KIT	Unknown	Unknown	Unknown	annotation_status::coarse::Unknown	annotation_status::mid::Unknown	annotation_status::fine::Unknown	low	canonical	unknown				0	v6_original_to_harmonized_label_map	c271d7067eefff379b2a8e344b3697c4508ea6d07dbca45192e87dc0512849cd
canonical__d5d07fd38b11961e55b2	GSE243013	sub_cell_type	Mast cell	Unknown	Unknown	Unknown	annotation_status::coarse::Unknown	annotation_status::mid::Unknown	annotation_status::fine::Unknown	low	canonical	unknown				0	v6_original_to_harmonized_label_map	c271d7067eefff379b2a8e344b3697c4508ea6d07dbca45192e87dc0512849cd
canonical__d64bd75ebb0232a830c1	GSE243013	sub_cell_type	Mφ_CXCL10	Unknown	Unknown	Unknown	annotation_status::coarse::Unknown	annotation_status::mid::Unknown	annotation_status::fine::Unknown	low	canonical	unknown				0	v6_original_to_harmonized_label_map	c271d7067eefff379b2a8e344b3697c4508ea6d07dbca45192e87dc0512849cd
canonical__52a8c65c00c43fba82aa	GSE243013	sub_cell_type	Mφ_CXCL2	Unknown	Unknown	Unknown	annotation_status::coarse::Unknown	annotation_status::mid::Unknown	annotation_status::fine::Unknown	low	canonical	unknown				0	v6_original_to_harmonized_label_map	c271d7067eefff379b2a8e344b3697c4508ea6d07dbca45192e87dc0512849cd
canonical__9b0be03e73dc8c843357	GSE243013	sub_cell_type	Mφ_DNAJB1	Unknown	Unknown	Unknown	annotation_status::coarse::Unknown	annotation_status::mid::Unknown	annotation_status::fine::Unknown	low	canonical	unknown				0	v6_original_to_harmonized_label_map	c271d7067eefff379b2a8e344b3697c4508ea6d07dbca45192e87dc0512849cd
canonical__ee7fe95b3d7d4698fd9f	GSE243013	sub_cell_type	Mφ_FCGR3A	Unknown	Unknown	Unknown	annotation_status::coarse::Unknown	annotation_status::mid::Unknown	annotation_status::fine::Unknown	low	canonical	unknown				0	v6_original_to_harmonized_label_map	c271d7067eefff379b2a8e344b3697c4508ea6d07dbca45192e87dc0512849cd
canonical__fb45d7d7d55f4009dbc3	GSE243013	sub_cell_type	Mφ_FOLR2	Unknown	Unknown	Unknown	annotation_status::coarse::Unknown	annotation_status::mid::Unknown	annotation_status::fine::Unknown	low	canonical	unknown				0	v6_original_to_harmonized_label_map	c271d7067eefff379b2a8e344b3697c4508ea6d07dbca45192e87dc0512849cd
canonical__773c4bd8123aacf13e4e	GSE243013	sub_cell_type	Mφ_ISG15	Unknown	Unknown	Unknown	annotation_status::coarse::Unknown	annotation_status::mid::Unknown	annotation_status::fine::Unknown	low	canonical	unknown				0	v6_original_to_harmonized_label_map	c271d7067eefff379b2a8e344b3697c4508ea6d07dbca45192e87dc0512849cd
canonical__d6966b2d194f5c890d52	GSE243013	sub_cell_type	Mφ_MARCO	Unknown	Unknown	Unknown	annotation_status::coarse::Unknown	annotation_status::mid::Unknown	annotation_status::fine::Unknown	low	canonical	unknown				0	v6_original_to_harmonized_label_map	c271d7067eefff379b2a8e344b3697c4508ea6d07dbca45192e87dc0512849cd
canonical__42461c836f51be474026	GSE243013	sub_cell_type	Mφ_MKI67	Unknown	Unknown	Unknown	annotation_status::coarse::Unknown	annotation_status::mid::Unknown	annotation_status::fine::Unknown	low	canonical	unknown				0	v6_original_to_harmonized_label_map	c271d7067eefff379b2a8e344b3697c4508ea6d07dbca45192e87dc0512849cd
canonical__00ffc66e024c482450e7	GSE243013	sub_cell_type	Mφ_MMP9	Unknown	Unknown	Unknown	annotation_status::coarse::Unknown	annotation_status::mid::Unknown	annotation_status::fine::Unknown	low	canonical	unknown				0	v6_original_to_harmonized_label_map	c271d7067eefff379b2a8e344b3697c4508ea6d07dbca45192e87dc0512849cd
canonical__38e4d44c2133338be86e	GSE243013	sub_cell_type	Mφ_S100A10	Unknown	Unknown	Unknown	annotation_status::coarse::Unknown	annotation_status::mid::Unknown	annotation_status::fine::Unknown	low	canonical	unknown				0	v6_original_to_harmonized_label_map	c271d7067eefff379b2a8e344b3697c4508ea6d07dbca45192e87dc0512849cd
canonical__41214f935ccecb9d6857	GSE243013	sub_cell_type	Mφ_VCAN	Unknown	Unknown	Unknown	annotation_status::coarse::Unknown	annotation_status::mid::Unknown	annotation_status::fine::Unknown	low	canonical	unknown				0	v6_original_to_harmonized_label_map	c271d7067eefff379b2a8e344b3697c4508ea6d07dbca45192e87dc0512849cd
canonical__ead79b186231db5b8cb4	GSE243013	sub_cell_type	NK_CD16hi_FGFBP2	T_NK	NK	Unknown	identity::coarse::T_NK	identity::mid::NK	annotation_status::fine::Unknown	high	canonical	resolved				0	v6_original_to_harmonized_label_map	c271d7067eefff379b2a8e344b3697c4508ea6d07dbca45192e87dc0512849cd
canonical__56a295f56b64ff093abd	GSE243013	sub_cell_type	NK_CD16low_GZMK	T_NK	NK	Unknown	identity::coarse::T_NK	identity::mid::NK	annotation_status::fine::Unknown	high	canonical	resolved				0	v6_original_to_harmonized_label_map	c271d7067eefff379b2a8e344b3697c4508ea6d07dbca45192e87dc0512849cd
canonical__b3e993904b59c8727cc1	GSE243013	sub_cell_type	Neu_FCGR3B	Unknown	Unknown	Unknown	annotation_status::coarse::Unknown	annotation_status::mid::Unknown	annotation_status::fine::Unknown	low	canonical	unknown				0	v6_original_to_harmonized_label_map	c271d7067eefff379b2a8e344b3697c4508ea6d07dbca45192e87dc0512849cd
canonical__4cee6a92cf7dd7da0411	GSE243013	sub_cell_type	Plasma_cell	B_Plasma	Plasma_cell	Unknown	identity::coarse::B_Plasma	identity::mid::Plasma_cell	annotation_status::fine::Unknown	high	canonical	resolved				0	v6_original_to_harmonized_label_map	c271d7067eefff379b2a8e344b3697c4508ea6d07dbca45192e87dc0512849cd
canonical__9390a76a50caafb7b1fe	GSE243013	sub_cell_type	T_gdT_TRDV1	Unknown	Unknown	Unknown	annotation_status::coarse::Unknown	annotation_status::mid::Unknown	annotation_status::fine::Unknown	low	canonical	unknown				0	v6_original_to_harmonized_label_map	c271d7067eefff379b2a8e344b3697c4508ea6d07dbca45192e87dc0512849cd
canonical__af551b6cd19f82780c1f	GSE243013	sub_cell_type	T_gdT_TRDV2	Unknown	Unknown	Unknown	annotation_status::coarse::Unknown	annotation_status::mid::Unknown	annotation_status::fine::Unknown	low	canonical	unknown				0	v6_original_to_harmonized_label_map	c271d7067eefff379b2a8e344b3697c4508ea6d07dbca45192e87dc0512849cd
canonical__eb054a3867572b0dc9e0	GSE243013	sub_cell_type	cDC1_CLEC9A	DC_APC	DC	Unknown	identity::coarse::DC_APC	identity::mid::DC	annotation_status::fine::Unknown	high	canonical	resolved				0	v6_original_to_harmonized_label_map	c271d7067eefff379b2a8e344b3697c4508ea6d07dbca45192e87dc0512849cd
canonical__ed36f6eafc9bea0000af	GSE243013	sub_cell_type	cDC2_CD1C	DC_APC	DC	Unknown	identity::coarse::DC_APC	identity::mid::DC	annotation_status::fine::Unknown	high	canonical	resolved				0	v6_original_to_harmonized_label_map	c271d7067eefff379b2a8e344b3697c4508ea6d07dbca45192e87dc0512849cd
canonical__f702f43c4c98b5d1d8f7	GSE243013	sub_cell_type	mDC_LAMP3	DC_APC	DC	Unknown	identity::coarse::DC_APC	identity::mid::DC	annotation_status::fine::Unknown	high	canonical	resolved				0	v6_original_to_harmonized_label_map	c271d7067eefff379b2a8e344b3697c4508ea6d07dbca45192e87dc0512849cd
canonical__bac33e0fbf77b5f683d4	GSE243013	sub_cell_type	pDC_LILRA4	DC_APC	DC	Unknown	identity::coarse::DC_APC	identity::mid::DC	annotation_status::fine::Unknown	medium	canonical	resolved				0	v6_original_to_harmonized_label_map	c271d7067eefff379b2a8e344b3697c4508ea6d07dbca45192e87dc0512849cd
canonical__17a0dd4672d7a1c773d8	GSE246613	celltype		Unknown	Unknown	Unknown	annotation_status::coarse::Unknown	annotation_status::mid::Unknown	annotation_status::fine::Unknown	low	canonical	unknown				0	v6_original_to_harmonized_label_map	c271d7067eefff379b2a8e344b3697c4508ea6d07dbca45192e87dc0512849cd
canonical__5f9eef3f5565637854dc	GSE246613	celltype	Bcell	B_Plasma	B_cell	Unknown	identity::coarse::B_Plasma	identity::mid::B_cell	annotation_status::fine::Unknown	high	canonical	resolved				0	v6_original_to_harmonized_label_map	c271d7067eefff379b2a8e344b3697c4508ea6d07dbca45192e87dc0512849cd
canonical__e099e316c3432a414c0e	GSE246613	celltype	Tcell	Unknown	Unknown	Unknown	annotation_status::coarse::Unknown	annotation_status::mid::Unknown	annotation_status::fine::Unknown	low	canonical	unknown				0	v6_original_to_harmonized_label_map	c271d7067eefff379b2a8e344b3697c4508ea6d07dbca45192e87dc0512849cd
canonical__f3d7a6c6c48fc2f7fb75	GSE246613	celltype	mastcell	Unknown	Unknown	Unknown	annotation_status::coarse::Unknown	annotation_status::mid::Unknown	annotation_status::fine::Unknown	low	canonical	unknown				0	v6_original_to_harmonized_label_map	c271d7067eefff379b2a8e344b3697c4508ea6d07dbca45192e87dc0512849cd
canonical__6b716eccaf2b523ed252	GSE246613	celltype	myeloid	Unknown	Unknown	Unknown	annotation_status::coarse::Unknown	annotation_status::mid::Unknown	annotation_status::fine::Unknown	low	canonical	unknown				0	v6_original_to_harmonized_label_map	c271d7067eefff379b2a8e344b3697c4508ea6d07dbca45192e87dc0512849cd
canonical__a97061f64bbf0272e50a	GSE246613	celltype_new		Unknown	Unknown	Unknown	annotation_status::coarse::Unknown	annotation_status::mid::Unknown	annotation_status::fine::Unknown	low	canonical	unknown				0	v6_original_to_harmonized_label_map	c271d7067eefff379b2a8e344b3697c4508ea6d07dbca45192e87dc0512849cd
canonical__40e87d354eb443b2c8b9	GSE246613	celltype_new	Endothelial	Endothelial	Endothelial	Unknown	identity::coarse::Endothelial	identity::mid::Endothelial	annotation_status::fine::Unknown	high	canonical	resolved				0	v6_original_to_harmonized_label_map	c271d7067eefff379b2a8e344b3697c4508ea6d07dbca45192e87dc0512849cd
canonical__8e6e1fd0fc1c994365bc	GSE246613	celltype_new	Epithelial	Tumor_like	Tumor_epithelial_like	Unknown	identity::coarse::Tumor_like	identity::mid::Tumor_epithelial_like	annotation_status::fine::Unknown	high	canonical	resolved				0	v6_original_to_harmonized_label_map	c271d7067eefff379b2a8e344b3697c4508ea6d07dbca45192e87dc0512849cd
canonical__93363ea08b5a84df31b8	GSE246613	celltype_new	Fibroblasts	CAF_Stromal	CAF	Unknown	identity::coarse::CAF_Stromal	identity::mid::CAF	annotation_status::fine::Unknown	high	canonical	resolved				0	v6_original_to_harmonized_label_map	c271d7067eefff379b2a8e344b3697c4508ea6d07dbca45192e87dc0512849cd
canonical__fdddd286e0d80aa5329a	GSE246613	celltype_new	PVL	Unknown	Unknown	Unknown	annotation_status::coarse::Unknown	annotation_status::mid::Unknown	annotation_status::fine::Unknown	low	canonical	unknown				0	v6_original_to_harmonized_label_map	c271d7067eefff379b2a8e344b3697c4508ea6d07dbca45192e87dc0512849cd
canonical__c0f5396c52bcdce3ed84	GSE246613	majority_voting		Unknown	Unknown	Unknown	annotation_status::coarse::Unknown	annotation_status::mid::Unknown	annotation_status::fine::Unknown	low	canonical	unknown				0	v6_original_to_harmonized_label_map	c271d7067eefff379b2a8e344b3697c4508ea6d07dbca45192e87dc0512849cd
canonical__ceb4a991245eb07240b9	GSE246613	majority_voting	Endothelial cells	Endothelial	Endothelial	Unknown	identity::coarse::Endothelial	identity::mid::Endothelial	annotation_status::fine::Unknown	high	canonical	resolved				0	v6_original_to_harmonized_label_map	c271d7067eefff379b2a8e344b3697c4508ea6d07dbca45192e87dc0512849cd
canonical__836c029d777433aa8b38	GSE246613	majority_voting	Epithelial cells	Tumor_like	Tumor_epithelial_like	Unknown	identity::coarse::Tumor_like	identity::mid::Tumor_epithelial_like	annotation_status::fine::Unknown	high	canonical	resolved				0	v6_original_to_harmonized_label_map	c271d7067eefff379b2a8e344b3697c4508ea6d07dbca45192e87dc0512849cd
canonical__8a271a8d321c54dd6fe8	GSE246613	majority_voting	Fibroblasts	CAF_Stromal	CAF	Unknown	identity::coarse::CAF_Stromal	identity::mid::CAF	annotation_status::fine::Unknown	high	canonical	resolved				0	v6_original_to_harmonized_label_map	c271d7067eefff379b2a8e344b3697c4508ea6d07dbca45192e87dc0512849cd
canonical__87215ec7a7efc142a543	GSE246613	majority_voting	Heterogeneous	Unknown	Unknown	Unknown	annotation_status::coarse::Unknown	annotation_status::mid::Unknown	annotation_status::fine::Unknown	low	canonical	unknown				0	v6_original_to_harmonized_label_map	c271d7067eefff379b2a8e344b3697c4508ea6d07dbca45192e87dc0512849cd
canonical__b122d90e3b34a7f6ef37	GSE246613	majority_voting	luminal_1 (progenitor)	Unknown	Unknown	Unknown	annotation_status::coarse::Unknown	annotation_status::mid::Unknown	annotation_status::fine::Unknown	low	canonical	unknown				0	v6_original_to_harmonized_label_map	c271d7067eefff379b2a8e344b3697c4508ea6d07dbca45192e87dc0512849cd
canonical__c6100da31d5ba50c7b3b	GSE246613	majority_voting	luminal_2 (mature)	Unknown	Unknown	Unknown	annotation_status::coarse::Unknown	annotation_status::mid::Unknown	annotation_status::fine::Unknown	low	canonical	unknown				0	v6_original_to_harmonized_label_map	c271d7067eefff379b2a8e344b3697c4508ea6d07dbca45192e87dc0512849cd
canonical__bb3a3208403a08a3011c	GSE246613	majority_voting	myoepithelial	Tumor_like	Tumor_epithelial_like	Unknown	identity::coarse::Tumor_like	identity::mid::Tumor_epithelial_like	annotation_status::fine::Unknown	high	canonical	resolved				0	v6_original_to_harmonized_label_map	c271d7067eefff379b2a8e344b3697c4508ea6d07dbca45192e87dc0512849cd
canonical__b00bd4b161bbe9e4aea3	GSE246613	majority_voting	tumor	Tumor_like	Tumor_epithelial_like	Unknown	identity::coarse::Tumor_like	identity::mid::Tumor_epithelial_like	annotation_status::fine::Unknown	high	canonical	resolved				0	v6_original_to_harmonized_label_map	c271d7067eefff379b2a8e344b3697c4508ea6d07dbca45192e87dc0512849cd
canonical__f22387f5cad1d7aff44c	GSE246613	subcluster		Unknown	Unknown	Unknown	annotation_status::coarse::Unknown	annotation_status::mid::Unknown	annotation_status::fine::Unknown	low	canonical	unknown				0	v6_original_to_harmonized_label_map	c271d7067eefff379b2a8e344b3697c4508ea6d07dbca45192e87dc0512849cd
canonical__db53d52c94c4af45e074	GSE246613	subcluster	Bcell_00	B_Plasma	B_cell	Unknown	identity::coarse::B_Plasma	identity::mid::B_cell	annotation_status::fine::Unknown	high	canonical	resolved				0	v6_original_to_harmonized_label_map	c271d7067eefff379b2a8e344b3697c4508ea6d07dbca45192e87dc0512849cd
canonical__cfd5f90ff6cfcbdea26e	GSE246613	subcluster	Bcell_01	B_Plasma	B_cell	Unknown	identity::coarse::B_Plasma	identity::mid::B_cell	annotation_status::fine::Unknown	high	canonical	resolved				0	v6_original_to_harmonized_label_map	c271d7067eefff379b2a8e344b3697c4508ea6d07dbca45192e87dc0512849cd
canonical__f81be0a2e4de1175169d	GSE246613	subcluster	Bcell_02	B_Plasma	B_cell	Unknown	identity::coarse::B_Plasma	identity::mid::B_cell	annotation_status::fine::Unknown	high	canonical	resolved				0	v6_original_to_harmonized_label_map	c271d7067eefff379b2a8e344b3697c4508ea6d07dbca45192e87dc0512849cd
canonical__7697f1087d30d9ad5364	GSE246613	subcluster	Bcell_03	B_Plasma	B_cell	Unknown	identity::coarse::B_Plasma	identity::mid::B_cell	annotation_status::fine::Unknown	high	canonical	resolved				0	v6_original_to_harmonized_label_map	c271d7067eefff379b2a8e344b3697c4508ea6d07dbca45192e87dc0512849cd
canonical__1dbca85f7cef837920af	GSE246613	subcluster	Bcell_04	B_Plasma	B_cell	Unknown	identity::coarse::B_Plasma	identity::mid::B_cell	annotation_status::fine::Unknown	high	canonical	resolved				0	v6_original_to_harmonized_label_map	c271d7067eefff379b2a8e344b3697c4508ea6d07dbca45192e87dc0512849cd
canonical__e7365636f8997aa4a295	GSE246613	subcluster	Bcell_05	B_Plasma	B_cell	Unknown	identity::coarse::B_Plasma	identity::mid::B_cell	annotation_status::fine::Unknown	high	canonical	resolved				0	v6_original_to_harmonized_label_map	c271d7067eefff379b2a8e344b3697c4508ea6d07dbca45192e87dc0512849cd
canonical__a192733b8baab7978a46	GSE246613	subcluster	Bcell_06	B_Plasma	B_cell	Unknown	identity::coarse::B_Plasma	identity::mid::B_cell	annotation_status::fine::Unknown	high	canonical	resolved				0	v6_original_to_harmonized_label_map	c271d7067eefff379b2a8e344b3697c4508ea6d07dbca45192e87dc0512849cd
canonical__55f4d3174eaa42389a71	GSE246613	subcluster	Bcell_07	B_Plasma	B_cell	Unknown	identity::coarse::B_Plasma	identity::mid::B_cell	annotation_status::fine::Unknown	high	canonical	resolved				0	v6_original_to_harmonized_label_map	c271d7067eefff379b2a8e344b3697c4508ea6d07dbca45192e87dc0512849cd
canonical__ac9789ca7330375653bb	GSE246613	subcluster	Bcell_08	B_Plasma	B_cell	Unknown	identity::coarse::B_Plasma	identity::mid::B_cell	annotation_status::fine::Unknown	high	canonical	resolved				0	v6_original_to_harmonized_label_map	c271d7067eefff379b2a8e344b3697c4508ea6d07dbca45192e87dc0512849cd
canonical__671eb8977f9149476957	GSE246613	subcluster	Tcell_00	Unknown	Unknown	Unknown	annotation_status::coarse::Unknown	annotation_status::mid::Unknown	annotation_status::fine::Unknown	low	canonical	unknown				0	v6_original_to_harmonized_label_map	c271d7067eefff379b2a8e344b3697c4508ea6d07dbca45192e87dc0512849cd
canonical__c53c217e5577b0ad1603	GSE246613	subcluster	Tcell_01	Unknown	Unknown	Unknown	annotation_status::coarse::Unknown	annotation_status::mid::Unknown	annotation_status::fine::Unknown	low	canonical	unknown				0	v6_original_to_harmonized_label_map	c271d7067eefff379b2a8e344b3697c4508ea6d07dbca45192e87dc0512849cd
canonical__a222f8157ef9878c008a	GSE246613	subcluster	Tcell_02	Unknown	Unknown	Unknown	annotation_status::coarse::Unknown	annotation_status::mid::Unknown	annotation_status::fine::Unknown	low	canonical	unknown				0	v6_original_to_harmonized_label_map	c271d7067eefff379b2a8e344b3697c4508ea6d07dbca45192e87dc0512849cd
canonical__ca303856d42efe5bbadd	GSE246613	subcluster	Tcell_03	Unknown	Unknown	Unknown	annotation_status::coarse::Unknown	annotation_status::mid::Unknown	annotation_status::fine::Unknown	low	canonical	unknown				0	v6_original_to_harmonized_label_map	c271d7067eefff379b2a8e344b3697c4508ea6d07dbca45192e87dc0512849cd
canonical__bbcb9b730abf5ad48115	GSE246613	subcluster	Tcell_04	Unknown	Unknown	Unknown	annotation_status::coarse::Unknown	annotation_status::mid::Unknown	annotation_status::fine::Unknown	low	canonical	unknown				0	v6_original_to_harmonized_label_map	c271d7067eefff379b2a8e344b3697c4508ea6d07dbca45192e87dc0512849cd
canonical__bc1c7f3b8fca72ef4dcb	GSE246613	subcluster	Tcell_05	Unknown	Unknown	Unknown	annotation_status::coarse::Unknown	annotation_status::mid::Unknown	annotation_status::fine::Unknown	low	canonical	unknown				0	v6_original_to_harmonized_label_map	c271d7067eefff379b2a8e344b3697c4508ea6d07dbca45192e87dc0512849cd
canonical__69ed8008b1144b3c4276	GSE246613	subcluster	Tcell_06	Unknown	Unknown	Unknown	annotation_status::coarse::Unknown	annotation_status::mid::Unknown	annotation_status::fine::Unknown	low	canonical	unknown				0	v6_original_to_harmonized_label_map	c271d7067eefff379b2a8e344b3697c4508ea6d07dbca45192e87dc0512849cd
canonical__081c3751b8372727d081	GSE246613	subcluster	Tcell_07	Unknown	Unknown	Unknown	annotation_status::coarse::Unknown	annotation_status::mid::Unknown	annotation_status::fine::Unknown	low	canonical	unknown				0	v6_original_to_harmonized_label_map	c271d7067eefff379b2a8e344b3697c4508ea6d07dbca45192e87dc0512849cd
canonical__9abef6c1bff8933f724b	GSE246613	subcluster	mastcell	Unknown	Unknown	Unknown	annotation_status::coarse::Unknown	annotation_status::mid::Unknown	annotation_status::fine::Unknown	low	canonical	unknown				0	v6_original_to_harmonized_label_map	c271d7067eefff379b2a8e344b3697c4508ea6d07dbca45192e87dc0512849cd
canonical__c394150643cb3f6a022c	GSE246613	subcluster	myeloid_00	Unknown	Unknown	Unknown	annotation_status::coarse::Unknown	annotation_status::mid::Unknown	annotation_status::fine::Unknown	low	canonical	unknown				0	v6_original_to_harmonized_label_map	c271d7067eefff379b2a8e344b3697c4508ea6d07dbca45192e87dc0512849cd
canonical__fb98fd38fec5e75d52ec	GSE246613	subcluster	myeloid_01	Unknown	Unknown	Unknown	annotation_status::coarse::Unknown	annotation_status::mid::Unknown	annotation_status::fine::Unknown	low	canonical	unknown				0	v6_original_to_harmonized_label_map	c271d7067eefff379b2a8e344b3697c4508ea6d07dbca45192e87dc0512849cd
canonical__c08e87c59ba2fa58d2a6	GSE246613	subcluster	myeloid_02	Unknown	Unknown	Unknown	annotation_status::coarse::Unknown	annotation_status::mid::Unknown	annotation_status::fine::Unknown	low	canonical	unknown				0	v6_original_to_harmonized_label_map	c271d7067eefff379b2a8e344b3697c4508ea6d07dbca45192e87dc0512849cd
canonical__699835012bbb5d026388	GSE246613	subcluster	myeloid_03	Unknown	Unknown	Unknown	annotation_status::coarse::Unknown	annotation_status::mid::Unknown	annotation_status::fine::Unknown	low	canonical	unknown				0	v6_original_to_harmonized_label_map	c271d7067eefff379b2a8e344b3697c4508ea6d07dbca45192e87dc0512849cd
canonical__3f4e09132fb641d2798c	GSE246613	subcluster	myeloid_04	Unknown	Unknown	Unknown	annotation_status::coarse::Unknown	annotation_status::mid::Unknown	annotation_status::fine::Unknown	low	canonical	unknown				0	v6_original_to_harmonized_label_map	c271d7067eefff379b2a8e344b3697c4508ea6d07dbca45192e87dc0512849cd
canonical__6148be58035aca2d636a	GSE246613	subcluster	myeloid_05	Unknown	Unknown	Unknown	annotation_status::coarse::Unknown	annotation_status::mid::Unknown	annotation_status::fine::Unknown	low	canonical	unknown				0	v6_original_to_harmonized_label_map	c271d7067eefff379b2a8e344b3697c4508ea6d07dbca45192e87dc0512849cd
canonical__923a6ab9c40629a4f33a	GSE246613	subcluster	myeloid_06	Unknown	Unknown	Unknown	annotation_status::coarse::Unknown	annotation_status::mid::Unknown	annotation_status::fine::Unknown	low	canonical	unknown				0	v6_original_to_harmonized_label_map	c271d7067eefff379b2a8e344b3697c4508ea6d07dbca45192e87dc0512849cd
canonical__7dcab41ea27e38bb3be6	GSE246613	subcluster	myeloid_07	Unknown	Unknown	Unknown	annotation_status::coarse::Unknown	annotation_status::mid::Unknown	annotation_status::fine::Unknown	low	canonical	unknown				0	v6_original_to_harmonized_label_map	c271d7067eefff379b2a8e344b3697c4508ea6d07dbca45192e87dc0512849cd
canonical__efa0ea62bef005692a19	GSE246613	subcluster	myeloid_08	Unknown	Unknown	Unknown	annotation_status::coarse::Unknown	annotation_status::mid::Unknown	annotation_status::fine::Unknown	low	canonical	unknown				0	v6_original_to_harmonized_label_map	c271d7067eefff379b2a8e344b3697c4508ea6d07dbca45192e87dc0512849cd
canonical__100980b4dfcd2350cd34	GSE246613	subcluster	myeloid_09	Unknown	Unknown	Unknown	annotation_status::coarse::Unknown	annotation_status::mid::Unknown	annotation_status::fine::Unknown	low	canonical	unknown				0	v6_original_to_harmonized_label_map	c271d7067eefff379b2a8e344b3697c4508ea6d07dbca45192e87dc0512849cd
canonical__34bf10020415c4f092d4	GSE246613	subcluster	myeloid_10	Unknown	Unknown	Unknown	annotation_status::coarse::Unknown	annotation_status::mid::Unknown	annotation_status::fine::Unknown	low	canonical	unknown				0	v6_original_to_harmonized_label_map	c271d7067eefff379b2a8e344b3697c4508ea6d07dbca45192e87dc0512849cd
canonical__87faf61338f98c0ac8a9	GSE246613	subcluster	myeloid_11	Unknown	Unknown	Unknown	annotation_status::coarse::Unknown	annotation_status::mid::Unknown	annotation_status::fine::Unknown	low	canonical	unknown				0	v6_original_to_harmonized_label_map	c271d7067eefff379b2a8e344b3697c4508ea6d07dbca45192e87dc0512849cd
canonical__e240eb9f03cadaca91f5	GSE266919	MajorCluster	Bcell	B_Plasma	B_cell	Unknown	identity::coarse::B_Plasma	identity::mid::B_cell	annotation_status::fine::Unknown	high	canonical	resolved				0	v6_original_to_harmonized_label_map	c271d7067eefff379b2a8e344b3697c4508ea6d07dbca45192e87dc0512849cd
canonical__635bb5fdc395d6237459	GSE266919	MajorCluster	Myeloid	Unknown	Unknown	Unknown	annotation_status::coarse::Unknown	annotation_status::mid::Unknown	annotation_status::fine::Unknown	low	canonical	unknown				0	v6_original_to_harmonized_label_map	c271d7067eefff379b2a8e344b3697c4508ea6d07dbca45192e87dc0512849cd
canonical__40767cceb0985f1cf467	GSE266919	MajorCluster	NKcell	T_NK	NK	Unknown	identity::coarse::T_NK	identity::mid::NK	annotation_status::fine::Unknown	high	canonical	resolved				0	v6_original_to_harmonized_label_map	c271d7067eefff379b2a8e344b3697c4508ea6d07dbca45192e87dc0512849cd
canonical__9d0831022811866c6804	GSE266919	MajorCluster	Tcell	Unknown	Unknown	Unknown	annotation_status::coarse::Unknown	annotation_status::mid::Unknown	annotation_status::fine::Unknown	low	canonical	unknown				0	v6_original_to_harmonized_label_map	c271d7067eefff379b2a8e344b3697c4508ea6d07dbca45192e87dc0512849cd
canonical__62f10a97c6b124cc33cc	GSE266919	SubCluster	Bfoc	Unknown	Unknown	Unknown	annotation_status::coarse::Unknown	annotation_status::mid::Unknown	annotation_status::fine::Unknown	low	canonical	unknown				0	v6_original_to_harmonized_label_map	c271d7067eefff379b2a8e344b3697c4508ea6d07dbca45192e87dc0512849cd
canonical__9fa99f685a5dfba7d267	GSE266919	SubCluster	CD16	Unknown	Unknown	Unknown	annotation_status::coarse::Unknown	annotation_status::mid::Unknown	annotation_status::fine::Unknown	low	canonical	unknown				0	v6_original_to_harmonized_label_map	c271d7067eefff379b2a8e344b3697c4508ea6d07dbca45192e87dc0512849cd
canonical__0773af9a89ae058ed125	GSE266919	SubCluster	CD19B	Unknown	Unknown	Unknown	annotation_status::coarse::Unknown	annotation_status::mid::Unknown	annotation_status::fine::Unknown	low	canonical	unknown				0	v6_original_to_harmonized_label_map	c271d7067eefff379b2a8e344b3697c4508ea6d07dbca45192e87dc0512849cd
canonical__26b57e4da222ac354069	GSE266919	SubCluster	CD4	T_NK	CD4_T	Unknown	identity::coarse::T_NK	identity::mid::CD4_T	annotation_status::fine::Unknown	high	canonical	resolved				0	v6_original_to_harmonized_label_map	c271d7067eefff379b2a8e344b3697c4508ea6d07dbca45192e87dc0512849cd
canonical__24a11436bea1a869cb73	GSE266919	SubCluster	CD56	Unknown	Unknown	Unknown	annotation_status::coarse::Unknown	annotation_status::mid::Unknown	annotation_status::fine::Unknown	low	canonical	unknown				0	v6_original_to_harmonized_label_map	c271d7067eefff379b2a8e344b3697c4508ea6d07dbca45192e87dc0512849cd
canonical__66a58f7210bda26d17be	GSE266919	SubCluster	CD8	T_NK	CD8_T	Unknown	identity::coarse::T_NK	identity::mid::CD8_T	annotation_status::fine::Unknown	high	canonical	resolved				0	v6_original_to_harmonized_label_map	c271d7067eefff379b2a8e344b3697c4508ea6d07dbca45192e87dc0512849cd
canonical__174c82cf5646916da421	GSE266919	SubCluster	Macro	Unknown	Unknown	Unknown	annotation_status::coarse::Unknown	annotation_status::mid::Unknown	annotation_status::fine::Unknown	low	canonical	unknown				0	v6_original_to_harmonized_label_map	c271d7067eefff379b2a8e344b3697c4508ea6d07dbca45192e87dc0512849cd
canonical__51e29edb2711d84cf8ba	GSE266919	SubCluster	Mast	Unknown	Unknown	Unknown	annotation_status::coarse::Unknown	annotation_status::mid::Unknown	annotation_status::fine::Unknown	low	canonical	unknown				0	v6_original_to_harmonized_label_map	c271d7067eefff379b2a8e344b3697c4508ea6d07dbca45192e87dc0512849cd
canonical__ade25630abd8d689e996	GSE266919	SubCluster	Mono	Unknown	Unknown	Unknown	annotation_status::coarse::Unknown	annotation_status::mid::Unknown	annotation_status::fine::Unknown	low	canonical	unknown				0	v6_original_to_harmonized_label_map	c271d7067eefff379b2a8e344b3697c4508ea6d07dbca45192e87dc0512849cd
canonical__2371ab3e233907087226	GSE266919	SubCluster	Plasma	B_Plasma	Plasma_cell	Unknown	identity::coarse::B_Plasma	identity::mid::Plasma_cell	annotation_status::fine::Unknown	high	canonical	resolved				0	v6_original_to_harmonized_label_map	c271d7067eefff379b2a8e344b3697c4508ea6d07dbca45192e87dc0512849cd
canonical__a5a34422dd0024213b32	GSE266919	SubCluster	cDC	DC_APC	DC	Unknown	identity::coarse::DC_APC	identity::mid::DC	annotation_status::fine::Unknown	high	canonical	resolved				0	v6_original_to_harmonized_label_map	c271d7067eefff379b2a8e344b3697c4508ea6d07dbca45192e87dc0512849cd
canonical__e7fa59a8d96ce6b62120	GSE266919	SubCluster	pDC	DC_APC	pDC	Unknown	identity::coarse::DC_APC	identity::mid::pDC	annotation_status::fine::Unknown	high	canonical	resolved				0	v6_original_to_harmonized_label_map	c271d7067eefff379b2a8e344b3697c4508ea6d07dbca45192e87dc0512849cd
canonical__dc4eb2657b50b1610a98	GSE272734	celltype_raw		Unknown	Unknown	Unknown	annotation_status::coarse::Unknown	annotation_status::mid::Unknown	annotation_status::fine::Unknown	low	canonical	unknown				0	v6_original_to_harmonized_label_map	c271d7067eefff379b2a8e344b3697c4508ea6d07dbca45192e87dc0512849cd
canonical__399ddd5009c7ef49cc0d	GSE272735	celltype_raw		Unknown	Unknown	Unknown	annotation_status::coarse::Unknown	annotation_status::mid::Unknown	annotation_status::fine::Unknown	low	canonical	unknown				0	v6_original_to_harmonized_label_map	c271d7067eefff379b2a8e344b3697c4508ea6d07dbca45192e87dc0512849cd
canonical__505db938e5b3233cf5b7	GSE272993	celltype_raw		Unknown	Unknown	Unknown	annotation_status::coarse::Unknown	annotation_status::mid::Unknown	annotation_status::fine::Unknown	low	canonical	unknown				0	v6_original_to_harmonized_label_map	c271d7067eefff379b2a8e344b3697c4508ea6d07dbca45192e87dc0512849cd
canonical__3f0a94e9b04ea51877f9	GSE272993	celltype_raw	0.0	Unknown	Unknown	Unknown	annotation_status::coarse::Unknown	annotation_status::mid::Unknown	annotation_status::fine::Unknown	low	canonical	unknown				0	v6_original_to_harmonized_label_map	c271d7067eefff379b2a8e344b3697c4508ea6d07dbca45192e87dc0512849cd
canonical__8a99431c1bc626f49506	GSE272993	celltype_raw	1.0	Unknown	Unknown	Unknown	annotation_status::coarse::Unknown	annotation_status::mid::Unknown	annotation_status::fine::Unknown	low	canonical	unknown				0	v6_original_to_harmonized_label_map	c271d7067eefff379b2a8e344b3697c4508ea6d07dbca45192e87dc0512849cd
canonical__82a7bc3703a385b4f12a	GSE272993	celltype_raw	10.0	Unknown	Unknown	Unknown	annotation_status::coarse::Unknown	annotation_status::mid::Unknown	annotation_status::fine::Unknown	low	canonical	unknown				0	v6_original_to_harmonized_label_map	c271d7067eefff379b2a8e344b3697c4508ea6d07dbca45192e87dc0512849cd
canonical__7a0a67bbcd4deabb26ab	GSE272993	celltype_raw	11.0	Unknown	Unknown	Unknown	annotation_status::coarse::Unknown	annotation_status::mid::Unknown	annotation_status::fine::Unknown	low	canonical	unknown				0	v6_original_to_harmonized_label_map	c271d7067eefff379b2a8e344b3697c4508ea6d07dbca45192e87dc0512849cd
canonical__2c9abea527fb1b330d29	GSE272993	celltype_raw	12.0	Unknown	Unknown	Unknown	annotation_status::coarse::Unknown	annotation_status::mid::Unknown	annotation_status::fine::Unknown	low	canonical	unknown				0	v6_original_to_harmonized_label_map	c271d7067eefff379b2a8e344b3697c4508ea6d07dbca45192e87dc0512849cd
canonical__04672b4450c46c685536	GSE272993	celltype_raw	13.0	Unknown	Unknown	Unknown	annotation_status::coarse::Unknown	annotation_status::mid::Unknown	annotation_status::fine::Unknown	low	canonical	unknown				0	v6_original_to_harmonized_label_map	c271d7067eefff379b2a8e344b3697c4508ea6d07dbca45192e87dc0512849cd
canonical__aa0a3b7f83aac2ddeab8	GSE272993	celltype_raw	2.0	Unknown	Unknown	Unknown	annotation_status::coarse::Unknown	annotation_status::mid::Unknown	annotation_status::fine::Unknown	low	canonical	unknown				0	v6_original_to_harmonized_label_map	c271d7067eefff379b2a8e344b3697c4508ea6d07dbca45192e87dc0512849cd
canonical__e973b54be2a5f8980646	GSE272993	celltype_raw	3.0	Unknown	Unknown	Unknown	annotation_status::coarse::Unknown	annotation_status::mid::Unknown	annotation_status::fine::Unknown	low	canonical	unknown				0	v6_original_to_harmonized_label_map	c271d7067eefff379b2a8e344b3697c4508ea6d07dbca45192e87dc0512849cd
canonical__a764d4c685a69302c064	GSE272993	celltype_raw	4.0	Unknown	Unknown	Unknown	annotation_status::coarse::Unknown	annotation_status::mid::Unknown	annotation_status::fine::Unknown	low	canonical	unknown				0	v6_original_to_harmonized_label_map	c271d7067eefff379b2a8e344b3697c4508ea6d07dbca45192e87dc0512849cd
canonical__5e6e461ee049c1ddd458	GSE272993	celltype_raw	5.0	Unknown	Unknown	Unknown	annotation_status::coarse::Unknown	annotation_status::mid::Unknown	annotation_status::fine::Unknown	low	canonical	unknown				0	v6_original_to_harmonized_label_map	c271d7067eefff379b2a8e344b3697c4508ea6d07dbca45192e87dc0512849cd
canonical__39c93a1a91c8a12035a0	GSE272993	celltype_raw	6.0	Unknown	Unknown	Unknown	annotation_status::coarse::Unknown	annotation_status::mid::Unknown	annotation_status::fine::Unknown	low	canonical	unknown				0	v6_original_to_harmonized_label_map	c271d7067eefff379b2a8e344b3697c4508ea6d07dbca45192e87dc0512849cd
canonical__9aa8dc011d451c999fed	GSE272993	celltype_raw	7.0	Unknown	Unknown	Unknown	annotation_status::coarse::Unknown	annotation_status::mid::Unknown	annotation_status::fine::Unknown	low	canonical	unknown				0	v6_original_to_harmonized_label_map	c271d7067eefff379b2a8e344b3697c4508ea6d07dbca45192e87dc0512849cd
canonical__64e252c92c097a0cf28b	GSE272993	celltype_raw	8.0	Unknown	Unknown	Unknown	annotation_status::coarse::Unknown	annotation_status::mid::Unknown	annotation_status::fine::Unknown	low	canonical	unknown				0	v6_original_to_harmonized_label_map	c271d7067eefff379b2a8e344b3697c4508ea6d07dbca45192e87dc0512849cd
canonical__9f5f1977565c5b410127	GSE272993	celltype_raw	9.0	Unknown	Unknown	Unknown	annotation_status::coarse::Unknown	annotation_status::mid::Unknown	annotation_status::fine::Unknown	low	canonical	unknown				0	v6_original_to_harmonized_label_map	c271d7067eefff379b2a8e344b3697c4508ea6d07dbca45192e87dc0512849cd
canonical__46214fd7ff790c98255a	GSE272993	gene_cluster_name		Unknown	Unknown	Unknown	annotation_status::coarse::Unknown	annotation_status::mid::Unknown	annotation_status::fine::Unknown	low	canonical	unknown				0	v6_original_to_harmonized_label_map	c271d7067eefff379b2a8e344b3697c4508ea6d07dbca45192e87dc0512849cd
canonical__0ff6edd2cba05b71fc30	GSE272993	gene_cluster_name	0.0	Unknown	Unknown	Unknown	annotation_status::coarse::Unknown	annotation_status::mid::Unknown	annotation_status::fine::Unknown	low	canonical	unknown				0	v6_original_to_harmonized_label_map	c271d7067eefff379b2a8e344b3697c4508ea6d07dbca45192e87dc0512849cd
canonical__4646af7fbf2dac48b59d	GSE272993	gene_cluster_name	1.0	Unknown	Unknown	Unknown	annotation_status::coarse::Unknown	annotation_status::mid::Unknown	annotation_status::fine::Unknown	low	canonical	unknown				0	v6_original_to_harmonized_label_map	c271d7067eefff379b2a8e344b3697c4508ea6d07dbca45192e87dc0512849cd
canonical__e7d8e3a128869a296e24	GSE272993	gene_cluster_name	10.0	Unknown	Unknown	Unknown	annotation_status::coarse::Unknown	annotation_status::mid::Unknown	annotation_status::fine::Unknown	low	canonical	unknown				0	v6_original_to_harmonized_label_map	c271d7067eefff379b2a8e344b3697c4508ea6d07dbca45192e87dc0512849cd
canonical__9f2fc3092273b778e8ca	GSE272993	gene_cluster_name	11.0	Unknown	Unknown	Unknown	annotation_status::coarse::Unknown	annotation_status::mid::Unknown	annotation_status::fine::Unknown	low	canonical	unknown				0	v6_original_to_harmonized_label_map	c271d7067eefff379b2a8e344b3697c4508ea6d07dbca45192e87dc0512849cd
canonical__61edc0b00842ae378977	GSE272993	gene_cluster_name	12.0	Unknown	Unknown	Unknown	annotation_status::coarse::Unknown	annotation_status::mid::Unknown	annotation_status::fine::Unknown	low	canonical	unknown				0	v6_original_to_harmonized_label_map	c271d7067eefff379b2a8e344b3697c4508ea6d07dbca45192e87dc0512849cd
canonical__6b6f8edc8fd07ebffc55	GSE272993	gene_cluster_name	13.0	Unknown	Unknown	Unknown	annotation_status::coarse::Unknown	annotation_status::mid::Unknown	annotation_status::fine::Unknown	low	canonical	unknown				0	v6_original_to_harmonized_label_map	c271d7067eefff379b2a8e344b3697c4508ea6d07dbca45192e87dc0512849cd
canonical__cae376279c51d1538c7e	GSE272993	gene_cluster_name	2.0	Unknown	Unknown	Unknown	annotation_status::coarse::Unknown	annotation_status::mid::Unknown	annotation_status::fine::Unknown	low	canonical	unknown				0	v6_original_to_harmonized_label_map	c271d7067eefff379b2a8e344b3697c4508ea6d07dbca45192e87dc0512849cd
canonical__4b8e2ed02fd08b7aa43f	GSE272993	gene_cluster_name	3.0	Unknown	Unknown	Unknown	annotation_status::coarse::Unknown	annotation_status::mid::Unknown	annotation_status::fine::Unknown	low	canonical	unknown				0	v6_original_to_harmonized_label_map	c271d7067eefff379b2a8e344b3697c4508ea6d07dbca45192e87dc0512849cd
canonical__0c9251776e183b7bd623	GSE272993	gene_cluster_name	4.0	Unknown	Unknown	Unknown	annotation_status::coarse::Unknown	annotation_status::mid::Unknown	annotation_status::fine::Unknown	low	canonical	unknown				0	v6_original_to_harmonized_label_map	c271d7067eefff379b2a8e344b3697c4508ea6d07dbca45192e87dc0512849cd
canonical__e761774c2da14c4f6f96	GSE272993	gene_cluster_name	5.0	Unknown	Unknown	Unknown	annotation_status::coarse::Unknown	annotation_status::mid::Unknown	annotation_status::fine::Unknown	low	canonical	unknown				0	v6_original_to_harmonized_label_map	c271d7067eefff379b2a8e344b3697c4508ea6d07dbca45192e87dc0512849cd
canonical__bc2341b58ddee184b61b	GSE272993	gene_cluster_name	6.0	Unknown	Unknown	Unknown	annotation_status::coarse::Unknown	annotation_status::mid::Unknown	annotation_status::fine::Unknown	low	canonical	unknown				0	v6_original_to_harmonized_label_map	c271d7067eefff379b2a8e344b3697c4508ea6d07dbca45192e87dc0512849cd
canonical__7b532e0808036673667a	GSE272993	gene_cluster_name	7.0	Unknown	Unknown	Unknown	annotation_status::coarse::Unknown	annotation_status::mid::Unknown	annotation_status::fine::Unknown	low	canonical	unknown				0	v6_original_to_harmonized_label_map	c271d7067eefff379b2a8e344b3697c4508ea6d07dbca45192e87dc0512849cd
canonical__2aff4339a9ab6cd2285f	GSE272993	gene_cluster_name	8.0	Unknown	Unknown	Unknown	annotation_status::coarse::Unknown	annotation_status::mid::Unknown	annotation_status::fine::Unknown	low	canonical	unknown				0	v6_original_to_harmonized_label_map	c271d7067eefff379b2a8e344b3697c4508ea6d07dbca45192e87dc0512849cd
canonical__5d55e87b7aefaa661fbe	GSE272993	gene_cluster_name	9.0	Unknown	Unknown	Unknown	annotation_status::coarse::Unknown	annotation_status::mid::Unknown	annotation_status::fine::Unknown	low	canonical	unknown				0	v6_original_to_harmonized_label_map	c271d7067eefff379b2a8e344b3697c4508ea6d07dbca45192e87dc0512849cd
canonical__9972029c40a6991b240c	GSE272993	metaclusters	Activated	Unknown	Unknown	Unknown	annotation_status::coarse::Unknown	annotation_status::mid::Unknown	annotation_status::fine::Unknown	low	canonical	unknown				0	v6_original_to_harmonized_label_map	c271d7067eefff379b2a8e344b3697c4508ea6d07dbca45192e87dc0512849cd
canonical__baefe757a17637cf6a07	GSE272993	metaclusters	CM	Unknown	Unknown	Unknown	annotation_status::coarse::Unknown	annotation_status::mid::Unknown	annotation_status::fine::Unknown	low	canonical	unknown				0	v6_original_to_harmonized_label_map	c271d7067eefff379b2a8e344b3697c4508ea6d07dbca45192e87dc0512849cd
canonical__47a70df24a05f8227853	GSE272993	metaclusters	Early Activated	Unknown	Unknown	Unknown	annotation_status::coarse::Unknown	annotation_status::mid::Unknown	annotation_status::fine::Unknown	low	canonical	unknown				0	v6_original_to_harmonized_label_map	c271d7067eefff379b2a8e344b3697c4508ea6d07dbca45192e87dc0512849cd
canonical__7f739a2a4fdd774453b5	GSE272993	metaclusters	Early Effector	Unknown	Unknown	Unknown	annotation_status::coarse::Unknown	annotation_status::mid::Unknown	annotation_status::fine::Unknown	low	canonical	unknown				0	v6_original_to_harmonized_label_map	c271d7067eefff379b2a8e344b3697c4508ea6d07dbca45192e87dc0512849cd
canonical__9ae5a7d3f5a07b47fe93	GSE272993	metaclusters	Effector	Unknown	Unknown	Unknown	annotation_status::coarse::Unknown	annotation_status::mid::Unknown	annotation_status::fine::Unknown	low	canonical	unknown				0	v6_original_to_harmonized_label_map	c271d7067eefff379b2a8e344b3697c4508ea6d07dbca45192e87dc0512849cd
canonical__925d1d5d3b2b51842dfa	GSE272993	metaclusters	IFN	Unknown	Unknown	Unknown	annotation_status::coarse::Unknown	annotation_status::mid::Unknown	annotation_status::fine::Unknown	low	canonical	unknown				0	v6_original_to_harmonized_label_map	c271d7067eefff379b2a8e344b3697c4508ea6d07dbca45192e87dc0512849cd
canonical__870435c1f5a8b6b5f0b5	GSE272993	metaclusters	NK-like	T_NK	NK	Unknown	identity::coarse::T_NK	identity::mid::NK	annotation_status::fine::Unknown	high	canonical	resolved				0	v6_original_to_harmonized_label_map	c271d7067eefff379b2a8e344b3697c4508ea6d07dbca45192e87dc0512849cd
canonical__2f41baf0de74f209a503	GSE272993	metaclusters	SCM	Unknown	Unknown	Unknown	annotation_status::coarse::Unknown	annotation_status::mid::Unknown	annotation_status::fine::Unknown	low	canonical	unknown				0	v6_original_to_harmonized_label_map	c271d7067eefff379b2a8e344b3697c4508ea6d07dbca45192e87dc0512849cd
canonical__2959e88d8acd9180e156	GSE272993	metaclusters_exh	Activated	Unknown	Unknown	Unknown	annotation_status::coarse::Unknown	annotation_status::mid::Unknown	annotation_status::fine::Unknown	low	canonical	unknown				0	v6_original_to_harmonized_label_map	c271d7067eefff379b2a8e344b3697c4508ea6d07dbca45192e87dc0512849cd
canonical__dd11044d33d25ebba1e0	GSE272993	metaclusters_exh	CM	Unknown	Unknown	Unknown	annotation_status::coarse::Unknown	annotation_status::mid::Unknown	annotation_status::fine::Unknown	low	canonical	unknown				0	v6_original_to_harmonized_label_map	c271d7067eefff379b2a8e344b3697c4508ea6d07dbca45192e87dc0512849cd
canonical__9dd57d81d93fa5ed4984	GSE272993	metaclusters_exh	Early Activated	Unknown	Unknown	Unknown	annotation_status::coarse::Unknown	annotation_status::mid::Unknown	annotation_status::fine::Unknown	low	canonical	unknown				0	v6_original_to_harmonized_label_map	c271d7067eefff379b2a8e344b3697c4508ea6d07dbca45192e87dc0512849cd
canonical__22f8b18ce3b60ac72b1e	GSE272993	metaclusters_exh	Early Effector	Unknown	Unknown	Unknown	annotation_status::coarse::Unknown	annotation_status::mid::Unknown	annotation_status::fine::Unknown	low	canonical	unknown				0	v6_original_to_harmonized_label_map	c271d7067eefff379b2a8e344b3697c4508ea6d07dbca45192e87dc0512849cd
canonical__fa942979470d680b99b9	GSE272993	metaclusters_exh	Effector	Unknown	Unknown	Unknown	annotation_status::coarse::Unknown	annotation_status::mid::Unknown	annotation_status::fine::Unknown	low	canonical	unknown				0	v6_original_to_harmonized_label_map	c271d7067eefff379b2a8e344b3697c4508ea6d07dbca45192e87dc0512849cd
canonical__3653a9bb6f24b017070a	GSE272993	metaclusters_exh	Exhausted	Unknown	Unknown	Unknown	annotation_status::coarse::Unknown	annotation_status::mid::Unknown	annotation_status::fine::Unknown	low	canonical	unknown				0	v6_original_to_harmonized_label_map	c271d7067eefff379b2a8e344b3697c4508ea6d07dbca45192e87dc0512849cd
canonical__3ff0d2e5676a77a58665	GSE272993	metaclusters_exh	IFN	Unknown	Unknown	Unknown	annotation_status::coarse::Unknown	annotation_status::mid::Unknown	annotation_status::fine::Unknown	low	canonical	unknown				0	v6_original_to_harmonized_label_map	c271d7067eefff379b2a8e344b3697c4508ea6d07dbca45192e87dc0512849cd
canonical__58ba5068c05467ba2481	GSE272993	metaclusters_exh	NK-like	T_NK	NK	Unknown	identity::coarse::T_NK	identity::mid::NK	annotation_status::fine::Unknown	high	canonical	resolved				0	v6_original_to_harmonized_label_map	c271d7067eefff379b2a8e344b3697c4508ea6d07dbca45192e87dc0512849cd
canonical__fa3a8a2358dcbbd30d33	GSE272993	metaclusters_exh	SCM	Unknown	Unknown	Unknown	annotation_status::coarse::Unknown	annotation_status::mid::Unknown	annotation_status::fine::Unknown	low	canonical	unknown				0	v6_original_to_harmonized_label_map	c271d7067eefff379b2a8e344b3697c4508ea6d07dbca45192e87dc0512849cd
canonical__65bd31ddf3598ac09904	GSE272993	seurat_clusters	0	Unknown	Unknown	Unknown	annotation_status::coarse::Unknown	annotation_status::mid::Unknown	annotation_status::fine::Unknown	low	canonical	unknown				0	v6_original_to_harmonized_label_map	c271d7067eefff379b2a8e344b3697c4508ea6d07dbca45192e87dc0512849cd
canonical__dd836c44bd353fdeb7aa	GSE272993	seurat_clusters	1	Unknown	Unknown	Unknown	annotation_status::coarse::Unknown	annotation_status::mid::Unknown	annotation_status::fine::Unknown	low	canonical	unknown				0	v6_original_to_harmonized_label_map	c271d7067eefff379b2a8e344b3697c4508ea6d07dbca45192e87dc0512849cd
canonical__2919f973333ae8584272	GSE272993	seurat_clusters	2	Unknown	Unknown	Unknown	annotation_status::coarse::Unknown	annotation_status::mid::Unknown	annotation_status::fine::Unknown	low	canonical	unknown				0	v6_original_to_harmonized_label_map	c271d7067eefff379b2a8e344b3697c4508ea6d07dbca45192e87dc0512849cd
canonical__7814a28619d736e5f532	GSE272993	seurat_clusters	3	Unknown	Unknown	Unknown	annotation_status::coarse::Unknown	annotation_status::mid::Unknown	annotation_status::fine::Unknown	low	canonical	unknown				0	v6_original_to_harmonized_label_map	c271d7067eefff379b2a8e344b3697c4508ea6d07dbca45192e87dc0512849cd
canonical__700d6724ce8157a6fce3	GSE272993	seurat_clusters	4	Unknown	Unknown	Unknown	annotation_status::coarse::Unknown	annotation_status::mid::Unknown	annotation_status::fine::Unknown	low	canonical	unknown				0	v6_original_to_harmonized_label_map	c271d7067eefff379b2a8e344b3697c4508ea6d07dbca45192e87dc0512849cd
canonical__10ffb7169593b34ab284	GSE272993	seurat_clusters	5	Unknown	Unknown	Unknown	annotation_status::coarse::Unknown	annotation_status::mid::Unknown	annotation_status::fine::Unknown	low	canonical	unknown				0	v6_original_to_harmonized_label_map	c271d7067eefff379b2a8e344b3697c4508ea6d07dbca45192e87dc0512849cd
canonical__c5e51848b57221075711	GSE272993	seurat_clusters	6	Unknown	Unknown	Unknown	annotation_status::coarse::Unknown	annotation_status::mid::Unknown	annotation_status::fine::Unknown	low	canonical	unknown				0	v6_original_to_harmonized_label_map	c271d7067eefff379b2a8e344b3697c4508ea6d07dbca45192e87dc0512849cd
canonical__efaefd182f5c267bba81	GSE272993	seurat_clusters	7	Unknown	Unknown	Unknown	annotation_status::coarse::Unknown	annotation_status::mid::Unknown	annotation_status::fine::Unknown	low	canonical	unknown				0	v6_original_to_harmonized_label_map	c271d7067eefff379b2a8e344b3697c4508ea6d07dbca45192e87dc0512849cd
canonical__e14a99e32c21af5fe35b	GSE272993	seurat_clusters_prob	0.2	Unknown	Unknown	Unknown	annotation_status::coarse::Unknown	annotation_status::mid::Unknown	annotation_status::fine::Unknown	low	canonical	unknown				0	v6_original_to_harmonized_label_map	c271d7067eefff379b2a8e344b3697c4508ea6d07dbca45192e87dc0512849cd
canonical__d084e8621c23f7a0c37a	GSE272993	seurat_clusters_prob	0.333333333333333	Unknown	Unknown	Unknown	annotation_status::coarse::Unknown	annotation_status::mid::Unknown	annotation_status::fine::Unknown	low	canonical	unknown				0	v6_original_to_harmonized_label_map	c271d7067eefff379b2a8e344b3697c4508ea6d07dbca45192e87dc0512849cd
canonical__8b799f392f796d586ba6	GSE272993	seurat_clusters_prob	0.4	Unknown	Unknown	Unknown	annotation_status::coarse::Unknown	annotation_status::mid::Unknown	annotation_status::fine::Unknown	low	canonical	unknown				0	v6_original_to_harmonized_label_map	c271d7067eefff379b2a8e344b3697c4508ea6d07dbca45192e87dc0512849cd
canonical__5e2615ef64b120f9f9af	GSE272993	seurat_clusters_prob	0.5	Unknown	Unknown	Unknown	annotation_status::coarse::Unknown	annotation_status::mid::Unknown	annotation_status::fine::Unknown	low	canonical	unknown				0	v6_original_to_harmonized_label_map	c271d7067eefff379b2a8e344b3697c4508ea6d07dbca45192e87dc0512849cd
canonical__32e98b9d8550a4fbcf31	GSE272993	seurat_clusters_prob	0.571428571428571	Unknown	Unknown	Unknown	annotation_status::coarse::Unknown	annotation_status::mid::Unknown	annotation_status::fine::Unknown	low	canonical	unknown				0	v6_original_to_harmonized_label_map	c271d7067eefff379b2a8e344b3697c4508ea6d07dbca45192e87dc0512849cd
canonical__bc89ecc7d29984d3d79e	GSE272993	seurat_clusters_prob	0.6	Unknown	Unknown	Unknown	annotation_status::coarse::Unknown	annotation_status::mid::Unknown	annotation_status::fine::Unknown	low	canonical	unknown				0	v6_original_to_harmonized_label_map	c271d7067eefff379b2a8e344b3697c4508ea6d07dbca45192e87dc0512849cd
canonical__113f0f11577a4febb46b	GSE272993	seurat_clusters_prob	0.666666666666667	Unknown	Unknown	Unknown	annotation_status::coarse::Unknown	annotation_status::mid::Unknown	annotation_status::fine::Unknown	low	canonical	unknown				0	v6_original_to_harmonized_label_map	c271d7067eefff379b2a8e344b3697c4508ea6d07dbca45192e87dc0512849cd
canonical__b56eef2b8201015b3155	GSE272993	seurat_clusters_prob	0.8	Unknown	Unknown	Unknown	annotation_status::coarse::Unknown	annotation_status::mid::Unknown	annotation_status::fine::Unknown	low	canonical	unknown				0	v6_original_to_harmonized_label_map	c271d7067eefff379b2a8e344b3697c4508ea6d07dbca45192e87dc0512849cd
canonical__be85f5957e5854b765f1	GSE272993	seurat_clusters_prob	0.833333333333333	Unknown	Unknown	Unknown	annotation_status::coarse::Unknown	annotation_status::mid::Unknown	annotation_status::fine::Unknown	low	canonical	unknown				0	v6_original_to_harmonized_label_map	c271d7067eefff379b2a8e344b3697c4508ea6d07dbca45192e87dc0512849cd
canonical__9a5e9cc11ac8a5d86b29	GSE272993	seurat_clusters_prob	0.857142857142857	Unknown	Unknown	Unknown	annotation_status::coarse::Unknown	annotation_status::mid::Unknown	annotation_status::fine::Unknown	low	canonical	unknown				0	v6_original_to_harmonized_label_map	c271d7067eefff379b2a8e344b3697c4508ea6d07dbca45192e87dc0512849cd
canonical__0e1f052241e67e6bab41	GSE272993	seurat_clusters_prob	1.0	Unknown	Unknown	Unknown	annotation_status::coarse::Unknown	annotation_status::mid::Unknown	annotation_status::fine::Unknown	low	canonical	unknown				0	v6_original_to_harmonized_label_map	c271d7067eefff379b2a8e344b3697c4508ea6d07dbca45192e87dc0512849cd
canonical__547ed98d68b73947439c	GSE273718	celltype_raw		Unknown	Unknown	Unknown	annotation_status::coarse::Unknown	annotation_status::mid::Unknown	annotation_status::fine::Unknown	low	canonical	unknown				0	v6_original_to_harmonized_label_map	c271d7067eefff379b2a8e344b3697c4508ea6d07dbca45192e87dc0512849cd
canonical__417e7f9eaa13d125ba47	GSE288199	celltype_raw		Unknown	Unknown	Unknown	annotation_status::coarse::Unknown	annotation_status::mid::Unknown	annotation_status::fine::Unknown	low	canonical	unknown				0	v6_original_to_harmonized_label_map	c271d7067eefff379b2a8e344b3697c4508ea6d07dbca45192e87dc0512849cd
canonical__ca69f05627d7d5470166	GSE301741	cell_type_enrichment	CD3	Unknown	Unknown	Unknown	annotation_status::coarse::Unknown	annotation_status::mid::Unknown	annotation_status::fine::Unknown	low	canonical	unknown				0	v6_original_to_harmonized_label_map	c271d7067eefff379b2a8e344b3697c4508ea6d07dbca45192e87dc0512849cd
canonical__b925064f7ce0e9fdd842	GSE301741	cell_type_enrichment	CD45neg	T_NK	CD4_T	Unknown	identity::coarse::T_NK	identity::mid::CD4_T	annotation_status::fine::Unknown	high	canonical	resolved				0	v6_original_to_harmonized_label_map	c271d7067eefff379b2a8e344b3697c4508ea6d07dbca45192e87dc0512849cd
canonical__e9f2ba0ffc6d3ca010d2	GSE301741	cell_type_enrichment	CD45pos	T_NK	CD4_T	Unknown	identity::coarse::T_NK	identity::mid::CD4_T	annotation_status::fine::Unknown	high	canonical	resolved				0	v6_original_to_harmonized_label_map	c271d7067eefff379b2a8e344b3697c4508ea6d07dbca45192e87dc0512849cd
canonical__5db1c65547ecdbc479ff	GSE301741	cell_type_enrichment	CD45ratio	T_NK	CD4_T	Unknown	identity::coarse::T_NK	identity::mid::CD4_T	annotation_status::fine::Unknown	high	canonical	resolved				0	v6_original_to_harmonized_label_map	c271d7067eefff379b2a8e344b3697c4508ea6d07dbca45192e87dc0512849cd
canonical__8b670f9ff0bb6bb00d2e	GSE301741	cell_type_enrichment	Unsorted	Unknown	Unknown	Unknown	annotation_status::coarse::Unknown	annotation_status::mid::Unknown	annotation_status::fine::Unknown	low	canonical	unknown				0	v6_original_to_harmonized_label_map	c271d7067eefff379b2a8e344b3697c4508ea6d07dbca45192e87dc0512849cd
canonical__d7fd04012347860f9b0d	GSE314072	cell_type	CD4	T_NK	CD4_T	Unknown	identity::coarse::T_NK	identity::mid::CD4_T	annotation_status::fine::Unknown	high	canonical	resolved				0	v6_original_to_harmonized_label_map	c271d7067eefff379b2a8e344b3697c4508ea6d07dbca45192e87dc0512849cd
canonical__cc9d2b221513c9eabc37	GSE314072	cell_type	CD8	T_NK	CD8_T	Unknown	identity::coarse::T_NK	identity::mid::CD8_T	annotation_status::fine::Unknown	high	canonical	resolved				0	v6_original_to_harmonized_label_map	c271d7067eefff379b2a8e344b3697c4508ea6d07dbca45192e87dc0512849cd
canonical__894950f9ae8ad42aeeb9	GSE314072	cell_type	DP	Unknown	Unknown	Unknown	annotation_status::coarse::Unknown	annotation_status::mid::Unknown	annotation_status::fine::Unknown	low	canonical	unknown				0	v6_original_to_harmonized_label_map	c271d7067eefff379b2a8e344b3697c4508ea6d07dbca45192e87dc0512849cd
canonical__deed74da01f1ff817519	PRJCA001063	Cell_type	Acinar cell	Unknown	Unknown	Unknown	annotation_status::coarse::Unknown	annotation_status::mid::Unknown	annotation_status::fine::Unknown	low	canonical	unknown				0	v6_original_to_harmonized_label_map	c271d7067eefff379b2a8e344b3697c4508ea6d07dbca45192e87dc0512849cd
canonical__3624d9658553da235d75	PRJCA001063	Cell_type	B cell	B_Plasma	B_cell	Unknown	identity::coarse::B_Plasma	identity::mid::B_cell	annotation_status::fine::Unknown	high	canonical	resolved				0	v6_original_to_harmonized_label_map	c271d7067eefff379b2a8e344b3697c4508ea6d07dbca45192e87dc0512849cd
canonical__cf42fd6921041376307f	PRJCA001063	Cell_type	Ductal cell type 1	Unknown	Unknown	Unknown	annotation_status::coarse::Unknown	annotation_status::mid::Unknown	annotation_status::fine::Unknown	low	canonical	unknown				0	v6_original_to_harmonized_label_map	c271d7067eefff379b2a8e344b3697c4508ea6d07dbca45192e87dc0512849cd
canonical__1504deb4e0d93a1d976c	PRJCA001063	Cell_type	Ductal cell type 2	Unknown	Unknown	Unknown	annotation_status::coarse::Unknown	annotation_status::mid::Unknown	annotation_status::fine::Unknown	low	canonical	unknown				0	v6_original_to_harmonized_label_map	c271d7067eefff379b2a8e344b3697c4508ea6d07dbca45192e87dc0512849cd
canonical__b93b85816c68fb4853ee	PRJCA001063	Cell_type	Endocrine cell	Unknown	Unknown	Unknown	annotation_status::coarse::Unknown	annotation_status::mid::Unknown	annotation_status::fine::Unknown	low	canonical	unknown				0	v6_original_to_harmonized_label_map	c271d7067eefff379b2a8e344b3697c4508ea6d07dbca45192e87dc0512849cd
canonical__f5a8c4e64e52b46cc179	PRJCA001063	Cell_type	Endothelial cell	Endothelial	Endothelial	Unknown	identity::coarse::Endothelial	identity::mid::Endothelial	annotation_status::fine::Unknown	high	canonical	resolved				0	v6_original_to_harmonized_label_map	c271d7067eefff379b2a8e344b3697c4508ea6d07dbca45192e87dc0512849cd
canonical__720c1e1b25d98c741d1c	PRJCA001063	Cell_type	Fibroblast cell	CAF_Stromal	CAF	Unknown	identity::coarse::CAF_Stromal	identity::mid::CAF	annotation_status::fine::Unknown	high	canonical	resolved				0	v6_original_to_harmonized_label_map	c271d7067eefff379b2a8e344b3697c4508ea6d07dbca45192e87dc0512849cd
canonical__ec8929f56022148d0fb9	PRJCA001063	Cell_type	Macrophage cell	Myeloid	Macrophage	Unknown	identity::coarse::Myeloid	identity::mid::Macrophage	annotation_status::fine::Unknown	high	canonical	resolved				0	v6_original_to_harmonized_label_map	c271d7067eefff379b2a8e344b3697c4508ea6d07dbca45192e87dc0512849cd
canonical__dc3e7570008b4d1e3b86	PRJCA001063	Cell_type	Stellate cell	Unknown	Unknown	Unknown	annotation_status::coarse::Unknown	annotation_status::mid::Unknown	annotation_status::fine::Unknown	low	canonical	unknown				0	v6_original_to_harmonized_label_map	c271d7067eefff379b2a8e344b3697c4508ea6d07dbca45192e87dc0512849cd
canonical__aba7709bae80e65719c3	PRJCA001063	Cell_type	T cell	Unknown	Unknown	Unknown	annotation_status::coarse::Unknown	annotation_status::mid::Unknown	annotation_status::fine::Unknown	low	canonical	unknown				0	v6_original_to_harmonized_label_map	c271d7067eefff379b2a8e344b3697c4508ea6d07dbca45192e87dc0512849cd
canonical__d7345bf1f939740ca66f	PRJCA001063	celltype0		Unknown	Unknown	Unknown	annotation_status::coarse::Unknown	annotation_status::mid::Unknown	annotation_status::fine::Unknown	low	canonical	unknown				0	v6_original_to_harmonized_label_map	c271d7067eefff379b2a8e344b3697c4508ea6d07dbca45192e87dc0512849cd
canonical__0f66dbd23a7f04f54ebe	PRJCA001063	celltype0	endothelial cell	Endothelial	Endothelial	Unknown	identity::coarse::Endothelial	identity::mid::Endothelial	annotation_status::fine::Unknown	high	canonical	resolved				0	v6_original_to_harmonized_label_map	c271d7067eefff379b2a8e344b3697c4508ea6d07dbca45192e87dc0512849cd
canonical__96ab34661a299800967a	PRJCA001063	celltype0	epithelial cell	Tumor_like	Tumor_epithelial_like	Unknown	identity::coarse::Tumor_like	identity::mid::Tumor_epithelial_like	annotation_status::fine::Unknown	high	canonical	resolved				0	v6_original_to_harmonized_label_map	c271d7067eefff379b2a8e344b3697c4508ea6d07dbca45192e87dc0512849cd
canonical__65b9382cad3ff0666f32	PRJCA001063	celltype0	fibroblast	CAF_Stromal	CAF	Unknown	identity::coarse::CAF_Stromal	identity::mid::CAF	annotation_status::fine::Unknown	high	canonical	resolved				0	v6_original_to_harmonized_label_map	c271d7067eefff379b2a8e344b3697c4508ea6d07dbca45192e87dc0512849cd
canonical__6f7b6d40a4c04133f630	PRJCA001063	celltype0	hematopoietic cell	Unknown	Unknown	Unknown	annotation_status::coarse::Unknown	annotation_status::mid::Unknown	annotation_status::fine::Unknown	low	canonical	unknown				0	v6_original_to_harmonized_label_map	c271d7067eefff379b2a8e344b3697c4508ea6d07dbca45192e87dc0512849cd
canonical__4e04a7b574466bcfbc09	PRJCA001063	celltype0	neural cell	Unknown	Unknown	Unknown	annotation_status::coarse::Unknown	annotation_status::mid::Unknown	annotation_status::fine::Unknown	low	canonical	unknown				0	v6_original_to_harmonized_label_map	c271d7067eefff379b2a8e344b3697c4508ea6d07dbca45192e87dc0512849cd
canonical__fd006f2b0ccd29d42698	PRJCA001063	celltype1		Unknown	Unknown	Unknown	annotation_status::coarse::Unknown	annotation_status::mid::Unknown	annotation_status::fine::Unknown	low	canonical	unknown				0	v6_original_to_harmonized_label_map	c271d7067eefff379b2a8e344b3697c4508ea6d07dbca45192e87dc0512849cd
canonical__250d91859ff423303bd0	PRJCA001063	celltype1	T cell	Unknown	Unknown	Unknown	annotation_status::coarse::Unknown	annotation_status::mid::Unknown	annotation_status::fine::Unknown	low	canonical	unknown				0	v6_original_to_harmonized_label_map	c271d7067eefff379b2a8e344b3697c4508ea6d07dbca45192e87dc0512849cd
canonical__705f0fa9800219b735d2	PRJCA001063	celltype1	blood vessel endothelial cell	Endothelial	Endothelial	Unknown	identity::coarse::Endothelial	identity::mid::Endothelial	annotation_status::fine::Unknown	high	canonical	resolved				0	v6_original_to_harmonized_label_map	c271d7067eefff379b2a8e344b3697c4508ea6d07dbca45192e87dc0512849cd
canonical__a6377ceef49beb2508b9	PRJCA001063	celltype1	enteroendocrine cell	Unknown	Unknown	Unknown	annotation_status::coarse::Unknown	annotation_status::mid::Unknown	annotation_status::fine::Unknown	low	canonical	unknown				0	v6_original_to_harmonized_label_map	c271d7067eefff379b2a8e344b3697c4508ea6d07dbca45192e87dc0512849cd
canonical__9d7298c6ceb2323460d5	PRJCA001063	celltype1	fibroblast	CAF_Stromal	CAF	Unknown	identity::coarse::CAF_Stromal	identity::mid::CAF	annotation_status::fine::Unknown	high	canonical	resolved				0	v6_original_to_harmonized_label_map	c271d7067eefff379b2a8e344b3697c4508ea6d07dbca45192e87dc0512849cd
canonical__9215173cb62deec82583	PRJCA001063	celltype1	lymphocyte of B lineage	Unknown	Unknown	Unknown	annotation_status::coarse::Unknown	annotation_status::mid::Unknown	annotation_status::fine::Unknown	low	canonical	unknown				0	v6_original_to_harmonized_label_map	c271d7067eefff379b2a8e344b3697c4508ea6d07dbca45192e87dc0512849cd
canonical__c5befad23a8eb9726b1f	PRJCA001063	celltype1	myeloid leukocyte	Unknown	Unknown	Unknown	annotation_status::coarse::Unknown	annotation_status::mid::Unknown	annotation_status::fine::Unknown	low	canonical	unknown				0	v6_original_to_harmonized_label_map	c271d7067eefff379b2a8e344b3697c4508ea6d07dbca45192e87dc0512849cd
canonical__d28ed90341a316c2690a	PRJCA001063	celltype1	neural cell	Unknown	Unknown	Unknown	annotation_status::coarse::Unknown	annotation_status::mid::Unknown	annotation_status::fine::Unknown	low	canonical	unknown				0	v6_original_to_harmonized_label_map	c271d7067eefff379b2a8e344b3697c4508ea6d07dbca45192e87dc0512849cd
canonical__cdca0951e3811128b7f1	PRJCA001063	celltype1	pancreatic acinar cell	Unknown	Unknown	Unknown	annotation_status::coarse::Unknown	annotation_status::mid::Unknown	annotation_status::fine::Unknown	low	canonical	unknown				0	v6_original_to_harmonized_label_map	c271d7067eefff379b2a8e344b3697c4508ea6d07dbca45192e87dc0512849cd
canonical__3e3a98ba81574e283cbd	PRJCA001063	celltype1	pancreatic ductal cell	Unknown	Unknown	Unknown	annotation_status::coarse::Unknown	annotation_status::mid::Unknown	annotation_status::fine::Unknown	low	canonical	unknown				0	v6_original_to_harmonized_label_map	c271d7067eefff379b2a8e344b3697c4508ea6d07dbca45192e87dc0512849cd
canonical__b488b3e55c19f2ac8761	PRJCA001063	celltype1	pancreatic stellate cell	Unknown	Unknown	Unknown	annotation_status::coarse::Unknown	annotation_status::mid::Unknown	annotation_status::fine::Unknown	low	canonical	unknown				0	v6_original_to_harmonized_label_map	c271d7067eefff379b2a8e344b3697c4508ea6d07dbca45192e87dc0512849cd
canonical__4518677efb21cb8ce962	PRJCA001063	celltype2		Unknown	Unknown	Unknown	annotation_status::coarse::Unknown	annotation_status::mid::Unknown	annotation_status::fine::Unknown	low	canonical	unknown				0	v6_original_to_harmonized_label_map	c271d7067eefff379b2a8e344b3697c4508ea6d07dbca45192e87dc0512849cd
canonical__306733364f1a01b28a00	PRJCA001063	celltype2	B cell	B_Plasma	B_cell	Unknown	identity::coarse::B_Plasma	identity::mid::B_cell	annotation_status::fine::Unknown	high	canonical	resolved				0	v6_original_to_harmonized_label_map	c271d7067eefff379b2a8e344b3697c4508ea6d07dbca45192e87dc0512849cd
canonical__8969d62995ea8445df6a	PRJCA001063	celltype2	CD4-positive, alpha-beta T cell	T_NK	CD4_T	Unknown	identity::coarse::T_NK	identity::mid::CD4_T	annotation_status::fine::Unknown	high	canonical	resolved				0	v6_original_to_harmonized_label_map	c271d7067eefff379b2a8e344b3697c4508ea6d07dbca45192e87dc0512849cd
canonical__349456674f851cca107d	PRJCA001063	celltype2	CD8-positive, alpha-beta T cell	T_NK	CD8_T	Unknown	identity::coarse::T_NK	identity::mid::CD8_T	annotation_status::fine::Unknown	high	canonical	resolved				0	v6_original_to_harmonized_label_map	c271d7067eefff379b2a8e344b3697c4508ea6d07dbca45192e87dc0512849cd
canonical__e25ef467aa13b6cf633f	PRJCA001063	celltype2	blood vessel endothelial cell	Endothelial	Endothelial	Unknown	identity::coarse::Endothelial	identity::mid::Endothelial	annotation_status::fine::Unknown	high	canonical	resolved				0	v6_original_to_harmonized_label_map	c271d7067eefff379b2a8e344b3697c4508ea6d07dbca45192e87dc0512849cd
canonical__0261cc0d278d19f5cb43	PRJCA001063	celltype2	fibroblast	CAF_Stromal	CAF	Unknown	identity::coarse::CAF_Stromal	identity::mid::CAF	annotation_status::fine::Unknown	high	canonical	resolved				0	v6_original_to_harmonized_label_map	c271d7067eefff379b2a8e344b3697c4508ea6d07dbca45192e87dc0512849cd
canonical__1b9d03ab9c4dc2fd47fd	PRJCA001063	celltype2	macrophage	Myeloid	Macrophage	Unknown	identity::coarse::Myeloid	identity::mid::Macrophage	annotation_status::fine::Unknown	high	canonical	resolved				0	v6_original_to_harmonized_label_map	c271d7067eefff379b2a8e344b3697c4508ea6d07dbca45192e87dc0512849cd
canonical__73f1aa34c4f7d75fb26a	PRJCA001063	celltype2	myeloid dendritic cell	DC_APC	DC	Unknown	identity::coarse::DC_APC	identity::mid::DC	annotation_status::fine::Unknown	high	canonical	resolved				0	v6_original_to_harmonized_label_map	c271d7067eefff379b2a8e344b3697c4508ea6d07dbca45192e87dc0512849cd
canonical__bf46ee7fd8b787454c33	PRJCA001063	celltype2	neural cell	Unknown	Unknown	Unknown	annotation_status::coarse::Unknown	annotation_status::mid::Unknown	annotation_status::fine::Unknown	low	canonical	unknown				0	v6_original_to_harmonized_label_map	c271d7067eefff379b2a8e344b3697c4508ea6d07dbca45192e87dc0512849cd
canonical__3a3922df4a027c87d36e	PRJCA001063	celltype2	pancreatic acinar cell	Unknown	Unknown	Unknown	annotation_status::coarse::Unknown	annotation_status::mid::Unknown	annotation_status::fine::Unknown	low	canonical	unknown				0	v6_original_to_harmonized_label_map	c271d7067eefff379b2a8e344b3697c4508ea6d07dbca45192e87dc0512849cd
canonical__aa4fd6447134c7f7d807	PRJCA001063	celltype2	pancreatic ductal cell	Unknown	Unknown	Unknown	annotation_status::coarse::Unknown	annotation_status::mid::Unknown	annotation_status::fine::Unknown	low	canonical	unknown				0	v6_original_to_harmonized_label_map	c271d7067eefff379b2a8e344b3697c4508ea6d07dbca45192e87dc0512849cd
canonical__d9ebf14acd0b9a47a258	PRJCA001063	celltype2	pancreatic epsilon cell	Unknown	Unknown	Unknown	annotation_status::coarse::Unknown	annotation_status::mid::Unknown	annotation_status::fine::Unknown	low	canonical	unknown				0	v6_original_to_harmonized_label_map	c271d7067eefff379b2a8e344b3697c4508ea6d07dbca45192e87dc0512849cd
canonical__d537582996ca4aa70fb7	PRJCA001063	celltype2	pancreatic stellate cell	Unknown	Unknown	Unknown	annotation_status::coarse::Unknown	annotation_status::mid::Unknown	annotation_status::fine::Unknown	low	canonical	unknown				0	v6_original_to_harmonized_label_map	c271d7067eefff379b2a8e344b3697c4508ea6d07dbca45192e87dc0512849cd
canonical__deec64721029537f0330	PRJCA001063	celltype2	plasma cell	B_Plasma	Plasma_cell	Unknown	identity::coarse::B_Plasma	identity::mid::Plasma_cell	annotation_status::fine::Unknown	high	canonical	resolved				0	v6_original_to_harmonized_label_map	c271d7067eefff379b2a8e344b3697c4508ea6d07dbca45192e87dc0512849cd
canonical__a3b8b2c37cef77720836	PRJCA001063	celltype2	type B pancreatic cell	Unknown	Unknown	Unknown	annotation_status::coarse::Unknown	annotation_status::mid::Unknown	annotation_status::fine::Unknown	low	canonical	unknown				0	v6_original_to_harmonized_label_map	c271d7067eefff379b2a8e344b3697c4508ea6d07dbca45192e87dc0512849cd
canonical__2be7d7781c0dae8bc5fb	PRJCA001063	celltype3		Unknown	Unknown	Unknown	annotation_status::coarse::Unknown	annotation_status::mid::Unknown	annotation_status::fine::Unknown	low	canonical	unknown				0	v6_original_to_harmonized_label_map	c271d7067eefff379b2a8e344b3697c4508ea6d07dbca45192e87dc0512849cd
canonical__c9ef9cbd20176843507f	PRJCA001063	celltype3	CD1c-positive myeloid dendritic cell	DC_APC	DC	Unknown	identity::coarse::DC_APC	identity::mid::DC	annotation_status::fine::Unknown	high	canonical	resolved				0	v6_original_to_harmonized_label_map	c271d7067eefff379b2a8e344b3697c4508ea6d07dbca45192e87dc0512849cd
canonical__8c4b994cec9473174229	PRJCA001063	celltype3	CD8-positive, alpha-beta cytotoxic T cell	T_NK	CD8_T	Unknown	identity::coarse::T_NK	identity::mid::CD8_T	annotation_status::fine::Unknown	high	canonical	resolved				0	v6_original_to_harmonized_label_map	c271d7067eefff379b2a8e344b3697c4508ea6d07dbca45192e87dc0512849cd
canonical__546679ff8ca171a0c891	PRJCA001063	celltype3	blood vessel endothelial cell	Endothelial	Endothelial	Unknown	identity::coarse::Endothelial	identity::mid::Endothelial	annotation_status::fine::Unknown	high	canonical	resolved				0	v6_original_to_harmonized_label_map	c271d7067eefff379b2a8e344b3697c4508ea6d07dbca45192e87dc0512849cd
canonical__5fd15c30a8b404c9a44b	PRJCA001063	celltype3	central memory CD4-positive, alpha-beta T cell	T_NK	CD4_T	Unknown	identity::coarse::T_NK	identity::mid::CD4_T	annotation_status::fine::Unknown	high	canonical	resolved				0	v6_original_to_harmonized_label_map	c271d7067eefff379b2a8e344b3697c4508ea6d07dbca45192e87dc0512849cd
canonical__49192c849ac77755eb50	PRJCA001063	celltype3	fibroblast	CAF_Stromal	CAF	Unknown	identity::coarse::CAF_Stromal	identity::mid::CAF	annotation_status::fine::Unknown	high	canonical	resolved				0	v6_original_to_harmonized_label_map	c271d7067eefff379b2a8e344b3697c4508ea6d07dbca45192e87dc0512849cd
canonical__58cc51d811692ffe4847	PRJCA001063	celltype3	macrophage	Myeloid	Macrophage	Unknown	identity::coarse::Myeloid	identity::mid::Macrophage	annotation_status::fine::Unknown	high	canonical	resolved				0	v6_original_to_harmonized_label_map	c271d7067eefff379b2a8e344b3697c4508ea6d07dbca45192e87dc0512849cd
canonical__d13bbe9c3454cda20792	PRJCA001063	celltype3	memory B cell	B_Plasma	B_cell	Unknown	identity::coarse::B_Plasma	identity::mid::B_cell	annotation_status::fine::Unknown	high	canonical	resolved				0	v6_original_to_harmonized_label_map	c271d7067eefff379b2a8e344b3697c4508ea6d07dbca45192e87dc0512849cd
canonical__37718d3ae4bca8a9ba8b	PRJCA001063	celltype3	neural cell	Unknown	Unknown	Unknown	annotation_status::coarse::Unknown	annotation_status::mid::Unknown	annotation_status::fine::Unknown	low	canonical	unknown				0	v6_original_to_harmonized_label_map	c271d7067eefff379b2a8e344b3697c4508ea6d07dbca45192e87dc0512849cd
canonical__a403fc0ae7357ed153e9	PRJCA001063	celltype3	pancreatic acinar cell	Unknown	Unknown	Unknown	annotation_status::coarse::Unknown	annotation_status::mid::Unknown	annotation_status::fine::Unknown	low	canonical	unknown				0	v6_original_to_harmonized_label_map	c271d7067eefff379b2a8e344b3697c4508ea6d07dbca45192e87dc0512849cd
canonical__d77d50ddb8184ae2963d	PRJCA001063	celltype3	pancreatic ductal cell	Unknown	Unknown	Unknown	annotation_status::coarse::Unknown	annotation_status::mid::Unknown	annotation_status::fine::Unknown	low	canonical	unknown				0	v6_original_to_harmonized_label_map	c271d7067eefff379b2a8e344b3697c4508ea6d07dbca45192e87dc0512849cd
canonical__1ff98cae99a72131c4f4	PRJCA001063	celltype3	pancreatic epsilon cell	Unknown	Unknown	Unknown	annotation_status::coarse::Unknown	annotation_status::mid::Unknown	annotation_status::fine::Unknown	low	canonical	unknown				0	v6_original_to_harmonized_label_map	c271d7067eefff379b2a8e344b3697c4508ea6d07dbca45192e87dc0512849cd
canonical__892c3a8351e7b7919192	PRJCA001063	celltype3	pancreatic stellate cell	Unknown	Unknown	Unknown	annotation_status::coarse::Unknown	annotation_status::mid::Unknown	annotation_status::fine::Unknown	low	canonical	unknown				0	v6_original_to_harmonized_label_map	c271d7067eefff379b2a8e344b3697c4508ea6d07dbca45192e87dc0512849cd
canonical__1c08e49b1e4a2b18fd77	PRJCA001063	celltype3	plasma cell	B_Plasma	Plasma_cell	Unknown	identity::coarse::B_Plasma	identity::mid::Plasma_cell	annotation_status::fine::Unknown	high	canonical	resolved				0	v6_original_to_harmonized_label_map	c271d7067eefff379b2a8e344b3697c4508ea6d07dbca45192e87dc0512849cd
canonical__2de87be25cd1001d2792	PRJCA001063	celltype3	proliferating B cell	B_Plasma	B_cell	Unknown	identity::coarse::B_Plasma	identity::mid::B_cell	annotation_status::fine::Unknown	medium	canonical	resolved				0	v6_original_to_harmonized_label_map	c271d7067eefff379b2a8e344b3697c4508ea6d07dbca45192e87dc0512849cd
canonical__44a9fc229bd35c962abe	PRJCA001063	celltype3	proliferating CD8-positive, alpha-beta T cell	T_NK	CD8_T	Unknown	identity::coarse::T_NK	identity::mid::CD8_T	annotation_status::fine::Unknown	medium	canonical	resolved				0	v6_original_to_harmonized_label_map	c271d7067eefff379b2a8e344b3697c4508ea6d07dbca45192e87dc0512849cd
canonical__b0c13f1b517678e574ef	PRJCA001063	celltype3	regulatory T cell	T_NK	Treg	Unknown	identity::coarse::T_NK	identity::mid::Treg	annotation_status::fine::Unknown	high	canonical	resolved				0	v6_original_to_harmonized_label_map	c271d7067eefff379b2a8e344b3697c4508ea6d07dbca45192e87dc0512849cd
canonical__b9a818de9edb72e1cf21	PRJCA001063	celltype3	type B pancreatic cell	Unknown	Unknown	Unknown	annotation_status::coarse::Unknown	annotation_status::mid::Unknown	annotation_status::fine::Unknown	low	canonical	unknown				0	v6_original_to_harmonized_label_map	c271d7067eefff379b2a8e344b3697c4508ea6d07dbca45192e87dc0512849cd
canonical__d44db30be19aaffd7dfe	krishna_2021_rcc	celltype_raw	Ambiguous	Unknown	Unknown	Unknown	annotation_status::coarse::Unknown	annotation_status::mid::Unknown	annotation_status::fine::Unknown	low	canonical	unknown				0	v6_original_to_harmonized_label_map	c271d7067eefff379b2a8e344b3697c4508ea6d07dbca45192e87dc0512849cd
canonical__03f12f531242cdafef4f	krishna_2021_rcc	celltype_raw	Ambiguous/Dead	Unknown	Unknown	Unknown	annotation_status::coarse::Unknown	annotation_status::mid::Unknown	annotation_status::fine::Unknown	low	canonical	unknown				0	v6_original_to_harmonized_label_map	c271d7067eefff379b2a8e344b3697c4508ea6d07dbca45192e87dc0512849cd
canonical__dec4d05cd952ab7873c4	krishna_2021_rcc	celltype_raw	B cell	B_Plasma	B_cell	Unknown	identity::coarse::B_Plasma	identity::mid::B_cell	annotation_status::fine::Unknown	high	canonical	resolved				0	v6_original_to_harmonized_label_map	c271d7067eefff379b2a8e344b3697c4508ea6d07dbca45192e87dc0512849cd
canonical__d2e61b777e2af9e62b81	krishna_2021_rcc	celltype_raw	CD14+ Monocyte	Myeloid	Monocyte	Unknown	identity::coarse::Myeloid	identity::mid::Monocyte	annotation_status::fine::Unknown	high	canonical	resolved				0	v6_original_to_harmonized_label_map	c271d7067eefff379b2a8e344b3697c4508ea6d07dbca45192e87dc0512849cd
canonical__7932fe01133529987e8d	krishna_2021_rcc	celltype_raw	CD14+/CD16+ Monocyte	Myeloid	Monocyte	Unknown	identity::coarse::Myeloid	identity::mid::Monocyte	annotation_status::fine::Unknown	high	canonical	resolved				0	v6_original_to_harmonized_label_map	c271d7067eefff379b2a8e344b3697c4508ea6d07dbca45192e87dc0512849cd
canonical__aa4fe903f7461aba253e	krishna_2021_rcc	celltype_raw	CD4+ Activated IEG	T_NK	CD4_T	Unknown	identity::coarse::T_NK	identity::mid::CD4_T	annotation_status::fine::Unknown	high	canonical	resolved				0	v6_original_to_harmonized_label_map	c271d7067eefff379b2a8e344b3697c4508ea6d07dbca45192e87dc0512849cd
canonical__7de6a889c49207df86fc	krishna_2021_rcc	celltype_raw	CD4+ Effector	T_NK	CD4_T	Unknown	identity::coarse::T_NK	identity::mid::CD4_T	annotation_status::fine::Unknown	high	canonical	resolved				0	v6_original_to_harmonized_label_map	c271d7067eefff379b2a8e344b3697c4508ea6d07dbca45192e87dc0512849cd
canonical__3f0e2553668239e9f38b	krishna_2021_rcc	celltype_raw	CD4+ Naive	T_NK	CD4_T	Unknown	identity::coarse::T_NK	identity::mid::CD4_T	annotation_status::fine::Unknown	high	canonical	resolved				0	v6_original_to_harmonized_label_map	c271d7067eefff379b2a8e344b3697c4508ea6d07dbca45192e87dc0512849cd
canonical__7e358aed09ac2e8ddce2	krishna_2021_rcc	celltype_raw	CD4+ Proliferating	T_NK	CD4_T	Unknown	identity::coarse::T_NK	identity::mid::CD4_T	annotation_status::fine::Unknown	medium	canonical	resolved				0	v6_original_to_harmonized_label_map	c271d7067eefff379b2a8e344b3697c4508ea6d07dbca45192e87dc0512849cd
canonical__54b486d67ce2bb4af11f	krishna_2021_rcc	celltype_raw	CD4+ Treg	T_NK	CD4_T	Unknown	identity::coarse::T_NK	identity::mid::CD4_T	annotation_status::fine::Unknown	medium	canonical	resolved				0	v6_original_to_harmonized_label_map	c271d7067eefff379b2a8e344b3697c4508ea6d07dbca45192e87dc0512849cd
canonical__d8df6ecf1300698cc652	krishna_2021_rcc	celltype_raw	CD45- Myofibroblast	T_NK	CD4_T	Unknown	identity::coarse::T_NK	identity::mid::CD4_T	annotation_status::fine::Unknown	medium	canonical	resolved				0	v6_original_to_harmonized_label_map	c271d7067eefff379b2a8e344b3697c4508ea6d07dbca45192e87dc0512849cd
canonical__ba1e6daa705009ee54d9	krishna_2021_rcc	celltype_raw	CD45- PAX8+ renal epithelium	T_NK	CD4_T	Unknown	identity::coarse::T_NK	identity::mid::CD4_T	annotation_status::fine::Unknown	high	canonical	resolved				0	v6_original_to_harmonized_label_map	c271d7067eefff379b2a8e344b3697c4508ea6d07dbca45192e87dc0512849cd
canonical__0ab64e85d2f84e951380	krishna_2021_rcc	celltype_raw	CD45- Vascular Endothelium	T_NK	CD4_T	Unknown	identity::coarse::T_NK	identity::mid::CD4_T	annotation_status::fine::Unknown	medium	canonical	resolved				0	v6_original_to_harmonized_label_map	c271d7067eefff379b2a8e344b3697c4508ea6d07dbca45192e87dc0512849cd
canonical__edc499478758b67e05c3	krishna_2021_rcc	celltype_raw	CD45- ccRCC CA9+	T_NK	CD4_T	Unknown	identity::coarse::T_NK	identity::mid::CD4_T	annotation_status::fine::Unknown	high	canonical	resolved				0	v6_original_to_harmonized_label_map	c271d7067eefff379b2a8e344b3697c4508ea6d07dbca45192e87dc0512849cd
canonical__8664a08171258a7b1a1b	krishna_2021_rcc	celltype_raw	CD8A+ Exhausted	T_NK	CD8_T	Unknown	identity::coarse::T_NK	identity::mid::CD8_T	annotation_status::fine::Unknown	high	canonical	resolved				0	v6_original_to_harmonized_label_map	c271d7067eefff379b2a8e344b3697c4508ea6d07dbca45192e87dc0512849cd
canonical__5e037059b6f83b67ee5b	krishna_2021_rcc	celltype_raw	CD8A+ Exhausted IEG	T_NK	CD8_T	Unknown	identity::coarse::T_NK	identity::mid::CD8_T	annotation_status::fine::Unknown	high	canonical	resolved				0	v6_original_to_harmonized_label_map	c271d7067eefff379b2a8e344b3697c4508ea6d07dbca45192e87dc0512849cd
canonical__6728f59def3f9e36b1b4	krishna_2021_rcc	celltype_raw	CD8A+ NK-like	T_NK	CD8_T	Unknown	identity::coarse::T_NK	identity::mid::CD8_T	annotation_status::fine::Unknown	medium	canonical	resolved				0	v6_original_to_harmonized_label_map	c271d7067eefff379b2a8e344b3697c4508ea6d07dbca45192e87dc0512849cd
canonical__34af13edfda4ba3e813c	krishna_2021_rcc	celltype_raw	CD8A+ Proliferating	T_NK	CD8_T	Unknown	identity::coarse::T_NK	identity::mid::CD8_T	annotation_status::fine::Unknown	medium	canonical	resolved				0	v6_original_to_harmonized_label_map	c271d7067eefff379b2a8e344b3697c4508ea6d07dbca45192e87dc0512849cd
canonical__bbc837b09ba781d50a73	krishna_2021_rcc	celltype_raw	CD8A+ Tissue-resident	T_NK	CD8_T	Unknown	identity::coarse::T_NK	identity::mid::CD8_T	annotation_status::fine::Unknown	high	canonical	resolved				0	v6_original_to_harmonized_label_map	c271d7067eefff379b2a8e344b3697c4508ea6d07dbca45192e87dc0512849cd
canonical__63d6fc1558df27bb55f9	krishna_2021_rcc	celltype_raw	Conventional NK	Unknown	Unknown	Unknown	annotation_status::coarse::Unknown	annotation_status::mid::Unknown	annotation_status::fine::Unknown	low	canonical	unknown				0	v6_original_to_harmonized_label_map	c271d7067eefff379b2a8e344b3697c4508ea6d07dbca45192e87dc0512849cd
canonical__b286dc55173896573961	krishna_2021_rcc	celltype_raw	Mast	Unknown	Unknown	Unknown	annotation_status::coarse::Unknown	annotation_status::mid::Unknown	annotation_status::fine::Unknown	low	canonical	unknown				0	v6_original_to_harmonized_label_map	c271d7067eefff379b2a8e344b3697c4508ea6d07dbca45192e87dc0512849cd
canonical__adda3fbb4d55e773986f	krishna_2021_rcc	celltype_raw	Megakaryocyte	Unknown	Unknown	Unknown	annotation_status::coarse::Unknown	annotation_status::mid::Unknown	annotation_status::fine::Unknown	low	canonical	unknown				0	v6_original_to_harmonized_label_map	c271d7067eefff379b2a8e344b3697c4508ea6d07dbca45192e87dc0512849cd
canonical__e5b91d0b33a5175b2f80	krishna_2021_rcc	celltype_raw	NK HSP+	T_NK	NK	Unknown	identity::coarse::T_NK	identity::mid::NK	annotation_status::fine::Unknown	high	canonical	resolved				0	v6_original_to_harmonized_label_map	c271d7067eefff379b2a8e344b3697c4508ea6d07dbca45192e87dc0512849cd
canonical__ddffb364b572f657349b	krishna_2021_rcc	celltype_raw	TAM HLAhi	Myeloid	Macrophage	Unknown	identity::coarse::Myeloid	identity::mid::Macrophage	annotation_status::fine::Unknown	high	canonical	resolved				0	v6_original_to_harmonized_label_map	c271d7067eefff379b2a8e344b3697c4508ea6d07dbca45192e87dc0512849cd
canonical__a2d674857bc1acaddb5b	krishna_2021_rcc	celltype_raw	TAM HLAint	Myeloid	Macrophage	Unknown	identity::coarse::Myeloid	identity::mid::Macrophage	annotation_status::fine::Unknown	high	canonical	resolved				0	v6_original_to_harmonized_label_map	c271d7067eefff379b2a8e344b3697c4508ea6d07dbca45192e87dc0512849cd
canonical__ef46d4d0553bb39eadc0	krishna_2021_rcc	celltype_raw	TAM ISGhi	Myeloid	Macrophage	Unknown	identity::coarse::Myeloid	identity::mid::Macrophage	annotation_status::fine::Unknown	high	canonical	resolved				0	v6_original_to_harmonized_label_map	c271d7067eefff379b2a8e344b3697c4508ea6d07dbca45192e87dc0512849cd
canonical__96ca62d3cac9e30aec4d	krishna_2021_rcc	celltype_raw	TAM ISGint	Myeloid	Macrophage	Unknown	identity::coarse::Myeloid	identity::mid::Macrophage	annotation_status::fine::Unknown	high	canonical	resolved				0	v6_original_to_harmonized_label_map	c271d7067eefff379b2a8e344b3697c4508ea6d07dbca45192e87dc0512849cd
canonical__e226f3c8b0e4db108165	krishna_2021_rcc	celltype_raw	TAM/TCR (Ambiguos)	Myeloid	Macrophage	Unknown	identity::coarse::Myeloid	identity::mid::Macrophage	annotation_status::fine::Unknown	high	canonical	resolved				0	v6_original_to_harmonized_label_map	c271d7067eefff379b2a8e344b3697c4508ea6d07dbca45192e87dc0512849cd
canonical__447134600fef5324a184	krishna_2021_rcc	celltype_raw	cDC1	DC_APC	DC	Unknown	identity::coarse::DC_APC	identity::mid::DC	annotation_status::fine::Unknown	high	canonical	resolved				0	v6_original_to_harmonized_label_map	c271d7067eefff379b2a8e344b3697c4508ea6d07dbca45192e87dc0512849cd
canonical__a9fe96e729c9f02ad769	krishna_2021_rcc	celltype_raw	cDC2	DC_APC	DC	Unknown	identity::coarse::DC_APC	identity::mid::DC	annotation_status::fine::Unknown	high	canonical	resolved				0	v6_original_to_harmonized_label_map	c271d7067eefff379b2a8e344b3697c4508ea6d07dbca45192e87dc0512849cd
canonical__946c9e7cc8b70b7404ac	krishna_2021_rcc	celltype_raw	pDC	DC_APC	pDC	Unknown	identity::coarse::DC_APC	identity::mid::pDC	annotation_status::fine::Unknown	high	canonical	resolved				0	v6_original_to_harmonized_label_map	c271d7067eefff379b2a8e344b3697c4508ea6d07dbca45192e87dc0512849cd
canonical__ff5d1f4ad1bf49c2992b	krishna_2021_rcc	cluster	0	Unknown	Unknown	Unknown	annotation_status::coarse::Unknown	annotation_status::mid::Unknown	annotation_status::fine::Unknown	low	canonical	unknown				0	v6_original_to_harmonized_label_map	c271d7067eefff379b2a8e344b3697c4508ea6d07dbca45192e87dc0512849cd
canonical__55223a42204f9106383d	krishna_2021_rcc	cluster	1	Unknown	Unknown	Unknown	annotation_status::coarse::Unknown	annotation_status::mid::Unknown	annotation_status::fine::Unknown	low	canonical	unknown				0	v6_original_to_harmonized_label_map	c271d7067eefff379b2a8e344b3697c4508ea6d07dbca45192e87dc0512849cd
canonical__cd8740d00e8e7156a534	krishna_2021_rcc	cluster	10	Unknown	Unknown	Unknown	annotation_status::coarse::Unknown	annotation_status::mid::Unknown	annotation_status::fine::Unknown	low	canonical	unknown				0	v6_original_to_harmonized_label_map	c271d7067eefff379b2a8e344b3697c4508ea6d07dbca45192e87dc0512849cd
canonical__8ad5d96815ff5984083f	krishna_2021_rcc	cluster	11	Unknown	Unknown	Unknown	annotation_status::coarse::Unknown	annotation_status::mid::Unknown	annotation_status::fine::Unknown	low	canonical	unknown				0	v6_original_to_harmonized_label_map	c271d7067eefff379b2a8e344b3697c4508ea6d07dbca45192e87dc0512849cd
canonical__59935d656f8a761b1d56	krishna_2021_rcc	cluster	12	Unknown	Unknown	Unknown	annotation_status::coarse::Unknown	annotation_status::mid::Unknown	annotation_status::fine::Unknown	low	canonical	unknown				0	v6_original_to_harmonized_label_map	c271d7067eefff379b2a8e344b3697c4508ea6d07dbca45192e87dc0512849cd
canonical__758e2ec72d194e300050	krishna_2021_rcc	cluster	13	Unknown	Unknown	Unknown	annotation_status::coarse::Unknown	annotation_status::mid::Unknown	annotation_status::fine::Unknown	low	canonical	unknown				0	v6_original_to_harmonized_label_map	c271d7067eefff379b2a8e344b3697c4508ea6d07dbca45192e87dc0512849cd
canonical__5264f2cea86db4e20f1a	krishna_2021_rcc	cluster	14	Unknown	Unknown	Unknown	annotation_status::coarse::Unknown	annotation_status::mid::Unknown	annotation_status::fine::Unknown	low	canonical	unknown				0	v6_original_to_harmonized_label_map	c271d7067eefff379b2a8e344b3697c4508ea6d07dbca45192e87dc0512849cd
canonical__a4b132d40f1dd18915f0	krishna_2021_rcc	cluster	15	Unknown	Unknown	Unknown	annotation_status::coarse::Unknown	annotation_status::mid::Unknown	annotation_status::fine::Unknown	low	canonical	unknown				0	v6_original_to_harmonized_label_map	c271d7067eefff379b2a8e344b3697c4508ea6d07dbca45192e87dc0512849cd
canonical__4b99aeb996c008cf8239	krishna_2021_rcc	cluster	16	Unknown	Unknown	Unknown	annotation_status::coarse::Unknown	annotation_status::mid::Unknown	annotation_status::fine::Unknown	low	canonical	unknown				0	v6_original_to_harmonized_label_map	c271d7067eefff379b2a8e344b3697c4508ea6d07dbca45192e87dc0512849cd
canonical__1999b363b2fc6c65057c	krishna_2021_rcc	cluster	17	Unknown	Unknown	Unknown	annotation_status::coarse::Unknown	annotation_status::mid::Unknown	annotation_status::fine::Unknown	low	canonical	unknown				0	v6_original_to_harmonized_label_map	c271d7067eefff379b2a8e344b3697c4508ea6d07dbca45192e87dc0512849cd
canonical__b4fa536f8cdea1cff03f	krishna_2021_rcc	cluster	18	Unknown	Unknown	Unknown	annotation_status::coarse::Unknown	annotation_status::mid::Unknown	annotation_status::fine::Unknown	low	canonical	unknown				0	v6_original_to_harmonized_label_map	c271d7067eefff379b2a8e344b3697c4508ea6d07dbca45192e87dc0512849cd
canonical__2ae0784be6ae6288520c	krishna_2021_rcc	cluster	19	Unknown	Unknown	Unknown	annotation_status::coarse::Unknown	annotation_status::mid::Unknown	annotation_status::fine::Unknown	low	canonical	unknown				0	v6_original_to_harmonized_label_map	c271d7067eefff379b2a8e344b3697c4508ea6d07dbca45192e87dc0512849cd
canonical__3b1729630c420f05b649	krishna_2021_rcc	cluster	2	Unknown	Unknown	Unknown	annotation_status::coarse::Unknown	annotation_status::mid::Unknown	annotation_status::fine::Unknown	low	canonical	unknown				0	v6_original_to_harmonized_label_map	c271d7067eefff379b2a8e344b3697c4508ea6d07dbca45192e87dc0512849cd
canonical__23bb252a6762d61262eb	krishna_2021_rcc	cluster	20	Unknown	Unknown	Unknown	annotation_status::coarse::Unknown	annotation_status::mid::Unknown	annotation_status::fine::Unknown	low	canonical	unknown				0	v6_original_to_harmonized_label_map	c271d7067eefff379b2a8e344b3697c4508ea6d07dbca45192e87dc0512849cd
canonical__06d838736a095f1093e8	krishna_2021_rcc	cluster	21	Unknown	Unknown	Unknown	annotation_status::coarse::Unknown	annotation_status::mid::Unknown	annotation_status::fine::Unknown	low	canonical	unknown				0	v6_original_to_harmonized_label_map	c271d7067eefff379b2a8e344b3697c4508ea6d07dbca45192e87dc0512849cd
canonical__1310ff0c8e9a7d8e4b84	krishna_2021_rcc	cluster	22	Unknown	Unknown	Unknown	annotation_status::coarse::Unknown	annotation_status::mid::Unknown	annotation_status::fine::Unknown	low	canonical	unknown				0	v6_original_to_harmonized_label_map	c271d7067eefff379b2a8e344b3697c4508ea6d07dbca45192e87dc0512849cd
canonical__f2aab644182133e268f2	krishna_2021_rcc	cluster	23	Unknown	Unknown	Unknown	annotation_status::coarse::Unknown	annotation_status::mid::Unknown	annotation_status::fine::Unknown	low	canonical	unknown				0	v6_original_to_harmonized_label_map	c271d7067eefff379b2a8e344b3697c4508ea6d07dbca45192e87dc0512849cd
canonical__aaf3f945ac86c4de1be5	krishna_2021_rcc	cluster	24	Unknown	Unknown	Unknown	annotation_status::coarse::Unknown	annotation_status::mid::Unknown	annotation_status::fine::Unknown	low	canonical	unknown				0	v6_original_to_harmonized_label_map	c271d7067eefff379b2a8e344b3697c4508ea6d07dbca45192e87dc0512849cd
canonical__0884078163f1262d885b	krishna_2021_rcc	cluster	25	Unknown	Unknown	Unknown	annotation_status::coarse::Unknown	annotation_status::mid::Unknown	annotation_status::fine::Unknown	low	canonical	unknown				0	v6_original_to_harmonized_label_map	c271d7067eefff379b2a8e344b3697c4508ea6d07dbca45192e87dc0512849cd
canonical__5f32ed32191bb995ee63	krishna_2021_rcc	cluster	26	Unknown	Unknown	Unknown	annotation_status::coarse::Unknown	annotation_status::mid::Unknown	annotation_status::fine::Unknown	low	canonical	unknown				0	v6_original_to_harmonized_label_map	c271d7067eefff379b2a8e344b3697c4508ea6d07dbca45192e87dc0512849cd
canonical__8c789462098aa731085e	krishna_2021_rcc	cluster	27	Unknown	Unknown	Unknown	annotation_status::coarse::Unknown	annotation_status::mid::Unknown	annotation_status::fine::Unknown	low	canonical	unknown				0	v6_original_to_harmonized_label_map	c271d7067eefff379b2a8e344b3697c4508ea6d07dbca45192e87dc0512849cd
canonical__17e1db1d4ca66d82503c	krishna_2021_rcc	cluster	28	Unknown	Unknown	Unknown	annotation_status::coarse::Unknown	annotation_status::mid::Unknown	annotation_status::fine::Unknown	low	canonical	unknown				0	v6_original_to_harmonized_label_map	c271d7067eefff379b2a8e344b3697c4508ea6d07dbca45192e87dc0512849cd
canonical__254d53daa5e90d362e9c	krishna_2021_rcc	cluster	29	Unknown	Unknown	Unknown	annotation_status::coarse::Unknown	annotation_status::mid::Unknown	annotation_status::fine::Unknown	low	canonical	unknown				0	v6_original_to_harmonized_label_map	c271d7067eefff379b2a8e344b3697c4508ea6d07dbca45192e87dc0512849cd
canonical__b93896b5e01b050a7d59	krishna_2021_rcc	cluster	3	Unknown	Unknown	Unknown	annotation_status::coarse::Unknown	annotation_status::mid::Unknown	annotation_status::fine::Unknown	low	canonical	unknown				0	v6_original_to_harmonized_label_map	c271d7067eefff379b2a8e344b3697c4508ea6d07dbca45192e87dc0512849cd
canonical__90b2fdfb9de864ba6a3d	krishna_2021_rcc	cluster	30	Unknown	Unknown	Unknown	annotation_status::coarse::Unknown	annotation_status::mid::Unknown	annotation_status::fine::Unknown	low	canonical	unknown				0	v6_original_to_harmonized_label_map	c271d7067eefff379b2a8e344b3697c4508ea6d07dbca45192e87dc0512849cd
canonical__cc1203ee95b5f5d3afac	krishna_2021_rcc	cluster	31	Unknown	Unknown	Unknown	annotation_status::coarse::Unknown	annotation_status::mid::Unknown	annotation_status::fine::Unknown	low	canonical	unknown				0	v6_original_to_harmonized_label_map	c271d7067eefff379b2a8e344b3697c4508ea6d07dbca45192e87dc0512849cd
canonical__97d5550686220d810437	krishna_2021_rcc	cluster	32	Unknown	Unknown	Unknown	annotation_status::coarse::Unknown	annotation_status::mid::Unknown	annotation_status::fine::Unknown	low	canonical	unknown				0	v6_original_to_harmonized_label_map	c271d7067eefff379b2a8e344b3697c4508ea6d07dbca45192e87dc0512849cd
canonical__9ce2c998508d186b610b	krishna_2021_rcc	cluster	33	Unknown	Unknown	Unknown	annotation_status::coarse::Unknown	annotation_status::mid::Unknown	annotation_status::fine::Unknown	low	canonical	unknown				0	v6_original_to_harmonized_label_map	c271d7067eefff379b2a8e344b3697c4508ea6d07dbca45192e87dc0512849cd
canonical__6b4d2585c5e22805e254	krishna_2021_rcc	cluster	34	Unknown	Unknown	Unknown	annotation_status::coarse::Unknown	annotation_status::mid::Unknown	annotation_status::fine::Unknown	low	canonical	unknown				0	v6_original_to_harmonized_label_map	c271d7067eefff379b2a8e344b3697c4508ea6d07dbca45192e87dc0512849cd
canonical__6bc82b7b6d701f943858	krishna_2021_rcc	cluster	4	Unknown	Unknown	Unknown	annotation_status::coarse::Unknown	annotation_status::mid::Unknown	annotation_status::fine::Unknown	low	canonical	unknown				0	v6_original_to_harmonized_label_map	c271d7067eefff379b2a8e344b3697c4508ea6d07dbca45192e87dc0512849cd
canonical__0cecc1570179afa675f9	krishna_2021_rcc	cluster	5	Unknown	Unknown	Unknown	annotation_status::coarse::Unknown	annotation_status::mid::Unknown	annotation_status::fine::Unknown	low	canonical	unknown				0	v6_original_to_harmonized_label_map	c271d7067eefff379b2a8e344b3697c4508ea6d07dbca45192e87dc0512849cd
canonical__a3f0b5c839b194048412	krishna_2021_rcc	cluster	6	Unknown	Unknown	Unknown	annotation_status::coarse::Unknown	annotation_status::mid::Unknown	annotation_status::fine::Unknown	low	canonical	unknown				0	v6_original_to_harmonized_label_map	c271d7067eefff379b2a8e344b3697c4508ea6d07dbca45192e87dc0512849cd
canonical__ec99ea4a750b63de5e19	krishna_2021_rcc	cluster	7	Unknown	Unknown	Unknown	annotation_status::coarse::Unknown	annotation_status::mid::Unknown	annotation_status::fine::Unknown	low	canonical	unknown				0	v6_original_to_harmonized_label_map	c271d7067eefff379b2a8e344b3697c4508ea6d07dbca45192e87dc0512849cd
canonical__4a8f47361411e52a5f0c	krishna_2021_rcc	cluster	8	Unknown	Unknown	Unknown	annotation_status::coarse::Unknown	annotation_status::mid::Unknown	annotation_status::fine::Unknown	low	canonical	unknown				0	v6_original_to_harmonized_label_map	c271d7067eefff379b2a8e344b3697c4508ea6d07dbca45192e87dc0512849cd
canonical__43fe56ee3e15a105ad1d	krishna_2021_rcc	cluster	9	Unknown	Unknown	Unknown	annotation_status::coarse::Unknown	annotation_status::mid::Unknown	annotation_status::fine::Unknown	low	canonical	unknown				0	v6_original_to_harmonized_label_map	c271d7067eefff379b2a8e344b3697c4508ea6d07dbca45192e87dc0512849cd
canonical__a15b745830ebe7c429b1	krishna_2021_rcc	cluster_name	Ambiguous	Unknown	Unknown	Unknown	annotation_status::coarse::Unknown	annotation_status::mid::Unknown	annotation_status::fine::Unknown	low	canonical	unknown				0	v6_original_to_harmonized_label_map	c271d7067eefff379b2a8e344b3697c4508ea6d07dbca45192e87dc0512849cd
canonical__359e819c6f01294362ee	krishna_2021_rcc	cluster_name	Ambiguous/Dead	Unknown	Unknown	Unknown	annotation_status::coarse::Unknown	annotation_status::mid::Unknown	annotation_status::fine::Unknown	low	canonical	unknown				0	v6_original_to_harmonized_label_map	c271d7067eefff379b2a8e344b3697c4508ea6d07dbca45192e87dc0512849cd
canonical__ed9dabdaba788051a330	krishna_2021_rcc	cluster_name	B cell	B_Plasma	B_cell	Unknown	identity::coarse::B_Plasma	identity::mid::B_cell	annotation_status::fine::Unknown	high	canonical	resolved				0	v6_original_to_harmonized_label_map	c271d7067eefff379b2a8e344b3697c4508ea6d07dbca45192e87dc0512849cd
canonical__652f9c28a6bebe05caab	krishna_2021_rcc	cluster_name	CD14+ Monocyte	Myeloid	Monocyte	Unknown	identity::coarse::Myeloid	identity::mid::Monocyte	annotation_status::fine::Unknown	high	canonical	resolved				0	v6_original_to_harmonized_label_map	c271d7067eefff379b2a8e344b3697c4508ea6d07dbca45192e87dc0512849cd
canonical__b121a3f3b4890ec34bc5	krishna_2021_rcc	cluster_name	CD14+/CD16+ Monocyte	Myeloid	Monocyte	Unknown	identity::coarse::Myeloid	identity::mid::Monocyte	annotation_status::fine::Unknown	high	canonical	resolved				0	v6_original_to_harmonized_label_map	c271d7067eefff379b2a8e344b3697c4508ea6d07dbca45192e87dc0512849cd
canonical__323736251b22d3d2402c	krishna_2021_rcc	cluster_name	CD4+ Activated IEG	T_NK	CD4_T	Unknown	identity::coarse::T_NK	identity::mid::CD4_T	annotation_status::fine::Unknown	high	canonical	resolved				0	v6_original_to_harmonized_label_map	c271d7067eefff379b2a8e344b3697c4508ea6d07dbca45192e87dc0512849cd
canonical__dbffe4dca546d057a85c	krishna_2021_rcc	cluster_name	CD4+ Effector	T_NK	CD4_T	Unknown	identity::coarse::T_NK	identity::mid::CD4_T	annotation_status::fine::Unknown	high	canonical	resolved				0	v6_original_to_harmonized_label_map	c271d7067eefff379b2a8e344b3697c4508ea6d07dbca45192e87dc0512849cd
canonical__555f78a956b46a0a62e8	krishna_2021_rcc	cluster_name	CD4+ Naive	T_NK	CD4_T	Unknown	identity::coarse::T_NK	identity::mid::CD4_T	annotation_status::fine::Unknown	high	canonical	resolved				0	v6_original_to_harmonized_label_map	c271d7067eefff379b2a8e344b3697c4508ea6d07dbca45192e87dc0512849cd
canonical__87a96f7d4a6b6b5c5137	krishna_2021_rcc	cluster_name	CD4+ Proliferating	T_NK	CD4_T	Unknown	identity::coarse::T_NK	identity::mid::CD4_T	annotation_status::fine::Unknown	medium	canonical	resolved				0	v6_original_to_harmonized_label_map	c271d7067eefff379b2a8e344b3697c4508ea6d07dbca45192e87dc0512849cd
canonical__66d2b39f87f23832a0a6	krishna_2021_rcc	cluster_name	CD4+ Treg	T_NK	CD4_T	Unknown	identity::coarse::T_NK	identity::mid::CD4_T	annotation_status::fine::Unknown	medium	canonical	resolved				0	v6_original_to_harmonized_label_map	c271d7067eefff379b2a8e344b3697c4508ea6d07dbca45192e87dc0512849cd
canonical__4eeed3c186f569eb19f5	krishna_2021_rcc	cluster_name	CD45- Myofibroblast	T_NK	CD4_T	Unknown	identity::coarse::T_NK	identity::mid::CD4_T	annotation_status::fine::Unknown	medium	canonical	resolved				0	v6_original_to_harmonized_label_map	c271d7067eefff379b2a8e344b3697c4508ea6d07dbca45192e87dc0512849cd
canonical__0835e7e8a868ea4221fc	krishna_2021_rcc	cluster_name	CD45- PAX8+ renal epithelium	T_NK	CD4_T	Unknown	identity::coarse::T_NK	identity::mid::CD4_T	annotation_status::fine::Unknown	high	canonical	resolved				0	v6_original_to_harmonized_label_map	c271d7067eefff379b2a8e344b3697c4508ea6d07dbca45192e87dc0512849cd
canonical__d752bfb63181d73d6590	krishna_2021_rcc	cluster_name	CD45- Vascular Endothelium	T_NK	CD4_T	Unknown	identity::coarse::T_NK	identity::mid::CD4_T	annotation_status::fine::Unknown	medium	canonical	resolved				0	v6_original_to_harmonized_label_map	c271d7067eefff379b2a8e344b3697c4508ea6d07dbca45192e87dc0512849cd
canonical__3d1a6ccb3aa35084da30	krishna_2021_rcc	cluster_name	CD45- ccRCC CA9+	T_NK	CD4_T	Unknown	identity::coarse::T_NK	identity::mid::CD4_T	annotation_status::fine::Unknown	high	canonical	resolved				0	v6_original_to_harmonized_label_map	c271d7067eefff379b2a8e344b3697c4508ea6d07dbca45192e87dc0512849cd
canonical__944711824c88c6655f93	krishna_2021_rcc	cluster_name	CD8A+ Exhausted	T_NK	CD8_T	Unknown	identity::coarse::T_NK	identity::mid::CD8_T	annotation_status::fine::Unknown	high	canonical	resolved				0	v6_original_to_harmonized_label_map	c271d7067eefff379b2a8e344b3697c4508ea6d07dbca45192e87dc0512849cd
canonical__28b3fd3a64c009390736	krishna_2021_rcc	cluster_name	CD8A+ Exhausted IEG	T_NK	CD8_T	Unknown	identity::coarse::T_NK	identity::mid::CD8_T	annotation_status::fine::Unknown	high	canonical	resolved				0	v6_original_to_harmonized_label_map	c271d7067eefff379b2a8e344b3697c4508ea6d07dbca45192e87dc0512849cd
canonical__5ab8a7dad357c43b587a	krishna_2021_rcc	cluster_name	CD8A+ NK-like	T_NK	CD8_T	Unknown	identity::coarse::T_NK	identity::mid::CD8_T	annotation_status::fine::Unknown	medium	canonical	resolved				0	v6_original_to_harmonized_label_map	c271d7067eefff379b2a8e344b3697c4508ea6d07dbca45192e87dc0512849cd
canonical__48d63595b3e49ce2111b	krishna_2021_rcc	cluster_name	CD8A+ Proliferating	T_NK	CD8_T	Unknown	identity::coarse::T_NK	identity::mid::CD8_T	annotation_status::fine::Unknown	medium	canonical	resolved				0	v6_original_to_harmonized_label_map	c271d7067eefff379b2a8e344b3697c4508ea6d07dbca45192e87dc0512849cd
canonical__b9f6801a21e32116696b	krishna_2021_rcc	cluster_name	CD8A+ Tissue-resident	T_NK	CD8_T	Unknown	identity::coarse::T_NK	identity::mid::CD8_T	annotation_status::fine::Unknown	high	canonical	resolved				0	v6_original_to_harmonized_label_map	c271d7067eefff379b2a8e344b3697c4508ea6d07dbca45192e87dc0512849cd
canonical__c6cea7bc7e880f0fa8fd	krishna_2021_rcc	cluster_name	Conventional NK	Unknown	Unknown	Unknown	annotation_status::coarse::Unknown	annotation_status::mid::Unknown	annotation_status::fine::Unknown	low	canonical	unknown				0	v6_original_to_harmonized_label_map	c271d7067eefff379b2a8e344b3697c4508ea6d07dbca45192e87dc0512849cd
canonical__d0811d62d51e092323db	krishna_2021_rcc	cluster_name	Mast	Unknown	Unknown	Unknown	annotation_status::coarse::Unknown	annotation_status::mid::Unknown	annotation_status::fine::Unknown	low	canonical	unknown				0	v6_original_to_harmonized_label_map	c271d7067eefff379b2a8e344b3697c4508ea6d07dbca45192e87dc0512849cd
canonical__51b72539c5fdfeeba87d	krishna_2021_rcc	cluster_name	Megakaryocyte	Unknown	Unknown	Unknown	annotation_status::coarse::Unknown	annotation_status::mid::Unknown	annotation_status::fine::Unknown	low	canonical	unknown				0	v6_original_to_harmonized_label_map	c271d7067eefff379b2a8e344b3697c4508ea6d07dbca45192e87dc0512849cd
canonical__44971d5339c8a65ac878	krishna_2021_rcc	cluster_name	NK HSP+	T_NK	NK	Unknown	identity::coarse::T_NK	identity::mid::NK	annotation_status::fine::Unknown	high	canonical	resolved				0	v6_original_to_harmonized_label_map	c271d7067eefff379b2a8e344b3697c4508ea6d07dbca45192e87dc0512849cd
canonical__f4f4cf440859e4ac9316	krishna_2021_rcc	cluster_name	TAM HLAhi	Myeloid	Macrophage	Unknown	identity::coarse::Myeloid	identity::mid::Macrophage	annotation_status::fine::Unknown	high	canonical	resolved				0	v6_original_to_harmonized_label_map	c271d7067eefff379b2a8e344b3697c4508ea6d07dbca45192e87dc0512849cd
canonical__cfa50b838bf4ad4fa7c9	krishna_2021_rcc	cluster_name	TAM HLAint	Myeloid	Macrophage	Unknown	identity::coarse::Myeloid	identity::mid::Macrophage	annotation_status::fine::Unknown	high	canonical	resolved				0	v6_original_to_harmonized_label_map	c271d7067eefff379b2a8e344b3697c4508ea6d07dbca45192e87dc0512849cd
canonical__1e59c75a9a8994b331a8	krishna_2021_rcc	cluster_name	TAM ISGhi	Myeloid	Macrophage	Unknown	identity::coarse::Myeloid	identity::mid::Macrophage	annotation_status::fine::Unknown	high	canonical	resolved				0	v6_original_to_harmonized_label_map	c271d7067eefff379b2a8e344b3697c4508ea6d07dbca45192e87dc0512849cd
canonical__c5c9a3adb9022e8533df	krishna_2021_rcc	cluster_name	TAM ISGint	Myeloid	Macrophage	Unknown	identity::coarse::Myeloid	identity::mid::Macrophage	annotation_status::fine::Unknown	high	canonical	resolved				0	v6_original_to_harmonized_label_map	c271d7067eefff379b2a8e344b3697c4508ea6d07dbca45192e87dc0512849cd
canonical__4e8e3a79aad7f616b9c3	krishna_2021_rcc	cluster_name	TAM/TCR (Ambiguos)	Myeloid	Macrophage	Unknown	identity::coarse::Myeloid	identity::mid::Macrophage	annotation_status::fine::Unknown	high	canonical	resolved				0	v6_original_to_harmonized_label_map	c271d7067eefff379b2a8e344b3697c4508ea6d07dbca45192e87dc0512849cd
canonical__87514297d8f131e65709	krishna_2021_rcc	cluster_name	cDC1	DC_APC	DC	Unknown	identity::coarse::DC_APC	identity::mid::DC	annotation_status::fine::Unknown	high	canonical	resolved				0	v6_original_to_harmonized_label_map	c271d7067eefff379b2a8e344b3697c4508ea6d07dbca45192e87dc0512849cd
canonical__7815037161de61e7bda2	krishna_2021_rcc	cluster_name	cDC2	DC_APC	DC	Unknown	identity::coarse::DC_APC	identity::mid::DC	annotation_status::fine::Unknown	high	canonical	resolved				0	v6_original_to_harmonized_label_map	c271d7067eefff379b2a8e344b3697c4508ea6d07dbca45192e87dc0512849cd
canonical__298ac178289d0b29557f	krishna_2021_rcc	cluster_name	pDC	DC_APC	pDC	Unknown	identity::coarse::DC_APC	identity::mid::pDC	annotation_status::fine::Unknown	high	canonical	resolved				0	v6_original_to_harmonized_label_map	c271d7067eefff379b2a8e344b3697c4508ea6d07dbca45192e87dc0512849cd
canonical__133c39d6aeb053a4379d	lambrecht_brca_cohort1_cells	cellType	B_cell	B_Plasma	B_cell	Unknown	identity::coarse::B_Plasma	identity::mid::B_cell	annotation_status::fine::Unknown	high	canonical	resolved				0	v6_original_to_harmonized_label_map	c271d7067eefff379b2a8e344b3697c4508ea6d07dbca45192e87dc0512849cd
canonical__b14ebb03ab659f43d96b	lambrecht_brca_cohort1_cells	cellType	Cancer_cell	Tumor_like	Tumor_epithelial_like	Unknown	identity::coarse::Tumor_like	identity::mid::Tumor_epithelial_like	annotation_status::fine::Unknown	high	canonical	resolved				0	v6_original_to_harmonized_label_map	c271d7067eefff379b2a8e344b3697c4508ea6d07dbca45192e87dc0512849cd
canonical__52cf536b191e2d0b632b	lambrecht_brca_cohort1_cells	cellType	Endothelial_cell	Endothelial	Endothelial	Unknown	identity::coarse::Endothelial	identity::mid::Endothelial	annotation_status::fine::Unknown	high	canonical	resolved				0	v6_original_to_harmonized_label_map	c271d7067eefff379b2a8e344b3697c4508ea6d07dbca45192e87dc0512849cd
canonical__8ee768daf5943d6d4a71	lambrecht_brca_cohort1_cells	cellType	Fibroblast	CAF_Stromal	CAF	Unknown	identity::coarse::CAF_Stromal	identity::mid::CAF	annotation_status::fine::Unknown	high	canonical	resolved				0	v6_original_to_harmonized_label_map	c271d7067eefff379b2a8e344b3697c4508ea6d07dbca45192e87dc0512849cd
canonical__636378666c561d7fe259	lambrecht_brca_cohort1_cells	cellType	Mast_cell	Unknown	Unknown	Unknown	annotation_status::coarse::Unknown	annotation_status::mid::Unknown	annotation_status::fine::Unknown	low	canonical	unknown				0	v6_original_to_harmonized_label_map	c271d7067eefff379b2a8e344b3697c4508ea6d07dbca45192e87dc0512849cd
canonical__33c7ad0e047fd33d1158	lambrecht_brca_cohort1_cells	cellType	Myeloid_cell	Unknown	Unknown	Unknown	annotation_status::coarse::Unknown	annotation_status::mid::Unknown	annotation_status::fine::Unknown	low	canonical	unknown				0	v6_original_to_harmonized_label_map	c271d7067eefff379b2a8e344b3697c4508ea6d07dbca45192e87dc0512849cd
canonical__7861d6581a24ccb0fb2c	lambrecht_brca_cohort1_cells	cellType	T_cell	Unknown	Unknown	Unknown	annotation_status::coarse::Unknown	annotation_status::mid::Unknown	annotation_status::fine::Unknown	low	canonical	unknown				0	v6_original_to_harmonized_label_map	c271d7067eefff379b2a8e344b3697c4508ea6d07dbca45192e87dc0512849cd
canonical__29070739e074360b1ad3	lambrecht_brca_cohort1_cells	cellType	pDC	DC_APC	pDC	Unknown	identity::coarse::DC_APC	identity::mid::pDC	annotation_status::fine::Unknown	high	canonical	resolved				0	v6_original_to_harmonized_label_map	c271d7067eefff379b2a8e344b3697c4508ea6d07dbca45192e87dc0512849cd
canonical__a86a2bc5f5ea30302757	lambrecht_brca_cohort1_cells	celltype_raw	B_cell	B_Plasma	B_cell	Unknown	identity::coarse::B_Plasma	identity::mid::B_cell	annotation_status::fine::Unknown	high	canonical	resolved				0	v6_original_to_harmonized_label_map	c271d7067eefff379b2a8e344b3697c4508ea6d07dbca45192e87dc0512849cd
canonical__998c040af890c9c9d828	lambrecht_brca_cohort1_cells	celltype_raw	Cancer_cell	Tumor_like	Tumor_epithelial_like	Unknown	identity::coarse::Tumor_like	identity::mid::Tumor_epithelial_like	annotation_status::fine::Unknown	high	canonical	resolved				0	v6_original_to_harmonized_label_map	c271d7067eefff379b2a8e344b3697c4508ea6d07dbca45192e87dc0512849cd
canonical__8014f9739d27664cdfce	lambrecht_brca_cohort1_cells	celltype_raw	Endothelial_cell	Endothelial	Endothelial	Unknown	identity::coarse::Endothelial	identity::mid::Endothelial	annotation_status::fine::Unknown	high	canonical	resolved				0	v6_original_to_harmonized_label_map	c271d7067eefff379b2a8e344b3697c4508ea6d07dbca45192e87dc0512849cd
canonical__e6d359e90fc3c3fed5f3	lambrecht_brca_cohort1_cells	celltype_raw	Fibroblast	CAF_Stromal	CAF	Unknown	identity::coarse::CAF_Stromal	identity::mid::CAF	annotation_status::fine::Unknown	high	canonical	resolved				0	v6_original_to_harmonized_label_map	c271d7067eefff379b2a8e344b3697c4508ea6d07dbca45192e87dc0512849cd
canonical__7dab9108a846cde088cb	lambrecht_brca_cohort1_cells	celltype_raw	Mast_cell	Unknown	Unknown	Unknown	annotation_status::coarse::Unknown	annotation_status::mid::Unknown	annotation_status::fine::Unknown	low	canonical	unknown				0	v6_original_to_harmonized_label_map	c271d7067eefff379b2a8e344b3697c4508ea6d07dbca45192e87dc0512849cd
canonical__b999ff23b61a5b819236	lambrecht_brca_cohort1_cells	celltype_raw	Myeloid_cell	Unknown	Unknown	Unknown	annotation_status::coarse::Unknown	annotation_status::mid::Unknown	annotation_status::fine::Unknown	low	canonical	unknown				0	v6_original_to_harmonized_label_map	c271d7067eefff379b2a8e344b3697c4508ea6d07dbca45192e87dc0512849cd
canonical__2d77ad1f007f58b65341	lambrecht_brca_cohort1_cells	celltype_raw	T_cell	Unknown	Unknown	Unknown	annotation_status::coarse::Unknown	annotation_status::mid::Unknown	annotation_status::fine::Unknown	low	canonical	unknown				0	v6_original_to_harmonized_label_map	c271d7067eefff379b2a8e344b3697c4508ea6d07dbca45192e87dc0512849cd
canonical__c29fc960690634c8f35f	lambrecht_brca_cohort1_cells	celltype_raw	pDC	DC_APC	pDC	Unknown	identity::coarse::DC_APC	identity::mid::pDC	annotation_status::fine::Unknown	high	canonical	resolved				0	v6_original_to_harmonized_label_map	c271d7067eefff379b2a8e344b3697c4508ea6d07dbca45192e87dc0512849cd
canonical__ec58e0ef1060fa307242	lambrecht_brca_cohort1_dc	celltype_raw	ASDC	Unknown	Unknown	Unknown	annotation_status::coarse::Unknown	annotation_status::mid::Unknown	annotation_status::fine::Unknown	low	canonical	unknown				0	v6_original_to_harmonized_label_map	c271d7067eefff379b2a8e344b3697c4508ea6d07dbca45192e87dc0512849cd
canonical__aa42646680cab9b74910	lambrecht_brca_cohort1_dc	celltype_raw	LanghDC	Unknown	Unknown	Unknown	annotation_status::coarse::Unknown	annotation_status::mid::Unknown	annotation_status::fine::Unknown	low	canonical	unknown				0	v6_original_to_harmonized_label_map	c271d7067eefff379b2a8e344b3697c4508ea6d07dbca45192e87dc0512849cd
canonical__c8558c44dffdc361b7f7	lambrecht_brca_cohort1_dc	celltype_raw	cDC1	DC_APC	DC	Unknown	identity::coarse::DC_APC	identity::mid::DC	annotation_status::fine::Unknown	high	canonical	resolved				0	v6_original_to_harmonized_label_map	c271d7067eefff379b2a8e344b3697c4508ea6d07dbca45192e87dc0512849cd
canonical__7ce5ddf6cefca570cc42	lambrecht_brca_cohort1_dc	celltype_raw	cDC2	DC_APC	DC	Unknown	identity::coarse::DC_APC	identity::mid::DC	annotation_status::fine::Unknown	high	canonical	resolved				0	v6_original_to_harmonized_label_map	c271d7067eefff379b2a8e344b3697c4508ea6d07dbca45192e87dc0512849cd
canonical__523382ceb7c6985fd17b	lambrecht_brca_cohort1_dc	celltype_raw	mregDC_migDC	DC_APC	DC	Unknown	identity::coarse::DC_APC	identity::mid::DC	annotation_status::fine::Unknown	high	canonical	resolved				0	v6_original_to_harmonized_label_map	c271d7067eefff379b2a8e344b3697c4508ea6d07dbca45192e87dc0512849cd
canonical__b8ad95654e4f62ca4b80	lambrecht_brca_cohort1_dc	celltype_raw	pDC	DC_APC	pDC	Unknown	identity::coarse::DC_APC	identity::mid::pDC	annotation_status::fine::Unknown	high	canonical	resolved				0	v6_original_to_harmonized_label_map	c271d7067eefff379b2a8e344b3697c4508ea6d07dbca45192e87dc0512849cd
canonical__d2bcd51558ec90cc12e1	lambrecht_brca_cohort1_dc	celltype_raw	quiescent_migDC	Unknown	Unknown	Unknown	annotation_status::coarse::Unknown	annotation_status::mid::Unknown	annotation_status::fine::Unknown	low	canonical	unknown				0	v6_original_to_harmonized_label_map	c271d7067eefff379b2a8e344b3697c4508ea6d07dbca45192e87dc0512849cd
canonical__607cecc46a0ac4efa6b6	lambrecht_brca_cohort1_myeloid	celltype_raw	C10_LYVE1	Unknown	Unknown	Unknown	annotation_status::coarse::Unknown	annotation_status::mid::Unknown	annotation_status::fine::Unknown	low	canonical	unknown				0	v6_original_to_harmonized_label_map	c271d7067eefff379b2a8e344b3697c4508ea6d07dbca45192e87dc0512849cd
canonical__17383a5e2c117475648a	lambrecht_brca_cohort1_myeloid	celltype_raw	C1_CD14	Unknown	Unknown	Unknown	annotation_status::coarse::Unknown	annotation_status::mid::Unknown	annotation_status::fine::Unknown	low	canonical	unknown				0	v6_original_to_harmonized_label_map	c271d7067eefff379b2a8e344b3697c4508ea6d07dbca45192e87dc0512849cd
canonical__a0eb39a92dfa2a195a9f	lambrecht_brca_cohort1_myeloid	celltype_raw	C2_CD16	Unknown	Unknown	Unknown	annotation_status::coarse::Unknown	annotation_status::mid::Unknown	annotation_status::fine::Unknown	low	canonical	unknown				0	v6_original_to_harmonized_label_map	c271d7067eefff379b2a8e344b3697c4508ea6d07dbca45192e87dc0512849cd
canonical__16c154ef53ac51a1219b	lambrecht_brca_cohort1_myeloid	celltype_raw	C3_CCR2	Unknown	Unknown	Unknown	annotation_status::coarse::Unknown	annotation_status::mid::Unknown	annotation_status::fine::Unknown	low	canonical	unknown				0	v6_original_to_harmonized_label_map	c271d7067eefff379b2a8e344b3697c4508ea6d07dbca45192e87dc0512849cd
canonical__bf8c820672b89a39458a	lambrecht_brca_cohort1_myeloid	celltype_raw	C4_CCL2	Unknown	Unknown	Unknown	annotation_status::coarse::Unknown	annotation_status::mid::Unknown	annotation_status::fine::Unknown	low	canonical	unknown				0	v6_original_to_harmonized_label_map	c271d7067eefff379b2a8e344b3697c4508ea6d07dbca45192e87dc0512849cd
canonical__8bd864a1395c5bf49350	lambrecht_brca_cohort1_myeloid	celltype_raw	C5_CCL18	Unknown	Unknown	Unknown	annotation_status::coarse::Unknown	annotation_status::mid::Unknown	annotation_status::fine::Unknown	low	canonical	unknown				0	v6_original_to_harmonized_label_map	c271d7067eefff379b2a8e344b3697c4508ea6d07dbca45192e87dc0512849cd
canonical__b8c1547cc60f92375650	lambrecht_brca_cohort1_myeloid	celltype_raw	C6_MMP9	Unknown	Unknown	Unknown	annotation_status::coarse::Unknown	annotation_status::mid::Unknown	annotation_status::fine::Unknown	low	canonical	unknown				0	v6_original_to_harmonized_label_map	c271d7067eefff379b2a8e344b3697c4508ea6d07dbca45192e87dc0512849cd
canonical__b85a3036021df1534722	lambrecht_brca_cohort1_myeloid	celltype_raw	C7_CX3CR1	Unknown	Unknown	Unknown	annotation_status::coarse::Unknown	annotation_status::mid::Unknown	annotation_status::fine::Unknown	low	canonical	unknown				0	v6_original_to_harmonized_label_map	c271d7067eefff379b2a8e344b3697c4508ea6d07dbca45192e87dc0512849cd
canonical__9e4d1b8b9a32665f863f	lambrecht_brca_cohort1_myeloid	celltype_raw	C8_MT1G	Unknown	Unknown	Unknown	annotation_status::coarse::Unknown	annotation_status::mid::Unknown	annotation_status::fine::Unknown	low	canonical	unknown				0	v6_original_to_harmonized_label_map	c271d7067eefff379b2a8e344b3697c4508ea6d07dbca45192e87dc0512849cd
canonical__f9f0ecccec1b3703e517	lambrecht_brca_cohort1_myeloid	celltype_raw	C9_SLC2A1	Unknown	Unknown	Unknown	annotation_status::coarse::Unknown	annotation_status::mid::Unknown	annotation_status::fine::Unknown	low	canonical	unknown				0	v6_original_to_harmonized_label_map	c271d7067eefff379b2a8e344b3697c4508ea6d07dbca45192e87dc0512849cd
canonical__d6b3425d962e965ff29c	lambrecht_brca_cohort1_tcell	celltype_raw	CD4_EM	T_NK	CD4_T	Unknown	identity::coarse::T_NK	identity::mid::CD4_T	annotation_status::fine::Unknown	high	canonical	resolved				0	v6_original_to_harmonized_label_map	c271d7067eefff379b2a8e344b3697c4508ea6d07dbca45192e87dc0512849cd
canonical__2bd43501b9628a8e47f4	lambrecht_brca_cohort1_tcell	celltype_raw	CD4_EX	T_NK	CD4_T	Unknown	identity::coarse::T_NK	identity::mid::CD4_T	annotation_status::fine::Unknown	high	canonical	resolved				0	v6_original_to_harmonized_label_map	c271d7067eefff379b2a8e344b3697c4508ea6d07dbca45192e87dc0512849cd
canonical__fe24837fdae488eca361	lambrecht_brca_cohort1_tcell	celltype_raw	CD4_EX_Proliferating	T_NK	CD4_T	Unknown	identity::coarse::T_NK	identity::mid::CD4_T	annotation_status::fine::Unknown	medium	canonical	resolved				0	v6_original_to_harmonized_label_map	c271d7067eefff379b2a8e344b3697c4508ea6d07dbca45192e87dc0512849cd
canonical__022776b085ded83844cb	lambrecht_brca_cohort1_tcell	celltype_raw	CD4_N	T_NK	CD4_T	Unknown	identity::coarse::T_NK	identity::mid::CD4_T	annotation_status::fine::Unknown	high	canonical	resolved				0	v6_original_to_harmonized_label_map	c271d7067eefff379b2a8e344b3697c4508ea6d07dbca45192e87dc0512849cd
canonical__267b03c67ea6eed98b48	lambrecht_brca_cohort1_tcell	celltype_raw	CD4_REG	T_NK	CD4_T	Unknown	identity::coarse::T_NK	identity::mid::CD4_T	annotation_status::fine::Unknown	high	canonical	resolved				0	v6_original_to_harmonized_label_map	c271d7067eefff379b2a8e344b3697c4508ea6d07dbca45192e87dc0512849cd
canonical__ffb86472ab291c4ecc64	lambrecht_brca_cohort1_tcell	celltype_raw	CD4_REG_Proliferating	T_NK	CD4_T	Unknown	identity::coarse::T_NK	identity::mid::CD4_T	annotation_status::fine::Unknown	medium	canonical	resolved				0	v6_original_to_harmonized_label_map	c271d7067eefff379b2a8e344b3697c4508ea6d07dbca45192e87dc0512849cd
canonical__34e5bc8a954fea622613	lambrecht_brca_cohort1_tcell	celltype_raw	CD8_EM	T_NK	CD8_T	Unknown	identity::coarse::T_NK	identity::mid::CD8_T	annotation_status::fine::Unknown	high	canonical	resolved				0	v6_original_to_harmonized_label_map	c271d7067eefff379b2a8e344b3697c4508ea6d07dbca45192e87dc0512849cd
canonical__ba720539f4d52936692f	lambrecht_brca_cohort1_tcell	celltype_raw	CD8_EMRA	T_NK	CD8_T	Unknown	identity::coarse::T_NK	identity::mid::CD8_T	annotation_status::fine::Unknown	high	canonical	resolved				0	v6_original_to_harmonized_label_map	c271d7067eefff379b2a8e344b3697c4508ea6d07dbca45192e87dc0512849cd
canonical__bd7bc404548a60c75cdc	lambrecht_brca_cohort1_tcell	celltype_raw	CD8_EX	T_NK	CD8_T	Unknown	identity::coarse::T_NK	identity::mid::CD8_T	annotation_status::fine::Unknown	high	canonical	resolved				0	v6_original_to_harmonized_label_map	c271d7067eefff379b2a8e344b3697c4508ea6d07dbca45192e87dc0512849cd
canonical__a152b458bd4fc0399339	lambrecht_brca_cohort1_tcell	celltype_raw	CD8_EX_Proliferating	T_NK	CD8_T	Unknown	identity::coarse::T_NK	identity::mid::CD8_T	annotation_status::fine::Unknown	medium	canonical	resolved				0	v6_original_to_harmonized_label_map	c271d7067eefff379b2a8e344b3697c4508ea6d07dbca45192e87dc0512849cd
canonical__8800680dc7121e986756	lambrecht_brca_cohort1_tcell	celltype_raw	CD8_N	T_NK	CD8_T	Unknown	identity::coarse::T_NK	identity::mid::CD8_T	annotation_status::fine::Unknown	high	canonical	resolved				0	v6_original_to_harmonized_label_map	c271d7067eefff379b2a8e344b3697c4508ea6d07dbca45192e87dc0512849cd
canonical__de755ea3bf62ff5f78a0	lambrecht_brca_cohort1_tcell	celltype_raw	CD8_RM	T_NK	CD8_T	Unknown	identity::coarse::T_NK	identity::mid::CD8_T	annotation_status::fine::Unknown	high	canonical	resolved				0	v6_original_to_harmonized_label_map	c271d7067eefff379b2a8e344b3697c4508ea6d07dbca45192e87dc0512849cd
canonical__94779fa3d7d1c3f6f298	lambrecht_brca_cohort1_tcell	celltype_raw	NK_CYTO	T_NK	NK	Unknown	identity::coarse::T_NK	identity::mid::NK	annotation_status::fine::Unknown	high	canonical	resolved				0	v6_original_to_harmonized_label_map	c271d7067eefff379b2a8e344b3697c4508ea6d07dbca45192e87dc0512849cd
canonical__61e257a6eb7ef134e3e7	lambrecht_brca_cohort1_tcell	celltype_raw	NK_REST	T_NK	NK	Unknown	identity::coarse::T_NK	identity::mid::NK	annotation_status::fine::Unknown	high	canonical	resolved				0	v6_original_to_harmonized_label_map	c271d7067eefff379b2a8e344b3697c4508ea6d07dbca45192e87dc0512849cd
canonical__e625f3b46b67ec746117	lambrecht_brca_cohort1_tcell	celltype_raw	Vg9Vd2_gdT	Unknown	Unknown	Unknown	annotation_status::coarse::Unknown	annotation_status::mid::Unknown	annotation_status::fine::Unknown	low	canonical	unknown				0	v6_original_to_harmonized_label_map	c271d7067eefff379b2a8e344b3697c4508ea6d07dbca45192e87dc0512849cd
canonical__c7544667b596e041871b	lambrecht_brca_cohort1_tcell	celltype_raw	gdT	Unknown	Unknown	Unknown	annotation_status::coarse::Unknown	annotation_status::mid::Unknown	annotation_status::fine::Unknown	low	canonical	unknown				0	v6_original_to_harmonized_label_map	c271d7067eefff379b2a8e344b3697c4508ea6d07dbca45192e87dc0512849cd
canonical__a39295af5fe1dfe13ee5	lambrecht_brca_cohort2_cells	cellType	B_cell	B_Plasma	B_cell	Unknown	identity::coarse::B_Plasma	identity::mid::B_cell	annotation_status::fine::Unknown	high	canonical	resolved				0	v6_original_to_harmonized_label_map	c271d7067eefff379b2a8e344b3697c4508ea6d07dbca45192e87dc0512849cd
canonical__7a02ab524ca2b1a3f455	lambrecht_brca_cohort2_cells	cellType	Cancer_cell	Tumor_like	Tumor_epithelial_like	Unknown	identity::coarse::Tumor_like	identity::mid::Tumor_epithelial_like	annotation_status::fine::Unknown	high	canonical	resolved				0	v6_original_to_harmonized_label_map	c271d7067eefff379b2a8e344b3697c4508ea6d07dbca45192e87dc0512849cd
canonical__bb2fe437f1fb28f2f458	lambrecht_brca_cohort2_cells	cellType	Endothelial_cell	Endothelial	Endothelial	Unknown	identity::coarse::Endothelial	identity::mid::Endothelial	annotation_status::fine::Unknown	high	canonical	resolved				0	v6_original_to_harmonized_label_map	c271d7067eefff379b2a8e344b3697c4508ea6d07dbca45192e87dc0512849cd
canonical__9b56dc1d7f6dbbce2a14	lambrecht_brca_cohort2_cells	cellType	Fibroblast	CAF_Stromal	CAF	Unknown	identity::coarse::CAF_Stromal	identity::mid::CAF	annotation_status::fine::Unknown	high	canonical	resolved				0	v6_original_to_harmonized_label_map	c271d7067eefff379b2a8e344b3697c4508ea6d07dbca45192e87dc0512849cd
canonical__0ff0a4a69036b08017f9	lambrecht_brca_cohort2_cells	cellType	Mast_cell	Unknown	Unknown	Unknown	annotation_status::coarse::Unknown	annotation_status::mid::Unknown	annotation_status::fine::Unknown	low	canonical	unknown				0	v6_original_to_harmonized_label_map	c271d7067eefff379b2a8e344b3697c4508ea6d07dbca45192e87dc0512849cd
canonical__d0c39fe3f7340b96e60b	lambrecht_brca_cohort2_cells	cellType	Myeloid_cell	Unknown	Unknown	Unknown	annotation_status::coarse::Unknown	annotation_status::mid::Unknown	annotation_status::fine::Unknown	low	canonical	unknown				0	v6_original_to_harmonized_label_map	c271d7067eefff379b2a8e344b3697c4508ea6d07dbca45192e87dc0512849cd
canonical__8974bcbf16760da7180c	lambrecht_brca_cohort2_cells	cellType	T_cell	Unknown	Unknown	Unknown	annotation_status::coarse::Unknown	annotation_status::mid::Unknown	annotation_status::fine::Unknown	low	canonical	unknown				0	v6_original_to_harmonized_label_map	c271d7067eefff379b2a8e344b3697c4508ea6d07dbca45192e87dc0512849cd
canonical__1b4aa969be0ec70df632	lambrecht_brca_cohort2_cells	cellType	pDC	DC_APC	pDC	Unknown	identity::coarse::DC_APC	identity::mid::pDC	annotation_status::fine::Unknown	high	canonical	resolved				0	v6_original_to_harmonized_label_map	c271d7067eefff379b2a8e344b3697c4508ea6d07dbca45192e87dc0512849cd
canonical__299c869384958e3fcb28	lambrecht_brca_cohort2_cells	celltype_raw	B_cell	B_Plasma	B_cell	Unknown	identity::coarse::B_Plasma	identity::mid::B_cell	annotation_status::fine::Unknown	high	canonical	resolved				0	v6_original_to_harmonized_label_map	c271d7067eefff379b2a8e344b3697c4508ea6d07dbca45192e87dc0512849cd
canonical__d5115d69aab8c76c45b6	lambrecht_brca_cohort2_cells	celltype_raw	Cancer_cell	Tumor_like	Tumor_epithelial_like	Unknown	identity::coarse::Tumor_like	identity::mid::Tumor_epithelial_like	annotation_status::fine::Unknown	high	canonical	resolved				0	v6_original_to_harmonized_label_map	c271d7067eefff379b2a8e344b3697c4508ea6d07dbca45192e87dc0512849cd
canonical__8b539e09817ce2b945a3	lambrecht_brca_cohort2_cells	celltype_raw	Endothelial_cell	Endothelial	Endothelial	Unknown	identity::coarse::Endothelial	identity::mid::Endothelial	annotation_status::fine::Unknown	high	canonical	resolved				0	v6_original_to_harmonized_label_map	c271d7067eefff379b2a8e344b3697c4508ea6d07dbca45192e87dc0512849cd
canonical__29a7b3fd25592e2fabab	lambrecht_brca_cohort2_cells	celltype_raw	Fibroblast	CAF_Stromal	CAF	Unknown	identity::coarse::CAF_Stromal	identity::mid::CAF	annotation_status::fine::Unknown	high	canonical	resolved				0	v6_original_to_harmonized_label_map	c271d7067eefff379b2a8e344b3697c4508ea6d07dbca45192e87dc0512849cd
canonical__ca6da8863ed391063449	lambrecht_brca_cohort2_cells	celltype_raw	Mast_cell	Unknown	Unknown	Unknown	annotation_status::coarse::Unknown	annotation_status::mid::Unknown	annotation_status::fine::Unknown	low	canonical	unknown				0	v6_original_to_harmonized_label_map	c271d7067eefff379b2a8e344b3697c4508ea6d07dbca45192e87dc0512849cd
canonical__ec1445c4b88fb6514cd2	lambrecht_brca_cohort2_cells	celltype_raw	Myeloid_cell	Unknown	Unknown	Unknown	annotation_status::coarse::Unknown	annotation_status::mid::Unknown	annotation_status::fine::Unknown	low	canonical	unknown				0	v6_original_to_harmonized_label_map	c271d7067eefff379b2a8e344b3697c4508ea6d07dbca45192e87dc0512849cd
canonical__c2c1ea90142e6c06ccf6	lambrecht_brca_cohort2_cells	celltype_raw	T_cell	Unknown	Unknown	Unknown	annotation_status::coarse::Unknown	annotation_status::mid::Unknown	annotation_status::fine::Unknown	low	canonical	unknown				0	v6_original_to_harmonized_label_map	c271d7067eefff379b2a8e344b3697c4508ea6d07dbca45192e87dc0512849cd
canonical__39f9e3f96f5799f9009a	lambrecht_brca_cohort2_cells	celltype_raw	pDC	DC_APC	pDC	Unknown	identity::coarse::DC_APC	identity::mid::pDC	annotation_status::fine::Unknown	high	canonical	resolved				0	v6_original_to_harmonized_label_map	c271d7067eefff379b2a8e344b3697c4508ea6d07dbca45192e87dc0512849cd
canonical__54616297e3eda00be77c	lambrecht_hnscc	Annotation	B_cell	B_Plasma	B_cell	Unknown	identity::coarse::B_Plasma	identity::mid::B_cell	annotation_status::fine::Unknown	high	canonical	resolved				0	v6_original_to_harmonized_label_map	c271d7067eefff379b2a8e344b3697c4508ea6d07dbca45192e87dc0512849cd
canonical__d1784bd5b884d4bbc508	lambrecht_hnscc	Annotation	CD4_EM	T_NK	CD4_T	Unknown	identity::coarse::T_NK	identity::mid::CD4_T	annotation_status::fine::Unknown	high	canonical	resolved				0	v6_original_to_harmonized_label_map	c271d7067eefff379b2a8e344b3697c4508ea6d07dbca45192e87dc0512849cd
canonical__d923ba9512599b3b5bc7	lambrecht_hnscc	Annotation	CD4_FH	T_NK	CD4_T	Unknown	identity::coarse::T_NK	identity::mid::CD4_T	annotation_status::fine::Unknown	high	canonical	resolved				0	v6_original_to_harmonized_label_map	c271d7067eefff379b2a8e344b3697c4508ea6d07dbca45192e87dc0512849cd
canonical__7a1ec8197038be9cb915	lambrecht_hnscc	Annotation	CD4_N/CM	T_NK	CD4_T	Unknown	identity::coarse::T_NK	identity::mid::CD4_T	annotation_status::fine::Unknown	high	canonical	resolved				0	v6_original_to_harmonized_label_map	c271d7067eefff379b2a8e344b3697c4508ea6d07dbca45192e87dc0512849cd
canonical__5a622517b92b267da858	lambrecht_hnscc	Annotation	CD4_REG	T_NK	CD4_T	Unknown	identity::coarse::T_NK	identity::mid::CD4_T	annotation_status::fine::Unknown	high	canonical	resolved				0	v6_original_to_harmonized_label_map	c271d7067eefff379b2a8e344b3697c4508ea6d07dbca45192e87dc0512849cd
canonical__4bb32e72676ee92b0c6d	lambrecht_hnscc	Annotation	CD4_Th1	T_NK	CD4_T	Unknown	identity::coarse::T_NK	identity::mid::CD4_T	annotation_status::fine::Unknown	high	canonical	resolved				0	v6_original_to_harmonized_label_map	c271d7067eefff379b2a8e344b3697c4508ea6d07dbca45192e87dc0512849cd
canonical__2ad0a7053d8655d8446b	lambrecht_hnscc	Annotation	CD4_Th17	T_NK	CD4_T	Unknown	identity::coarse::T_NK	identity::mid::CD4_T	annotation_status::fine::Unknown	high	canonical	resolved				0	v6_original_to_harmonized_label_map	c271d7067eefff379b2a8e344b3697c4508ea6d07dbca45192e87dc0512849cd
canonical__680c7e9c285ffa59d4d9	lambrecht_hnscc	Annotation	CD4_cyto	T_NK	CD4_T	Unknown	identity::coarse::T_NK	identity::mid::CD4_T	annotation_status::fine::Unknown	high	canonical	resolved				0	v6_original_to_harmonized_label_map	c271d7067eefff379b2a8e344b3697c4508ea6d07dbca45192e87dc0512849cd
canonical__286568d1e29ab9f24abc	lambrecht_hnscc	Annotation	CD8_EM	T_NK	CD8_T	Unknown	identity::coarse::T_NK	identity::mid::CD8_T	annotation_status::fine::Unknown	high	canonical	resolved				0	v6_original_to_harmonized_label_map	c271d7067eefff379b2a8e344b3697c4508ea6d07dbca45192e87dc0512849cd
canonical__df7d0c82b6f0f7b51ec8	lambrecht_hnscc	Annotation	CD8_EMRA	T_NK	CD8_T	Unknown	identity::coarse::T_NK	identity::mid::CD8_T	annotation_status::fine::Unknown	high	canonical	resolved				0	v6_original_to_harmonized_label_map	c271d7067eefff379b2a8e344b3697c4508ea6d07dbca45192e87dc0512849cd
canonical__a081d1dd03f269531a2f	lambrecht_hnscc	Annotation	CD8_EX	T_NK	CD8_T	Unknown	identity::coarse::T_NK	identity::mid::CD8_T	annotation_status::fine::Unknown	high	canonical	resolved				0	v6_original_to_harmonized_label_map	c271d7067eefff379b2a8e344b3697c4508ea6d07dbca45192e87dc0512849cd
canonical__d9c77bed2de9a0450c6f	lambrecht_hnscc	Annotation	CD8_N/CM	T_NK	CD8_T	Unknown	identity::coarse::T_NK	identity::mid::CD8_T	annotation_status::fine::Unknown	high	canonical	resolved				0	v6_original_to_harmonized_label_map	c271d7067eefff379b2a8e344b3697c4508ea6d07dbca45192e87dc0512849cd
canonical__7e2af9b4d51981dc50f8	lambrecht_hnscc	Annotation	CD8_RM	T_NK	CD8_T	Unknown	identity::coarse::T_NK	identity::mid::CD8_T	annotation_status::fine::Unknown	high	canonical	resolved				0	v6_original_to_harmonized_label_map	c271d7067eefff379b2a8e344b3697c4508ea6d07dbca45192e87dc0512849cd
canonical__4143ca4227288f9020ab	lambrecht_hnscc	Annotation	DC_Langerhans	DC_APC	DC	Unknown	identity::coarse::DC_APC	identity::mid::DC	annotation_status::fine::Unknown	high	canonical	resolved				0	v6_original_to_harmonized_label_map	c271d7067eefff379b2a8e344b3697c4508ea6d07dbca45192e87dc0512849cd
canonical__f7365423d3d4e346a6bf	lambrecht_hnscc	Annotation	EC	Unknown	Unknown	Unknown	annotation_status::coarse::Unknown	annotation_status::mid::Unknown	annotation_status::fine::Unknown	low	canonical	unknown				0	v6_original_to_harmonized_label_map	c271d7067eefff379b2a8e344b3697c4508ea6d07dbca45192e87dc0512849cd
canonical__f234ad4a0c76029f43ca	lambrecht_hnscc	Annotation	Epithelial_cell	Tumor_like	Tumor_epithelial_like	Unknown	identity::coarse::Tumor_like	identity::mid::Tumor_epithelial_like	annotation_status::fine::Unknown	high	canonical	resolved				0	v6_original_to_harmonized_label_map	c271d7067eefff379b2a8e344b3697c4508ea6d07dbca45192e87dc0512849cd
canonical__e414d414158d1b514948	lambrecht_hnscc	Annotation	Fibroblast	CAF_Stromal	CAF	Unknown	identity::coarse::CAF_Stromal	identity::mid::CAF	annotation_status::fine::Unknown	high	canonical	resolved				0	v6_original_to_harmonized_label_map	c271d7067eefff379b2a8e344b3697c4508ea6d07dbca45192e87dc0512849cd
canonical__03e0226aecd6c5c916b0	lambrecht_hnscc	Annotation	MAIT	Unknown	Unknown	Unknown	annotation_status::coarse::Unknown	annotation_status::mid::Unknown	annotation_status::fine::Unknown	low	canonical	unknown				0	v6_original_to_harmonized_label_map	c271d7067eefff379b2a8e344b3697c4508ea6d07dbca45192e87dc0512849cd
canonical__b9bc6253e525a4ea1494	lambrecht_hnscc	Annotation	Mac_CCR2	Unknown	Unknown	Unknown	annotation_status::coarse::Unknown	annotation_status::mid::Unknown	annotation_status::fine::Unknown	low	canonical	unknown				0	v6_original_to_harmonized_label_map	c271d7067eefff379b2a8e344b3697c4508ea6d07dbca45192e87dc0512849cd
canonical__c144825a66e08c73f334	lambrecht_hnscc	Annotation	Mac_CXCL10	Unknown	Unknown	Unknown	annotation_status::coarse::Unknown	annotation_status::mid::Unknown	annotation_status::fine::Unknown	low	canonical	unknown				0	v6_original_to_harmonized_label_map	c271d7067eefff379b2a8e344b3697c4508ea6d07dbca45192e87dc0512849cd
canonical__31ef536bfda73c80d19e	lambrecht_hnscc	Annotation	Mac_LYVE1	Unknown	Unknown	Unknown	annotation_status::coarse::Unknown	annotation_status::mid::Unknown	annotation_status::fine::Unknown	low	canonical	unknown				0	v6_original_to_harmonized_label_map	c271d7067eefff379b2a8e344b3697c4508ea6d07dbca45192e87dc0512849cd
canonical__1373dba65b32063abe47	lambrecht_hnscc	Annotation	Mac_MT1G	Unknown	Unknown	Unknown	annotation_status::coarse::Unknown	annotation_status::mid::Unknown	annotation_status::fine::Unknown	low	canonical	unknown				0	v6_original_to_harmonized_label_map	c271d7067eefff379b2a8e344b3697c4508ea6d07dbca45192e87dc0512849cd
canonical__5ca6cf3f478137afcae8	lambrecht_hnscc	Annotation	Mac_TREM2	Unknown	Unknown	Unknown	annotation_status::coarse::Unknown	annotation_status::mid::Unknown	annotation_status::fine::Unknown	low	canonical	unknown				0	v6_original_to_harmonized_label_map	c271d7067eefff379b2a8e344b3697c4508ea6d07dbca45192e87dc0512849cd
canonical__588e946fd7d0951bcbe9	lambrecht_hnscc	Annotation	Mast_cell	Unknown	Unknown	Unknown	annotation_status::coarse::Unknown	annotation_status::mid::Unknown	annotation_status::fine::Unknown	low	canonical	unknown				0	v6_original_to_harmonized_label_map	c271d7067eefff379b2a8e344b3697c4508ea6d07dbca45192e87dc0512849cd
canonical__f96faa33d62dd518cbe5	lambrecht_hnscc	Annotation	Memory_GC_independent	Unknown	Unknown	Unknown	annotation_status::coarse::Unknown	annotation_status::mid::Unknown	annotation_status::fine::Unknown	low	canonical	unknown				0	v6_original_to_harmonized_label_map	c271d7067eefff379b2a8e344b3697c4508ea6d07dbca45192e87dc0512849cd
canonical__a18bc93857f58763d2c3	lambrecht_hnscc	Annotation	Memory_IgM_neg	Unknown	Unknown	Unknown	annotation_status::coarse::Unknown	annotation_status::mid::Unknown	annotation_status::fine::Unknown	low	canonical	unknown				0	v6_original_to_harmonized_label_map	c271d7067eefff379b2a8e344b3697c4508ea6d07dbca45192e87dc0512849cd
canonical__0a4d33226539c7986b53	lambrecht_hnscc	Annotation	Memory_IgM_pos	Unknown	Unknown	Unknown	annotation_status::coarse::Unknown	annotation_status::mid::Unknown	annotation_status::fine::Unknown	low	canonical	unknown				0	v6_original_to_harmonized_label_map	c271d7067eefff379b2a8e344b3697c4508ea6d07dbca45192e87dc0512849cd
canonical__952e35e34724cef8a963	lambrecht_hnscc	Annotation	Muscle_cell	Unknown	Unknown	Unknown	annotation_status::coarse::Unknown	annotation_status::mid::Unknown	annotation_status::fine::Unknown	low	canonical	unknown				0	v6_original_to_harmonized_label_map	c271d7067eefff379b2a8e344b3697c4508ea6d07dbca45192e87dc0512849cd
canonical__3523c5480ef5c86603fd	lambrecht_hnscc	Annotation	Myeloid_cell	Unknown	Unknown	Unknown	annotation_status::coarse::Unknown	annotation_status::mid::Unknown	annotation_status::fine::Unknown	low	canonical	unknown				0	v6_original_to_harmonized_label_map	c271d7067eefff379b2a8e344b3697c4508ea6d07dbca45192e87dc0512849cd
canonical__68f7be09f247442a51ed	lambrecht_hnscc	Annotation	NK_cyto	T_NK	NK	Unknown	identity::coarse::T_NK	identity::mid::NK	annotation_status::fine::Unknown	high	canonical	resolved				0	v6_original_to_harmonized_label_map	c271d7067eefff379b2a8e344b3697c4508ea6d07dbca45192e87dc0512849cd
canonical__3beaebb4274a62c32e70	lambrecht_hnscc	Annotation	NK_infla	T_NK	NK	Unknown	identity::coarse::T_NK	identity::mid::NK	annotation_status::fine::Unknown	high	canonical	resolved				0	v6_original_to_harmonized_label_map	c271d7067eefff379b2a8e344b3697c4508ea6d07dbca45192e87dc0512849cd
canonical__e43ed4f8b853f994e413	lambrecht_hnscc	Annotation	Naive_mature	Unknown	Unknown	Unknown	annotation_status::coarse::Unknown	annotation_status::mid::Unknown	annotation_status::fine::Unknown	low	canonical	unknown				0	v6_original_to_harmonized_label_map	c271d7067eefff379b2a8e344b3697c4508ea6d07dbca45192e87dc0512849cd
canonical__7d42ac607e35f1208f57	lambrecht_hnscc	Annotation	Neutrophil	Myeloid	Neutrophil_TAN_like	Unknown	identity::coarse::Myeloid	identity::mid::Neutrophil_TAN_like	annotation_status::fine::Unknown	high	canonical	resolved				0	v6_original_to_harmonized_label_map	c271d7067eefff379b2a8e344b3697c4508ea6d07dbca45192e87dc0512849cd
canonical__2d032a26e26b20a5ecee	lambrecht_hnscc	Annotation	Plasma_IgA_immature	B_Plasma	Plasma_cell	Unknown	identity::coarse::B_Plasma	identity::mid::Plasma_cell	annotation_status::fine::Unknown	high	canonical	resolved				0	v6_original_to_harmonized_label_map	c271d7067eefff379b2a8e344b3697c4508ea6d07dbca45192e87dc0512849cd
canonical__6e7e1cff1a6955e60cbc	lambrecht_hnscc	Annotation	Plasma_IgA_mature	B_Plasma	Plasma_cell	Unknown	identity::coarse::B_Plasma	identity::mid::Plasma_cell	annotation_status::fine::Unknown	high	canonical	resolved				0	v6_original_to_harmonized_label_map	c271d7067eefff379b2a8e344b3697c4508ea6d07dbca45192e87dc0512849cd
canonical__2c3988a09913c035ff6a	lambrecht_hnscc	Annotation	Plasma_IgG_immature	B_Plasma	Plasma_cell	Unknown	identity::coarse::B_Plasma	identity::mid::Plasma_cell	annotation_status::fine::Unknown	high	canonical	resolved				0	v6_original_to_harmonized_label_map	c271d7067eefff379b2a8e344b3697c4508ea6d07dbca45192e87dc0512849cd
canonical__96c2248ab7f1ea361ae3	lambrecht_hnscc	Annotation	Plasma_IgG_mature	B_Plasma	Plasma_cell	Unknown	identity::coarse::B_Plasma	identity::mid::Plasma_cell	annotation_status::fine::Unknown	high	canonical	resolved				0	v6_original_to_harmonized_label_map	c271d7067eefff379b2a8e344b3697c4508ea6d07dbca45192e87dc0512849cd
canonical__ad9ff78a9d76a8c40af6	lambrecht_hnscc	Annotation	Plasmablast	B_Plasma	Plasma_cell	Unknown	identity::coarse::B_Plasma	identity::mid::Plasma_cell	annotation_status::fine::Unknown	high	canonical	resolved				0	v6_original_to_harmonized_label_map	c271d7067eefff379b2a8e344b3697c4508ea6d07dbca45192e87dc0512849cd
canonical__49560102e924d6ac8d32	lambrecht_hnscc	Annotation	Plasmacytoid_DC	B_Plasma	Plasma_cell	Unknown	identity::coarse::B_Plasma	identity::mid::Plasma_cell	annotation_status::fine::Unknown	high	canonical	resolved				0	v6_original_to_harmonized_label_map	c271d7067eefff379b2a8e344b3697c4508ea6d07dbca45192e87dc0512849cd
canonical__d838d29f50288dc39577	lambrecht_hnscc	Annotation	Proliferating	Cycling	Unknown	Unknown	identity::coarse::Cycling	annotation_status::mid::Unknown	annotation_status::fine::Unknown	high	canonical	unknown				0	v6_original_to_harmonized_label_map	c271d7067eefff379b2a8e344b3697c4508ea6d07dbca45192e87dc0512849cd
canonical__d09dd91df96f883d61c4	lambrecht_hnscc	Annotation	T_cell	Unknown	Unknown	Unknown	annotation_status::coarse::Unknown	annotation_status::mid::Unknown	annotation_status::fine::Unknown	low	canonical	unknown				0	v6_original_to_harmonized_label_map	c271d7067eefff379b2a8e344b3697c4508ea6d07dbca45192e87dc0512849cd
canonical__bd04c726fb2057d76344	lambrecht_hnscc	Annotation	cDC1	DC_APC	DC	Unknown	identity::coarse::DC_APC	identity::mid::DC	annotation_status::fine::Unknown	high	canonical	resolved				0	v6_original_to_harmonized_label_map	c271d7067eefff379b2a8e344b3697c4508ea6d07dbca45192e87dc0512849cd
canonical__4e2e9ca4570768912b2b	lambrecht_hnscc	Annotation	cDC2	DC_APC	DC	Unknown	identity::coarse::DC_APC	identity::mid::DC	annotation_status::fine::Unknown	high	canonical	resolved				0	v6_original_to_harmonized_label_map	c271d7067eefff379b2a8e344b3697c4508ea6d07dbca45192e87dc0512849cd
canonical__0dbcd53681857ce64eac	lambrecht_hnscc	Annotation	cMo	Unknown	Unknown	Unknown	annotation_status::coarse::Unknown	annotation_status::mid::Unknown	annotation_status::fine::Unknown	low	canonical	unknown				0	v6_original_to_harmonized_label_map	c271d7067eefff379b2a8e344b3697c4508ea6d07dbca45192e87dc0512849cd
canonical__183240252b6bca62a650	lambrecht_hnscc	Annotation	migDC_recruitory	DC_APC	DC	Unknown	identity::coarse::DC_APC	identity::mid::DC	annotation_status::fine::Unknown	high	canonical	resolved				0	v6_original_to_harmonized_label_map	c271d7067eefff379b2a8e344b3697c4508ea6d07dbca45192e87dc0512849cd
canonical__209f31d0a2bce4cd0391	lambrecht_hnscc	Annotation	migDC_regulatory	DC_APC	DC	Unknown	identity::coarse::DC_APC	identity::mid::DC	annotation_status::fine::Unknown	high	canonical	resolved				0	v6_original_to_harmonized_label_map	c271d7067eefff379b2a8e344b3697c4508ea6d07dbca45192e87dc0512849cd
canonical__30360d1a761b86cbfd48	lambrecht_hnscc	Annotation	pDC	DC_APC	pDC	Unknown	identity::coarse::DC_APC	identity::mid::pDC	annotation_status::fine::Unknown	high	canonical	resolved				0	v6_original_to_harmonized_label_map	c271d7067eefff379b2a8e344b3697c4508ea6d07dbca45192e87dc0512849cd
canonical__d721dee4edd6d97a3dac	lambrecht_hnscc	celltype_raw	B_cell	B_Plasma	B_cell	Unknown	identity::coarse::B_Plasma	identity::mid::B_cell	annotation_status::fine::Unknown	high	canonical	resolved				0	v6_original_to_harmonized_label_map	c271d7067eefff379b2a8e344b3697c4508ea6d07dbca45192e87dc0512849cd
canonical__4ed43f62d01f43442c0b	lambrecht_hnscc	celltype_raw	CD4_EM	T_NK	CD4_T	Unknown	identity::coarse::T_NK	identity::mid::CD4_T	annotation_status::fine::Unknown	high	canonical	resolved				0	v6_original_to_harmonized_label_map	c271d7067eefff379b2a8e344b3697c4508ea6d07dbca45192e87dc0512849cd
canonical__332eb64739935a8fbaa0	lambrecht_hnscc	celltype_raw	CD4_FH	T_NK	CD4_T	Unknown	identity::coarse::T_NK	identity::mid::CD4_T	annotation_status::fine::Unknown	high	canonical	resolved				0	v6_original_to_harmonized_label_map	c271d7067eefff379b2a8e344b3697c4508ea6d07dbca45192e87dc0512849cd
canonical__849a926a8192c32b85c9	lambrecht_hnscc	celltype_raw	CD4_N/CM	T_NK	CD4_T	Unknown	identity::coarse::T_NK	identity::mid::CD4_T	annotation_status::fine::Unknown	high	canonical	resolved				0	v6_original_to_harmonized_label_map	c271d7067eefff379b2a8e344b3697c4508ea6d07dbca45192e87dc0512849cd
canonical__7c379afa62951b74778c	lambrecht_hnscc	celltype_raw	CD4_REG	T_NK	CD4_T	Unknown	identity::coarse::T_NK	identity::mid::CD4_T	annotation_status::fine::Unknown	high	canonical	resolved				0	v6_original_to_harmonized_label_map	c271d7067eefff379b2a8e344b3697c4508ea6d07dbca45192e87dc0512849cd
canonical__ad976d1b9fefb82ab02f	lambrecht_hnscc	celltype_raw	CD4_Th1	T_NK	CD4_T	Unknown	identity::coarse::T_NK	identity::mid::CD4_T	annotation_status::fine::Unknown	high	canonical	resolved				0	v6_original_to_harmonized_label_map	c271d7067eefff379b2a8e344b3697c4508ea6d07dbca45192e87dc0512849cd
canonical__f6da73485046f0ad3bb5	lambrecht_hnscc	celltype_raw	CD4_Th17	T_NK	CD4_T	Unknown	identity::coarse::T_NK	identity::mid::CD4_T	annotation_status::fine::Unknown	high	canonical	resolved				0	v6_original_to_harmonized_label_map	c271d7067eefff379b2a8e344b3697c4508ea6d07dbca45192e87dc0512849cd
canonical__b8248f83abab67d3ef51	lambrecht_hnscc	celltype_raw	CD4_cyto	T_NK	CD4_T	Unknown	identity::coarse::T_NK	identity::mid::CD4_T	annotation_status::fine::Unknown	high	canonical	resolved				0	v6_original_to_harmonized_label_map	c271d7067eefff379b2a8e344b3697c4508ea6d07dbca45192e87dc0512849cd
canonical__f9d22193f034a35bc4cf	lambrecht_hnscc	celltype_raw	CD8_EM	T_NK	CD8_T	Unknown	identity::coarse::T_NK	identity::mid::CD8_T	annotation_status::fine::Unknown	high	canonical	resolved				0	v6_original_to_harmonized_label_map	c271d7067eefff379b2a8e344b3697c4508ea6d07dbca45192e87dc0512849cd
canonical__0d47e036484ebe59e252	lambrecht_hnscc	celltype_raw	CD8_EMRA	T_NK	CD8_T	Unknown	identity::coarse::T_NK	identity::mid::CD8_T	annotation_status::fine::Unknown	high	canonical	resolved				0	v6_original_to_harmonized_label_map	c271d7067eefff379b2a8e344b3697c4508ea6d07dbca45192e87dc0512849cd
canonical__b4a3fdf5e77980fef8d0	lambrecht_hnscc	celltype_raw	CD8_EX	T_NK	CD8_T	Unknown	identity::coarse::T_NK	identity::mid::CD8_T	annotation_status::fine::Unknown	high	canonical	resolved				0	v6_original_to_harmonized_label_map	c271d7067eefff379b2a8e344b3697c4508ea6d07dbca45192e87dc0512849cd
canonical__65c420f51cc249bafb5f	lambrecht_hnscc	celltype_raw	CD8_N/CM	T_NK	CD8_T	Unknown	identity::coarse::T_NK	identity::mid::CD8_T	annotation_status::fine::Unknown	high	canonical	resolved				0	v6_original_to_harmonized_label_map	c271d7067eefff379b2a8e344b3697c4508ea6d07dbca45192e87dc0512849cd
canonical__09f7ffeda92812e93fb6	lambrecht_hnscc	celltype_raw	CD8_RM	T_NK	CD8_T	Unknown	identity::coarse::T_NK	identity::mid::CD8_T	annotation_status::fine::Unknown	high	canonical	resolved				0	v6_original_to_harmonized_label_map	c271d7067eefff379b2a8e344b3697c4508ea6d07dbca45192e87dc0512849cd
canonical__1e2a97ed41dabc2d7b69	lambrecht_hnscc	celltype_raw	DC_Langerhans	DC_APC	DC	Unknown	identity::coarse::DC_APC	identity::mid::DC	annotation_status::fine::Unknown	high	canonical	resolved				0	v6_original_to_harmonized_label_map	c271d7067eefff379b2a8e344b3697c4508ea6d07dbca45192e87dc0512849cd
canonical__a79455ba4a4e919408db	lambrecht_hnscc	celltype_raw	EC	Unknown	Unknown	Unknown	annotation_status::coarse::Unknown	annotation_status::mid::Unknown	annotation_status::fine::Unknown	low	canonical	unknown				0	v6_original_to_harmonized_label_map	c271d7067eefff379b2a8e344b3697c4508ea6d07dbca45192e87dc0512849cd
canonical__6358d1d944bd55c0dfbe	lambrecht_hnscc	celltype_raw	Epithelial_cell	Tumor_like	Tumor_epithelial_like	Unknown	identity::coarse::Tumor_like	identity::mid::Tumor_epithelial_like	annotation_status::fine::Unknown	high	canonical	resolved				0	v6_original_to_harmonized_label_map	c271d7067eefff379b2a8e344b3697c4508ea6d07dbca45192e87dc0512849cd
canonical__707067475e0182efc61d	lambrecht_hnscc	celltype_raw	Fibroblast	CAF_Stromal	CAF	Unknown	identity::coarse::CAF_Stromal	identity::mid::CAF	annotation_status::fine::Unknown	high	canonical	resolved				0	v6_original_to_harmonized_label_map	c271d7067eefff379b2a8e344b3697c4508ea6d07dbca45192e87dc0512849cd
canonical__5d4ef1fd45b512d45f0a	lambrecht_hnscc	celltype_raw	MAIT	Unknown	Unknown	Unknown	annotation_status::coarse::Unknown	annotation_status::mid::Unknown	annotation_status::fine::Unknown	low	canonical	unknown				0	v6_original_to_harmonized_label_map	c271d7067eefff379b2a8e344b3697c4508ea6d07dbca45192e87dc0512849cd
canonical__9d492dec21e5e1a077a2	lambrecht_hnscc	celltype_raw	Mac_CCR2	Unknown	Unknown	Unknown	annotation_status::coarse::Unknown	annotation_status::mid::Unknown	annotation_status::fine::Unknown	low	canonical	unknown				0	v6_original_to_harmonized_label_map	c271d7067eefff379b2a8e344b3697c4508ea6d07dbca45192e87dc0512849cd
canonical__bfc622d6c5ab24340e5b	lambrecht_hnscc	celltype_raw	Mac_CXCL10	Unknown	Unknown	Unknown	annotation_status::coarse::Unknown	annotation_status::mid::Unknown	annotation_status::fine::Unknown	low	canonical	unknown				0	v6_original_to_harmonized_label_map	c271d7067eefff379b2a8e344b3697c4508ea6d07dbca45192e87dc0512849cd
canonical__28eb56a82ad1b45e3811	lambrecht_hnscc	celltype_raw	Mac_LYVE1	Unknown	Unknown	Unknown	annotation_status::coarse::Unknown	annotation_status::mid::Unknown	annotation_status::fine::Unknown	low	canonical	unknown				0	v6_original_to_harmonized_label_map	c271d7067eefff379b2a8e344b3697c4508ea6d07dbca45192e87dc0512849cd
canonical__c84e67da575c650c300d	lambrecht_hnscc	celltype_raw	Mac_MT1G	Unknown	Unknown	Unknown	annotation_status::coarse::Unknown	annotation_status::mid::Unknown	annotation_status::fine::Unknown	low	canonical	unknown				0	v6_original_to_harmonized_label_map	c271d7067eefff379b2a8e344b3697c4508ea6d07dbca45192e87dc0512849cd
canonical__f928448bd0467b2575aa	lambrecht_hnscc	celltype_raw	Mac_TREM2	Unknown	Unknown	Unknown	annotation_status::coarse::Unknown	annotation_status::mid::Unknown	annotation_status::fine::Unknown	low	canonical	unknown				0	v6_original_to_harmonized_label_map	c271d7067eefff379b2a8e344b3697c4508ea6d07dbca45192e87dc0512849cd
canonical__7deeadcc673a48dba61a	lambrecht_hnscc	celltype_raw	Mast_cell	Unknown	Unknown	Unknown	annotation_status::coarse::Unknown	annotation_status::mid::Unknown	annotation_status::fine::Unknown	low	canonical	unknown				0	v6_original_to_harmonized_label_map	c271d7067eefff379b2a8e344b3697c4508ea6d07dbca45192e87dc0512849cd
canonical__2db11112d8ffd35a4fec	lambrecht_hnscc	celltype_raw	Memory_GC_independent	Unknown	Unknown	Unknown	annotation_status::coarse::Unknown	annotation_status::mid::Unknown	annotation_status::fine::Unknown	low	canonical	unknown				0	v6_original_to_harmonized_label_map	c271d7067eefff379b2a8e344b3697c4508ea6d07dbca45192e87dc0512849cd
canonical__82beb66e1e0c881f8064	lambrecht_hnscc	celltype_raw	Memory_IgM_neg	Unknown	Unknown	Unknown	annotation_status::coarse::Unknown	annotation_status::mid::Unknown	annotation_status::fine::Unknown	low	canonical	unknown				0	v6_original_to_harmonized_label_map	c271d7067eefff379b2a8e344b3697c4508ea6d07dbca45192e87dc0512849cd
canonical__ae18c193957c691608ae	lambrecht_hnscc	celltype_raw	Memory_IgM_pos	Unknown	Unknown	Unknown	annotation_status::coarse::Unknown	annotation_status::mid::Unknown	annotation_status::fine::Unknown	low	canonical	unknown				0	v6_original_to_harmonized_label_map	c271d7067eefff379b2a8e344b3697c4508ea6d07dbca45192e87dc0512849cd
canonical__2bfb07889d29b5988f89	lambrecht_hnscc	celltype_raw	Muscle_cell	Unknown	Unknown	Unknown	annotation_status::coarse::Unknown	annotation_status::mid::Unknown	annotation_status::fine::Unknown	low	canonical	unknown				0	v6_original_to_harmonized_label_map	c271d7067eefff379b2a8e344b3697c4508ea6d07dbca45192e87dc0512849cd
canonical__25a78e8984a612cf626a	lambrecht_hnscc	celltype_raw	Myeloid_cell	Unknown	Unknown	Unknown	annotation_status::coarse::Unknown	annotation_status::mid::Unknown	annotation_status::fine::Unknown	low	canonical	unknown				0	v6_original_to_harmonized_label_map	c271d7067eefff379b2a8e344b3697c4508ea6d07dbca45192e87dc0512849cd
canonical__fb2bb33f7ec0590106e0	lambrecht_hnscc	celltype_raw	NK_cyto	T_NK	NK	Unknown	identity::coarse::T_NK	identity::mid::NK	annotation_status::fine::Unknown	high	canonical	resolved				0	v6_original_to_harmonized_label_map	c271d7067eefff379b2a8e344b3697c4508ea6d07dbca45192e87dc0512849cd
canonical__0c68791920fefb999b20	lambrecht_hnscc	celltype_raw	NK_infla	T_NK	NK	Unknown	identity::coarse::T_NK	identity::mid::NK	annotation_status::fine::Unknown	high	canonical	resolved				0	v6_original_to_harmonized_label_map	c271d7067eefff379b2a8e344b3697c4508ea6d07dbca45192e87dc0512849cd
canonical__ccd114316d9cb399a46c	lambrecht_hnscc	celltype_raw	Naive_mature	Unknown	Unknown	Unknown	annotation_status::coarse::Unknown	annotation_status::mid::Unknown	annotation_status::fine::Unknown	low	canonical	unknown				0	v6_original_to_harmonized_label_map	c271d7067eefff379b2a8e344b3697c4508ea6d07dbca45192e87dc0512849cd
canonical__f7ea9aedb4b498c04979	lambrecht_hnscc	celltype_raw	Neutrophil	Myeloid	Neutrophil_TAN_like	Unknown	identity::coarse::Myeloid	identity::mid::Neutrophil_TAN_like	annotation_status::fine::Unknown	high	canonical	resolved				0	v6_original_to_harmonized_label_map	c271d7067eefff379b2a8e344b3697c4508ea6d07dbca45192e87dc0512849cd
canonical__defdd90876fca4867e20	lambrecht_hnscc	celltype_raw	Plasma_IgA_immature	B_Plasma	Plasma_cell	Unknown	identity::coarse::B_Plasma	identity::mid::Plasma_cell	annotation_status::fine::Unknown	high	canonical	resolved				0	v6_original_to_harmonized_label_map	c271d7067eefff379b2a8e344b3697c4508ea6d07dbca45192e87dc0512849cd
canonical__0c2ebb65c112ca6049db	lambrecht_hnscc	celltype_raw	Plasma_IgA_mature	B_Plasma	Plasma_cell	Unknown	identity::coarse::B_Plasma	identity::mid::Plasma_cell	annotation_status::fine::Unknown	high	canonical	resolved				0	v6_original_to_harmonized_label_map	c271d7067eefff379b2a8e344b3697c4508ea6d07dbca45192e87dc0512849cd
canonical__73ab74d8774a6e3522fc	lambrecht_hnscc	celltype_raw	Plasma_IgG_immature	B_Plasma	Plasma_cell	Unknown	identity::coarse::B_Plasma	identity::mid::Plasma_cell	annotation_status::fine::Unknown	high	canonical	resolved				0	v6_original_to_harmonized_label_map	c271d7067eefff379b2a8e344b3697c4508ea6d07dbca45192e87dc0512849cd
canonical__2b21828ce829d73a2cfe	lambrecht_hnscc	celltype_raw	Plasma_IgG_mature	B_Plasma	Plasma_cell	Unknown	identity::coarse::B_Plasma	identity::mid::Plasma_cell	annotation_status::fine::Unknown	high	canonical	resolved				0	v6_original_to_harmonized_label_map	c271d7067eefff379b2a8e344b3697c4508ea6d07dbca45192e87dc0512849cd
canonical__00dd45d50c714ff91514	lambrecht_hnscc	celltype_raw	Plasmablast	B_Plasma	Plasma_cell	Unknown	identity::coarse::B_Plasma	identity::mid::Plasma_cell	annotation_status::fine::Unknown	high	canonical	resolved				0	v6_original_to_harmonized_label_map	c271d7067eefff379b2a8e344b3697c4508ea6d07dbca45192e87dc0512849cd
canonical__748053711f0986958936	lambrecht_hnscc	celltype_raw	Plasmacytoid_DC	B_Plasma	Plasma_cell	Unknown	identity::coarse::B_Plasma	identity::mid::Plasma_cell	annotation_status::fine::Unknown	high	canonical	resolved				0	v6_original_to_harmonized_label_map	c271d7067eefff379b2a8e344b3697c4508ea6d07dbca45192e87dc0512849cd
canonical__4e1c12e4b3f0393997f0	lambrecht_hnscc	celltype_raw	Proliferating	Cycling	Unknown	Unknown	identity::coarse::Cycling	annotation_status::mid::Unknown	annotation_status::fine::Unknown	high	canonical	unknown				0	v6_original_to_harmonized_label_map	c271d7067eefff379b2a8e344b3697c4508ea6d07dbca45192e87dc0512849cd
canonical__44aede839b0a104e3037	lambrecht_hnscc	celltype_raw	T_cell	Unknown	Unknown	Unknown	annotation_status::coarse::Unknown	annotation_status::mid::Unknown	annotation_status::fine::Unknown	low	canonical	unknown				0	v6_original_to_harmonized_label_map	c271d7067eefff379b2a8e344b3697c4508ea6d07dbca45192e87dc0512849cd
canonical__3bcdd5c845c1a78cf542	lambrecht_hnscc	celltype_raw	cDC1	DC_APC	DC	Unknown	identity::coarse::DC_APC	identity::mid::DC	annotation_status::fine::Unknown	high	canonical	resolved				0	v6_original_to_harmonized_label_map	c271d7067eefff379b2a8e344b3697c4508ea6d07dbca45192e87dc0512849cd
canonical__83517376a5069ccb7790	lambrecht_hnscc	celltype_raw	cDC2	DC_APC	DC	Unknown	identity::coarse::DC_APC	identity::mid::DC	annotation_status::fine::Unknown	high	canonical	resolved				0	v6_original_to_harmonized_label_map	c271d7067eefff379b2a8e344b3697c4508ea6d07dbca45192e87dc0512849cd
canonical__dcd4c942c06c39c6c0f1	lambrecht_hnscc	celltype_raw	cMo	Unknown	Unknown	Unknown	annotation_status::coarse::Unknown	annotation_status::mid::Unknown	annotation_status::fine::Unknown	low	canonical	unknown				0	v6_original_to_harmonized_label_map	c271d7067eefff379b2a8e344b3697c4508ea6d07dbca45192e87dc0512849cd
canonical__d1d9f0676113c66766c9	lambrecht_hnscc	celltype_raw	migDC_recruitory	DC_APC	DC	Unknown	identity::coarse::DC_APC	identity::mid::DC	annotation_status::fine::Unknown	high	canonical	resolved				0	v6_original_to_harmonized_label_map	c271d7067eefff379b2a8e344b3697c4508ea6d07dbca45192e87dc0512849cd
canonical__7771b972a28ace21a1d9	lambrecht_hnscc	celltype_raw	migDC_regulatory	DC_APC	DC	Unknown	identity::coarse::DC_APC	identity::mid::DC	annotation_status::fine::Unknown	high	canonical	resolved				0	v6_original_to_harmonized_label_map	c271d7067eefff379b2a8e344b3697c4508ea6d07dbca45192e87dc0512849cd
canonical__a419aded6776ed174983	lambrecht_hnscc	celltype_raw	pDC	DC_APC	pDC	Unknown	identity::coarse::DC_APC	identity::mid::pDC	annotation_status::fine::Unknown	high	canonical	resolved				0	v6_original_to_harmonized_label_map	c271d7067eefff379b2a8e344b3697c4508ea6d07dbca45192e87dc0512849cd
shadow__6baf3588e5c8f10218f3	0	marker_based_coarse	0	Unknown	Unknown	Unknown	annotation_status::coarse::Unknown	annotation_status::mid::Unknown	annotation_status::fine::Unknown	candidate_only	shadow_candidate	shadow_candidate	coarse	0		5323490	marker_based_coarse_annotation.csv.gz	cbc10c1a2f4b58352d37f947cede2082696933ef2c5afdd9b874cb1a275e2961
shadow__70fbe5463c1cac3f5759	0	marker_based_coarse	1	Unknown	Unknown	Unknown	annotation_status::coarse::Unknown	annotation_status::mid::Unknown	annotation_status::fine::Unknown	candidate_only	shadow_candidate	shadow_candidate	coarse	1		707987	marker_based_coarse_annotation.csv.gz	cbc10c1a2f4b58352d37f947cede2082696933ef2c5afdd9b874cb1a275e2961
shadow__546e62586589b1dae020	1	marker_based_coarse	0	Unknown	Unknown	Unknown	annotation_status::coarse::Unknown	annotation_status::mid::Unknown	annotation_status::fine::Unknown	candidate_only	shadow_candidate	shadow_candidate	coarse	0		9169135	marker_based_coarse_annotation.csv.gz	cbc10c1a2f4b58352d37f947cede2082696933ef2c5afdd9b874cb1a275e2961
shadow__3fc844cde14864f13b93	1	marker_based_coarse	1	Unknown	Unknown	Unknown	annotation_status::coarse::Unknown	annotation_status::mid::Unknown	annotation_status::fine::Unknown	candidate_only	shadow_candidate	shadow_candidate	coarse	1		193842	marker_based_coarse_annotation.csv.gz	cbc10c1a2f4b58352d37f947cede2082696933ef2c5afdd9b874cb1a275e2961
shadow__75665c5cddb726cfa5c6	GSE115978	marker_based_fine	CAF_inflammatory_like	Unknown	Unknown	Unknown	annotation_status::coarse::Unknown	annotation_status::mid::Unknown	annotation_status::fine::Unknown	candidate_only	shadow_candidate	shadow_candidate	fine	CAF_inflammatory_like	state::fine::CAF_inflammatory_like	35	marker_based_fine_candidate_annotation.csv.gz	11fb72c7510c5613aef176329e928327e7ce3608c15e99d85c571ef3d6c77952
shadow__3cbaf517233bb12fd10f	GSE115978	marker_based_fine	CAF_myofibroblast_like	Unknown	Unknown	Unknown	annotation_status::coarse::Unknown	annotation_status::mid::Unknown	annotation_status::fine::Unknown	candidate_only	shadow_candidate	shadow_candidate	fine	CAF_myofibroblast_like	state::fine::CAF_myofibroblast_like	269	marker_based_fine_candidate_annotation.csv.gz	11fb72c7510c5613aef176329e928327e7ce3608c15e99d85c571ef3d6c77952
shadow__79e3ebb9d989d5905e7d	GSE115978	marker_based_fine	CD4_helper_like	Unknown	Unknown	Unknown	annotation_status::coarse::Unknown	annotation_status::mid::Unknown	annotation_status::fine::Unknown	candidate_only	shadow_candidate	shadow_candidate	fine	CD4_helper_like	state::fine::CD4_helper_like	129	marker_based_fine_candidate_annotation.csv.gz	11fb72c7510c5613aef176329e928327e7ce3608c15e99d85c571ef3d6c77952
shadow__2046d2f984d9e3f6f59c	GSE115978	marker_based_fine	CD8_cytotoxic_like	Unknown	Unknown	Unknown	annotation_status::coarse::Unknown	annotation_status::mid::Unknown	annotation_status::fine::Unknown	candidate_only	shadow_candidate	shadow_candidate	fine	CD8_cytotoxic_like	state::fine::CD8_cytotoxic_like	136	marker_based_fine_candidate_annotation.csv.gz	11fb72c7510c5613aef176329e928327e7ce3608c15e99d85c571ef3d6c77952
shadow__239c859d65cec4d30d11	GSE115978	marker_based_fine	CD8_exhausted_like	Unknown	Unknown	Unknown	annotation_status::coarse::Unknown	annotation_status::mid::Unknown	annotation_status::fine::Unknown	candidate_only	shadow_candidate	shadow_candidate	fine	CD8_exhausted_like	state::fine::CD8_exhausted_like	130	marker_based_fine_candidate_annotation.csv.gz	11fb72c7510c5613aef176329e928327e7ce3608c15e99d85c571ef3d6c77952
shadow__3aa440b6e90d75638068	GSE115978	marker_based_fine	CD8_progenitor_exhausted_like	Unknown	Unknown	Unknown	annotation_status::coarse::Unknown	annotation_status::mid::Unknown	annotation_status::fine::Unknown	candidate_only	shadow_candidate	shadow_candidate	fine	CD8_progenitor_exhausted_like	state::fine::CD8_progenitor_exhausted_like	10	marker_based_fine_candidate_annotation.csv.gz	11fb72c7510c5613aef176329e928327e7ce3608c15e99d85c571ef3d6c77952
shadow__d354c04ecf62e68247db	GSE115978	marker_based_fine	CD8_terminal_exhausted_like	Unknown	Unknown	Unknown	annotation_status::coarse::Unknown	annotation_status::mid::Unknown	annotation_status::fine::Unknown	candidate_only	shadow_candidate	shadow_candidate	fine	CD8_terminal_exhausted_like	state::fine::CD8_terminal_exhausted_like	135	marker_based_fine_candidate_annotation.csv.gz	11fb72c7510c5613aef176329e928327e7ce3608c15e99d85c571ef3d6c77952
shadow__1ae6c2f68e490de0e176	GSE115978	marker_based_fine	DC_migratory_like	Unknown	Unknown	Unknown	annotation_status::coarse::Unknown	annotation_status::mid::Unknown	annotation_status::fine::Unknown	candidate_only	shadow_candidate	shadow_candidate	fine	DC_migratory_like	state::fine::DC_migratory_like	27	marker_based_fine_candidate_annotation.csv.gz	11fb72c7510c5613aef176329e928327e7ce3608c15e99d85c571ef3d6c77952
shadow__f1973f949d7fcd4057cf	GSE115978	marker_based_fine	NK_cytotoxic_like	Unknown	Unknown	Unknown	annotation_status::coarse::Unknown	annotation_status::mid::Unknown	annotation_status::fine::Unknown	candidate_only	shadow_candidate	shadow_candidate	fine	NK_cytotoxic_like	state::fine::NK_cytotoxic_like	358	marker_based_fine_candidate_annotation.csv.gz	11fb72c7510c5613aef176329e928327e7ce3608c15e99d85c571ef3d6c77952
shadow__26f6845999040d9625d0	GSE115978	marker_based_fine	TLS_B_like	Unknown	Unknown	Unknown	annotation_status::coarse::Unknown	annotation_status::mid::Unknown	annotation_status::fine::Unknown	candidate_only	shadow_candidate	shadow_candidate	fine	TLS_B_like	state::fine::TLS_B_like	147	marker_based_fine_candidate_annotation.csv.gz	11fb72c7510c5613aef176329e928327e7ce3608c15e99d85c571ef3d6c77952
shadow__1c71d9a08ad28018e3de	GSE115978	marker_based_fine	TREM2_macrophage_like	Unknown	Unknown	Unknown	annotation_status::coarse::Unknown	annotation_status::mid::Unknown	annotation_status::fine::Unknown	candidate_only	shadow_candidate	shadow_candidate	fine	TREM2_macrophage_like	state::fine::TREM2_macrophage_like	42	marker_based_fine_candidate_annotation.csv.gz	11fb72c7510c5613aef176329e928327e7ce3608c15e99d85c571ef3d6c77952
shadow__7a817b0d33f0826e39d9	GSE115978	marker_based_fine	Treg_suppressive_like	Unknown	Unknown	Unknown	annotation_status::coarse::Unknown	annotation_status::mid::Unknown	annotation_status::fine::Unknown	candidate_only	shadow_candidate	shadow_candidate	fine	Treg_suppressive_like	state::fine::Treg_suppressive_like	42	marker_based_fine_candidate_annotation.csv.gz	11fb72c7510c5613aef176329e928327e7ce3608c15e99d85c571ef3d6c77952
shadow__bf71e0b17b93963f8ea1	GSE115978	marker_based_fine	Unknown	Unknown	Unknown	Unknown	annotation_status::coarse::Unknown	annotation_status::mid::Unknown	annotation_status::fine::Unknown	candidate_only	shadow_candidate	shadow_candidate	fine	Unknown	annotation_status::fine::Unknown	5117	marker_based_fine_candidate_annotation.csv.gz	11fb72c7510c5613aef176329e928327e7ce3608c15e99d85c571ef3d6c77952
shadow__5fa8af026fabe34cd908	GSE115978	marker_based_fine	angiogenic_endothelial_like	Unknown	Unknown	Unknown	annotation_status::coarse::Unknown	annotation_status::mid::Unknown	annotation_status::fine::Unknown	candidate_only	shadow_candidate	shadow_candidate	fine	angiogenic_endothelial_like	state::fine::angiogenic_endothelial_like	102	marker_based_fine_candidate_annotation.csv.gz	11fb72c7510c5613aef176329e928327e7ce3608c15e99d85c571ef3d6c77952
shadow__7304d665726ef822545d	GSE115978	marker_based_fine	neutrophil_TAN_NET_like	Unknown	Unknown	Unknown	annotation_status::coarse::Unknown	annotation_status::mid::Unknown	annotation_status::fine::Unknown	candidate_only	shadow_candidate	shadow_candidate	fine	neutrophil_TAN_NET_like	state::fine::neutrophil_TAN_NET_like	64	marker_based_fine_candidate_annotation.csv.gz	11fb72c7510c5613aef176329e928327e7ce3608c15e99d85c571ef3d6c77952
shadow__bfaa6fc66f351b6f6a21	GSE115978	marker_based_fine	plasma_Ig_like	Unknown	Unknown	Unknown	annotation_status::coarse::Unknown	annotation_status::mid::Unknown	annotation_status::fine::Unknown	candidate_only	shadow_candidate	shadow_candidate	fine	plasma_Ig_like	state::fine::plasma_Ig_like	135	marker_based_fine_candidate_annotation.csv.gz	11fb72c7510c5613aef176329e928327e7ce3608c15e99d85c571ef3d6c77952
shadow__4db96d86fe765f0c0606	GSE115978	marker_based_fine	tumor_IFN_APM_high_like	Unknown	Unknown	Unknown	annotation_status::coarse::Unknown	annotation_status::mid::Unknown	annotation_status::fine::Unknown	candidate_only	shadow_candidate	shadow_candidate	fine	tumor_IFN_APM_high_like	state::fine::tumor_IFN_APM_high_like	34	marker_based_fine_candidate_annotation.csv.gz	11fb72c7510c5613aef176329e928327e7ce3608c15e99d85c571ef3d6c77952
shadow__0fcd249cacb57b0ba77a	GSE115978	marker_based_fine	tumor_WNT_exclusion_like	Unknown	Unknown	Unknown	annotation_status::coarse::Unknown	annotation_status::mid::Unknown	annotation_status::fine::Unknown	candidate_only	shadow_candidate	shadow_candidate	fine	tumor_WNT_exclusion_like	state::fine::tumor_WNT_exclusion_like	181	marker_based_fine_candidate_annotation.csv.gz	11fb72c7510c5613aef176329e928327e7ce3608c15e99d85c571ef3d6c77952
shadow__07b1ab7edeeddb9b978e	GSE115978	marker_based_fine	tumor_cell_cycle_like	Unknown	Unknown	Unknown	annotation_status::coarse::Unknown	annotation_status::mid::Unknown	annotation_status::fine::Unknown	candidate_only	shadow_candidate	shadow_candidate	fine	tumor_cell_cycle_like	state::fine::tumor_cell_cycle_like	20	marker_based_fine_candidate_annotation.csv.gz	11fb72c7510c5613aef176329e928327e7ce3608c15e99d85c571ef3d6c77952
shadow__7647e0bdb4fe1f09ecf9	GSE115978	marker_based_fine	vascular_endothelial_like	Unknown	Unknown	Unknown	annotation_status::coarse::Unknown	annotation_status::mid::Unknown	annotation_status::fine::Unknown	candidate_only	shadow_candidate	shadow_candidate	fine	vascular_endothelial_like	state::fine::vascular_endothelial_like	73	marker_based_fine_candidate_annotation.csv.gz	11fb72c7510c5613aef176329e928327e7ce3608c15e99d85c571ef3d6c77952
shadow__f79a55ebe11ef868513a	GSE115978	marker_based_mid	APC_priming_like	Unknown	Unknown	Unknown	annotation_status::coarse::Unknown	annotation_status::mid::Unknown	annotation_status::fine::Unknown	candidate_only	shadow_candidate	shadow_candidate	mid	APC_priming_like		122	marker_based_mid_annotation.csv.gz	8a93369d569423594390d587d4001a36f820bafb165dc04654523717b089b3ae
shadow__940f1ae3178d68740a4a	GSE115978	marker_based_mid	B_cell	Unknown	Unknown	Unknown	annotation_status::coarse::Unknown	annotation_status::mid::Unknown	annotation_status::fine::Unknown	candidate_only	shadow_candidate	shadow_candidate	mid	B_cell	identity::mid::B_cell	716	marker_based_mid_annotation.csv.gz	8a93369d569423594390d587d4001a36f820bafb165dc04654523717b089b3ae
shadow__77b95de55d9692a78651	GSE115978	marker_based_mid	CAF	Unknown	Unknown	Unknown	annotation_status::coarse::Unknown	annotation_status::mid::Unknown	annotation_status::fine::Unknown	candidate_only	shadow_candidate	shadow_candidate	mid	CAF	identity::mid::CAF	416	marker_based_mid_annotation.csv.gz	8a93369d569423594390d587d4001a36f820bafb165dc04654523717b089b3ae
shadow__db6e8bfc4879d74f86b1	GSE115978	marker_based_mid	CD4_T	Unknown	Unknown	Unknown	annotation_status::coarse::Unknown	annotation_status::mid::Unknown	annotation_status::fine::Unknown	candidate_only	shadow_candidate	shadow_candidate	mid	CD4_T	identity::mid::CD4_T	268	marker_based_mid_annotation.csv.gz	8a93369d569423594390d587d4001a36f820bafb165dc04654523717b089b3ae
shadow__7b2a4b15ce9adbf02f57	GSE115978	marker_based_mid	CD8_T	Unknown	Unknown	Unknown	annotation_status::coarse::Unknown	annotation_status::mid::Unknown	annotation_status::fine::Unknown	candidate_only	shadow_candidate	shadow_candidate	mid	CD8_T	identity::mid::CD8_T	670	marker_based_mid_annotation.csv.gz	8a93369d569423594390d587d4001a36f820bafb165dc04654523717b089b3ae
shadow__c58276bbff2c347071c4	GSE115978	marker_based_mid	DC	Unknown	Unknown	Unknown	annotation_status::coarse::Unknown	annotation_status::mid::Unknown	annotation_status::fine::Unknown	candidate_only	shadow_candidate	shadow_candidate	mid	DC	identity::mid::DC	165	marker_based_mid_annotation.csv.gz	8a93369d569423594390d587d4001a36f820bafb165dc04654523717b089b3ae
shadow__a57c20c15b9525544e19	GSE115978	marker_based_mid	Endothelial	Unknown	Unknown	Unknown	annotation_status::coarse::Unknown	annotation_status::mid::Unknown	annotation_status::fine::Unknown	candidate_only	shadow_candidate	shadow_candidate	mid	Endothelial	identity::mid::Endothelial	406	marker_based_mid_annotation.csv.gz	8a93369d569423594390d587d4001a36f820bafb165dc04654523717b089b3ae
shadow__7d17b37b013794e6205e	GSE115978	marker_based_mid	Macrophage	Unknown	Unknown	Unknown	annotation_status::coarse::Unknown	annotation_status::mid::Unknown	annotation_status::fine::Unknown	candidate_only	shadow_candidate	shadow_candidate	mid	Macrophage	identity::mid::Macrophage	277	marker_based_mid_annotation.csv.gz	8a93369d569423594390d587d4001a36f820bafb165dc04654523717b089b3ae
shadow__ba4d532b893913f496ee	GSE115978	marker_based_mid	Monocyte	Unknown	Unknown	Unknown	annotation_status::coarse::Unknown	annotation_status::mid::Unknown	annotation_status::fine::Unknown	candidate_only	shadow_candidate	shadow_candidate	mid	Monocyte	identity::mid::Monocyte	68	marker_based_mid_annotation.csv.gz	8a93369d569423594390d587d4001a36f820bafb165dc04654523717b089b3ae
shadow__8242a7069fc69f113c90	GSE115978	marker_based_mid	NK	Unknown	Unknown	Unknown	annotation_status::coarse::Unknown	annotation_status::mid::Unknown	annotation_status::fine::Unknown	candidate_only	shadow_candidate	shadow_candidate	mid	NK	identity::mid::NK	417	marker_based_mid_annotation.csv.gz	8a93369d569423594390d587d4001a36f820bafb165dc04654523717b089b3ae
shadow__309ff383382dfc6a9215	GSE115978	marker_based_mid	NKT_like	Unknown	Unknown	Unknown	annotation_status::coarse::Unknown	annotation_status::mid::Unknown	annotation_status::fine::Unknown	candidate_only	shadow_candidate	shadow_candidate	mid	NKT_like	identity::mid::NKT_like	327	marker_based_mid_annotation.csv.gz	8a93369d569423594390d587d4001a36f820bafb165dc04654523717b089b3ae
shadow__49da52f8a1c662ebca3c	GSE115978	marker_based_mid	Neutrophil_TAN_like	Unknown	Unknown	Unknown	annotation_status::coarse::Unknown	annotation_status::mid::Unknown	annotation_status::fine::Unknown	candidate_only	shadow_candidate	shadow_candidate	mid	Neutrophil_TAN_like	identity::mid::Neutrophil_TAN_like	109	marker_based_mid_annotation.csv.gz	8a93369d569423594390d587d4001a36f820bafb165dc04654523717b089b3ae
shadow__e0281a51fd50122ec0b5	GSE115978	marker_based_mid	Plasma_cell	Unknown	Unknown	Unknown	annotation_status::coarse::Unknown	annotation_status::mid::Unknown	annotation_status::fine::Unknown	candidate_only	shadow_candidate	shadow_candidate	mid	Plasma_cell	identity::mid::Plasma_cell	264	marker_based_mid_annotation.csv.gz	8a93369d569423594390d587d4001a36f820bafb165dc04654523717b089b3ae
shadow__d8cdfbed82f685265b70	GSE115978	marker_based_mid	Treg	Unknown	Unknown	Unknown	annotation_status::coarse::Unknown	annotation_status::mid::Unknown	annotation_status::fine::Unknown	candidate_only	shadow_candidate	shadow_candidate	mid	Treg	identity::mid::Treg	160	marker_based_mid_annotation.csv.gz	8a93369d569423594390d587d4001a36f820bafb165dc04654523717b089b3ae
shadow__da8d066a464419bf013f	GSE115978	marker_based_mid	Tumor_epithelial_like	Unknown	Unknown	Unknown	annotation_status::coarse::Unknown	annotation_status::mid::Unknown	annotation_status::fine::Unknown	candidate_only	shadow_candidate	shadow_candidate	mid	Tumor_epithelial_like	identity::mid::Tumor_epithelial_like	1012	marker_based_mid_annotation.csv.gz	8a93369d569423594390d587d4001a36f820bafb165dc04654523717b089b3ae
shadow__550a53e32fae4a20dd7b	GSE115978	marker_based_mid	Unknown	Unknown	Unknown	Unknown	annotation_status::coarse::Unknown	annotation_status::mid::Unknown	annotation_status::fine::Unknown	candidate_only	shadow_candidate	shadow_candidate	mid	Unknown	annotation_status::mid::Unknown	1751	marker_based_mid_annotation.csv.gz	8a93369d569423594390d587d4001a36f820bafb165dc04654523717b089b3ae
shadow__db420c38b4f98e48e852	GSE115978	marker_based_mid	pDC	Unknown	Unknown	Unknown	annotation_status::coarse::Unknown	annotation_status::mid::Unknown	annotation_status::fine::Unknown	candidate_only	shadow_candidate	shadow_candidate	mid	pDC	identity::mid::pDC	38	marker_based_mid_annotation.csv.gz	8a93369d569423594390d587d4001a36f820bafb165dc04654523717b089b3ae
shadow__f720b94bdcaa4d8169ca	GSE120575	marker_based_fine	CAF_inflammatory_like	Unknown	Unknown	Unknown	annotation_status::coarse::Unknown	annotation_status::mid::Unknown	annotation_status::fine::Unknown	candidate_only	shadow_candidate	shadow_candidate	fine	CAF_inflammatory_like	state::fine::CAF_inflammatory_like	113	marker_based_fine_candidate_annotation.csv.gz	11fb72c7510c5613aef176329e928327e7ce3608c15e99d85c571ef3d6c77952
shadow__1981248e573eb1240091	GSE120575	marker_based_fine	CAF_myofibroblast_like	Unknown	Unknown	Unknown	annotation_status::coarse::Unknown	annotation_status::mid::Unknown	annotation_status::fine::Unknown	candidate_only	shadow_candidate	shadow_candidate	fine	CAF_myofibroblast_like	state::fine::CAF_myofibroblast_like	69	marker_based_fine_candidate_annotation.csv.gz	11fb72c7510c5613aef176329e928327e7ce3608c15e99d85c571ef3d6c77952
shadow__c15f4fba528bdf2f00a8	GSE120575	marker_based_fine	CD4_helper_like	Unknown	Unknown	Unknown	annotation_status::coarse::Unknown	annotation_status::mid::Unknown	annotation_status::fine::Unknown	candidate_only	shadow_candidate	shadow_candidate	fine	CD4_helper_like	state::fine::CD4_helper_like	122	marker_based_fine_candidate_annotation.csv.gz	11fb72c7510c5613aef176329e928327e7ce3608c15e99d85c571ef3d6c77952
shadow__4321126c0b29d65d425c	GSE120575	marker_based_fine	CD8_cytotoxic_like	Unknown	Unknown	Unknown	annotation_status::coarse::Unknown	annotation_status::mid::Unknown	annotation_status::fine::Unknown	candidate_only	shadow_candidate	shadow_candidate	fine	CD8_cytotoxic_like	state::fine::CD8_cytotoxic_like	145	marker_based_fine_candidate_annotation.csv.gz	11fb72c7510c5613aef176329e928327e7ce3608c15e99d85c571ef3d6c77952
shadow__0d8c7043929063254d7d	GSE120575	marker_based_fine	CD8_exhausted_like	Unknown	Unknown	Unknown	annotation_status::coarse::Unknown	annotation_status::mid::Unknown	annotation_status::fine::Unknown	candidate_only	shadow_candidate	shadow_candidate	fine	CD8_exhausted_like	state::fine::CD8_exhausted_like	244	marker_based_fine_candidate_annotation.csv.gz	11fb72c7510c5613aef176329e928327e7ce3608c15e99d85c571ef3d6c77952
shadow__b468c9b3c6ffbaf3da10	GSE120575	marker_based_fine	CD8_progenitor_exhausted_like	Unknown	Unknown	Unknown	annotation_status::coarse::Unknown	annotation_status::mid::Unknown	annotation_status::fine::Unknown	candidate_only	shadow_candidate	shadow_candidate	fine	CD8_progenitor_exhausted_like	state::fine::CD8_progenitor_exhausted_like	33	marker_based_fine_candidate_annotation.csv.gz	11fb72c7510c5613aef176329e928327e7ce3608c15e99d85c571ef3d6c77952
shadow__f8df9dfee20e88155755	GSE120575	marker_based_fine	CD8_terminal_exhausted_like	Unknown	Unknown	Unknown	annotation_status::coarse::Unknown	annotation_status::mid::Unknown	annotation_status::fine::Unknown	candidate_only	shadow_candidate	shadow_candidate	fine	CD8_terminal_exhausted_like	state::fine::CD8_terminal_exhausted_like	236	marker_based_fine_candidate_annotation.csv.gz	11fb72c7510c5613aef176329e928327e7ce3608c15e99d85c571ef3d6c77952
shadow__c4780d66fbef18771935	GSE120575	marker_based_fine	DC_migratory_like	Unknown	Unknown	Unknown	annotation_status::coarse::Unknown	annotation_status::mid::Unknown	annotation_status::fine::Unknown	candidate_only	shadow_candidate	shadow_candidate	fine	DC_migratory_like	state::fine::DC_migratory_like	44	marker_based_fine_candidate_annotation.csv.gz	11fb72c7510c5613aef176329e928327e7ce3608c15e99d85c571ef3d6c77952
shadow__5c9963ed0c29f50d5055	GSE120575	marker_based_fine	NK_cytotoxic_like	Unknown	Unknown	Unknown	annotation_status::coarse::Unknown	annotation_status::mid::Unknown	annotation_status::fine::Unknown	candidate_only	shadow_candidate	shadow_candidate	fine	NK_cytotoxic_like	state::fine::NK_cytotoxic_like	1153	marker_based_fine_candidate_annotation.csv.gz	11fb72c7510c5613aef176329e928327e7ce3608c15e99d85c571ef3d6c77952
shadow__de8411701f91a772dc56	GSE120575	marker_based_fine	TLS_B_like	Unknown	Unknown	Unknown	annotation_status::coarse::Unknown	annotation_status::mid::Unknown	annotation_status::fine::Unknown	candidate_only	shadow_candidate	shadow_candidate	fine	TLS_B_like	state::fine::TLS_B_like	308	marker_based_fine_candidate_annotation.csv.gz	11fb72c7510c5613aef176329e928327e7ce3608c15e99d85c571ef3d6c77952
shadow__0c968d7280165042912b	GSE120575	marker_based_fine	TREM2_macrophage_like	Unknown	Unknown	Unknown	annotation_status::coarse::Unknown	annotation_status::mid::Unknown	annotation_status::fine::Unknown	candidate_only	shadow_candidate	shadow_candidate	fine	TREM2_macrophage_like	state::fine::TREM2_macrophage_like	261	marker_based_fine_candidate_annotation.csv.gz	11fb72c7510c5613aef176329e928327e7ce3608c15e99d85c571ef3d6c77952
shadow__eb66b81c3299384d653e	GSE120575	marker_based_fine	Treg_suppressive_like	Unknown	Unknown	Unknown	annotation_status::coarse::Unknown	annotation_status::mid::Unknown	annotation_status::fine::Unknown	candidate_only	shadow_candidate	shadow_candidate	fine	Treg_suppressive_like	state::fine::Treg_suppressive_like	58	marker_based_fine_candidate_annotation.csv.gz	11fb72c7510c5613aef176329e928327e7ce3608c15e99d85c571ef3d6c77952
shadow__e8930e6f40cfc29d5c8f	GSE120575	marker_based_fine	Unknown	Unknown	Unknown	Unknown	annotation_status::coarse::Unknown	annotation_status::mid::Unknown	annotation_status::fine::Unknown	candidate_only	shadow_candidate	shadow_candidate	fine	Unknown	annotation_status::fine::Unknown	12838	marker_based_fine_candidate_annotation.csv.gz	11fb72c7510c5613aef176329e928327e7ce3608c15e99d85c571ef3d6c77952
shadow__08d11bd5a35d69b0dc0e	GSE120575	marker_based_fine	angiogenic_endothelial_like	Unknown	Unknown	Unknown	annotation_status::coarse::Unknown	annotation_status::mid::Unknown	annotation_status::fine::Unknown	candidate_only	shadow_candidate	shadow_candidate	fine	angiogenic_endothelial_like	state::fine::angiogenic_endothelial_like	109	marker_based_fine_candidate_annotation.csv.gz	11fb72c7510c5613aef176329e928327e7ce3608c15e99d85c571ef3d6c77952
shadow__68591472054a2c0c06cb	GSE120575	marker_based_fine	neutrophil_TAN_NET_like	Unknown	Unknown	Unknown	annotation_status::coarse::Unknown	annotation_status::mid::Unknown	annotation_status::fine::Unknown	candidate_only	shadow_candidate	shadow_candidate	fine	neutrophil_TAN_NET_like	state::fine::neutrophil_TAN_NET_like	182	marker_based_fine_candidate_annotation.csv.gz	11fb72c7510c5613aef176329e928327e7ce3608c15e99d85c571ef3d6c77952
shadow__050e905f36eaa38ec807	GSE120575	marker_based_fine	plasma_Ig_like	Unknown	Unknown	Unknown	annotation_status::coarse::Unknown	annotation_status::mid::Unknown	annotation_status::fine::Unknown	candidate_only	shadow_candidate	shadow_candidate	fine	plasma_Ig_like	state::fine::plasma_Ig_like	358	marker_based_fine_candidate_annotation.csv.gz	11fb72c7510c5613aef176329e928327e7ce3608c15e99d85c571ef3d6c77952
shadow__af47c4887a2ec510a155	GSE120575	marker_based_fine	tumor_IFN_APM_high_like	Unknown	Unknown	Unknown	annotation_status::coarse::Unknown	annotation_status::mid::Unknown	annotation_status::fine::Unknown	candidate_only	shadow_candidate	shadow_candidate	fine	tumor_IFN_APM_high_like	state::fine::tumor_IFN_APM_high_like	3	marker_based_fine_candidate_annotation.csv.gz	11fb72c7510c5613aef176329e928327e7ce3608c15e99d85c571ef3d6c77952
shadow__e3980367208fcae813d6	GSE120575	marker_based_fine	tumor_WNT_exclusion_like	Unknown	Unknown	Unknown	annotation_status::coarse::Unknown	annotation_status::mid::Unknown	annotation_status::fine::Unknown	candidate_only	shadow_candidate	shadow_candidate	fine	tumor_WNT_exclusion_like	state::fine::tumor_WNT_exclusion_like	6	marker_based_fine_candidate_annotation.csv.gz	11fb72c7510c5613aef176329e928327e7ce3608c15e99d85c571ef3d6c77952
shadow__6435208b9081b55323fd	GSE120575	marker_based_fine	tumor_cell_cycle_like	Unknown	Unknown	Unknown	annotation_status::coarse::Unknown	annotation_status::mid::Unknown	annotation_status::fine::Unknown	candidate_only	shadow_candidate	shadow_candidate	fine	tumor_cell_cycle_like	state::fine::tumor_cell_cycle_like	1	marker_based_fine_candidate_annotation.csv.gz	11fb72c7510c5613aef176329e928327e7ce3608c15e99d85c571ef3d6c77952
shadow__3529049c6e82e1dfd607	GSE120575	marker_based_fine	vascular_endothelial_like	Unknown	Unknown	Unknown	annotation_status::coarse::Unknown	annotation_status::mid::Unknown	annotation_status::fine::Unknown	candidate_only	shadow_candidate	shadow_candidate	fine	vascular_endothelial_like	state::fine::vascular_endothelial_like	8	marker_based_fine_candidate_annotation.csv.gz	11fb72c7510c5613aef176329e928327e7ce3608c15e99d85c571ef3d6c77952
shadow__4f55375a05e58f0104a8	GSE120575	marker_based_mid	APC_priming_like	Unknown	Unknown	Unknown	annotation_status::coarse::Unknown	annotation_status::mid::Unknown	annotation_status::fine::Unknown	candidate_only	shadow_candidate	shadow_candidate	mid	APC_priming_like		649	marker_based_mid_annotation.csv.gz	8a93369d569423594390d587d4001a36f820bafb165dc04654523717b089b3ae
shadow__8870fccd60a5871f9b49	GSE120575	marker_based_mid	B_cell	Unknown	Unknown	Unknown	annotation_status::coarse::Unknown	annotation_status::mid::Unknown	annotation_status::fine::Unknown	candidate_only	shadow_candidate	shadow_candidate	mid	B_cell	identity::mid::B_cell	1410	marker_based_mid_annotation.csv.gz	8a93369d569423594390d587d4001a36f820bafb165dc04654523717b089b3ae
shadow__969d9f9674d44b2b9de3	GSE120575	marker_based_mid	CAF	Unknown	Unknown	Unknown	annotation_status::coarse::Unknown	annotation_status::mid::Unknown	annotation_status::fine::Unknown	candidate_only	shadow_candidate	shadow_candidate	mid	CAF	identity::mid::CAF	1538	marker_based_mid_annotation.csv.gz	8a93369d569423594390d587d4001a36f820bafb165dc04654523717b089b3ae
shadow__b850da1fc869d61b1c7a	GSE120575	marker_based_mid	CD4_T	Unknown	Unknown	Unknown	annotation_status::coarse::Unknown	annotation_status::mid::Unknown	annotation_status::fine::Unknown	candidate_only	shadow_candidate	shadow_candidate	mid	CD4_T	identity::mid::CD4_T	294	marker_based_mid_annotation.csv.gz	8a93369d569423594390d587d4001a36f820bafb165dc04654523717b089b3ae
shadow__ee00914ff3575c212ae6	GSE120575	marker_based_mid	CD8_T	Unknown	Unknown	Unknown	annotation_status::coarse::Unknown	annotation_status::mid::Unknown	annotation_status::fine::Unknown	candidate_only	shadow_candidate	shadow_candidate	mid	CD8_T	identity::mid::CD8_T	1414	marker_based_mid_annotation.csv.gz	8a93369d569423594390d587d4001a36f820bafb165dc04654523717b089b3ae
shadow__8ca899ccd5371cae4bd8	GSE120575	marker_based_mid	DC	Unknown	Unknown	Unknown	annotation_status::coarse::Unknown	annotation_status::mid::Unknown	annotation_status::fine::Unknown	candidate_only	shadow_candidate	shadow_candidate	mid	DC	identity::mid::DC	510	marker_based_mid_annotation.csv.gz	8a93369d569423594390d587d4001a36f820bafb165dc04654523717b089b3ae
shadow__792e92ffe4b52517e591	GSE120575	marker_based_mid	Endothelial	Unknown	Unknown	Unknown	annotation_status::coarse::Unknown	annotation_status::mid::Unknown	annotation_status::fine::Unknown	candidate_only	shadow_candidate	shadow_candidate	mid	Endothelial	identity::mid::Endothelial	1011	marker_based_mid_annotation.csv.gz	8a93369d569423594390d587d4001a36f820bafb165dc04654523717b089b3ae
shadow__3e76aa4ef87776aa2b9a	GSE120575	marker_based_mid	Macrophage	Unknown	Unknown	Unknown	annotation_status::coarse::Unknown	annotation_status::mid::Unknown	annotation_status::fine::Unknown	candidate_only	shadow_candidate	shadow_candidate	mid	Macrophage	identity::mid::Macrophage	625	marker_based_mid_annotation.csv.gz	8a93369d569423594390d587d4001a36f820bafb165dc04654523717b089b3ae
shadow__43e1aab5550d6480ee5b	GSE120575	marker_based_mid	Monocyte	Unknown	Unknown	Unknown	annotation_status::coarse::Unknown	annotation_status::mid::Unknown	annotation_status::fine::Unknown	candidate_only	shadow_candidate	shadow_candidate	mid	Monocyte	identity::mid::Monocyte	181	marker_based_mid_annotation.csv.gz	8a93369d569423594390d587d4001a36f820bafb165dc04654523717b089b3ae
shadow__2d687a3f3b2fd3294db6	GSE120575	marker_based_mid	NK	Unknown	Unknown	Unknown	annotation_status::coarse::Unknown	annotation_status::mid::Unknown	annotation_status::fine::Unknown	candidate_only	shadow_candidate	shadow_candidate	mid	NK	identity::mid::NK	1277	marker_based_mid_annotation.csv.gz	8a93369d569423594390d587d4001a36f820bafb165dc04654523717b089b3ae
shadow__741449354a06d52b12e9	GSE120575	marker_based_mid	NKT_like	Unknown	Unknown	Unknown	annotation_status::coarse::Unknown	annotation_status::mid::Unknown	annotation_status::fine::Unknown	candidate_only	shadow_candidate	shadow_candidate	mid	NKT_like	identity::mid::NKT_like	797	marker_based_mid_annotation.csv.gz	8a93369d569423594390d587d4001a36f820bafb165dc04654523717b089b3ae
shadow__3c5319de3d00c897a1f5	GSE120575	marker_based_mid	Neutrophil_TAN_like	Unknown	Unknown	Unknown	annotation_status::coarse::Unknown	annotation_status::mid::Unknown	annotation_status::fine::Unknown	candidate_only	shadow_candidate	shadow_candidate	mid	Neutrophil_TAN_like	identity::mid::Neutrophil_TAN_like	325	marker_based_mid_annotation.csv.gz	8a93369d569423594390d587d4001a36f820bafb165dc04654523717b089b3ae
shadow__53e7f847c463b65d1f32	GSE120575	marker_based_mid	Plasma_cell	Unknown	Unknown	Unknown	annotation_status::coarse::Unknown	annotation_status::mid::Unknown	annotation_status::fine::Unknown	candidate_only	shadow_candidate	shadow_candidate	mid	Plasma_cell	identity::mid::Plasma_cell	919	marker_based_mid_annotation.csv.gz	8a93369d569423594390d587d4001a36f820bafb165dc04654523717b089b3ae
shadow__b6ac3db7daf234b30b21	GSE120575	marker_based_mid	Treg	Unknown	Unknown	Unknown	annotation_status::coarse::Unknown	annotation_status::mid::Unknown	annotation_status::fine::Unknown	candidate_only	shadow_candidate	shadow_candidate	mid	Treg	identity::mid::Treg	177	marker_based_mid_annotation.csv.gz	8a93369d569423594390d587d4001a36f820bafb165dc04654523717b089b3ae
shadow__be745f10fb3a48372c40	GSE120575	marker_based_mid	Tumor_epithelial_like	Unknown	Unknown	Unknown	annotation_status::coarse::Unknown	annotation_status::mid::Unknown	annotation_status::fine::Unknown	candidate_only	shadow_candidate	shadow_candidate	mid	Tumor_epithelial_like	identity::mid::Tumor_epithelial_like	927	marker_based_mid_annotation.csv.gz	8a93369d569423594390d587d4001a36f820bafb165dc04654523717b089b3ae
shadow__835bc4c5925ff63afaaf	GSE120575	marker_based_mid	Unknown	Unknown	Unknown	Unknown	annotation_status::coarse::Unknown	annotation_status::mid::Unknown	annotation_status::fine::Unknown	candidate_only	shadow_candidate	shadow_candidate	mid	Unknown	annotation_status::mid::Unknown	3997	marker_based_mid_annotation.csv.gz	8a93369d569423594390d587d4001a36f820bafb165dc04654523717b089b3ae
shadow__a4317b775d93baf43360	GSE120575	marker_based_mid	pDC	Unknown	Unknown	Unknown	annotation_status::coarse::Unknown	annotation_status::mid::Unknown	annotation_status::fine::Unknown	candidate_only	shadow_candidate	shadow_candidate	mid	pDC	identity::mid::pDC	240	marker_based_mid_annotation.csv.gz	8a93369d569423594390d587d4001a36f820bafb165dc04654523717b089b3ae
shadow__5fbfddbf029a67acac99	GSE123813_bcc	marker_based_fine	CAF_inflammatory_like	Unknown	Unknown	Unknown	annotation_status::coarse::Unknown	annotation_status::mid::Unknown	annotation_status::fine::Unknown	candidate_only	shadow_candidate	shadow_candidate	fine	CAF_inflammatory_like	state::fine::CAF_inflammatory_like	251	marker_based_fine_candidate_annotation.csv.gz	11fb72c7510c5613aef176329e928327e7ce3608c15e99d85c571ef3d6c77952
shadow__6329835c7e3f730f9a3b	GSE123813_bcc	marker_based_fine	CAF_myofibroblast_like	Unknown	Unknown	Unknown	annotation_status::coarse::Unknown	annotation_status::mid::Unknown	annotation_status::fine::Unknown	candidate_only	shadow_candidate	shadow_candidate	fine	CAF_myofibroblast_like	state::fine::CAF_myofibroblast_like	358	marker_based_fine_candidate_annotation.csv.gz	11fb72c7510c5613aef176329e928327e7ce3608c15e99d85c571ef3d6c77952
shadow__8f9a30567f3020bfb5e4	GSE123813_bcc	marker_based_fine	CD4_helper_like	Unknown	Unknown	Unknown	annotation_status::coarse::Unknown	annotation_status::mid::Unknown	annotation_status::fine::Unknown	candidate_only	shadow_candidate	shadow_candidate	fine	CD4_helper_like	state::fine::CD4_helper_like	104	marker_based_fine_candidate_annotation.csv.gz	11fb72c7510c5613aef176329e928327e7ce3608c15e99d85c571ef3d6c77952
shadow__4980ad3b346354013b19	GSE123813_bcc	marker_based_fine	CD8_cytotoxic_like	Unknown	Unknown	Unknown	annotation_status::coarse::Unknown	annotation_status::mid::Unknown	annotation_status::fine::Unknown	candidate_only	shadow_candidate	shadow_candidate	fine	CD8_cytotoxic_like	state::fine::CD8_cytotoxic_like	1438	marker_based_fine_candidate_annotation.csv.gz	11fb72c7510c5613aef176329e928327e7ce3608c15e99d85c571ef3d6c77952
shadow__d342592857331a390ced	GSE123813_bcc	marker_based_fine	CD8_exhausted_like	Unknown	Unknown	Unknown	annotation_status::coarse::Unknown	annotation_status::mid::Unknown	annotation_status::fine::Unknown	candidate_only	shadow_candidate	shadow_candidate	fine	CD8_exhausted_like	state::fine::CD8_exhausted_like	188	marker_based_fine_candidate_annotation.csv.gz	11fb72c7510c5613aef176329e928327e7ce3608c15e99d85c571ef3d6c77952
shadow__21ca076d03f6729b8066	GSE123813_bcc	marker_based_fine	CD8_progenitor_exhausted_like	Unknown	Unknown	Unknown	annotation_status::coarse::Unknown	annotation_status::mid::Unknown	annotation_status::fine::Unknown	candidate_only	shadow_candidate	shadow_candidate	fine	CD8_progenitor_exhausted_like	state::fine::CD8_progenitor_exhausted_like	33	marker_based_fine_candidate_annotation.csv.gz	11fb72c7510c5613aef176329e928327e7ce3608c15e99d85c571ef3d6c77952
shadow__9c7fe9ccc79185ad89c4	GSE123813_bcc	marker_based_fine	CD8_terminal_exhausted_like	Unknown	Unknown	Unknown	annotation_status::coarse::Unknown	annotation_status::mid::Unknown	annotation_status::fine::Unknown	candidate_only	shadow_candidate	shadow_candidate	fine	CD8_terminal_exhausted_like	state::fine::CD8_terminal_exhausted_like	579	marker_based_fine_candidate_annotation.csv.gz	11fb72c7510c5613aef176329e928327e7ce3608c15e99d85c571ef3d6c77952
shadow__ce8e5fba67250d407e0d	GSE123813_bcc	marker_based_fine	DC_migratory_like	Unknown	Unknown	Unknown	annotation_status::coarse::Unknown	annotation_status::mid::Unknown	annotation_status::fine::Unknown	candidate_only	shadow_candidate	shadow_candidate	fine	DC_migratory_like	state::fine::DC_migratory_like	543	marker_based_fine_candidate_annotation.csv.gz	11fb72c7510c5613aef176329e928327e7ce3608c15e99d85c571ef3d6c77952
shadow__9029dd7e1d7763340e22	GSE123813_bcc	marker_based_fine	NK_cytotoxic_like	Unknown	Unknown	Unknown	annotation_status::coarse::Unknown	annotation_status::mid::Unknown	annotation_status::fine::Unknown	candidate_only	shadow_candidate	shadow_candidate	fine	NK_cytotoxic_like	state::fine::NK_cytotoxic_like	1794	marker_based_fine_candidate_annotation.csv.gz	11fb72c7510c5613aef176329e928327e7ce3608c15e99d85c571ef3d6c77952
shadow__837eb69d31f48c374adf	GSE123813_bcc	marker_based_fine	TREM2_macrophage_like	Unknown	Unknown	Unknown	annotation_status::coarse::Unknown	annotation_status::mid::Unknown	annotation_status::fine::Unknown	candidate_only	shadow_candidate	shadow_candidate	fine	TREM2_macrophage_like	state::fine::TREM2_macrophage_like	12	marker_based_fine_candidate_annotation.csv.gz	11fb72c7510c5613aef176329e928327e7ce3608c15e99d85c571ef3d6c77952
shadow__8d6277058dc0c755e79f	GSE123813_bcc	marker_based_fine	Treg_suppressive_like	Unknown	Unknown	Unknown	annotation_status::coarse::Unknown	annotation_status::mid::Unknown	annotation_status::fine::Unknown	candidate_only	shadow_candidate	shadow_candidate	fine	Treg_suppressive_like	state::fine::Treg_suppressive_like	212	marker_based_fine_candidate_annotation.csv.gz	11fb72c7510c5613aef176329e928327e7ce3608c15e99d85c571ef3d6c77952
shadow__ed8ed5aefb4b83d39766	GSE123813_bcc	marker_based_fine	Unknown	Unknown	Unknown	Unknown	annotation_status::coarse::Unknown	annotation_status::mid::Unknown	annotation_status::fine::Unknown	candidate_only	shadow_candidate	shadow_candidate	fine	Unknown	annotation_status::fine::Unknown	44977	marker_based_fine_candidate_annotation.csv.gz	11fb72c7510c5613aef176329e928327e7ce3608c15e99d85c571ef3d6c77952
shadow__a6d4ad6b88c109bdd3a8	GSE123813_bcc	marker_based_fine	angiogenic_endothelial_like	Unknown	Unknown	Unknown	annotation_status::coarse::Unknown	annotation_status::mid::Unknown	annotation_status::fine::Unknown	candidate_only	shadow_candidate	shadow_candidate	fine	angiogenic_endothelial_like	state::fine::angiogenic_endothelial_like	1098	marker_based_fine_candidate_annotation.csv.gz	11fb72c7510c5613aef176329e928327e7ce3608c15e99d85c571ef3d6c77952
shadow__02c7f9c56456ea1e7d5f	GSE123813_bcc	marker_based_fine	neutrophil_TAN_NET_like	Unknown	Unknown	Unknown	annotation_status::coarse::Unknown	annotation_status::mid::Unknown	annotation_status::fine::Unknown	candidate_only	shadow_candidate	shadow_candidate	fine	neutrophil_TAN_NET_like	state::fine::neutrophil_TAN_NET_like	520	marker_based_fine_candidate_annotation.csv.gz	11fb72c7510c5613aef176329e928327e7ce3608c15e99d85c571ef3d6c77952
shadow__17a47c412a9d436611a8	GSE123813_bcc	marker_based_fine	plasma_Ig_like	Unknown	Unknown	Unknown	annotation_status::coarse::Unknown	annotation_status::mid::Unknown	annotation_status::fine::Unknown	candidate_only	shadow_candidate	shadow_candidate	fine	plasma_Ig_like	state::fine::plasma_Ig_like	208	marker_based_fine_candidate_annotation.csv.gz	11fb72c7510c5613aef176329e928327e7ce3608c15e99d85c571ef3d6c77952
shadow__ec74e1ed9c07bb1468f2	GSE123813_bcc	marker_based_fine	tumor_IFN_APM_high_like	Unknown	Unknown	Unknown	annotation_status::coarse::Unknown	annotation_status::mid::Unknown	annotation_status::fine::Unknown	candidate_only	shadow_candidate	shadow_candidate	fine	tumor_IFN_APM_high_like	state::fine::tumor_IFN_APM_high_like	55	marker_based_fine_candidate_annotation.csv.gz	11fb72c7510c5613aef176329e928327e7ce3608c15e99d85c571ef3d6c77952
shadow__750d2b7f109acf0303c6	GSE123813_bcc	marker_based_fine	tumor_WNT_exclusion_like	Unknown	Unknown	Unknown	annotation_status::coarse::Unknown	annotation_status::mid::Unknown	annotation_status::fine::Unknown	candidate_only	shadow_candidate	shadow_candidate	fine	tumor_WNT_exclusion_like	state::fine::tumor_WNT_exclusion_like	402	marker_based_fine_candidate_annotation.csv.gz	11fb72c7510c5613aef176329e928327e7ce3608c15e99d85c571ef3d6c77952
shadow__0b51308987c91d30771b	GSE123813_bcc	marker_based_fine	tumor_cell_cycle_like	Unknown	Unknown	Unknown	annotation_status::coarse::Unknown	annotation_status::mid::Unknown	annotation_status::fine::Unknown	candidate_only	shadow_candidate	shadow_candidate	fine	tumor_cell_cycle_like	state::fine::tumor_cell_cycle_like	62	marker_based_fine_candidate_annotation.csv.gz	11fb72c7510c5613aef176329e928327e7ce3608c15e99d85c571ef3d6c77952
shadow__eb438e522d1be61746a0	GSE123813_bcc	marker_based_fine	vascular_endothelial_like	Unknown	Unknown	Unknown	annotation_status::coarse::Unknown	annotation_status::mid::Unknown	annotation_status::fine::Unknown	candidate_only	shadow_candidate	shadow_candidate	fine	vascular_endothelial_like	state::fine::vascular_endothelial_like	196	marker_based_fine_candidate_annotation.csv.gz	11fb72c7510c5613aef176329e928327e7ce3608c15e99d85c571ef3d6c77952
shadow__01f987c71c07058d6175	GSE123813_bcc	marker_based_mid	APC_priming_like	Unknown	Unknown	Unknown	annotation_status::coarse::Unknown	annotation_status::mid::Unknown	annotation_status::fine::Unknown	candidate_only	shadow_candidate	shadow_candidate	mid	APC_priming_like		1849	marker_based_mid_annotation.csv.gz	8a93369d569423594390d587d4001a36f820bafb165dc04654523717b089b3ae
shadow__5baac45774dfa06bf4a1	GSE123813_bcc	marker_based_mid	B_cell	Unknown	Unknown	Unknown	annotation_status::coarse::Unknown	annotation_status::mid::Unknown	annotation_status::fine::Unknown	candidate_only	shadow_candidate	shadow_candidate	mid	B_cell	identity::mid::B_cell	1736	marker_based_mid_annotation.csv.gz	8a93369d569423594390d587d4001a36f820bafb165dc04654523717b089b3ae
shadow__1c4ab21fcc28b50020a5	GSE123813_bcc	marker_based_mid	CAF	Unknown	Unknown	Unknown	annotation_status::coarse::Unknown	annotation_status::mid::Unknown	annotation_status::fine::Unknown	candidate_only	shadow_candidate	shadow_candidate	mid	CAF	identity::mid::CAF	1177	marker_based_mid_annotation.csv.gz	8a93369d569423594390d587d4001a36f820bafb165dc04654523717b089b3ae
shadow__fe8f8b06f2650433e257	GSE123813_bcc	marker_based_mid	CD4_T	Unknown	Unknown	Unknown	annotation_status::coarse::Unknown	annotation_status::mid::Unknown	annotation_status::fine::Unknown	candidate_only	shadow_candidate	shadow_candidate	mid	CD4_T	identity::mid::CD4_T	555	marker_based_mid_annotation.csv.gz	8a93369d569423594390d587d4001a36f820bafb165dc04654523717b089b3ae
shadow__bcdf2bec5cfde9ec81f7	GSE123813_bcc	marker_based_mid	CD8_T	Unknown	Unknown	Unknown	annotation_status::coarse::Unknown	annotation_status::mid::Unknown	annotation_status::fine::Unknown	candidate_only	shadow_candidate	shadow_candidate	mid	CD8_T	identity::mid::CD8_T	5574	marker_based_mid_annotation.csv.gz	8a93369d569423594390d587d4001a36f820bafb165dc04654523717b089b3ae
shadow__144fb589037880b44dcb	GSE123813_bcc	marker_based_mid	DC	Unknown	Unknown	Unknown	annotation_status::coarse::Unknown	annotation_status::mid::Unknown	annotation_status::fine::Unknown	candidate_only	shadow_candidate	shadow_candidate	mid	DC	identity::mid::DC	2325	marker_based_mid_annotation.csv.gz	8a93369d569423594390d587d4001a36f820bafb165dc04654523717b089b3ae
shadow__3e60f760b11af4197af4	GSE123813_bcc	marker_based_mid	Endothelial	Unknown	Unknown	Unknown	annotation_status::coarse::Unknown	annotation_status::mid::Unknown	annotation_status::fine::Unknown	candidate_only	shadow_candidate	shadow_candidate	mid	Endothelial	identity::mid::Endothelial	2112	marker_based_mid_annotation.csv.gz	8a93369d569423594390d587d4001a36f820bafb165dc04654523717b089b3ae
shadow__61b993d22fa38fa8cf26	GSE123813_bcc	marker_based_mid	Macrophage	Unknown	Unknown	Unknown	annotation_status::coarse::Unknown	annotation_status::mid::Unknown	annotation_status::fine::Unknown	candidate_only	shadow_candidate	shadow_candidate	mid	Macrophage	identity::mid::Macrophage	64	marker_based_mid_annotation.csv.gz	8a93369d569423594390d587d4001a36f820bafb165dc04654523717b089b3ae
shadow__294ffcfd7a7bc5d7b9d1	GSE123813_bcc	marker_based_mid	Monocyte	Unknown	Unknown	Unknown	annotation_status::coarse::Unknown	annotation_status::mid::Unknown	annotation_status::fine::Unknown	candidate_only	shadow_candidate	shadow_candidate	mid	Monocyte	identity::mid::Monocyte	612	marker_based_mid_annotation.csv.gz	8a93369d569423594390d587d4001a36f820bafb165dc04654523717b089b3ae
shadow__4b44c5a5b6b602c1157c	GSE123813_bcc	marker_based_mid	NK	Unknown	Unknown	Unknown	annotation_status::coarse::Unknown	annotation_status::mid::Unknown	annotation_status::fine::Unknown	candidate_only	shadow_candidate	shadow_candidate	mid	NK	identity::mid::NK	1954	marker_based_mid_annotation.csv.gz	8a93369d569423594390d587d4001a36f820bafb165dc04654523717b089b3ae
shadow__c22e3b3d4d24e31de8fc	GSE123813_bcc	marker_based_mid	NKT_like	Unknown	Unknown	Unknown	annotation_status::coarse::Unknown	annotation_status::mid::Unknown	annotation_status::fine::Unknown	candidate_only	shadow_candidate	shadow_candidate	mid	NKT_like	identity::mid::NKT_like	2277	marker_based_mid_annotation.csv.gz	8a93369d569423594390d587d4001a36f820bafb165dc04654523717b089b3ae
shadow__2808929659b245a5cd56	GSE123813_bcc	marker_based_mid	Neutrophil_TAN_like	Unknown	Unknown	Unknown	annotation_status::coarse::Unknown	annotation_status::mid::Unknown	annotation_status::fine::Unknown	candidate_only	shadow_candidate	shadow_candidate	mid	Neutrophil_TAN_like	identity::mid::Neutrophil_TAN_like	520	marker_based_mid_annotation.csv.gz	8a93369d569423594390d587d4001a36f820bafb165dc04654523717b089b3ae
shadow__4548800f357f79d3bf87	GSE123813_bcc	marker_based_mid	Plasma_cell	Unknown	Unknown	Unknown	annotation_status::coarse::Unknown	annotation_status::mid::Unknown	annotation_status::fine::Unknown	candidate_only	shadow_candidate	shadow_candidate	mid	Plasma_cell	identity::mid::Plasma_cell	1032	marker_based_mid_annotation.csv.gz	8a93369d569423594390d587d4001a36f820bafb165dc04654523717b089b3ae
shadow__9a9223a8d8e3230afdaa	GSE123813_bcc	marker_based_mid	Treg	Unknown	Unknown	Unknown	annotation_status::coarse::Unknown	annotation_status::mid::Unknown	annotation_status::fine::Unknown	candidate_only	shadow_candidate	shadow_candidate	mid	Treg	identity::mid::Treg	1280	marker_based_mid_annotation.csv.gz	8a93369d569423594390d587d4001a36f820bafb165dc04654523717b089b3ae
shadow__a9c28ad2cac662000950	GSE123813_bcc	marker_based_mid	Tumor_epithelial_like	Unknown	Unknown	Unknown	annotation_status::coarse::Unknown	annotation_status::mid::Unknown	annotation_status::fine::Unknown	candidate_only	shadow_candidate	shadow_candidate	mid	Tumor_epithelial_like	identity::mid::Tumor_epithelial_like	2341	marker_based_mid_annotation.csv.gz	8a93369d569423594390d587d4001a36f820bafb165dc04654523717b089b3ae
shadow__1a05233f11f2c105d742	GSE123813_bcc	marker_based_mid	Unknown	Unknown	Unknown	Unknown	annotation_status::coarse::Unknown	annotation_status::mid::Unknown	annotation_status::fine::Unknown	candidate_only	shadow_candidate	shadow_candidate	mid	Unknown	annotation_status::mid::Unknown	26966	marker_based_mid_annotation.csv.gz	8a93369d569423594390d587d4001a36f820bafb165dc04654523717b089b3ae
shadow__d20facf63931fd419e36	GSE123813_bcc	marker_based_mid	pDC	Unknown	Unknown	Unknown	annotation_status::coarse::Unknown	annotation_status::mid::Unknown	annotation_status::fine::Unknown	candidate_only	shadow_candidate	shadow_candidate	mid	pDC	identity::mid::pDC	656	marker_based_mid_annotation.csv.gz	8a93369d569423594390d587d4001a36f820bafb165dc04654523717b089b3ae
shadow__74c45a771ca5c28d41f5	GSE123813_scc	marker_based_fine	CAF_inflammatory_like	Unknown	Unknown	Unknown	annotation_status::coarse::Unknown	annotation_status::mid::Unknown	annotation_status::fine::Unknown	candidate_only	shadow_candidate	shadow_candidate	fine	CAF_inflammatory_like	state::fine::CAF_inflammatory_like	225	marker_based_fine_candidate_annotation.csv.gz	11fb72c7510c5613aef176329e928327e7ce3608c15e99d85c571ef3d6c77952
shadow__92a5105f32a0b4cb99f6	GSE123813_scc	marker_based_fine	CAF_myofibroblast_like	Unknown	Unknown	Unknown	annotation_status::coarse::Unknown	annotation_status::mid::Unknown	annotation_status::fine::Unknown	candidate_only	shadow_candidate	shadow_candidate	fine	CAF_myofibroblast_like	state::fine::CAF_myofibroblast_like	32	marker_based_fine_candidate_annotation.csv.gz	11fb72c7510c5613aef176329e928327e7ce3608c15e99d85c571ef3d6c77952
shadow__65c2c39a4b1b94e1beb8	GSE123813_scc	marker_based_fine	CD4_helper_like	Unknown	Unknown	Unknown	annotation_status::coarse::Unknown	annotation_status::mid::Unknown	annotation_status::fine::Unknown	candidate_only	shadow_candidate	shadow_candidate	fine	CD4_helper_like	state::fine::CD4_helper_like	15	marker_based_fine_candidate_annotation.csv.gz	11fb72c7510c5613aef176329e928327e7ce3608c15e99d85c571ef3d6c77952
shadow__c4f252766e6a71c64ca8	GSE123813_scc	marker_based_fine	CD8_cytotoxic_like	Unknown	Unknown	Unknown	annotation_status::coarse::Unknown	annotation_status::mid::Unknown	annotation_status::fine::Unknown	candidate_only	shadow_candidate	shadow_candidate	fine	CD8_cytotoxic_like	state::fine::CD8_cytotoxic_like	341	marker_based_fine_candidate_annotation.csv.gz	11fb72c7510c5613aef176329e928327e7ce3608c15e99d85c571ef3d6c77952
shadow__73c8587d066d8de4bfeb	GSE123813_scc	marker_based_fine	CD8_exhausted_like	Unknown	Unknown	Unknown	annotation_status::coarse::Unknown	annotation_status::mid::Unknown	annotation_status::fine::Unknown	candidate_only	shadow_candidate	shadow_candidate	fine	CD8_exhausted_like	state::fine::CD8_exhausted_like	21	marker_based_fine_candidate_annotation.csv.gz	11fb72c7510c5613aef176329e928327e7ce3608c15e99d85c571ef3d6c77952
shadow__5e4c53ff1b196e02ceb2	GSE123813_scc	marker_based_fine	CD8_progenitor_exhausted_like	Unknown	Unknown	Unknown	annotation_status::coarse::Unknown	annotation_status::mid::Unknown	annotation_status::fine::Unknown	candidate_only	shadow_candidate	shadow_candidate	fine	CD8_progenitor_exhausted_like	state::fine::CD8_progenitor_exhausted_like	9	marker_based_fine_candidate_annotation.csv.gz	11fb72c7510c5613aef176329e928327e7ce3608c15e99d85c571ef3d6c77952
shadow__1bc33feb1f110a3a6b59	GSE123813_scc	marker_based_fine	CD8_terminal_exhausted_like	Unknown	Unknown	Unknown	annotation_status::coarse::Unknown	annotation_status::mid::Unknown	annotation_status::fine::Unknown	candidate_only	shadow_candidate	shadow_candidate	fine	CD8_terminal_exhausted_like	state::fine::CD8_terminal_exhausted_like	39	marker_based_fine_candidate_annotation.csv.gz	11fb72c7510c5613aef176329e928327e7ce3608c15e99d85c571ef3d6c77952
shadow__8b588ac2a5ad7fec8975	GSE123813_scc	marker_based_fine	DC_migratory_like	Unknown	Unknown	Unknown	annotation_status::coarse::Unknown	annotation_status::mid::Unknown	annotation_status::fine::Unknown	candidate_only	shadow_candidate	shadow_candidate	fine	DC_migratory_like	state::fine::DC_migratory_like	121	marker_based_fine_candidate_annotation.csv.gz	11fb72c7510c5613aef176329e928327e7ce3608c15e99d85c571ef3d6c77952
shadow__190d4e3ec39bc84ca6c6	GSE123813_scc	marker_based_fine	NK_cytotoxic_like	Unknown	Unknown	Unknown	annotation_status::coarse::Unknown	annotation_status::mid::Unknown	annotation_status::fine::Unknown	candidate_only	shadow_candidate	shadow_candidate	fine	NK_cytotoxic_like	state::fine::NK_cytotoxic_like	777	marker_based_fine_candidate_annotation.csv.gz	11fb72c7510c5613aef176329e928327e7ce3608c15e99d85c571ef3d6c77952
shadow__3c5baf1b39c4a6c3e4d5	GSE123813_scc	marker_based_fine	TLS_B_like	Unknown	Unknown	Unknown	annotation_status::coarse::Unknown	annotation_status::mid::Unknown	annotation_status::fine::Unknown	candidate_only	shadow_candidate	shadow_candidate	fine	TLS_B_like	state::fine::TLS_B_like	46	marker_based_fine_candidate_annotation.csv.gz	11fb72c7510c5613aef176329e928327e7ce3608c15e99d85c571ef3d6c77952
shadow__27b1cd358f5222e05027	GSE123813_scc	marker_based_fine	TREM2_macrophage_like	Unknown	Unknown	Unknown	annotation_status::coarse::Unknown	annotation_status::mid::Unknown	annotation_status::fine::Unknown	candidate_only	shadow_candidate	shadow_candidate	fine	TREM2_macrophage_like	state::fine::TREM2_macrophage_like	1	marker_based_fine_candidate_annotation.csv.gz	11fb72c7510c5613aef176329e928327e7ce3608c15e99d85c571ef3d6c77952
shadow__f4d6a0ddab48821f1f0d	GSE123813_scc	marker_based_fine	Treg_suppressive_like	Unknown	Unknown	Unknown	annotation_status::coarse::Unknown	annotation_status::mid::Unknown	annotation_status::fine::Unknown	candidate_only	shadow_candidate	shadow_candidate	fine	Treg_suppressive_like	state::fine::Treg_suppressive_like	22	marker_based_fine_candidate_annotation.csv.gz	11fb72c7510c5613aef176329e928327e7ce3608c15e99d85c571ef3d6c77952
shadow__910628ede88618fde424	GSE123813_scc	marker_based_fine	Unknown	Unknown	Unknown	Unknown	annotation_status::coarse::Unknown	annotation_status::mid::Unknown	annotation_status::fine::Unknown	candidate_only	shadow_candidate	shadow_candidate	fine	Unknown	annotation_status::fine::Unknown	23994	marker_based_fine_candidate_annotation.csv.gz	11fb72c7510c5613aef176329e928327e7ce3608c15e99d85c571ef3d6c77952
shadow__9350150a437059abd65d	GSE123813_scc	marker_based_fine	angiogenic_endothelial_like	Unknown	Unknown	Unknown	annotation_status::coarse::Unknown	annotation_status::mid::Unknown	annotation_status::fine::Unknown	candidate_only	shadow_candidate	shadow_candidate	fine	angiogenic_endothelial_like	state::fine::angiogenic_endothelial_like	30	marker_based_fine_candidate_annotation.csv.gz	11fb72c7510c5613aef176329e928327e7ce3608c15e99d85c571ef3d6c77952
shadow__56f50ec5c6d9acb1bede	GSE123813_scc	marker_based_fine	neutrophil_TAN_NET_like	Unknown	Unknown	Unknown	annotation_status::coarse::Unknown	annotation_status::mid::Unknown	annotation_status::fine::Unknown	candidate_only	shadow_candidate	shadow_candidate	fine	neutrophil_TAN_NET_like	state::fine::neutrophil_TAN_NET_like	287	marker_based_fine_candidate_annotation.csv.gz	11fb72c7510c5613aef176329e928327e7ce3608c15e99d85c571ef3d6c77952
shadow__dd218e7b0132be40fa7a	GSE123813_scc	marker_based_fine	plasma_Ig_like	Unknown	Unknown	Unknown	annotation_status::coarse::Unknown	annotation_status::mid::Unknown	annotation_status::fine::Unknown	candidate_only	shadow_candidate	shadow_candidate	fine	plasma_Ig_like	state::fine::plasma_Ig_like	45	marker_based_fine_candidate_annotation.csv.gz	11fb72c7510c5613aef176329e928327e7ce3608c15e99d85c571ef3d6c77952
shadow__dd37fd71cf0a7e8c52c0	GSE123813_scc	marker_based_fine	tumor_IFN_APM_high_like	Unknown	Unknown	Unknown	annotation_status::coarse::Unknown	annotation_status::mid::Unknown	annotation_status::fine::Unknown	candidate_only	shadow_candidate	shadow_candidate	fine	tumor_IFN_APM_high_like	state::fine::tumor_IFN_APM_high_like	1	marker_based_fine_candidate_annotation.csv.gz	11fb72c7510c5613aef176329e928327e7ce3608c15e99d85c571ef3d6c77952
shadow__64370a1eab0e30497aa1	GSE123813_scc	marker_based_fine	tumor_WNT_exclusion_like	Unknown	Unknown	Unknown	annotation_status::coarse::Unknown	annotation_status::mid::Unknown	annotation_status::fine::Unknown	candidate_only	shadow_candidate	shadow_candidate	fine	tumor_WNT_exclusion_like	state::fine::tumor_WNT_exclusion_like	10	marker_based_fine_candidate_annotation.csv.gz	11fb72c7510c5613aef176329e928327e7ce3608c15e99d85c571ef3d6c77952
shadow__76f4717919ef5d3b6155	GSE123813_scc	marker_based_mid	APC_priming_like	Unknown	Unknown	Unknown	annotation_status::coarse::Unknown	annotation_status::mid::Unknown	annotation_status::fine::Unknown	candidate_only	shadow_candidate	shadow_candidate	mid	APC_priming_like		1383	marker_based_mid_annotation.csv.gz	8a93369d569423594390d587d4001a36f820bafb165dc04654523717b089b3ae
shadow__79c7b37463a9008f6612	GSE123813_scc	marker_based_mid	B_cell	Unknown	Unknown	Unknown	annotation_status::coarse::Unknown	annotation_status::mid::Unknown	annotation_status::fine::Unknown	candidate_only	shadow_candidate	shadow_candidate	mid	B_cell	identity::mid::B_cell	1158	marker_based_mid_annotation.csv.gz	8a93369d569423594390d587d4001a36f820bafb165dc04654523717b089b3ae
shadow__b47b4df1693cae0e13bc	GSE123813_scc	marker_based_mid	CAF	Unknown	Unknown	Unknown	annotation_status::coarse::Unknown	annotation_status::mid::Unknown	annotation_status::fine::Unknown	candidate_only	shadow_candidate	shadow_candidate	mid	CAF	identity::mid::CAF	2266	marker_based_mid_annotation.csv.gz	8a93369d569423594390d587d4001a36f820bafb165dc04654523717b089b3ae
shadow__a4c70a267032a434df1a	GSE123813_scc	marker_based_mid	CD4_T	Unknown	Unknown	Unknown	annotation_status::coarse::Unknown	annotation_status::mid::Unknown	annotation_status::fine::Unknown	candidate_only	shadow_candidate	shadow_candidate	mid	CD4_T	identity::mid::CD4_T	135	marker_based_mid_annotation.csv.gz	8a93369d569423594390d587d4001a36f820bafb165dc04654523717b089b3ae
shadow__12d3b6020e5d46c6a6e5	GSE123813_scc	marker_based_mid	CD8_T	Unknown	Unknown	Unknown	annotation_status::coarse::Unknown	annotation_status::mid::Unknown	annotation_status::fine::Unknown	candidate_only	shadow_candidate	shadow_candidate	mid	CD8_T	identity::mid::CD8_T	1037	marker_based_mid_annotation.csv.gz	8a93369d569423594390d587d4001a36f820bafb165dc04654523717b089b3ae
shadow__8374b62413301a3b8467	GSE123813_scc	marker_based_mid	DC	Unknown	Unknown	Unknown	annotation_status::coarse::Unknown	annotation_status::mid::Unknown	annotation_status::fine::Unknown	candidate_only	shadow_candidate	shadow_candidate	mid	DC	identity::mid::DC	1290	marker_based_mid_annotation.csv.gz	8a93369d569423594390d587d4001a36f820bafb165dc04654523717b089b3ae
shadow__8145e9ea4ddebc37b183	GSE123813_scc	marker_based_mid	Endothelial	Unknown	Unknown	Unknown	annotation_status::coarse::Unknown	annotation_status::mid::Unknown	annotation_status::fine::Unknown	candidate_only	shadow_candidate	shadow_candidate	mid	Endothelial	identity::mid::Endothelial	1522	marker_based_mid_annotation.csv.gz	8a93369d569423594390d587d4001a36f820bafb165dc04654523717b089b3ae
shadow__98cde84183f04ff2ebee	GSE123813_scc	marker_based_mid	Macrophage	Unknown	Unknown	Unknown	annotation_status::coarse::Unknown	annotation_status::mid::Unknown	annotation_status::fine::Unknown	candidate_only	shadow_candidate	shadow_candidate	mid	Macrophage	identity::mid::Macrophage	41	marker_based_mid_annotation.csv.gz	8a93369d569423594390d587d4001a36f820bafb165dc04654523717b089b3ae
shadow__eecf8adac644a805169d	GSE123813_scc	marker_based_mid	Monocyte	Unknown	Unknown	Unknown	annotation_status::coarse::Unknown	annotation_status::mid::Unknown	annotation_status::fine::Unknown	candidate_only	shadow_candidate	shadow_candidate	mid	Monocyte	identity::mid::Monocyte	101	marker_based_mid_annotation.csv.gz	8a93369d569423594390d587d4001a36f820bafb165dc04654523717b089b3ae
shadow__af764ed20852b54d38da	GSE123813_scc	marker_based_mid	NK	Unknown	Unknown	Unknown	annotation_status::coarse::Unknown	annotation_status::mid::Unknown	annotation_status::fine::Unknown	candidate_only	shadow_candidate	shadow_candidate	mid	NK	identity::mid::NK	784	marker_based_mid_annotation.csv.gz	8a93369d569423594390d587d4001a36f820bafb165dc04654523717b089b3ae
shadow__159b97444646320ed70a	GSE123813_scc	marker_based_mid	NKT_like	Unknown	Unknown	Unknown	annotation_status::coarse::Unknown	annotation_status::mid::Unknown	annotation_status::fine::Unknown	candidate_only	shadow_candidate	shadow_candidate	mid	NKT_like	identity::mid::NKT_like	1104	marker_based_mid_annotation.csv.gz	8a93369d569423594390d587d4001a36f820bafb165dc04654523717b089b3ae
shadow__07d68cf04596be90df9f	GSE123813_scc	marker_based_mid	Neutrophil_TAN_like	Unknown	Unknown	Unknown	annotation_status::coarse::Unknown	annotation_status::mid::Unknown	annotation_status::fine::Unknown	candidate_only	shadow_candidate	shadow_candidate	mid	Neutrophil_TAN_like	identity::mid::Neutrophil_TAN_like	314	marker_based_mid_annotation.csv.gz	8a93369d569423594390d587d4001a36f820bafb165dc04654523717b089b3ae
shadow__fb094b322ccb20840c7e	GSE123813_scc	marker_based_mid	Plasma_cell	Unknown	Unknown	Unknown	annotation_status::coarse::Unknown	annotation_status::mid::Unknown	annotation_status::fine::Unknown	candidate_only	shadow_candidate	shadow_candidate	mid	Plasma_cell	identity::mid::Plasma_cell	395	marker_based_mid_annotation.csv.gz	8a93369d569423594390d587d4001a36f820bafb165dc04654523717b089b3ae
shadow__096ba87cd9b5326d9419	GSE123813_scc	marker_based_mid	Treg	Unknown	Unknown	Unknown	annotation_status::coarse::Unknown	annotation_status::mid::Unknown	annotation_status::fine::Unknown	candidate_only	shadow_candidate	shadow_candidate	mid	Treg	identity::mid::Treg	73	marker_based_mid_annotation.csv.gz	8a93369d569423594390d587d4001a36f820bafb165dc04654523717b089b3ae
shadow__ce4703375f5ec1422f68	GSE123813_scc	marker_based_mid	Tumor_epithelial_like	Unknown	Unknown	Unknown	annotation_status::coarse::Unknown	annotation_status::mid::Unknown	annotation_status::fine::Unknown	candidate_only	shadow_candidate	shadow_candidate	mid	Tumor_epithelial_like	identity::mid::Tumor_epithelial_like	591	marker_based_mid_annotation.csv.gz	8a93369d569423594390d587d4001a36f820bafb165dc04654523717b089b3ae
shadow__99b75d88249c7917000c	GSE123813_scc	marker_based_mid	Unknown	Unknown	Unknown	Unknown	annotation_status::coarse::Unknown	annotation_status::mid::Unknown	annotation_status::fine::Unknown	candidate_only	shadow_candidate	shadow_candidate	mid	Unknown	annotation_status::mid::Unknown	13297	marker_based_mid_annotation.csv.gz	8a93369d569423594390d587d4001a36f820bafb165dc04654523717b089b3ae
shadow__1fbd51512a20b9a29546	GSE123813_scc	marker_based_mid	pDC	Unknown	Unknown	Unknown	annotation_status::coarse::Unknown	annotation_status::mid::Unknown	annotation_status::fine::Unknown	candidate_only	shadow_candidate	shadow_candidate	mid	pDC	identity::mid::pDC	525	marker_based_mid_annotation.csv.gz	8a93369d569423594390d587d4001a36f820bafb165dc04654523717b089b3ae
shadow__eaafa140a7a33f555b50	GSE140228_droplet	marker_based_fine	CAF_inflammatory_like	Unknown	Unknown	Unknown	annotation_status::coarse::Unknown	annotation_status::mid::Unknown	annotation_status::fine::Unknown	candidate_only	shadow_candidate	shadow_candidate	fine	CAF_inflammatory_like	state::fine::CAF_inflammatory_like	77	marker_based_fine_candidate_annotation.csv.gz	11fb72c7510c5613aef176329e928327e7ce3608c15e99d85c571ef3d6c77952
shadow__566be9f5cbfad69e9d89	GSE140228_droplet	marker_based_fine	CAF_myofibroblast_like	Unknown	Unknown	Unknown	annotation_status::coarse::Unknown	annotation_status::mid::Unknown	annotation_status::fine::Unknown	candidate_only	shadow_candidate	shadow_candidate	fine	CAF_myofibroblast_like	state::fine::CAF_myofibroblast_like	582	marker_based_fine_candidate_annotation.csv.gz	11fb72c7510c5613aef176329e928327e7ce3608c15e99d85c571ef3d6c77952
shadow__b3ddf1322de636344417	GSE140228_droplet	marker_based_fine	CD4_helper_like	Unknown	Unknown	Unknown	annotation_status::coarse::Unknown	annotation_status::mid::Unknown	annotation_status::fine::Unknown	candidate_only	shadow_candidate	shadow_candidate	fine	CD4_helper_like	state::fine::CD4_helper_like	101	marker_based_fine_candidate_annotation.csv.gz	11fb72c7510c5613aef176329e928327e7ce3608c15e99d85c571ef3d6c77952
shadow__497cdfecb19294c42ee9	GSE140228_droplet	marker_based_fine	CD8_cytotoxic_like	Unknown	Unknown	Unknown	annotation_status::coarse::Unknown	annotation_status::mid::Unknown	annotation_status::fine::Unknown	candidate_only	shadow_candidate	shadow_candidate	fine	CD8_cytotoxic_like	state::fine::CD8_cytotoxic_like	435	marker_based_fine_candidate_annotation.csv.gz	11fb72c7510c5613aef176329e928327e7ce3608c15e99d85c571ef3d6c77952
shadow__150593b801e5d68626c4	GSE140228_droplet	marker_based_fine	CD8_exhausted_like	Unknown	Unknown	Unknown	annotation_status::coarse::Unknown	annotation_status::mid::Unknown	annotation_status::fine::Unknown	candidate_only	shadow_candidate	shadow_candidate	fine	CD8_exhausted_like	state::fine::CD8_exhausted_like	199	marker_based_fine_candidate_annotation.csv.gz	11fb72c7510c5613aef176329e928327e7ce3608c15e99d85c571ef3d6c77952
shadow__44bcf6efdefeca1dd01d	GSE140228_droplet	marker_based_fine	CD8_progenitor_exhausted_like	Unknown	Unknown	Unknown	annotation_status::coarse::Unknown	annotation_status::mid::Unknown	annotation_status::fine::Unknown	candidate_only	shadow_candidate	shadow_candidate	fine	CD8_progenitor_exhausted_like	state::fine::CD8_progenitor_exhausted_like	9	marker_based_fine_candidate_annotation.csv.gz	11fb72c7510c5613aef176329e928327e7ce3608c15e99d85c571ef3d6c77952
shadow__7accd39d5b46047b6021	GSE140228_droplet	marker_based_fine	CD8_terminal_exhausted_like	Unknown	Unknown	Unknown	annotation_status::coarse::Unknown	annotation_status::mid::Unknown	annotation_status::fine::Unknown	candidate_only	shadow_candidate	shadow_candidate	fine	CD8_terminal_exhausted_like	state::fine::CD8_terminal_exhausted_like	257	marker_based_fine_candidate_annotation.csv.gz	11fb72c7510c5613aef176329e928327e7ce3608c15e99d85c571ef3d6c77952
shadow__2bd920db8c854aaea44b	GSE140228_droplet	marker_based_fine	DC_migratory_like	Unknown	Unknown	Unknown	annotation_status::coarse::Unknown	annotation_status::mid::Unknown	annotation_status::fine::Unknown	candidate_only	shadow_candidate	shadow_candidate	fine	DC_migratory_like	state::fine::DC_migratory_like	49	marker_based_fine_candidate_annotation.csv.gz	11fb72c7510c5613aef176329e928327e7ce3608c15e99d85c571ef3d6c77952
shadow__08d9dd08667fb64c21bc	GSE140228_droplet	marker_based_fine	NK_cytotoxic_like	Unknown	Unknown	Unknown	annotation_status::coarse::Unknown	annotation_status::mid::Unknown	annotation_status::fine::Unknown	candidate_only	shadow_candidate	shadow_candidate	fine	NK_cytotoxic_like	state::fine::NK_cytotoxic_like	4878	marker_based_fine_candidate_annotation.csv.gz	11fb72c7510c5613aef176329e928327e7ce3608c15e99d85c571ef3d6c77952
shadow__58ae2552120a1da7cf86	GSE140228_droplet	marker_based_fine	TLS_B_like	Unknown	Unknown	Unknown	annotation_status::coarse::Unknown	annotation_status::mid::Unknown	annotation_status::fine::Unknown	candidate_only	shadow_candidate	shadow_candidate	fine	TLS_B_like	state::fine::TLS_B_like	143	marker_based_fine_candidate_annotation.csv.gz	11fb72c7510c5613aef176329e928327e7ce3608c15e99d85c571ef3d6c77952
shadow__a8203f82e52649ffc593	GSE140228_droplet	marker_based_fine	TREM2_macrophage_like	Unknown	Unknown	Unknown	annotation_status::coarse::Unknown	annotation_status::mid::Unknown	annotation_status::fine::Unknown	candidate_only	shadow_candidate	shadow_candidate	fine	TREM2_macrophage_like	state::fine::TREM2_macrophage_like	143	marker_based_fine_candidate_annotation.csv.gz	11fb72c7510c5613aef176329e928327e7ce3608c15e99d85c571ef3d6c77952
shadow__a71ec0081a682cbf9214	GSE140228_droplet	marker_based_fine	Treg_suppressive_like	Unknown	Unknown	Unknown	annotation_status::coarse::Unknown	annotation_status::mid::Unknown	annotation_status::fine::Unknown	candidate_only	shadow_candidate	shadow_candidate	fine	Treg_suppressive_like	state::fine::Treg_suppressive_like	20	marker_based_fine_candidate_annotation.csv.gz	11fb72c7510c5613aef176329e928327e7ce3608c15e99d85c571ef3d6c77952
shadow__d6728c3a25535f58c095	GSE140228_droplet	marker_based_fine	Unknown	Unknown	Unknown	Unknown	annotation_status::coarse::Unknown	annotation_status::mid::Unknown	annotation_status::fine::Unknown	candidate_only	shadow_candidate	shadow_candidate	fine	Unknown	annotation_status::fine::Unknown	54561	marker_based_fine_candidate_annotation.csv.gz	11fb72c7510c5613aef176329e928327e7ce3608c15e99d85c571ef3d6c77952
shadow__3e1ac2e99ed457bfd65d	GSE140228_droplet	marker_based_fine	angiogenic_endothelial_like	Unknown	Unknown	Unknown	annotation_status::coarse::Unknown	annotation_status::mid::Unknown	annotation_status::fine::Unknown	candidate_only	shadow_candidate	shadow_candidate	fine	angiogenic_endothelial_like	state::fine::angiogenic_endothelial_like	2518	marker_based_fine_candidate_annotation.csv.gz	11fb72c7510c5613aef176329e928327e7ce3608c15e99d85c571ef3d6c77952
shadow__1ac85997875f3c43bd04	GSE140228_droplet	marker_based_fine	neutrophil_TAN_NET_like	Unknown	Unknown	Unknown	annotation_status::coarse::Unknown	annotation_status::mid::Unknown	annotation_status::fine::Unknown	candidate_only	shadow_candidate	shadow_candidate	fine	neutrophil_TAN_NET_like	state::fine::neutrophil_TAN_NET_like	1718	marker_based_fine_candidate_annotation.csv.gz	11fb72c7510c5613aef176329e928327e7ce3608c15e99d85c571ef3d6c77952
shadow__2bfbe8fbfc45900f62a5	GSE140228_droplet	marker_based_fine	plasma_Ig_like	Unknown	Unknown	Unknown	annotation_status::coarse::Unknown	annotation_status::mid::Unknown	annotation_status::fine::Unknown	candidate_only	shadow_candidate	shadow_candidate	fine	plasma_Ig_like	state::fine::plasma_Ig_like	147	marker_based_fine_candidate_annotation.csv.gz	11fb72c7510c5613aef176329e928327e7ce3608c15e99d85c571ef3d6c77952
shadow__ab1cce9f62582876aa6b	GSE140228_droplet	marker_based_fine	tumor_IFN_APM_high_like	Unknown	Unknown	Unknown	annotation_status::coarse::Unknown	annotation_status::mid::Unknown	annotation_status::fine::Unknown	candidate_only	shadow_candidate	shadow_candidate	fine	tumor_IFN_APM_high_like	state::fine::tumor_IFN_APM_high_like	96	marker_based_fine_candidate_annotation.csv.gz	11fb72c7510c5613aef176329e928327e7ce3608c15e99d85c571ef3d6c77952
shadow__8709483ad3b2367660b7	GSE140228_droplet	marker_based_fine	tumor_WNT_exclusion_like	Unknown	Unknown	Unknown	annotation_status::coarse::Unknown	annotation_status::mid::Unknown	annotation_status::fine::Unknown	candidate_only	shadow_candidate	shadow_candidate	fine	tumor_WNT_exclusion_like	state::fine::tumor_WNT_exclusion_like	162	marker_based_fine_candidate_annotation.csv.gz	11fb72c7510c5613aef176329e928327e7ce3608c15e99d85c571ef3d6c77952
shadow__933162d1fb34385c9d7b	GSE140228_droplet	marker_based_fine	tumor_cell_cycle_like	Unknown	Unknown	Unknown	annotation_status::coarse::Unknown	annotation_status::mid::Unknown	annotation_status::fine::Unknown	candidate_only	shadow_candidate	shadow_candidate	fine	tumor_cell_cycle_like	state::fine::tumor_cell_cycle_like	60	marker_based_fine_candidate_annotation.csv.gz	11fb72c7510c5613aef176329e928327e7ce3608c15e99d85c571ef3d6c77952
shadow__9acfd9ada65eddbb853c	GSE140228_droplet	marker_based_fine	vascular_endothelial_like	Unknown	Unknown	Unknown	annotation_status::coarse::Unknown	annotation_status::mid::Unknown	annotation_status::fine::Unknown	candidate_only	shadow_candidate	shadow_candidate	fine	vascular_endothelial_like	state::fine::vascular_endothelial_like	32	marker_based_fine_candidate_annotation.csv.gz	11fb72c7510c5613aef176329e928327e7ce3608c15e99d85c571ef3d6c77952
shadow__2d052122e92c69e0566b	GSE140228_droplet	marker_based_mid	APC_priming_like	Unknown	Unknown	Unknown	annotation_status::coarse::Unknown	annotation_status::mid::Unknown	annotation_status::fine::Unknown	candidate_only	shadow_candidate	shadow_candidate	mid	APC_priming_like		1964	marker_based_mid_annotation.csv.gz	8a93369d569423594390d587d4001a36f820bafb165dc04654523717b089b3ae
shadow__a27f90f0cb42b852cd9f	GSE140228_droplet	marker_based_mid	B_cell	Unknown	Unknown	Unknown	annotation_status::coarse::Unknown	annotation_status::mid::Unknown	annotation_status::fine::Unknown	candidate_only	shadow_candidate	shadow_candidate	mid	B_cell	identity::mid::B_cell	3706	marker_based_mid_annotation.csv.gz	8a93369d569423594390d587d4001a36f820bafb165dc04654523717b089b3ae
shadow__8e0750f16e09c8120e26	GSE140228_droplet	marker_based_mid	CAF	Unknown	Unknown	Unknown	annotation_status::coarse::Unknown	annotation_status::mid::Unknown	annotation_status::fine::Unknown	candidate_only	shadow_candidate	shadow_candidate	mid	CAF	identity::mid::CAF	690	marker_based_mid_annotation.csv.gz	8a93369d569423594390d587d4001a36f820bafb165dc04654523717b089b3ae
shadow__773548b0feb5d52bcd7f	GSE140228_droplet	marker_based_mid	CD4_T	Unknown	Unknown	Unknown	annotation_status::coarse::Unknown	annotation_status::mid::Unknown	annotation_status::fine::Unknown	candidate_only	shadow_candidate	shadow_candidate	mid	CD4_T	identity::mid::CD4_T	466	marker_based_mid_annotation.csv.gz	8a93369d569423594390d587d4001a36f820bafb165dc04654523717b089b3ae
shadow__c09a078a33341d8f07a2	GSE140228_droplet	marker_based_mid	CD8_T	Unknown	Unknown	Unknown	annotation_status::coarse::Unknown	annotation_status::mid::Unknown	annotation_status::fine::Unknown	candidate_only	shadow_candidate	shadow_candidate	mid	CD8_T	identity::mid::CD8_T	3137	marker_based_mid_annotation.csv.gz	8a93369d569423594390d587d4001a36f820bafb165dc04654523717b089b3ae
shadow__415d6f1d2c027cd964e7	GSE140228_droplet	marker_based_mid	DC	Unknown	Unknown	Unknown	annotation_status::coarse::Unknown	annotation_status::mid::Unknown	annotation_status::fine::Unknown	candidate_only	shadow_candidate	shadow_candidate	mid	DC	identity::mid::DC	1270	marker_based_mid_annotation.csv.gz	8a93369d569423594390d587d4001a36f820bafb165dc04654523717b089b3ae
shadow__3b3953be624d33e37458	GSE140228_droplet	marker_based_mid	Endothelial	Unknown	Unknown	Unknown	annotation_status::coarse::Unknown	annotation_status::mid::Unknown	annotation_status::fine::Unknown	candidate_only	shadow_candidate	shadow_candidate	mid	Endothelial	identity::mid::Endothelial	3750	marker_based_mid_annotation.csv.gz	8a93369d569423594390d587d4001a36f820bafb165dc04654523717b089b3ae
shadow__b03b4db4c91f229f5f13	GSE140228_droplet	marker_based_mid	Macrophage	Unknown	Unknown	Unknown	annotation_status::coarse::Unknown	annotation_status::mid::Unknown	annotation_status::fine::Unknown	candidate_only	shadow_candidate	shadow_candidate	mid	Macrophage	identity::mid::Macrophage	1196	marker_based_mid_annotation.csv.gz	8a93369d569423594390d587d4001a36f820bafb165dc04654523717b089b3ae
shadow__4c5b0bc308acd1b0154d	GSE140228_droplet	marker_based_mid	Monocyte	Unknown	Unknown	Unknown	annotation_status::coarse::Unknown	annotation_status::mid::Unknown	annotation_status::fine::Unknown	candidate_only	shadow_candidate	shadow_candidate	mid	Monocyte	identity::mid::Monocyte	1502	marker_based_mid_annotation.csv.gz	8a93369d569423594390d587d4001a36f820bafb165dc04654523717b089b3ae
shadow__cc365234cea86fa0f58e	GSE140228_droplet	marker_based_mid	NK	Unknown	Unknown	Unknown	annotation_status::coarse::Unknown	annotation_status::mid::Unknown	annotation_status::fine::Unknown	candidate_only	shadow_candidate	shadow_candidate	mid	NK	identity::mid::NK	5666	marker_based_mid_annotation.csv.gz	8a93369d569423594390d587d4001a36f820bafb165dc04654523717b089b3ae
shadow__52c0458849b7be226c69	GSE140228_droplet	marker_based_mid	NKT_like	Unknown	Unknown	Unknown	annotation_status::coarse::Unknown	annotation_status::mid::Unknown	annotation_status::fine::Unknown	candidate_only	shadow_candidate	shadow_candidate	mid	NKT_like	identity::mid::NKT_like	3799	marker_based_mid_annotation.csv.gz	8a93369d569423594390d587d4001a36f820bafb165dc04654523717b089b3ae
shadow__4a67bc3e9eba6c892ffc	GSE140228_droplet	marker_based_mid	Neutrophil_TAN_like	Unknown	Unknown	Unknown	annotation_status::coarse::Unknown	annotation_status::mid::Unknown	annotation_status::fine::Unknown	candidate_only	shadow_candidate	shadow_candidate	mid	Neutrophil_TAN_like	identity::mid::Neutrophil_TAN_like	1741	marker_based_mid_annotation.csv.gz	8a93369d569423594390d587d4001a36f820bafb165dc04654523717b089b3ae
shadow__da8b597df1ff31720dfd	GSE140228_droplet	marker_based_mid	Plasma_cell	Unknown	Unknown	Unknown	annotation_status::coarse::Unknown	annotation_status::mid::Unknown	annotation_status::fine::Unknown	candidate_only	shadow_candidate	shadow_candidate	mid	Plasma_cell	identity::mid::Plasma_cell	416	marker_based_mid_annotation.csv.gz	8a93369d569423594390d587d4001a36f820bafb165dc04654523717b089b3ae
shadow__49a03a068f82f8ce2e90	GSE140228_droplet	marker_based_mid	Treg	Unknown	Unknown	Unknown	annotation_status::coarse::Unknown	annotation_status::mid::Unknown	annotation_status::fine::Unknown	candidate_only	shadow_candidate	shadow_candidate	mid	Treg	identity::mid::Treg	1526	marker_based_mid_annotation.csv.gz	8a93369d569423594390d587d4001a36f820bafb165dc04654523717b089b3ae
shadow__a28a052648394c6128e7	GSE140228_droplet	marker_based_mid	Tumor_epithelial_like	Unknown	Unknown	Unknown	annotation_status::coarse::Unknown	annotation_status::mid::Unknown	annotation_status::fine::Unknown	candidate_only	shadow_candidate	shadow_candidate	mid	Tumor_epithelial_like	identity::mid::Tumor_epithelial_like	762	marker_based_mid_annotation.csv.gz	8a93369d569423594390d587d4001a36f820bafb165dc04654523717b089b3ae
shadow__3428c2fbc96875a1af92	GSE140228_droplet	marker_based_mid	Unknown	Unknown	Unknown	Unknown	annotation_status::coarse::Unknown	annotation_status::mid::Unknown	annotation_status::fine::Unknown	candidate_only	shadow_candidate	shadow_candidate	mid	Unknown	annotation_status::mid::Unknown	34453	marker_based_mid_annotation.csv.gz	8a93369d569423594390d587d4001a36f820bafb165dc04654523717b089b3ae
shadow__bf25b659e54b36a889ad	GSE140228_droplet	marker_based_mid	pDC	Unknown	Unknown	Unknown	annotation_status::coarse::Unknown	annotation_status::mid::Unknown	annotation_status::fine::Unknown	candidate_only	shadow_candidate	shadow_candidate	mid	pDC	identity::mid::pDC	143	marker_based_mid_annotation.csv.gz	8a93369d569423594390d587d4001a36f820bafb165dc04654523717b089b3ae
shadow__e7ada6a3e00c14bc8011	GSE140228_smartseq2	marker_based_fine	Unknown	Unknown	Unknown	Unknown	annotation_status::coarse::Unknown	annotation_status::mid::Unknown	annotation_status::fine::Unknown	candidate_only	shadow_candidate	shadow_candidate	fine	Unknown	annotation_status::fine::Unknown	7074	marker_based_fine_candidate_annotation.csv.gz	11fb72c7510c5613aef176329e928327e7ce3608c15e99d85c571ef3d6c77952
shadow__84aaf5b9a9376bc74f60	GSE140228_smartseq2	marker_based_mid	Unknown	Unknown	Unknown	Unknown	annotation_status::coarse::Unknown	annotation_status::mid::Unknown	annotation_status::fine::Unknown	candidate_only	shadow_candidate	shadow_candidate	mid	Unknown	annotation_status::mid::Unknown	7074	marker_based_mid_annotation.csv.gz	8a93369d569423594390d587d4001a36f820bafb165dc04654523717b089b3ae
shadow__3dc9cd7e8e082c9bd3e0	GSE149614	marker_based_fine	CAF_inflammatory_like	Unknown	Unknown	Unknown	annotation_status::coarse::Unknown	annotation_status::mid::Unknown	annotation_status::fine::Unknown	candidate_only	shadow_candidate	shadow_candidate	fine	CAF_inflammatory_like	state::fine::CAF_inflammatory_like	332	marker_based_fine_candidate_annotation.csv.gz	11fb72c7510c5613aef176329e928327e7ce3608c15e99d85c571ef3d6c77952
shadow__dfe51ef0d3751a81d525	GSE149614	marker_based_fine	CAF_myofibroblast_like	Unknown	Unknown	Unknown	annotation_status::coarse::Unknown	annotation_status::mid::Unknown	annotation_status::fine::Unknown	candidate_only	shadow_candidate	shadow_candidate	fine	CAF_myofibroblast_like	state::fine::CAF_myofibroblast_like	928	marker_based_fine_candidate_annotation.csv.gz	11fb72c7510c5613aef176329e928327e7ce3608c15e99d85c571ef3d6c77952
shadow__4aca8cb86f6efd3e7202	GSE149614	marker_based_fine	CD4_helper_like	Unknown	Unknown	Unknown	annotation_status::coarse::Unknown	annotation_status::mid::Unknown	annotation_status::fine::Unknown	candidate_only	shadow_candidate	shadow_candidate	fine	CD4_helper_like	state::fine::CD4_helper_like	679	marker_based_fine_candidate_annotation.csv.gz	11fb72c7510c5613aef176329e928327e7ce3608c15e99d85c571ef3d6c77952
shadow__1cb210212eb7d908d50b	GSE149614	marker_based_fine	CD8_cytotoxic_like	Unknown	Unknown	Unknown	annotation_status::coarse::Unknown	annotation_status::mid::Unknown	annotation_status::fine::Unknown	candidate_only	shadow_candidate	shadow_candidate	fine	CD8_cytotoxic_like	state::fine::CD8_cytotoxic_like	494	marker_based_fine_candidate_annotation.csv.gz	11fb72c7510c5613aef176329e928327e7ce3608c15e99d85c571ef3d6c77952
shadow__549baf009f3e3c2d5405	GSE149614	marker_based_fine	CD8_exhausted_like	Unknown	Unknown	Unknown	annotation_status::coarse::Unknown	annotation_status::mid::Unknown	annotation_status::fine::Unknown	candidate_only	shadow_candidate	shadow_candidate	fine	CD8_exhausted_like	state::fine::CD8_exhausted_like	184	marker_based_fine_candidate_annotation.csv.gz	11fb72c7510c5613aef176329e928327e7ce3608c15e99d85c571ef3d6c77952
shadow__3d6f18866183de4be107	GSE149614	marker_based_fine	CD8_progenitor_exhausted_like	Unknown	Unknown	Unknown	annotation_status::coarse::Unknown	annotation_status::mid::Unknown	annotation_status::fine::Unknown	candidate_only	shadow_candidate	shadow_candidate	fine	CD8_progenitor_exhausted_like	state::fine::CD8_progenitor_exhausted_like	35	marker_based_fine_candidate_annotation.csv.gz	11fb72c7510c5613aef176329e928327e7ce3608c15e99d85c571ef3d6c77952
shadow__1d6d66aefa8cb734d0a1	GSE149614	marker_based_fine	CD8_terminal_exhausted_like	Unknown	Unknown	Unknown	annotation_status::coarse::Unknown	annotation_status::mid::Unknown	annotation_status::fine::Unknown	candidate_only	shadow_candidate	shadow_candidate	fine	CD8_terminal_exhausted_like	state::fine::CD8_terminal_exhausted_like	360	marker_based_fine_candidate_annotation.csv.gz	11fb72c7510c5613aef176329e928327e7ce3608c15e99d85c571ef3d6c77952
shadow__cc3335b2e7edb07d88b3	GSE149614	marker_based_fine	DC_migratory_like	Unknown	Unknown	Unknown	annotation_status::coarse::Unknown	annotation_status::mid::Unknown	annotation_status::fine::Unknown	candidate_only	shadow_candidate	shadow_candidate	fine	DC_migratory_like	state::fine::DC_migratory_like	588	marker_based_fine_candidate_annotation.csv.gz	11fb72c7510c5613aef176329e928327e7ce3608c15e99d85c571ef3d6c77952
shadow__ea6089a7414b2ac2084e	GSE149614	marker_based_fine	NK_cytotoxic_like	Unknown	Unknown	Unknown	annotation_status::coarse::Unknown	annotation_status::mid::Unknown	annotation_status::fine::Unknown	candidate_only	shadow_candidate	shadow_candidate	fine	NK_cytotoxic_like	state::fine::NK_cytotoxic_like	3786	marker_based_fine_candidate_annotation.csv.gz	11fb72c7510c5613aef176329e928327e7ce3608c15e99d85c571ef3d6c77952
shadow__4581a0cace7316bd1591	GSE149614	marker_based_fine	TLS_B_like	Unknown	Unknown	Unknown	annotation_status::coarse::Unknown	annotation_status::mid::Unknown	annotation_status::fine::Unknown	candidate_only	shadow_candidate	shadow_candidate	fine	TLS_B_like	state::fine::TLS_B_like	3	marker_based_fine_candidate_annotation.csv.gz	11fb72c7510c5613aef176329e928327e7ce3608c15e99d85c571ef3d6c77952
shadow__186a8b0f698c1c70fe4a	GSE149614	marker_based_fine	TREM2_macrophage_like	Unknown	Unknown	Unknown	annotation_status::coarse::Unknown	annotation_status::mid::Unknown	annotation_status::fine::Unknown	candidate_only	shadow_candidate	shadow_candidate	fine	TREM2_macrophage_like	state::fine::TREM2_macrophage_like	401	marker_based_fine_candidate_annotation.csv.gz	11fb72c7510c5613aef176329e928327e7ce3608c15e99d85c571ef3d6c77952
shadow__5e008e3f1278f29cbd94	GSE149614	marker_based_fine	Treg_suppressive_like	Unknown	Unknown	Unknown	annotation_status::coarse::Unknown	annotation_status::mid::Unknown	annotation_status::fine::Unknown	candidate_only	shadow_candidate	shadow_candidate	fine	Treg_suppressive_like	state::fine::Treg_suppressive_like	12	marker_based_fine_candidate_annotation.csv.gz	11fb72c7510c5613aef176329e928327e7ce3608c15e99d85c571ef3d6c77952
shadow__806d058103518085a946	GSE149614	marker_based_fine	Unknown	Unknown	Unknown	Unknown	annotation_status::coarse::Unknown	annotation_status::mid::Unknown	annotation_status::fine::Unknown	candidate_only	shadow_candidate	shadow_candidate	fine	Unknown	annotation_status::fine::Unknown	59864	marker_based_fine_candidate_annotation.csv.gz	11fb72c7510c5613aef176329e928327e7ce3608c15e99d85c571ef3d6c77952
shadow__4187e4b1c2678ca73ea2	GSE149614	marker_based_fine	angiogenic_endothelial_like	Unknown	Unknown	Unknown	annotation_status::coarse::Unknown	annotation_status::mid::Unknown	annotation_status::fine::Unknown	candidate_only	shadow_candidate	shadow_candidate	fine	angiogenic_endothelial_like	state::fine::angiogenic_endothelial_like	931	marker_based_fine_candidate_annotation.csv.gz	11fb72c7510c5613aef176329e928327e7ce3608c15e99d85c571ef3d6c77952
shadow__e406b8f66cf4fbbbce79	GSE149614	marker_based_fine	neutrophil_TAN_NET_like	Unknown	Unknown	Unknown	annotation_status::coarse::Unknown	annotation_status::mid::Unknown	annotation_status::fine::Unknown	candidate_only	shadow_candidate	shadow_candidate	fine	neutrophil_TAN_NET_like	state::fine::neutrophil_TAN_NET_like	472	marker_based_fine_candidate_annotation.csv.gz	11fb72c7510c5613aef176329e928327e7ce3608c15e99d85c571ef3d6c77952
shadow__9e326051c404a0e89c12	GSE149614	marker_based_fine	plasma_Ig_like	Unknown	Unknown	Unknown	annotation_status::coarse::Unknown	annotation_status::mid::Unknown	annotation_status::fine::Unknown	candidate_only	shadow_candidate	shadow_candidate	fine	plasma_Ig_like	state::fine::plasma_Ig_like	756	marker_based_fine_candidate_annotation.csv.gz	11fb72c7510c5613aef176329e928327e7ce3608c15e99d85c571ef3d6c77952
shadow__f7b79238dcb14b51a37d	GSE149614	marker_based_fine	tumor_IFN_APM_high_like	Unknown	Unknown	Unknown	annotation_status::coarse::Unknown	annotation_status::mid::Unknown	annotation_status::fine::Unknown	candidate_only	shadow_candidate	shadow_candidate	fine	tumor_IFN_APM_high_like	state::fine::tumor_IFN_APM_high_like	284	marker_based_fine_candidate_annotation.csv.gz	11fb72c7510c5613aef176329e928327e7ce3608c15e99d85c571ef3d6c77952
shadow__3bd59e8211e30cad2bec	GSE149614	marker_based_fine	tumor_WNT_exclusion_like	Unknown	Unknown	Unknown	annotation_status::coarse::Unknown	annotation_status::mid::Unknown	annotation_status::fine::Unknown	candidate_only	shadow_candidate	shadow_candidate	fine	tumor_WNT_exclusion_like	state::fine::tumor_WNT_exclusion_like	775	marker_based_fine_candidate_annotation.csv.gz	11fb72c7510c5613aef176329e928327e7ce3608c15e99d85c571ef3d6c77952
shadow__7122191716e3bd7b5811	GSE149614	marker_based_fine	tumor_cell_cycle_like	Unknown	Unknown	Unknown	annotation_status::coarse::Unknown	annotation_status::mid::Unknown	annotation_status::fine::Unknown	candidate_only	shadow_candidate	shadow_candidate	fine	tumor_cell_cycle_like	state::fine::tumor_cell_cycle_like	5	marker_based_fine_candidate_annotation.csv.gz	11fb72c7510c5613aef176329e928327e7ce3608c15e99d85c571ef3d6c77952
shadow__7181b341e53586c9a17a	GSE149614	marker_based_fine	vascular_endothelial_like	Unknown	Unknown	Unknown	annotation_status::coarse::Unknown	annotation_status::mid::Unknown	annotation_status::fine::Unknown	candidate_only	shadow_candidate	shadow_candidate	fine	vascular_endothelial_like	state::fine::vascular_endothelial_like	1026	marker_based_fine_candidate_annotation.csv.gz	11fb72c7510c5613aef176329e928327e7ce3608c15e99d85c571ef3d6c77952
shadow__a98f71209d3c2f21c6d4	GSE149614	marker_based_mid	APC_priming_like	Unknown	Unknown	Unknown	annotation_status::coarse::Unknown	annotation_status::mid::Unknown	annotation_status::fine::Unknown	candidate_only	shadow_candidate	shadow_candidate	mid	APC_priming_like		3144	marker_based_mid_annotation.csv.gz	8a93369d569423594390d587d4001a36f820bafb165dc04654523717b089b3ae
shadow__8153d587c64630ddb2f1	GSE149614	marker_based_mid	B_cell	Unknown	Unknown	Unknown	annotation_status::coarse::Unknown	annotation_status::mid::Unknown	annotation_status::fine::Unknown	candidate_only	shadow_candidate	shadow_candidate	mid	B_cell	identity::mid::B_cell	806	marker_based_mid_annotation.csv.gz	8a93369d569423594390d587d4001a36f820bafb165dc04654523717b089b3ae
shadow__07814ef53d6cbed8eaa2	GSE149614	marker_based_mid	CAF	Unknown	Unknown	Unknown	annotation_status::coarse::Unknown	annotation_status::mid::Unknown	annotation_status::fine::Unknown	candidate_only	shadow_candidate	shadow_candidate	mid	CAF	identity::mid::CAF	1910	marker_based_mid_annotation.csv.gz	8a93369d569423594390d587d4001a36f820bafb165dc04654523717b089b3ae
shadow__180f60b19c827ee58988	GSE149614	marker_based_mid	CD4_T	Unknown	Unknown	Unknown	annotation_status::coarse::Unknown	annotation_status::mid::Unknown	annotation_status::fine::Unknown	candidate_only	shadow_candidate	shadow_candidate	mid	CD4_T	identity::mid::CD4_T	2068	marker_based_mid_annotation.csv.gz	8a93369d569423594390d587d4001a36f820bafb165dc04654523717b089b3ae
shadow__5bf31da01a5f114d0818	GSE149614	marker_based_mid	CD8_T	Unknown	Unknown	Unknown	annotation_status::coarse::Unknown	annotation_status::mid::Unknown	annotation_status::fine::Unknown	candidate_only	shadow_candidate	shadow_candidate	mid	CD8_T	identity::mid::CD8_T	4115	marker_based_mid_annotation.csv.gz	8a93369d569423594390d587d4001a36f820bafb165dc04654523717b089b3ae
shadow__3ecbe8a9ef8497010852	GSE149614	marker_based_mid	DC	Unknown	Unknown	Unknown	annotation_status::coarse::Unknown	annotation_status::mid::Unknown	annotation_status::fine::Unknown	candidate_only	shadow_candidate	shadow_candidate	mid	DC	identity::mid::DC	4292	marker_based_mid_annotation.csv.gz	8a93369d569423594390d587d4001a36f820bafb165dc04654523717b089b3ae
shadow__edf00ae62dc342b7c4f5	GSE149614	marker_based_mid	Endothelial	Unknown	Unknown	Unknown	annotation_status::coarse::Unknown	annotation_status::mid::Unknown	annotation_status::fine::Unknown	candidate_only	shadow_candidate	shadow_candidate	mid	Endothelial	identity::mid::Endothelial	4870	marker_based_mid_annotation.csv.gz	8a93369d569423594390d587d4001a36f820bafb165dc04654523717b089b3ae
shadow__657dded2b3e5583b347b	GSE149614	marker_based_mid	Macrophage	Unknown	Unknown	Unknown	annotation_status::coarse::Unknown	annotation_status::mid::Unknown	annotation_status::fine::Unknown	candidate_only	shadow_candidate	shadow_candidate	mid	Macrophage	identity::mid::Macrophage	4039	marker_based_mid_annotation.csv.gz	8a93369d569423594390d587d4001a36f820bafb165dc04654523717b089b3ae
shadow__0a68413e349121edfd64	GSE149614	marker_based_mid	Monocyte	Unknown	Unknown	Unknown	annotation_status::coarse::Unknown	annotation_status::mid::Unknown	annotation_status::fine::Unknown	candidate_only	shadow_candidate	shadow_candidate	mid	Monocyte	identity::mid::Monocyte	939	marker_based_mid_annotation.csv.gz	8a93369d569423594390d587d4001a36f820bafb165dc04654523717b089b3ae
shadow__63a752f5a9b06cb0a136	GSE149614	marker_based_mid	NK	Unknown	Unknown	Unknown	annotation_status::coarse::Unknown	annotation_status::mid::Unknown	annotation_status::fine::Unknown	candidate_only	shadow_candidate	shadow_candidate	mid	NK	identity::mid::NK	4191	marker_based_mid_annotation.csv.gz	8a93369d569423594390d587d4001a36f820bafb165dc04654523717b089b3ae
shadow__8e6a4101905a74805851	GSE149614	marker_based_mid	NKT_like	Unknown	Unknown	Unknown	annotation_status::coarse::Unknown	annotation_status::mid::Unknown	annotation_status::fine::Unknown	candidate_only	shadow_candidate	shadow_candidate	mid	NKT_like	identity::mid::NKT_like	3356	marker_based_mid_annotation.csv.gz	8a93369d569423594390d587d4001a36f820bafb165dc04654523717b089b3ae
shadow__80551091074d7e972215	GSE149614	marker_based_mid	Neutrophil_TAN_like	Unknown	Unknown	Unknown	annotation_status::coarse::Unknown	annotation_status::mid::Unknown	annotation_status::fine::Unknown	candidate_only	shadow_candidate	shadow_candidate	mid	Neutrophil_TAN_like	identity::mid::Neutrophil_TAN_like	815	marker_based_mid_annotation.csv.gz	8a93369d569423594390d587d4001a36f820bafb165dc04654523717b089b3ae
shadow__c565aeef92329bc25b84	GSE149614	marker_based_mid	Plasma_cell	Unknown	Unknown	Unknown	annotation_status::coarse::Unknown	annotation_status::mid::Unknown	annotation_status::fine::Unknown	candidate_only	shadow_candidate	shadow_candidate	mid	Plasma_cell	identity::mid::Plasma_cell	1468	marker_based_mid_annotation.csv.gz	8a93369d569423594390d587d4001a36f820bafb165dc04654523717b089b3ae
shadow__d5a8a897fa7722fec7cf	GSE149614	marker_based_mid	Treg	Unknown	Unknown	Unknown	annotation_status::coarse::Unknown	annotation_status::mid::Unknown	annotation_status::fine::Unknown	candidate_only	shadow_candidate	shadow_candidate	mid	Treg	identity::mid::Treg	3390	marker_based_mid_annotation.csv.gz	8a93369d569423594390d587d4001a36f820bafb165dc04654523717b089b3ae
shadow__19216e118a4531773995	GSE149614	marker_based_mid	Tumor_epithelial_like	Unknown	Unknown	Unknown	annotation_status::coarse::Unknown	annotation_status::mid::Unknown	annotation_status::fine::Unknown	candidate_only	shadow_candidate	shadow_candidate	mid	Tumor_epithelial_like	identity::mid::Tumor_epithelial_like	7117	marker_based_mid_annotation.csv.gz	8a93369d569423594390d587d4001a36f820bafb165dc04654523717b089b3ae
shadow__aeba297347ac74afecff	GSE149614	marker_based_mid	Unknown	Unknown	Unknown	Unknown	annotation_status::coarse::Unknown	annotation_status::mid::Unknown	annotation_status::fine::Unknown	candidate_only	shadow_candidate	shadow_candidate	mid	Unknown	annotation_status::mid::Unknown	24984	marker_based_mid_annotation.csv.gz	8a93369d569423594390d587d4001a36f820bafb165dc04654523717b089b3ae
shadow__e2b93db036bc7bc3a3de	GSE149614	marker_based_mid	pDC	Unknown	Unknown	Unknown	annotation_status::coarse::Unknown	annotation_status::mid::Unknown	annotation_status::fine::Unknown	candidate_only	shadow_candidate	shadow_candidate	mid	pDC	identity::mid::pDC	411	marker_based_mid_annotation.csv.gz	8a93369d569423594390d587d4001a36f820bafb165dc04654523717b089b3ae
shadow__03e3d68fc95e0bd2ac76	GSE151530	marker_based_fine	CAF_inflammatory_like	Unknown	Unknown	Unknown	annotation_status::coarse::Unknown	annotation_status::mid::Unknown	annotation_status::fine::Unknown	candidate_only	shadow_candidate	shadow_candidate	fine	CAF_inflammatory_like	state::fine::CAF_inflammatory_like	536	marker_based_fine_candidate_annotation.csv.gz	11fb72c7510c5613aef176329e928327e7ce3608c15e99d85c571ef3d6c77952
shadow__d43b25d90963174ea55d	GSE151530	marker_based_fine	CAF_myofibroblast_like	Unknown	Unknown	Unknown	annotation_status::coarse::Unknown	annotation_status::mid::Unknown	annotation_status::fine::Unknown	candidate_only	shadow_candidate	shadow_candidate	fine	CAF_myofibroblast_like	state::fine::CAF_myofibroblast_like	1174	marker_based_fine_candidate_annotation.csv.gz	11fb72c7510c5613aef176329e928327e7ce3608c15e99d85c571ef3d6c77952
shadow__de6142cc585afb842ac6	GSE151530	marker_based_fine	CD4_helper_like	Unknown	Unknown	Unknown	annotation_status::coarse::Unknown	annotation_status::mid::Unknown	annotation_status::fine::Unknown	candidate_only	shadow_candidate	shadow_candidate	fine	CD4_helper_like	state::fine::CD4_helper_like	1678	marker_based_fine_candidate_annotation.csv.gz	11fb72c7510c5613aef176329e928327e7ce3608c15e99d85c571ef3d6c77952
shadow__fd59c7c2b91e6dc503e3	GSE151530	marker_based_fine	CD8_cytotoxic_like	Unknown	Unknown	Unknown	annotation_status::coarse::Unknown	annotation_status::mid::Unknown	annotation_status::fine::Unknown	candidate_only	shadow_candidate	shadow_candidate	fine	CD8_cytotoxic_like	state::fine::CD8_cytotoxic_like	425	marker_based_fine_candidate_annotation.csv.gz	11fb72c7510c5613aef176329e928327e7ce3608c15e99d85c571ef3d6c77952
shadow__ac40467e9f672827f1e2	GSE151530	marker_based_fine	CD8_exhausted_like	Unknown	Unknown	Unknown	annotation_status::coarse::Unknown	annotation_status::mid::Unknown	annotation_status::fine::Unknown	candidate_only	shadow_candidate	shadow_candidate	fine	CD8_exhausted_like	state::fine::CD8_exhausted_like	233	marker_based_fine_candidate_annotation.csv.gz	11fb72c7510c5613aef176329e928327e7ce3608c15e99d85c571ef3d6c77952
shadow__94139664f586dda5fed2	GSE151530	marker_based_fine	CD8_progenitor_exhausted_like	Unknown	Unknown	Unknown	annotation_status::coarse::Unknown	annotation_status::mid::Unknown	annotation_status::fine::Unknown	candidate_only	shadow_candidate	shadow_candidate	fine	CD8_progenitor_exhausted_like	state::fine::CD8_progenitor_exhausted_like	114	marker_based_fine_candidate_annotation.csv.gz	11fb72c7510c5613aef176329e928327e7ce3608c15e99d85c571ef3d6c77952
shadow__d9032f5f6b93545a2a81	GSE151530	marker_based_fine	CD8_terminal_exhausted_like	Unknown	Unknown	Unknown	annotation_status::coarse::Unknown	annotation_status::mid::Unknown	annotation_status::fine::Unknown	candidate_only	shadow_candidate	shadow_candidate	fine	CD8_terminal_exhausted_like	state::fine::CD8_terminal_exhausted_like	398	marker_based_fine_candidate_annotation.csv.gz	11fb72c7510c5613aef176329e928327e7ce3608c15e99d85c571ef3d6c77952
shadow__c580c958c5b41b17283e	GSE151530	marker_based_fine	DC_migratory_like	Unknown	Unknown	Unknown	annotation_status::coarse::Unknown	annotation_status::mid::Unknown	annotation_status::fine::Unknown	candidate_only	shadow_candidate	shadow_candidate	fine	DC_migratory_like	state::fine::DC_migratory_like	108	marker_based_fine_candidate_annotation.csv.gz	11fb72c7510c5613aef176329e928327e7ce3608c15e99d85c571ef3d6c77952
shadow__d9d1bbd8874ca309c68d	GSE151530	marker_based_fine	NK_cytotoxic_like	Unknown	Unknown	Unknown	annotation_status::coarse::Unknown	annotation_status::mid::Unknown	annotation_status::fine::Unknown	candidate_only	shadow_candidate	shadow_candidate	fine	NK_cytotoxic_like	state::fine::NK_cytotoxic_like	2165	marker_based_fine_candidate_annotation.csv.gz	11fb72c7510c5613aef176329e928327e7ce3608c15e99d85c571ef3d6c77952
shadow__1a3414029c13c7eac2eb	GSE151530	marker_based_fine	TLS_B_like	Unknown	Unknown	Unknown	annotation_status::coarse::Unknown	annotation_status::mid::Unknown	annotation_status::fine::Unknown	candidate_only	shadow_candidate	shadow_candidate	fine	TLS_B_like	state::fine::TLS_B_like	219	marker_based_fine_candidate_annotation.csv.gz	11fb72c7510c5613aef176329e928327e7ce3608c15e99d85c571ef3d6c77952
shadow__75fc25a4b09b8aeb6633	GSE151530	marker_based_fine	TREM2_macrophage_like	Unknown	Unknown	Unknown	annotation_status::coarse::Unknown	annotation_status::mid::Unknown	annotation_status::fine::Unknown	candidate_only	shadow_candidate	shadow_candidate	fine	TREM2_macrophage_like	state::fine::TREM2_macrophage_like	609	marker_based_fine_candidate_annotation.csv.gz	11fb72c7510c5613aef176329e928327e7ce3608c15e99d85c571ef3d6c77952
shadow__2036b9d9c9871318ad86	GSE151530	marker_based_fine	Treg_suppressive_like	Unknown	Unknown	Unknown	annotation_status::coarse::Unknown	annotation_status::mid::Unknown	annotation_status::fine::Unknown	candidate_only	shadow_candidate	shadow_candidate	fine	Treg_suppressive_like	state::fine::Treg_suppressive_like	278	marker_based_fine_candidate_annotation.csv.gz	11fb72c7510c5613aef176329e928327e7ce3608c15e99d85c571ef3d6c77952
shadow__2826d2f66082ef0fd50e	GSE151530	marker_based_fine	Unknown	Unknown	Unknown	Unknown	annotation_status::coarse::Unknown	annotation_status::mid::Unknown	annotation_status::fine::Unknown	candidate_only	shadow_candidate	shadow_candidate	fine	Unknown	annotation_status::fine::Unknown	43071	marker_based_fine_candidate_annotation.csv.gz	11fb72c7510c5613aef176329e928327e7ce3608c15e99d85c571ef3d6c77952
shadow__f92eeae740ede47da752	GSE151530	marker_based_fine	angiogenic_endothelial_like	Unknown	Unknown	Unknown	annotation_status::coarse::Unknown	annotation_status::mid::Unknown	annotation_status::fine::Unknown	candidate_only	shadow_candidate	shadow_candidate	fine	angiogenic_endothelial_like	state::fine::angiogenic_endothelial_like	320	marker_based_fine_candidate_annotation.csv.gz	11fb72c7510c5613aef176329e928327e7ce3608c15e99d85c571ef3d6c77952
shadow__5deb0cafcf2684d642ac	GSE151530	marker_based_fine	neutrophil_TAN_NET_like	Unknown	Unknown	Unknown	annotation_status::coarse::Unknown	annotation_status::mid::Unknown	annotation_status::fine::Unknown	candidate_only	shadow_candidate	shadow_candidate	fine	neutrophil_TAN_NET_like	state::fine::neutrophil_TAN_NET_like	766	marker_based_fine_candidate_annotation.csv.gz	11fb72c7510c5613aef176329e928327e7ce3608c15e99d85c571ef3d6c77952
shadow__757b50b253460d82a595	GSE151530	marker_based_fine	plasma_Ig_like	Unknown	Unknown	Unknown	annotation_status::coarse::Unknown	annotation_status::mid::Unknown	annotation_status::fine::Unknown	candidate_only	shadow_candidate	shadow_candidate	fine	plasma_Ig_like	state::fine::plasma_Ig_like	953	marker_based_fine_candidate_annotation.csv.gz	11fb72c7510c5613aef176329e928327e7ce3608c15e99d85c571ef3d6c77952
shadow__740a6d74258cac182fa4	GSE151530	marker_based_fine	tumor_IFN_APM_high_like	Unknown	Unknown	Unknown	annotation_status::coarse::Unknown	annotation_status::mid::Unknown	annotation_status::fine::Unknown	candidate_only	shadow_candidate	shadow_candidate	fine	tumor_IFN_APM_high_like	state::fine::tumor_IFN_APM_high_like	75	marker_based_fine_candidate_annotation.csv.gz	11fb72c7510c5613aef176329e928327e7ce3608c15e99d85c571ef3d6c77952
shadow__ce2924d73be0082bb641	GSE151530	marker_based_fine	tumor_WNT_exclusion_like	Unknown	Unknown	Unknown	annotation_status::coarse::Unknown	annotation_status::mid::Unknown	annotation_status::fine::Unknown	candidate_only	shadow_candidate	shadow_candidate	fine	tumor_WNT_exclusion_like	state::fine::tumor_WNT_exclusion_like	1246	marker_based_fine_candidate_annotation.csv.gz	11fb72c7510c5613aef176329e928327e7ce3608c15e99d85c571ef3d6c77952
shadow__89e61d860d6d38eb1962	GSE151530	marker_based_fine	tumor_cell_cycle_like	Unknown	Unknown	Unknown	annotation_status::coarse::Unknown	annotation_status::mid::Unknown	annotation_status::fine::Unknown	candidate_only	shadow_candidate	shadow_candidate	fine	tumor_cell_cycle_like	state::fine::tumor_cell_cycle_like	1106	marker_based_fine_candidate_annotation.csv.gz	11fb72c7510c5613aef176329e928327e7ce3608c15e99d85c571ef3d6c77952
shadow__4a331883e6ced6c57d0b	GSE151530	marker_based_fine	vascular_endothelial_like	Unknown	Unknown	Unknown	annotation_status::coarse::Unknown	annotation_status::mid::Unknown	annotation_status::fine::Unknown	candidate_only	shadow_candidate	shadow_candidate	fine	vascular_endothelial_like	state::fine::vascular_endothelial_like	1247	marker_based_fine_candidate_annotation.csv.gz	11fb72c7510c5613aef176329e928327e7ce3608c15e99d85c571ef3d6c77952
shadow__9903c7375efe2fa78b47	GSE151530	marker_based_mid	APC_priming_like	Unknown	Unknown	Unknown	annotation_status::coarse::Unknown	annotation_status::mid::Unknown	annotation_status::fine::Unknown	candidate_only	shadow_candidate	shadow_candidate	mid	APC_priming_like		1666	marker_based_mid_annotation.csv.gz	8a93369d569423594390d587d4001a36f820bafb165dc04654523717b089b3ae
shadow__0540165c071c48c65f22	GSE151530	marker_based_mid	B_cell	Unknown	Unknown	Unknown	annotation_status::coarse::Unknown	annotation_status::mid::Unknown	annotation_status::fine::Unknown	candidate_only	shadow_candidate	shadow_candidate	mid	B_cell	identity::mid::B_cell	1593	marker_based_mid_annotation.csv.gz	8a93369d569423594390d587d4001a36f820bafb165dc04654523717b089b3ae
shadow__d9d1a431e4f3b7243473	GSE151530	marker_based_mid	CAF	Unknown	Unknown	Unknown	annotation_status::coarse::Unknown	annotation_status::mid::Unknown	annotation_status::fine::Unknown	candidate_only	shadow_candidate	shadow_candidate	mid	CAF	identity::mid::CAF	2814	marker_based_mid_annotation.csv.gz	8a93369d569423594390d587d4001a36f820bafb165dc04654523717b089b3ae
shadow__56ffd65e57fe2e67df97	GSE151530	marker_based_mid	CD4_T	Unknown	Unknown	Unknown	annotation_status::coarse::Unknown	annotation_status::mid::Unknown	annotation_status::fine::Unknown	candidate_only	shadow_candidate	shadow_candidate	mid	CD4_T	identity::mid::CD4_T	2914	marker_based_mid_annotation.csv.gz	8a93369d569423594390d587d4001a36f820bafb165dc04654523717b089b3ae
shadow__bd0690a3fc882488aab0	GSE151530	marker_based_mid	CD8_T	Unknown	Unknown	Unknown	annotation_status::coarse::Unknown	annotation_status::mid::Unknown	annotation_status::fine::Unknown	candidate_only	shadow_candidate	shadow_candidate	mid	CD8_T	identity::mid::CD8_T	3420	marker_based_mid_annotation.csv.gz	8a93369d569423594390d587d4001a36f820bafb165dc04654523717b089b3ae
shadow__06045005b75a03335199	GSE151530	marker_based_mid	DC	Unknown	Unknown	Unknown	annotation_status::coarse::Unknown	annotation_status::mid::Unknown	annotation_status::fine::Unknown	candidate_only	shadow_candidate	shadow_candidate	mid	DC	identity::mid::DC	1408	marker_based_mid_annotation.csv.gz	8a93369d569423594390d587d4001a36f820bafb165dc04654523717b089b3ae
shadow__f66e8176765e32cee395	GSE151530	marker_based_mid	Endothelial	Unknown	Unknown	Unknown	annotation_status::coarse::Unknown	annotation_status::mid::Unknown	annotation_status::fine::Unknown	candidate_only	shadow_candidate	shadow_candidate	mid	Endothelial	identity::mid::Endothelial	3408	marker_based_mid_annotation.csv.gz	8a93369d569423594390d587d4001a36f820bafb165dc04654523717b089b3ae
shadow__988bfb60e614daade8c3	GSE151530	marker_based_mid	Macrophage	Unknown	Unknown	Unknown	annotation_status::coarse::Unknown	annotation_status::mid::Unknown	annotation_status::fine::Unknown	candidate_only	shadow_candidate	shadow_candidate	mid	Macrophage	identity::mid::Macrophage	2369	marker_based_mid_annotation.csv.gz	8a93369d569423594390d587d4001a36f820bafb165dc04654523717b089b3ae
shadow__1cdf1ee5f3be9208df28	GSE151530	marker_based_mid	Monocyte	Unknown	Unknown	Unknown	annotation_status::coarse::Unknown	annotation_status::mid::Unknown	annotation_status::fine::Unknown	candidate_only	shadow_candidate	shadow_candidate	mid	Monocyte	identity::mid::Monocyte	462	marker_based_mid_annotation.csv.gz	8a93369d569423594390d587d4001a36f820bafb165dc04654523717b089b3ae
shadow__ca4f23dabd16e8da3ef8	GSE151530	marker_based_mid	NK	Unknown	Unknown	Unknown	annotation_status::coarse::Unknown	annotation_status::mid::Unknown	annotation_status::fine::Unknown	candidate_only	shadow_candidate	shadow_candidate	mid	NK	identity::mid::NK	2567	marker_based_mid_annotation.csv.gz	8a93369d569423594390d587d4001a36f820bafb165dc04654523717b089b3ae
shadow__717f5fc1959ed165c46e	GSE151530	marker_based_mid	NKT_like	Unknown	Unknown	Unknown	annotation_status::coarse::Unknown	annotation_status::mid::Unknown	annotation_status::fine::Unknown	candidate_only	shadow_candidate	shadow_candidate	mid	NKT_like	identity::mid::NKT_like	2659	marker_based_mid_annotation.csv.gz	8a93369d569423594390d587d4001a36f820bafb165dc04654523717b089b3ae
shadow__070b0b00dcc3a44ae9c3	GSE151530	marker_based_mid	Neutrophil_TAN_like	Unknown	Unknown	Unknown	annotation_status::coarse::Unknown	annotation_status::mid::Unknown	annotation_status::fine::Unknown	candidate_only	shadow_candidate	shadow_candidate	mid	Neutrophil_TAN_like	identity::mid::Neutrophil_TAN_like	810	marker_based_mid_annotation.csv.gz	8a93369d569423594390d587d4001a36f820bafb165dc04654523717b089b3ae
shadow__411c80482aba80d5983b	GSE151530	marker_based_mid	Plasma_cell	Unknown	Unknown	Unknown	annotation_status::coarse::Unknown	annotation_status::mid::Unknown	annotation_status::fine::Unknown	candidate_only	shadow_candidate	shadow_candidate	mid	Plasma_cell	identity::mid::Plasma_cell	2058	marker_based_mid_annotation.csv.gz	8a93369d569423594390d587d4001a36f820bafb165dc04654523717b089b3ae
shadow__9cb05b76750b74449fbe	GSE151530	marker_based_mid	Treg	Unknown	Unknown	Unknown	annotation_status::coarse::Unknown	annotation_status::mid::Unknown	annotation_status::fine::Unknown	candidate_only	shadow_candidate	shadow_candidate	mid	Treg	identity::mid::Treg	2492	marker_based_mid_annotation.csv.gz	8a93369d569423594390d587d4001a36f820bafb165dc04654523717b089b3ae
shadow__c06603c4d53b202e26c2	GSE151530	marker_based_mid	Tumor_epithelial_like	Unknown	Unknown	Unknown	annotation_status::coarse::Unknown	annotation_status::mid::Unknown	annotation_status::fine::Unknown	candidate_only	shadow_candidate	shadow_candidate	mid	Tumor_epithelial_like	identity::mid::Tumor_epithelial_like	12498	marker_based_mid_annotation.csv.gz	8a93369d569423594390d587d4001a36f820bafb165dc04654523717b089b3ae
shadow__c38ab137dd1c159a69ba	GSE151530	marker_based_mid	Unknown	Unknown	Unknown	Unknown	annotation_status::coarse::Unknown	annotation_status::mid::Unknown	annotation_status::fine::Unknown	candidate_only	shadow_candidate	shadow_candidate	mid	Unknown	annotation_status::mid::Unknown	13426	marker_based_mid_annotation.csv.gz	8a93369d569423594390d587d4001a36f820bafb165dc04654523717b089b3ae
shadow__2fc3d048aa85bdbe6e9a	GSE151530	marker_based_mid	pDC	Unknown	Unknown	Unknown	annotation_status::coarse::Unknown	annotation_status::mid::Unknown	annotation_status::fine::Unknown	candidate_only	shadow_candidate	shadow_candidate	mid	pDC	identity::mid::pDC	157	marker_based_mid_annotation.csv.gz	8a93369d569423594390d587d4001a36f820bafb165dc04654523717b089b3ae
shadow__b56b6cadfe86d6510483	GSE161801	marker_based_fine	CAF_inflammatory_like	Unknown	Unknown	Unknown	annotation_status::coarse::Unknown	annotation_status::mid::Unknown	annotation_status::fine::Unknown	candidate_only	shadow_candidate	shadow_candidate	fine	CAF_inflammatory_like	state::fine::CAF_inflammatory_like	698	marker_based_fine_candidate_annotation.csv.gz	11fb72c7510c5613aef176329e928327e7ce3608c15e99d85c571ef3d6c77952
shadow__583e18d5e82d014e2e12	GSE161801	marker_based_fine	CAF_myofibroblast_like	Unknown	Unknown	Unknown	annotation_status::coarse::Unknown	annotation_status::mid::Unknown	annotation_status::fine::Unknown	candidate_only	shadow_candidate	shadow_candidate	fine	CAF_myofibroblast_like	state::fine::CAF_myofibroblast_like	437	marker_based_fine_candidate_annotation.csv.gz	11fb72c7510c5613aef176329e928327e7ce3608c15e99d85c571ef3d6c77952
shadow__626966ee22b35237b488	GSE161801	marker_based_fine	CD4_helper_like	Unknown	Unknown	Unknown	annotation_status::coarse::Unknown	annotation_status::mid::Unknown	annotation_status::fine::Unknown	candidate_only	shadow_candidate	shadow_candidate	fine	CD4_helper_like	state::fine::CD4_helper_like	1246	marker_based_fine_candidate_annotation.csv.gz	11fb72c7510c5613aef176329e928327e7ce3608c15e99d85c571ef3d6c77952
shadow__ef1647820b90ddc05634	GSE161801	marker_based_fine	CD8_cytotoxic_like	Unknown	Unknown	Unknown	annotation_status::coarse::Unknown	annotation_status::mid::Unknown	annotation_status::fine::Unknown	candidate_only	shadow_candidate	shadow_candidate	fine	CD8_cytotoxic_like	state::fine::CD8_cytotoxic_like	3443	marker_based_fine_candidate_annotation.csv.gz	11fb72c7510c5613aef176329e928327e7ce3608c15e99d85c571ef3d6c77952
shadow__74bba32c575f2d70bc5d	GSE161801	marker_based_fine	CD8_exhausted_like	Unknown	Unknown	Unknown	annotation_status::coarse::Unknown	annotation_status::mid::Unknown	annotation_status::fine::Unknown	candidate_only	shadow_candidate	shadow_candidate	fine	CD8_exhausted_like	state::fine::CD8_exhausted_like	192	marker_based_fine_candidate_annotation.csv.gz	11fb72c7510c5613aef176329e928327e7ce3608c15e99d85c571ef3d6c77952
shadow__61a75974097f02f2b673	GSE161801	marker_based_fine	CD8_progenitor_exhausted_like	Unknown	Unknown	Unknown	annotation_status::coarse::Unknown	annotation_status::mid::Unknown	annotation_status::fine::Unknown	candidate_only	shadow_candidate	shadow_candidate	fine	CD8_progenitor_exhausted_like	state::fine::CD8_progenitor_exhausted_like	149	marker_based_fine_candidate_annotation.csv.gz	11fb72c7510c5613aef176329e928327e7ce3608c15e99d85c571ef3d6c77952
shadow__de55ca814f5dc05e0116	GSE161801	marker_based_fine	CD8_terminal_exhausted_like	Unknown	Unknown	Unknown	annotation_status::coarse::Unknown	annotation_status::mid::Unknown	annotation_status::fine::Unknown	candidate_only	shadow_candidate	shadow_candidate	fine	CD8_terminal_exhausted_like	state::fine::CD8_terminal_exhausted_like	1465	marker_based_fine_candidate_annotation.csv.gz	11fb72c7510c5613aef176329e928327e7ce3608c15e99d85c571ef3d6c77952
shadow__89376faf11b747869bdd	GSE161801	marker_based_fine	DC_migratory_like	Unknown	Unknown	Unknown	annotation_status::coarse::Unknown	annotation_status::mid::Unknown	annotation_status::fine::Unknown	candidate_only	shadow_candidate	shadow_candidate	fine	DC_migratory_like	state::fine::DC_migratory_like	2069	marker_based_fine_candidate_annotation.csv.gz	11fb72c7510c5613aef176329e928327e7ce3608c15e99d85c571ef3d6c77952
shadow__493a9542baa3a458c364	GSE161801	marker_based_fine	NK_cytotoxic_like	Unknown	Unknown	Unknown	annotation_status::coarse::Unknown	annotation_status::mid::Unknown	annotation_status::fine::Unknown	candidate_only	shadow_candidate	shadow_candidate	fine	NK_cytotoxic_like	state::fine::NK_cytotoxic_like	10042	marker_based_fine_candidate_annotation.csv.gz	11fb72c7510c5613aef176329e928327e7ce3608c15e99d85c571ef3d6c77952
shadow__03dbc049dbaec60a9649	GSE161801	marker_based_fine	TLS_B_like	Unknown	Unknown	Unknown	annotation_status::coarse::Unknown	annotation_status::mid::Unknown	annotation_status::fine::Unknown	candidate_only	shadow_candidate	shadow_candidate	fine	TLS_B_like	state::fine::TLS_B_like	253	marker_based_fine_candidate_annotation.csv.gz	11fb72c7510c5613aef176329e928327e7ce3608c15e99d85c571ef3d6c77952
shadow__d4355334d466e27ed5ae	GSE161801	marker_based_fine	TREM2_macrophage_like	Unknown	Unknown	Unknown	annotation_status::coarse::Unknown	annotation_status::mid::Unknown	annotation_status::fine::Unknown	candidate_only	shadow_candidate	shadow_candidate	fine	TREM2_macrophage_like	state::fine::TREM2_macrophage_like	9	marker_based_fine_candidate_annotation.csv.gz	11fb72c7510c5613aef176329e928327e7ce3608c15e99d85c571ef3d6c77952
shadow__570ca070fa459aec6579	GSE161801	marker_based_fine	Treg_suppressive_like	Unknown	Unknown	Unknown	annotation_status::coarse::Unknown	annotation_status::mid::Unknown	annotation_status::fine::Unknown	candidate_only	shadow_candidate	shadow_candidate	fine	Treg_suppressive_like	state::fine::Treg_suppressive_like	334	marker_based_fine_candidate_annotation.csv.gz	11fb72c7510c5613aef176329e928327e7ce3608c15e99d85c571ef3d6c77952
shadow__92fd3c8c88886f533e41	GSE161801	marker_based_fine	Unknown	Unknown	Unknown	Unknown	annotation_status::coarse::Unknown	annotation_status::mid::Unknown	annotation_status::fine::Unknown	candidate_only	shadow_candidate	shadow_candidate	fine	Unknown	annotation_status::fine::Unknown	173417	marker_based_fine_candidate_annotation.csv.gz	11fb72c7510c5613aef176329e928327e7ce3608c15e99d85c571ef3d6c77952
shadow__7933d47f262bae7d1ea6	GSE161801	marker_based_fine	angiogenic_endothelial_like	Unknown	Unknown	Unknown	annotation_status::coarse::Unknown	annotation_status::mid::Unknown	annotation_status::fine::Unknown	candidate_only	shadow_candidate	shadow_candidate	fine	angiogenic_endothelial_like	state::fine::angiogenic_endothelial_like	1430	marker_based_fine_candidate_annotation.csv.gz	11fb72c7510c5613aef176329e928327e7ce3608c15e99d85c571ef3d6c77952
shadow__f9c92338fdc5347dc047	GSE161801	marker_based_fine	neutrophil_TAN_NET_like	Unknown	Unknown	Unknown	annotation_status::coarse::Unknown	annotation_status::mid::Unknown	annotation_status::fine::Unknown	candidate_only	shadow_candidate	shadow_candidate	fine	neutrophil_TAN_NET_like	state::fine::neutrophil_TAN_NET_like	576	marker_based_fine_candidate_annotation.csv.gz	11fb72c7510c5613aef176329e928327e7ce3608c15e99d85c571ef3d6c77952
shadow__caaf3f904ec156901dfc	GSE161801	marker_based_fine	plasma_Ig_like	Unknown	Unknown	Unknown	annotation_status::coarse::Unknown	annotation_status::mid::Unknown	annotation_status::fine::Unknown	candidate_only	shadow_candidate	shadow_candidate	fine	plasma_Ig_like	state::fine::plasma_Ig_like	14820	marker_based_fine_candidate_annotation.csv.gz	11fb72c7510c5613aef176329e928327e7ce3608c15e99d85c571ef3d6c77952
shadow__6c999edd5a860b8332e3	GSE161801	marker_based_fine	tumor_IFN_APM_high_like	Unknown	Unknown	Unknown	annotation_status::coarse::Unknown	annotation_status::mid::Unknown	annotation_status::fine::Unknown	candidate_only	shadow_candidate	shadow_candidate	fine	tumor_IFN_APM_high_like	state::fine::tumor_IFN_APM_high_like	626	marker_based_fine_candidate_annotation.csv.gz	11fb72c7510c5613aef176329e928327e7ce3608c15e99d85c571ef3d6c77952
shadow__25f62e91150f1b2b93d0	GSE161801	marker_based_fine	tumor_WNT_exclusion_like	Unknown	Unknown	Unknown	annotation_status::coarse::Unknown	annotation_status::mid::Unknown	annotation_status::fine::Unknown	candidate_only	shadow_candidate	shadow_candidate	fine	tumor_WNT_exclusion_like	state::fine::tumor_WNT_exclusion_like	1164	marker_based_fine_candidate_annotation.csv.gz	11fb72c7510c5613aef176329e928327e7ce3608c15e99d85c571ef3d6c77952
shadow__5f705e1ad0a87611297d	GSE161801	marker_based_fine	tumor_cell_cycle_like	Unknown	Unknown	Unknown	annotation_status::coarse::Unknown	annotation_status::mid::Unknown	annotation_status::fine::Unknown	candidate_only	shadow_candidate	shadow_candidate	fine	tumor_cell_cycle_like	state::fine::tumor_cell_cycle_like	28	marker_based_fine_candidate_annotation.csv.gz	11fb72c7510c5613aef176329e928327e7ce3608c15e99d85c571ef3d6c77952
shadow__d4140f8196c0aefcf400	GSE161801	marker_based_fine	vascular_endothelial_like	Unknown	Unknown	Unknown	annotation_status::coarse::Unknown	annotation_status::mid::Unknown	annotation_status::fine::Unknown	candidate_only	shadow_candidate	shadow_candidate	fine	vascular_endothelial_like	state::fine::vascular_endothelial_like	6	marker_based_fine_candidate_annotation.csv.gz	11fb72c7510c5613aef176329e928327e7ce3608c15e99d85c571ef3d6c77952
shadow__5f162007939b8c6108e1	GSE161801	marker_based_mid	APC_priming_like	Unknown	Unknown	Unknown	annotation_status::coarse::Unknown	annotation_status::mid::Unknown	annotation_status::fine::Unknown	candidate_only	shadow_candidate	shadow_candidate	mid	APC_priming_like		10849	marker_based_mid_annotation.csv.gz	8a93369d569423594390d587d4001a36f820bafb165dc04654523717b089b3ae
shadow__90bd192328239ce71a4f	GSE161801	marker_based_mid	B_cell	Unknown	Unknown	Unknown	annotation_status::coarse::Unknown	annotation_status::mid::Unknown	annotation_status::fine::Unknown	candidate_only	shadow_candidate	shadow_candidate	mid	B_cell	identity::mid::B_cell	3762	marker_based_mid_annotation.csv.gz	8a93369d569423594390d587d4001a36f820bafb165dc04654523717b089b3ae
shadow__89f1df20065dfff73f13	GSE161801	marker_based_mid	CAF	Unknown	Unknown	Unknown	annotation_status::coarse::Unknown	annotation_status::mid::Unknown	annotation_status::fine::Unknown	candidate_only	shadow_candidate	shadow_candidate	mid	CAF	identity::mid::CAF	8345	marker_based_mid_annotation.csv.gz	8a93369d569423594390d587d4001a36f820bafb165dc04654523717b089b3ae
shadow__7aa90cb51e6aa20c8711	GSE161801	marker_based_mid	CD4_T	Unknown	Unknown	Unknown	annotation_status::coarse::Unknown	annotation_status::mid::Unknown	annotation_status::fine::Unknown	candidate_only	shadow_candidate	shadow_candidate	mid	CD4_T	identity::mid::CD4_T	3357	marker_based_mid_annotation.csv.gz	8a93369d569423594390d587d4001a36f820bafb165dc04654523717b089b3ae
shadow__9a0881a00700b7b08fd4	GSE161801	marker_based_mid	CD8_T	Unknown	Unknown	Unknown	annotation_status::coarse::Unknown	annotation_status::mid::Unknown	annotation_status::fine::Unknown	candidate_only	shadow_candidate	shadow_candidate	mid	CD8_T	identity::mid::CD8_T	12661	marker_based_mid_annotation.csv.gz	8a93369d569423594390d587d4001a36f820bafb165dc04654523717b089b3ae
shadow__44b9b33873d1e1bfd080	GSE161801	marker_based_mid	DC	Unknown	Unknown	Unknown	annotation_status::coarse::Unknown	annotation_status::mid::Unknown	annotation_status::fine::Unknown	candidate_only	shadow_candidate	shadow_candidate	mid	DC	identity::mid::DC	8136	marker_based_mid_annotation.csv.gz	8a93369d569423594390d587d4001a36f820bafb165dc04654523717b089b3ae
shadow__c846f468d27d1e1fcdd0	GSE161801	marker_based_mid	Endothelial	Unknown	Unknown	Unknown	annotation_status::coarse::Unknown	annotation_status::mid::Unknown	annotation_status::fine::Unknown	candidate_only	shadow_candidate	shadow_candidate	mid	Endothelial	identity::mid::Endothelial	20669	marker_based_mid_annotation.csv.gz	8a93369d569423594390d587d4001a36f820bafb165dc04654523717b089b3ae
shadow__7f98b5c2ad0e5f3388ad	GSE161801	marker_based_mid	Macrophage	Unknown	Unknown	Unknown	annotation_status::coarse::Unknown	annotation_status::mid::Unknown	annotation_status::fine::Unknown	candidate_only	shadow_candidate	shadow_candidate	mid	Macrophage	identity::mid::Macrophage	371	marker_based_mid_annotation.csv.gz	8a93369d569423594390d587d4001a36f820bafb165dc04654523717b089b3ae
shadow__49e74fcaf4bac1277608	GSE161801	marker_based_mid	Monocyte	Unknown	Unknown	Unknown	annotation_status::coarse::Unknown	annotation_status::mid::Unknown	annotation_status::fine::Unknown	candidate_only	shadow_candidate	shadow_candidate	mid	Monocyte	identity::mid::Monocyte	13094	marker_based_mid_annotation.csv.gz	8a93369d569423594390d587d4001a36f820bafb165dc04654523717b089b3ae
shadow__d8fcb5e361e207fd225c	GSE161801	marker_based_mid	NK	Unknown	Unknown	Unknown	annotation_status::coarse::Unknown	annotation_status::mid::Unknown	annotation_status::fine::Unknown	candidate_only	shadow_candidate	shadow_candidate	mid	NK	identity::mid::NK	11035	marker_based_mid_annotation.csv.gz	8a93369d569423594390d587d4001a36f820bafb165dc04654523717b089b3ae
shadow__08d39179c4f0267dfacc	GSE161801	marker_based_mid	NKT_like	Unknown	Unknown	Unknown	annotation_status::coarse::Unknown	annotation_status::mid::Unknown	annotation_status::fine::Unknown	candidate_only	shadow_candidate	shadow_candidate	mid	NKT_like	identity::mid::NKT_like	11396	marker_based_mid_annotation.csv.gz	8a93369d569423594390d587d4001a36f820bafb165dc04654523717b089b3ae
shadow__84e46295fee8a808de24	GSE161801	marker_based_mid	Neutrophil_TAN_like	Unknown	Unknown	Unknown	annotation_status::coarse::Unknown	annotation_status::mid::Unknown	annotation_status::fine::Unknown	candidate_only	shadow_candidate	shadow_candidate	mid	Neutrophil_TAN_like	identity::mid::Neutrophil_TAN_like	10790	marker_based_mid_annotation.csv.gz	8a93369d569423594390d587d4001a36f820bafb165dc04654523717b089b3ae
shadow__20cafa015c056b5101d2	GSE161801	marker_based_mid	Plasma_cell	Unknown	Unknown	Unknown	annotation_status::coarse::Unknown	annotation_status::mid::Unknown	annotation_status::fine::Unknown	candidate_only	shadow_candidate	shadow_candidate	mid	Plasma_cell	identity::mid::Plasma_cell	17932	marker_based_mid_annotation.csv.gz	8a93369d569423594390d587d4001a36f820bafb165dc04654523717b089b3ae
shadow__7bcecbbd481f39d74d6a	GSE161801	marker_based_mid	Treg	Unknown	Unknown	Unknown	annotation_status::coarse::Unknown	annotation_status::mid::Unknown	annotation_status::fine::Unknown	candidate_only	shadow_candidate	shadow_candidate	mid	Treg	identity::mid::Treg	14558	marker_based_mid_annotation.csv.gz	8a93369d569423594390d587d4001a36f820bafb165dc04654523717b089b3ae
shadow__b9b94530991f9e8aac64	GSE161801	marker_based_mid	Tumor_epithelial_like	Unknown	Unknown	Unknown	annotation_status::coarse::Unknown	annotation_status::mid::Unknown	annotation_status::fine::Unknown	candidate_only	shadow_candidate	shadow_candidate	mid	Tumor_epithelial_like	identity::mid::Tumor_epithelial_like	7962	marker_based_mid_annotation.csv.gz	8a93369d569423594390d587d4001a36f820bafb165dc04654523717b089b3ae
shadow__2caff5f4a415b75f372e	GSE161801	marker_based_mid	Unknown	Unknown	Unknown	Unknown	annotation_status::coarse::Unknown	annotation_status::mid::Unknown	annotation_status::fine::Unknown	candidate_only	shadow_candidate	shadow_candidate	mid	Unknown	annotation_status::mid::Unknown	55098	marker_based_mid_annotation.csv.gz	8a93369d569423594390d587d4001a36f820bafb165dc04654523717b089b3ae
shadow__44db505b84bcd71c5fce	GSE161801	marker_based_mid	pDC	Unknown	Unknown	Unknown	annotation_status::coarse::Unknown	annotation_status::mid::Unknown	annotation_status::fine::Unknown	candidate_only	shadow_candidate	shadow_candidate	mid	pDC	identity::mid::pDC	2389	marker_based_mid_annotation.csv.gz	8a93369d569423594390d587d4001a36f820bafb165dc04654523717b089b3ae
shadow__43339b2657f2d7644c12	GSE169246	marker_based_fine	CAF_inflammatory_like	Unknown	Unknown	Unknown	annotation_status::coarse::Unknown	annotation_status::mid::Unknown	annotation_status::fine::Unknown	candidate_only	shadow_candidate	shadow_candidate	fine	CAF_inflammatory_like	state::fine::CAF_inflammatory_like	433	marker_based_fine_candidate_annotation.csv.gz	11fb72c7510c5613aef176329e928327e7ce3608c15e99d85c571ef3d6c77952
shadow__5bffb33446ff22f09ec5	GSE169246	marker_based_fine	CAF_myofibroblast_like	Unknown	Unknown	Unknown	annotation_status::coarse::Unknown	annotation_status::mid::Unknown	annotation_status::fine::Unknown	candidate_only	shadow_candidate	shadow_candidate	fine	CAF_myofibroblast_like	state::fine::CAF_myofibroblast_like	1110	marker_based_fine_candidate_annotation.csv.gz	11fb72c7510c5613aef176329e928327e7ce3608c15e99d85c571ef3d6c77952
shadow__cae9eb01bc746d5c0ddf	GSE169246	marker_based_fine	CD4_helper_like	Unknown	Unknown	Unknown	annotation_status::coarse::Unknown	annotation_status::mid::Unknown	annotation_status::fine::Unknown	candidate_only	shadow_candidate	shadow_candidate	fine	CD4_helper_like	state::fine::CD4_helper_like	1964	marker_based_fine_candidate_annotation.csv.gz	11fb72c7510c5613aef176329e928327e7ce3608c15e99d85c571ef3d6c77952
shadow__b3e62adbffd0409f43cb	GSE169246	marker_based_fine	CD8_cytotoxic_like	Unknown	Unknown	Unknown	annotation_status::coarse::Unknown	annotation_status::mid::Unknown	annotation_status::fine::Unknown	candidate_only	shadow_candidate	shadow_candidate	fine	CD8_cytotoxic_like	state::fine::CD8_cytotoxic_like	2156	marker_based_fine_candidate_annotation.csv.gz	11fb72c7510c5613aef176329e928327e7ce3608c15e99d85c571ef3d6c77952
shadow__49be13e5afa738f3d34e	GSE169246	marker_based_fine	CD8_exhausted_like	Unknown	Unknown	Unknown	annotation_status::coarse::Unknown	annotation_status::mid::Unknown	annotation_status::fine::Unknown	candidate_only	shadow_candidate	shadow_candidate	fine	CD8_exhausted_like	state::fine::CD8_exhausted_like	2452	marker_based_fine_candidate_annotation.csv.gz	11fb72c7510c5613aef176329e928327e7ce3608c15e99d85c571ef3d6c77952
shadow__f654ab5c0fac18361d89	GSE169246	marker_based_fine	CD8_progenitor_exhausted_like	Unknown	Unknown	Unknown	annotation_status::coarse::Unknown	annotation_status::mid::Unknown	annotation_status::fine::Unknown	candidate_only	shadow_candidate	shadow_candidate	fine	CD8_progenitor_exhausted_like	state::fine::CD8_progenitor_exhausted_like	239	marker_based_fine_candidate_annotation.csv.gz	11fb72c7510c5613aef176329e928327e7ce3608c15e99d85c571ef3d6c77952
shadow__86e3c8c58e64c8291891	GSE169246	marker_based_fine	CD8_terminal_exhausted_like	Unknown	Unknown	Unknown	annotation_status::coarse::Unknown	annotation_status::mid::Unknown	annotation_status::fine::Unknown	candidate_only	shadow_candidate	shadow_candidate	fine	CD8_terminal_exhausted_like	state::fine::CD8_terminal_exhausted_like	3501	marker_based_fine_candidate_annotation.csv.gz	11fb72c7510c5613aef176329e928327e7ce3608c15e99d85c571ef3d6c77952
shadow__b8d2afe0430c1ccf1ac8	GSE169246	marker_based_fine	DC_migratory_like	Unknown	Unknown	Unknown	annotation_status::coarse::Unknown	annotation_status::mid::Unknown	annotation_status::fine::Unknown	candidate_only	shadow_candidate	shadow_candidate	fine	DC_migratory_like	state::fine::DC_migratory_like	1355	marker_based_fine_candidate_annotation.csv.gz	11fb72c7510c5613aef176329e928327e7ce3608c15e99d85c571ef3d6c77952
shadow__5966d7cf7f0d68abf1b4	GSE169246	marker_based_fine	NK_cytotoxic_like	Unknown	Unknown	Unknown	annotation_status::coarse::Unknown	annotation_status::mid::Unknown	annotation_status::fine::Unknown	candidate_only	shadow_candidate	shadow_candidate	fine	NK_cytotoxic_like	state::fine::NK_cytotoxic_like	40337	marker_based_fine_candidate_annotation.csv.gz	11fb72c7510c5613aef176329e928327e7ce3608c15e99d85c571ef3d6c77952
shadow__c61b958c1569665bcf96	GSE169246	marker_based_fine	TLS_B_like	Unknown	Unknown	Unknown	annotation_status::coarse::Unknown	annotation_status::mid::Unknown	annotation_status::fine::Unknown	candidate_only	shadow_candidate	shadow_candidate	fine	TLS_B_like	state::fine::TLS_B_like	9101	marker_based_fine_candidate_annotation.csv.gz	11fb72c7510c5613aef176329e928327e7ce3608c15e99d85c571ef3d6c77952
shadow__8cdb88ac82d8d6ae0443	GSE169246	marker_based_fine	TREM2_macrophage_like	Unknown	Unknown	Unknown	annotation_status::coarse::Unknown	annotation_status::mid::Unknown	annotation_status::fine::Unknown	candidate_only	shadow_candidate	shadow_candidate	fine	TREM2_macrophage_like	state::fine::TREM2_macrophage_like	2141	marker_based_fine_candidate_annotation.csv.gz	11fb72c7510c5613aef176329e928327e7ce3608c15e99d85c571ef3d6c77952
shadow__c1c933f7258b0ea83f84	GSE169246	marker_based_fine	Treg_suppressive_like	Unknown	Unknown	Unknown	annotation_status::coarse::Unknown	annotation_status::mid::Unknown	annotation_status::fine::Unknown	candidate_only	shadow_candidate	shadow_candidate	fine	Treg_suppressive_like	state::fine::Treg_suppressive_like	806	marker_based_fine_candidate_annotation.csv.gz	11fb72c7510c5613aef176329e928327e7ce3608c15e99d85c571ef3d6c77952
shadow__66193b9e539d276b2b51	GSE169246	marker_based_fine	Unknown	Unknown	Unknown	Unknown	annotation_status::coarse::Unknown	annotation_status::mid::Unknown	annotation_status::fine::Unknown	candidate_only	shadow_candidate	shadow_candidate	fine	Unknown	annotation_status::fine::Unknown	368080	marker_based_fine_candidate_annotation.csv.gz	11fb72c7510c5613aef176329e928327e7ce3608c15e99d85c571ef3d6c77952
shadow__0a844eaa39df4c77a91e	GSE169246	marker_based_fine	angiogenic_endothelial_like	Unknown	Unknown	Unknown	annotation_status::coarse::Unknown	annotation_status::mid::Unknown	annotation_status::fine::Unknown	candidate_only	shadow_candidate	shadow_candidate	fine	angiogenic_endothelial_like	state::fine::angiogenic_endothelial_like	27172	marker_based_fine_candidate_annotation.csv.gz	11fb72c7510c5613aef176329e928327e7ce3608c15e99d85c571ef3d6c77952
shadow__314a02f89a14e66fe784	GSE169246	marker_based_fine	neutrophil_TAN_NET_like	Unknown	Unknown	Unknown	annotation_status::coarse::Unknown	annotation_status::mid::Unknown	annotation_status::fine::Unknown	candidate_only	shadow_candidate	shadow_candidate	fine	neutrophil_TAN_NET_like	state::fine::neutrophil_TAN_NET_like	21648	marker_based_fine_candidate_annotation.csv.gz	11fb72c7510c5613aef176329e928327e7ce3608c15e99d85c571ef3d6c77952
shadow__eaf904c3e6e026b6239e	GSE169246	marker_based_fine	plasma_Ig_like	Unknown	Unknown	Unknown	annotation_status::coarse::Unknown	annotation_status::mid::Unknown	annotation_status::fine::Unknown	candidate_only	shadow_candidate	shadow_candidate	fine	plasma_Ig_like	state::fine::plasma_Ig_like	6324	marker_based_fine_candidate_annotation.csv.gz	11fb72c7510c5613aef176329e928327e7ce3608c15e99d85c571ef3d6c77952
shadow__f496b42fc707a2f96d16	GSE169246	marker_based_fine	tumor_IFN_APM_high_like	Unknown	Unknown	Unknown	annotation_status::coarse::Unknown	annotation_status::mid::Unknown	annotation_status::fine::Unknown	candidate_only	shadow_candidate	shadow_candidate	fine	tumor_IFN_APM_high_like	state::fine::tumor_IFN_APM_high_like	2	marker_based_fine_candidate_annotation.csv.gz	11fb72c7510c5613aef176329e928327e7ce3608c15e99d85c571ef3d6c77952
shadow__1b5b22820504a10bbd3a	GSE169246	marker_based_fine	tumor_WNT_exclusion_like	Unknown	Unknown	Unknown	annotation_status::coarse::Unknown	annotation_status::mid::Unknown	annotation_status::fine::Unknown	candidate_only	shadow_candidate	shadow_candidate	fine	tumor_WNT_exclusion_like	state::fine::tumor_WNT_exclusion_like	416	marker_based_fine_candidate_annotation.csv.gz	11fb72c7510c5613aef176329e928327e7ce3608c15e99d85c571ef3d6c77952
shadow__26b1eb8b160cc9ac3dba	GSE169246	marker_based_fine	tumor_cell_cycle_like	Unknown	Unknown	Unknown	annotation_status::coarse::Unknown	annotation_status::mid::Unknown	annotation_status::fine::Unknown	candidate_only	shadow_candidate	shadow_candidate	fine	tumor_cell_cycle_like	state::fine::tumor_cell_cycle_like	50	marker_based_fine_candidate_annotation.csv.gz	11fb72c7510c5613aef176329e928327e7ce3608c15e99d85c571ef3d6c77952
shadow__881be3e880c7c88fd84c	GSE169246	marker_based_fine	vascular_endothelial_like	Unknown	Unknown	Unknown	annotation_status::coarse::Unknown	annotation_status::mid::Unknown	annotation_status::fine::Unknown	candidate_only	shadow_candidate	shadow_candidate	fine	vascular_endothelial_like	state::fine::vascular_endothelial_like	203	marker_based_fine_candidate_annotation.csv.gz	11fb72c7510c5613aef176329e928327e7ce3608c15e99d85c571ef3d6c77952
shadow__9b56d2555c36be6da785	GSE169246	marker_based_mid	APC_priming_like	Unknown	Unknown	Unknown	annotation_status::coarse::Unknown	annotation_status::mid::Unknown	annotation_status::fine::Unknown	candidate_only	shadow_candidate	shadow_candidate	mid	APC_priming_like		13870	marker_based_mid_annotation.csv.gz	8a93369d569423594390d587d4001a36f820bafb165dc04654523717b089b3ae
shadow__e2e0c4d77f885a83aedc	GSE169246	marker_based_mid	B_cell	Unknown	Unknown	Unknown	annotation_status::coarse::Unknown	annotation_status::mid::Unknown	annotation_status::fine::Unknown	candidate_only	shadow_candidate	shadow_candidate	mid	B_cell	identity::mid::B_cell	41864	marker_based_mid_annotation.csv.gz	8a93369d569423594390d587d4001a36f820bafb165dc04654523717b089b3ae
shadow__0dc4aeb81eff118abfad	GSE169246	marker_based_mid	CAF	Unknown	Unknown	Unknown	annotation_status::coarse::Unknown	annotation_status::mid::Unknown	annotation_status::fine::Unknown	candidate_only	shadow_candidate	shadow_candidate	mid	CAF	identity::mid::CAF	24055	marker_based_mid_annotation.csv.gz	8a93369d569423594390d587d4001a36f820bafb165dc04654523717b089b3ae
shadow__0eca89639d762aaaf2be	GSE169246	marker_based_mid	CD4_T	Unknown	Unknown	Unknown	annotation_status::coarse::Unknown	annotation_status::mid::Unknown	annotation_status::fine::Unknown	candidate_only	shadow_candidate	shadow_candidate	mid	CD4_T	identity::mid::CD4_T	4856	marker_based_mid_annotation.csv.gz	8a93369d569423594390d587d4001a36f820bafb165dc04654523717b089b3ae
shadow__0b898ca26e62f6d05487	GSE169246	marker_based_mid	CD8_T	Unknown	Unknown	Unknown	annotation_status::coarse::Unknown	annotation_status::mid::Unknown	annotation_status::fine::Unknown	candidate_only	shadow_candidate	shadow_candidate	mid	CD8_T	identity::mid::CD8_T	30288	marker_based_mid_annotation.csv.gz	8a93369d569423594390d587d4001a36f820bafb165dc04654523717b089b3ae
shadow__c4fd136957093135f8c6	GSE169246	marker_based_mid	DC	Unknown	Unknown	Unknown	annotation_status::coarse::Unknown	annotation_status::mid::Unknown	annotation_status::fine::Unknown	candidate_only	shadow_candidate	shadow_candidate	mid	DC	identity::mid::DC	10646	marker_based_mid_annotation.csv.gz	8a93369d569423594390d587d4001a36f820bafb165dc04654523717b089b3ae
shadow__127a4f7b077b3b603f78	GSE169246	marker_based_mid	Endothelial	Unknown	Unknown	Unknown	annotation_status::coarse::Unknown	annotation_status::mid::Unknown	annotation_status::fine::Unknown	candidate_only	shadow_candidate	shadow_candidate	mid	Endothelial	identity::mid::Endothelial	39167	marker_based_mid_annotation.csv.gz	8a93369d569423594390d587d4001a36f820bafb165dc04654523717b089b3ae
shadow__7f95e50cfb7a8b5d75a2	GSE169246	marker_based_mid	Macrophage	Unknown	Unknown	Unknown	annotation_status::coarse::Unknown	annotation_status::mid::Unknown	annotation_status::fine::Unknown	candidate_only	shadow_candidate	shadow_candidate	mid	Macrophage	identity::mid::Macrophage	6714	marker_based_mid_annotation.csv.gz	8a93369d569423594390d587d4001a36f820bafb165dc04654523717b089b3ae
shadow__26414ebaa7083a4d302c	GSE169246	marker_based_mid	Monocyte	Unknown	Unknown	Unknown	annotation_status::coarse::Unknown	annotation_status::mid::Unknown	annotation_status::fine::Unknown	candidate_only	shadow_candidate	shadow_candidate	mid	Monocyte	identity::mid::Monocyte	9978	marker_based_mid_annotation.csv.gz	8a93369d569423594390d587d4001a36f820bafb165dc04654523717b089b3ae
shadow__4adb585d6bde7f7fe2c8	GSE169246	marker_based_mid	NK	Unknown	Unknown	Unknown	annotation_status::coarse::Unknown	annotation_status::mid::Unknown	annotation_status::fine::Unknown	candidate_only	shadow_candidate	shadow_candidate	mid	NK	identity::mid::NK	51829	marker_based_mid_annotation.csv.gz	8a93369d569423594390d587d4001a36f820bafb165dc04654523717b089b3ae
shadow__10e0dc8cd859145bfeb4	GSE169246	marker_based_mid	NKT_like	Unknown	Unknown	Unknown	annotation_status::coarse::Unknown	annotation_status::mid::Unknown	annotation_status::fine::Unknown	candidate_only	shadow_candidate	shadow_candidate	mid	NKT_like	identity::mid::NKT_like	27518	marker_based_mid_annotation.csv.gz	8a93369d569423594390d587d4001a36f820bafb165dc04654523717b089b3ae
shadow__004156e651c27cb8a8dd	GSE169246	marker_based_mid	Neutrophil_TAN_like	Unknown	Unknown	Unknown	annotation_status::coarse::Unknown	annotation_status::mid::Unknown	annotation_status::fine::Unknown	candidate_only	shadow_candidate	shadow_candidate	mid	Neutrophil_TAN_like	identity::mid::Neutrophil_TAN_like	21950	marker_based_mid_annotation.csv.gz	8a93369d569423594390d587d4001a36f820bafb165dc04654523717b089b3ae
shadow__39ed28ed666d7ff55b74	GSE169246	marker_based_mid	Plasma_cell	Unknown	Unknown	Unknown	annotation_status::coarse::Unknown	annotation_status::mid::Unknown	annotation_status::fine::Unknown	candidate_only	shadow_candidate	shadow_candidate	mid	Plasma_cell	identity::mid::Plasma_cell	10478	marker_based_mid_annotation.csv.gz	8a93369d569423594390d587d4001a36f820bafb165dc04654523717b089b3ae
shadow__8a1a4d25fd36be9dffc3	GSE169246	marker_based_mid	Treg	Unknown	Unknown	Unknown	annotation_status::coarse::Unknown	annotation_status::mid::Unknown	annotation_status::fine::Unknown	candidate_only	shadow_candidate	shadow_candidate	mid	Treg	identity::mid::Treg	5560	marker_based_mid_annotation.csv.gz	8a93369d569423594390d587d4001a36f820bafb165dc04654523717b089b3ae
shadow__255b1ef332429680b295	GSE169246	marker_based_mid	Tumor_epithelial_like	Unknown	Unknown	Unknown	annotation_status::coarse::Unknown	annotation_status::mid::Unknown	annotation_status::fine::Unknown	candidate_only	shadow_candidate	shadow_candidate	mid	Tumor_epithelial_like	identity::mid::Tumor_epithelial_like	17498	marker_based_mid_annotation.csv.gz	8a93369d569423594390d587d4001a36f820bafb165dc04654523717b089b3ae
shadow__f84bf723efc388868ce7	GSE169246	marker_based_mid	Unknown	Unknown	Unknown	Unknown	annotation_status::coarse::Unknown	annotation_status::mid::Unknown	annotation_status::fine::Unknown	candidate_only	shadow_candidate	shadow_candidate	mid	Unknown	annotation_status::mid::Unknown	169602	marker_based_mid_annotation.csv.gz	8a93369d569423594390d587d4001a36f820bafb165dc04654523717b089b3ae
shadow__8aa6d14cb173a6cd432c	GSE169246	marker_based_mid	pDC	Unknown	Unknown	Unknown	annotation_status::coarse::Unknown	annotation_status::mid::Unknown	annotation_status::fine::Unknown	candidate_only	shadow_candidate	shadow_candidate	mid	pDC	identity::mid::pDC	3617	marker_based_mid_annotation.csv.gz	8a93369d569423594390d587d4001a36f820bafb165dc04654523717b089b3ae
shadow__de70c34990d64ed29ed0	GSE176021	marker_based_fine	CAF_inflammatory_like	Unknown	Unknown	Unknown	annotation_status::coarse::Unknown	annotation_status::mid::Unknown	annotation_status::fine::Unknown	candidate_only	shadow_candidate	shadow_candidate	fine	CAF_inflammatory_like	state::fine::CAF_inflammatory_like	1194	marker_based_fine_candidate_annotation.csv.gz	11fb72c7510c5613aef176329e928327e7ce3608c15e99d85c571ef3d6c77952
shadow__fcd84de9a9977176b745	GSE176021	marker_based_fine	CAF_myofibroblast_like	Unknown	Unknown	Unknown	annotation_status::coarse::Unknown	annotation_status::mid::Unknown	annotation_status::fine::Unknown	candidate_only	shadow_candidate	shadow_candidate	fine	CAF_myofibroblast_like	state::fine::CAF_myofibroblast_like	9311	marker_based_fine_candidate_annotation.csv.gz	11fb72c7510c5613aef176329e928327e7ce3608c15e99d85c571ef3d6c77952
shadow__40745fa7fe37926e971d	GSE176021	marker_based_fine	CD4_helper_like	Unknown	Unknown	Unknown	annotation_status::coarse::Unknown	annotation_status::mid::Unknown	annotation_status::fine::Unknown	candidate_only	shadow_candidate	shadow_candidate	fine	CD4_helper_like	state::fine::CD4_helper_like	2827	marker_based_fine_candidate_annotation.csv.gz	11fb72c7510c5613aef176329e928327e7ce3608c15e99d85c571ef3d6c77952
shadow__f25ecbb7ef2ad78f94b0	GSE176021	marker_based_fine	CD8_cytotoxic_like	Unknown	Unknown	Unknown	annotation_status::coarse::Unknown	annotation_status::mid::Unknown	annotation_status::fine::Unknown	candidate_only	shadow_candidate	shadow_candidate	fine	CD8_cytotoxic_like	state::fine::CD8_cytotoxic_like	9233	marker_based_fine_candidate_annotation.csv.gz	11fb72c7510c5613aef176329e928327e7ce3608c15e99d85c571ef3d6c77952
shadow__e53e01a6cbc0e28abb88	GSE176021	marker_based_fine	CD8_exhausted_like	Unknown	Unknown	Unknown	annotation_status::coarse::Unknown	annotation_status::mid::Unknown	annotation_status::fine::Unknown	candidate_only	shadow_candidate	shadow_candidate	fine	CD8_exhausted_like	state::fine::CD8_exhausted_like	2461	marker_based_fine_candidate_annotation.csv.gz	11fb72c7510c5613aef176329e928327e7ce3608c15e99d85c571ef3d6c77952
shadow__d6bc4d1051aaaaa4038d	GSE176021	marker_based_fine	CD8_progenitor_exhausted_like	Unknown	Unknown	Unknown	annotation_status::coarse::Unknown	annotation_status::mid::Unknown	annotation_status::fine::Unknown	candidate_only	shadow_candidate	shadow_candidate	fine	CD8_progenitor_exhausted_like	state::fine::CD8_progenitor_exhausted_like	701	marker_based_fine_candidate_annotation.csv.gz	11fb72c7510c5613aef176329e928327e7ce3608c15e99d85c571ef3d6c77952
shadow__380cd2e7140b4bd017e0	GSE176021	marker_based_fine	CD8_terminal_exhausted_like	Unknown	Unknown	Unknown	annotation_status::coarse::Unknown	annotation_status::mid::Unknown	annotation_status::fine::Unknown	candidate_only	shadow_candidate	shadow_candidate	fine	CD8_terminal_exhausted_like	state::fine::CD8_terminal_exhausted_like	5061	marker_based_fine_candidate_annotation.csv.gz	11fb72c7510c5613aef176329e928327e7ce3608c15e99d85c571ef3d6c77952
shadow__08aa0feef101a250856e	GSE176021	marker_based_fine	DC_migratory_like	Unknown	Unknown	Unknown	annotation_status::coarse::Unknown	annotation_status::mid::Unknown	annotation_status::fine::Unknown	candidate_only	shadow_candidate	shadow_candidate	fine	DC_migratory_like	state::fine::DC_migratory_like	3038	marker_based_fine_candidate_annotation.csv.gz	11fb72c7510c5613aef176329e928327e7ce3608c15e99d85c571ef3d6c77952
shadow__2f86dd9559500aeb0b7b	GSE176021	marker_based_fine	NK_cytotoxic_like	Unknown	Unknown	Unknown	annotation_status::coarse::Unknown	annotation_status::mid::Unknown	annotation_status::fine::Unknown	candidate_only	shadow_candidate	shadow_candidate	fine	NK_cytotoxic_like	state::fine::NK_cytotoxic_like	33135	marker_based_fine_candidate_annotation.csv.gz	11fb72c7510c5613aef176329e928327e7ce3608c15e99d85c571ef3d6c77952
shadow__97a91bd469387a4fbd59	GSE176021	marker_based_fine	TLS_B_like	Unknown	Unknown	Unknown	annotation_status::coarse::Unknown	annotation_status::mid::Unknown	annotation_status::fine::Unknown	candidate_only	shadow_candidate	shadow_candidate	fine	TLS_B_like	state::fine::TLS_B_like	308	marker_based_fine_candidate_annotation.csv.gz	11fb72c7510c5613aef176329e928327e7ce3608c15e99d85c571ef3d6c77952
shadow__4fcd1972347a14293d16	GSE176021	marker_based_fine	TREM2_macrophage_like	Unknown	Unknown	Unknown	annotation_status::coarse::Unknown	annotation_status::mid::Unknown	annotation_status::fine::Unknown	candidate_only	shadow_candidate	shadow_candidate	fine	TREM2_macrophage_like	state::fine::TREM2_macrophage_like	616	marker_based_fine_candidate_annotation.csv.gz	11fb72c7510c5613aef176329e928327e7ce3608c15e99d85c571ef3d6c77952
shadow__f6d85252724581644fd7	GSE176021	marker_based_fine	Treg_suppressive_like	Unknown	Unknown	Unknown	annotation_status::coarse::Unknown	annotation_status::mid::Unknown	annotation_status::fine::Unknown	candidate_only	shadow_candidate	shadow_candidate	fine	Treg_suppressive_like	state::fine::Treg_suppressive_like	1386	marker_based_fine_candidate_annotation.csv.gz	11fb72c7510c5613aef176329e928327e7ce3608c15e99d85c571ef3d6c77952
shadow__242d90ed576ca460b488	GSE176021	marker_based_fine	Unknown	Unknown	Unknown	Unknown	annotation_status::coarse::Unknown	annotation_status::mid::Unknown	annotation_status::fine::Unknown	candidate_only	shadow_candidate	shadow_candidate	fine	Unknown	annotation_status::fine::Unknown	778798	marker_based_fine_candidate_annotation.csv.gz	11fb72c7510c5613aef176329e928327e7ce3608c15e99d85c571ef3d6c77952
shadow__0c6bb42492a499916251	GSE176021	marker_based_fine	angiogenic_endothelial_like	Unknown	Unknown	Unknown	annotation_status::coarse::Unknown	annotation_status::mid::Unknown	annotation_status::fine::Unknown	candidate_only	shadow_candidate	shadow_candidate	fine	angiogenic_endothelial_like	state::fine::angiogenic_endothelial_like	48435	marker_based_fine_candidate_annotation.csv.gz	11fb72c7510c5613aef176329e928327e7ce3608c15e99d85c571ef3d6c77952
shadow__8b53257502348db092a7	GSE176021	marker_based_fine	neutrophil_TAN_NET_like	Unknown	Unknown	Unknown	annotation_status::coarse::Unknown	annotation_status::mid::Unknown	annotation_status::fine::Unknown	candidate_only	shadow_candidate	shadow_candidate	fine	neutrophil_TAN_NET_like	state::fine::neutrophil_TAN_NET_like	2762	marker_based_fine_candidate_annotation.csv.gz	11fb72c7510c5613aef176329e928327e7ce3608c15e99d85c571ef3d6c77952
shadow__71f5abde1e170f9ff6a9	GSE176021	marker_based_fine	plasma_Ig_like	Unknown	Unknown	Unknown	annotation_status::coarse::Unknown	annotation_status::mid::Unknown	annotation_status::fine::Unknown	candidate_only	shadow_candidate	shadow_candidate	fine	plasma_Ig_like	state::fine::plasma_Ig_like	94	marker_based_fine_candidate_annotation.csv.gz	11fb72c7510c5613aef176329e928327e7ce3608c15e99d85c571ef3d6c77952
shadow__ef2586f267e4717b1a66	GSE176021	marker_based_fine	tumor_IFN_APM_high_like	Unknown	Unknown	Unknown	annotation_status::coarse::Unknown	annotation_status::mid::Unknown	annotation_status::fine::Unknown	candidate_only	shadow_candidate	shadow_candidate	fine	tumor_IFN_APM_high_like	state::fine::tumor_IFN_APM_high_like	500	marker_based_fine_candidate_annotation.csv.gz	11fb72c7510c5613aef176329e928327e7ce3608c15e99d85c571ef3d6c77952
shadow__629c0d98f39288d90418	GSE176021	marker_based_fine	tumor_WNT_exclusion_like	Unknown	Unknown	Unknown	annotation_status::coarse::Unknown	annotation_status::mid::Unknown	annotation_status::fine::Unknown	candidate_only	shadow_candidate	shadow_candidate	fine	tumor_WNT_exclusion_like	state::fine::tumor_WNT_exclusion_like	2503	marker_based_fine_candidate_annotation.csv.gz	11fb72c7510c5613aef176329e928327e7ce3608c15e99d85c571ef3d6c77952
shadow__71360baa8307d90a38cb	GSE176021	marker_based_fine	tumor_cell_cycle_like	Unknown	Unknown	Unknown	annotation_status::coarse::Unknown	annotation_status::mid::Unknown	annotation_status::fine::Unknown	candidate_only	shadow_candidate	shadow_candidate	fine	tumor_cell_cycle_like	state::fine::tumor_cell_cycle_like	15	marker_based_fine_candidate_annotation.csv.gz	11fb72c7510c5613aef176329e928327e7ce3608c15e99d85c571ef3d6c77952
shadow__8bc99a1e20bfe2a9bb18	GSE176021	marker_based_fine	vascular_endothelial_like	Unknown	Unknown	Unknown	annotation_status::coarse::Unknown	annotation_status::mid::Unknown	annotation_status::fine::Unknown	candidate_only	shadow_candidate	shadow_candidate	fine	vascular_endothelial_like	state::fine::vascular_endothelial_like	85	marker_based_fine_candidate_annotation.csv.gz	11fb72c7510c5613aef176329e928327e7ce3608c15e99d85c571ef3d6c77952
shadow__c55a891b2aa8be728c9f	GSE176021	marker_based_mid	APC_priming_like	Unknown	Unknown	Unknown	annotation_status::coarse::Unknown	annotation_status::mid::Unknown	annotation_status::fine::Unknown	candidate_only	shadow_candidate	shadow_candidate	mid	APC_priming_like		22499	marker_based_mid_annotation.csv.gz	8a93369d569423594390d587d4001a36f820bafb165dc04654523717b089b3ae
shadow__e3e777c7e505367e907d	GSE176021	marker_based_mid	B_cell	Unknown	Unknown	Unknown	annotation_status::coarse::Unknown	annotation_status::mid::Unknown	annotation_status::fine::Unknown	candidate_only	shadow_candidate	shadow_candidate	mid	B_cell	identity::mid::B_cell	18617	marker_based_mid_annotation.csv.gz	8a93369d569423594390d587d4001a36f820bafb165dc04654523717b089b3ae
shadow__e47f71d2395e97948edb	GSE176021	marker_based_mid	CAF	Unknown	Unknown	Unknown	annotation_status::coarse::Unknown	annotation_status::mid::Unknown	annotation_status::fine::Unknown	candidate_only	shadow_candidate	shadow_candidate	mid	CAF	identity::mid::CAF	10632	marker_based_mid_annotation.csv.gz	8a93369d569423594390d587d4001a36f820bafb165dc04654523717b089b3ae
shadow__5cf475aa5a1453873283	GSE176021	marker_based_mid	CD4_T	Unknown	Unknown	Unknown	annotation_status::coarse::Unknown	annotation_status::mid::Unknown	annotation_status::fine::Unknown	candidate_only	shadow_candidate	shadow_candidate	mid	CD4_T	identity::mid::CD4_T	16079	marker_based_mid_annotation.csv.gz	8a93369d569423594390d587d4001a36f820bafb165dc04654523717b089b3ae
shadow__487a3edc7e727ce5ad1c	GSE176021	marker_based_mid	CD8_T	Unknown	Unknown	Unknown	annotation_status::coarse::Unknown	annotation_status::mid::Unknown	annotation_status::fine::Unknown	candidate_only	shadow_candidate	shadow_candidate	mid	CD8_T	identity::mid::CD8_T	50199	marker_based_mid_annotation.csv.gz	8a93369d569423594390d587d4001a36f820bafb165dc04654523717b089b3ae
shadow__087524e58ba40d4e7f35	GSE176021	marker_based_mid	DC	Unknown	Unknown	Unknown	annotation_status::coarse::Unknown	annotation_status::mid::Unknown	annotation_status::fine::Unknown	candidate_only	shadow_candidate	shadow_candidate	mid	DC	identity::mid::DC	21190	marker_based_mid_annotation.csv.gz	8a93369d569423594390d587d4001a36f820bafb165dc04654523717b089b3ae
shadow__31df3f61bea62977dd5a	GSE176021	marker_based_mid	Endothelial	Unknown	Unknown	Unknown	annotation_status::coarse::Unknown	annotation_status::mid::Unknown	annotation_status::fine::Unknown	candidate_only	shadow_candidate	shadow_candidate	mid	Endothelial	identity::mid::Endothelial	65357	marker_based_mid_annotation.csv.gz	8a93369d569423594390d587d4001a36f820bafb165dc04654523717b089b3ae
shadow__8db96733242abaebf985	GSE176021	marker_based_mid	Macrophage	Unknown	Unknown	Unknown	annotation_status::coarse::Unknown	annotation_status::mid::Unknown	annotation_status::fine::Unknown	candidate_only	shadow_candidate	shadow_candidate	mid	Macrophage	identity::mid::Macrophage	12483	marker_based_mid_annotation.csv.gz	8a93369d569423594390d587d4001a36f820bafb165dc04654523717b089b3ae
shadow__c1973af91b4b29ebb22f	GSE176021	marker_based_mid	Monocyte	Unknown	Unknown	Unknown	annotation_status::coarse::Unknown	annotation_status::mid::Unknown	annotation_status::fine::Unknown	candidate_only	shadow_candidate	shadow_candidate	mid	Monocyte	identity::mid::Monocyte	4244	marker_based_mid_annotation.csv.gz	8a93369d569423594390d587d4001a36f820bafb165dc04654523717b089b3ae
shadow__ff1b4a9968c6f707aafd	GSE176021	marker_based_mid	NK	Unknown	Unknown	Unknown	annotation_status::coarse::Unknown	annotation_status::mid::Unknown	annotation_status::fine::Unknown	candidate_only	shadow_candidate	shadow_candidate	mid	NK	identity::mid::NK	34656	marker_based_mid_annotation.csv.gz	8a93369d569423594390d587d4001a36f820bafb165dc04654523717b089b3ae
shadow__f218d0185317aa42df5c	GSE176021	marker_based_mid	NKT_like	Unknown	Unknown	Unknown	annotation_status::coarse::Unknown	annotation_status::mid::Unknown	annotation_status::fine::Unknown	candidate_only	shadow_candidate	shadow_candidate	mid	NKT_like	identity::mid::NKT_like	31215	marker_based_mid_annotation.csv.gz	8a93369d569423594390d587d4001a36f820bafb165dc04654523717b089b3ae
shadow__6184a616541d0676e7cd	GSE176021	marker_based_mid	Neutrophil_TAN_like	Unknown	Unknown	Unknown	annotation_status::coarse::Unknown	annotation_status::mid::Unknown	annotation_status::fine::Unknown	candidate_only	shadow_candidate	shadow_candidate	mid	Neutrophil_TAN_like	identity::mid::Neutrophil_TAN_like	2778	marker_based_mid_annotation.csv.gz	8a93369d569423594390d587d4001a36f820bafb165dc04654523717b089b3ae
shadow__1a042fb57c1ebea7ecef	GSE176021	marker_based_mid	Plasma_cell	Unknown	Unknown	Unknown	annotation_status::coarse::Unknown	annotation_status::mid::Unknown	annotation_status::fine::Unknown	candidate_only	shadow_candidate	shadow_candidate	mid	Plasma_cell	identity::mid::Plasma_cell	3323	marker_based_mid_annotation.csv.gz	8a93369d569423594390d587d4001a36f820bafb165dc04654523717b089b3ae
shadow__58147a72875642075f3e	GSE176021	marker_based_mid	Treg	Unknown	Unknown	Unknown	annotation_status::coarse::Unknown	annotation_status::mid::Unknown	annotation_status::fine::Unknown	candidate_only	shadow_candidate	shadow_candidate	mid	Treg	identity::mid::Treg	8062	marker_based_mid_annotation.csv.gz	8a93369d569423594390d587d4001a36f820bafb165dc04654523717b089b3ae
shadow__4d958f7187b4aaac7eff	GSE176021	marker_based_mid	Tumor_epithelial_like	Unknown	Unknown	Unknown	annotation_status::coarse::Unknown	annotation_status::mid::Unknown	annotation_status::fine::Unknown	candidate_only	shadow_candidate	shadow_candidate	mid	Tumor_epithelial_like	identity::mid::Tumor_epithelial_like	12205	marker_based_mid_annotation.csv.gz	8a93369d569423594390d587d4001a36f820bafb165dc04654523717b089b3ae
shadow__deea1001f8cd6cef9908	GSE176021	marker_based_mid	Unknown	Unknown	Unknown	Unknown	annotation_status::coarse::Unknown	annotation_status::mid::Unknown	annotation_status::fine::Unknown	candidate_only	shadow_candidate	shadow_candidate	mid	Unknown	annotation_status::mid::Unknown	577182	marker_based_mid_annotation.csv.gz	8a93369d569423594390d587d4001a36f820bafb165dc04654523717b089b3ae
shadow__4e784db8cf839ab949cf	GSE176021	marker_based_mid	pDC	Unknown	Unknown	Unknown	annotation_status::coarse::Unknown	annotation_status::mid::Unknown	annotation_status::fine::Unknown	candidate_only	shadow_candidate	shadow_candidate	mid	pDC	identity::mid::pDC	11742	marker_based_mid_annotation.csv.gz	8a93369d569423594390d587d4001a36f820bafb165dc04654523717b089b3ae
shadow__837e6fbbdddd29949f01	GSE189903	marker_based_fine	CAF_inflammatory_like	Unknown	Unknown	Unknown	annotation_status::coarse::Unknown	annotation_status::mid::Unknown	annotation_status::fine::Unknown	candidate_only	shadow_candidate	shadow_candidate	fine	CAF_inflammatory_like	state::fine::CAF_inflammatory_like	262	marker_based_fine_candidate_annotation.csv.gz	11fb72c7510c5613aef176329e928327e7ce3608c15e99d85c571ef3d6c77952
shadow__5cb4dfb14270954b0ebc	GSE189903	marker_based_fine	CAF_myofibroblast_like	Unknown	Unknown	Unknown	annotation_status::coarse::Unknown	annotation_status::mid::Unknown	annotation_status::fine::Unknown	candidate_only	shadow_candidate	shadow_candidate	fine	CAF_myofibroblast_like	state::fine::CAF_myofibroblast_like	953	marker_based_fine_candidate_annotation.csv.gz	11fb72c7510c5613aef176329e928327e7ce3608c15e99d85c571ef3d6c77952
shadow__043909ef31e2d6b868ba	GSE189903	marker_based_fine	CD4_helper_like	Unknown	Unknown	Unknown	annotation_status::coarse::Unknown	annotation_status::mid::Unknown	annotation_status::fine::Unknown	candidate_only	shadow_candidate	shadow_candidate	fine	CD4_helper_like	state::fine::CD4_helper_like	2003	marker_based_fine_candidate_annotation.csv.gz	11fb72c7510c5613aef176329e928327e7ce3608c15e99d85c571ef3d6c77952
shadow__fb51bf8f130f16ce13a7	GSE189903	marker_based_fine	CD8_cytotoxic_like	Unknown	Unknown	Unknown	annotation_status::coarse::Unknown	annotation_status::mid::Unknown	annotation_status::fine::Unknown	candidate_only	shadow_candidate	shadow_candidate	fine	CD8_cytotoxic_like	state::fine::CD8_cytotoxic_like	348	marker_based_fine_candidate_annotation.csv.gz	11fb72c7510c5613aef176329e928327e7ce3608c15e99d85c571ef3d6c77952
shadow__a438f48ff27f1470a126	GSE189903	marker_based_fine	CD8_exhausted_like	Unknown	Unknown	Unknown	annotation_status::coarse::Unknown	annotation_status::mid::Unknown	annotation_status::fine::Unknown	candidate_only	shadow_candidate	shadow_candidate	fine	CD8_exhausted_like	state::fine::CD8_exhausted_like	237	marker_based_fine_candidate_annotation.csv.gz	11fb72c7510c5613aef176329e928327e7ce3608c15e99d85c571ef3d6c77952
shadow__2befdfef8098cb55f109	GSE189903	marker_based_fine	CD8_progenitor_exhausted_like	Unknown	Unknown	Unknown	annotation_status::coarse::Unknown	annotation_status::mid::Unknown	annotation_status::fine::Unknown	candidate_only	shadow_candidate	shadow_candidate	fine	CD8_progenitor_exhausted_like	state::fine::CD8_progenitor_exhausted_like	1096	marker_based_fine_candidate_annotation.csv.gz	11fb72c7510c5613aef176329e928327e7ce3608c15e99d85c571ef3d6c77952
shadow__400da380bd2d944e1b0f	GSE189903	marker_based_fine	CD8_terminal_exhausted_like	Unknown	Unknown	Unknown	annotation_status::coarse::Unknown	annotation_status::mid::Unknown	annotation_status::fine::Unknown	candidate_only	shadow_candidate	shadow_candidate	fine	CD8_terminal_exhausted_like	state::fine::CD8_terminal_exhausted_like	353	marker_based_fine_candidate_annotation.csv.gz	11fb72c7510c5613aef176329e928327e7ce3608c15e99d85c571ef3d6c77952
shadow__4cbf87bc2bd0a4128a64	GSE189903	marker_based_fine	DC_migratory_like	Unknown	Unknown	Unknown	annotation_status::coarse::Unknown	annotation_status::mid::Unknown	annotation_status::fine::Unknown	candidate_only	shadow_candidate	shadow_candidate	fine	DC_migratory_like	state::fine::DC_migratory_like	94	marker_based_fine_candidate_annotation.csv.gz	11fb72c7510c5613aef176329e928327e7ce3608c15e99d85c571ef3d6c77952
shadow__f84ed2b412c7d5495e2b	GSE189903	marker_based_fine	NK_cytotoxic_like	Unknown	Unknown	Unknown	annotation_status::coarse::Unknown	annotation_status::mid::Unknown	annotation_status::fine::Unknown	candidate_only	shadow_candidate	shadow_candidate	fine	NK_cytotoxic_like	state::fine::NK_cytotoxic_like	5609	marker_based_fine_candidate_annotation.csv.gz	11fb72c7510c5613aef176329e928327e7ce3608c15e99d85c571ef3d6c77952
shadow__0ff508185194f363eac0	GSE189903	marker_based_fine	TLS_B_like	Unknown	Unknown	Unknown	annotation_status::coarse::Unknown	annotation_status::mid::Unknown	annotation_status::fine::Unknown	candidate_only	shadow_candidate	shadow_candidate	fine	TLS_B_like	state::fine::TLS_B_like	583	marker_based_fine_candidate_annotation.csv.gz	11fb72c7510c5613aef176329e928327e7ce3608c15e99d85c571ef3d6c77952
shadow__124984cb240ed97d3803	GSE189903	marker_based_fine	TREM2_macrophage_like	Unknown	Unknown	Unknown	annotation_status::coarse::Unknown	annotation_status::mid::Unknown	annotation_status::fine::Unknown	candidate_only	shadow_candidate	shadow_candidate	fine	TREM2_macrophage_like	state::fine::TREM2_macrophage_like	650	marker_based_fine_candidate_annotation.csv.gz	11fb72c7510c5613aef176329e928327e7ce3608c15e99d85c571ef3d6c77952
shadow__96c0926a5c998d47e074	GSE189903	marker_based_fine	Treg_suppressive_like	Unknown	Unknown	Unknown	annotation_status::coarse::Unknown	annotation_status::mid::Unknown	annotation_status::fine::Unknown	candidate_only	shadow_candidate	shadow_candidate	fine	Treg_suppressive_like	state::fine::Treg_suppressive_like	573	marker_based_fine_candidate_annotation.csv.gz	11fb72c7510c5613aef176329e928327e7ce3608c15e99d85c571ef3d6c77952
shadow__5c85da072b1362fb2f8e	GSE189903	marker_based_fine	Unknown	Unknown	Unknown	Unknown	annotation_status::coarse::Unknown	annotation_status::mid::Unknown	annotation_status::fine::Unknown	candidate_only	shadow_candidate	shadow_candidate	fine	Unknown	annotation_status::fine::Unknown	92011	marker_based_fine_candidate_annotation.csv.gz	11fb72c7510c5613aef176329e928327e7ce3608c15e99d85c571ef3d6c77952
shadow__de7dedfaeb1263e9a57c	GSE189903	marker_based_fine	angiogenic_endothelial_like	Unknown	Unknown	Unknown	annotation_status::coarse::Unknown	annotation_status::mid::Unknown	annotation_status::fine::Unknown	candidate_only	shadow_candidate	shadow_candidate	fine	angiogenic_endothelial_like	state::fine::angiogenic_endothelial_like	4716	marker_based_fine_candidate_annotation.csv.gz	11fb72c7510c5613aef176329e928327e7ce3608c15e99d85c571ef3d6c77952
shadow__8e6573eb6cf8ac6357bd	GSE189903	marker_based_fine	neutrophil_TAN_NET_like	Unknown	Unknown	Unknown	annotation_status::coarse::Unknown	annotation_status::mid::Unknown	annotation_status::fine::Unknown	candidate_only	shadow_candidate	shadow_candidate	fine	neutrophil_TAN_NET_like	state::fine::neutrophil_TAN_NET_like	104	marker_based_fine_candidate_annotation.csv.gz	11fb72c7510c5613aef176329e928327e7ce3608c15e99d85c571ef3d6c77952
shadow__4b5390a7f8e6d088c87b	GSE189903	marker_based_fine	plasma_Ig_like	Unknown	Unknown	Unknown	annotation_status::coarse::Unknown	annotation_status::mid::Unknown	annotation_status::fine::Unknown	candidate_only	shadow_candidate	shadow_candidate	fine	plasma_Ig_like	state::fine::plasma_Ig_like	965	marker_based_fine_candidate_annotation.csv.gz	11fb72c7510c5613aef176329e928327e7ce3608c15e99d85c571ef3d6c77952
shadow__34c4fe4fec5aad34f15b	GSE189903	marker_based_fine	tumor_IFN_APM_high_like	Unknown	Unknown	Unknown	annotation_status::coarse::Unknown	annotation_status::mid::Unknown	annotation_status::fine::Unknown	candidate_only	shadow_candidate	shadow_candidate	fine	tumor_IFN_APM_high_like	state::fine::tumor_IFN_APM_high_like	492	marker_based_fine_candidate_annotation.csv.gz	11fb72c7510c5613aef176329e928327e7ce3608c15e99d85c571ef3d6c77952
shadow__cd06742f9668ec8f0245	GSE189903	marker_based_fine	tumor_WNT_exclusion_like	Unknown	Unknown	Unknown	annotation_status::coarse::Unknown	annotation_status::mid::Unknown	annotation_status::fine::Unknown	candidate_only	shadow_candidate	shadow_candidate	fine	tumor_WNT_exclusion_like	state::fine::tumor_WNT_exclusion_like	468	marker_based_fine_candidate_annotation.csv.gz	11fb72c7510c5613aef176329e928327e7ce3608c15e99d85c571ef3d6c77952
shadow__443831a079c7dc64ac28	GSE189903	marker_based_fine	tumor_cell_cycle_like	Unknown	Unknown	Unknown	annotation_status::coarse::Unknown	annotation_status::mid::Unknown	annotation_status::fine::Unknown	candidate_only	shadow_candidate	shadow_candidate	fine	tumor_cell_cycle_like	state::fine::tumor_cell_cycle_like	326	marker_based_fine_candidate_annotation.csv.gz	11fb72c7510c5613aef176329e928327e7ce3608c15e99d85c571ef3d6c77952
shadow__d8b0b31165b35101da95	GSE189903	marker_based_fine	vascular_endothelial_like	Unknown	Unknown	Unknown	annotation_status::coarse::Unknown	annotation_status::mid::Unknown	annotation_status::fine::Unknown	candidate_only	shadow_candidate	shadow_candidate	fine	vascular_endothelial_like	state::fine::vascular_endothelial_like	663	marker_based_fine_candidate_annotation.csv.gz	11fb72c7510c5613aef176329e928327e7ce3608c15e99d85c571ef3d6c77952
shadow__bdc10dbcfdb2561b58e9	GSE189903	marker_based_mid	APC_priming_like	Unknown	Unknown	Unknown	annotation_status::coarse::Unknown	annotation_status::mid::Unknown	annotation_status::fine::Unknown	candidate_only	shadow_candidate	shadow_candidate	mid	APC_priming_like		2748	marker_based_mid_annotation.csv.gz	8a93369d569423594390d587d4001a36f820bafb165dc04654523717b089b3ae
shadow__3f6e71c91ea7fbc8dd0e	GSE189903	marker_based_mid	B_cell	Unknown	Unknown	Unknown	annotation_status::coarse::Unknown	annotation_status::mid::Unknown	annotation_status::fine::Unknown	candidate_only	shadow_candidate	shadow_candidate	mid	B_cell	identity::mid::B_cell	5924	marker_based_mid_annotation.csv.gz	8a93369d569423594390d587d4001a36f820bafb165dc04654523717b089b3ae
shadow__d8174fe6ed64b10a83f1	GSE189903	marker_based_mid	CAF	Unknown	Unknown	Unknown	annotation_status::coarse::Unknown	annotation_status::mid::Unknown	annotation_status::fine::Unknown	candidate_only	shadow_candidate	shadow_candidate	mid	CAF	identity::mid::CAF	3271	marker_based_mid_annotation.csv.gz	8a93369d569423594390d587d4001a36f820bafb165dc04654523717b089b3ae
shadow__395a1447ab351b116b16	GSE189903	marker_based_mid	CD4_T	Unknown	Unknown	Unknown	annotation_status::coarse::Unknown	annotation_status::mid::Unknown	annotation_status::fine::Unknown	candidate_only	shadow_candidate	shadow_candidate	mid	CD4_T	identity::mid::CD4_T	4810	marker_based_mid_annotation.csv.gz	8a93369d569423594390d587d4001a36f820bafb165dc04654523717b089b3ae
shadow__10cc08412121d58578f9	GSE189903	marker_based_mid	CD8_T	Unknown	Unknown	Unknown	annotation_status::coarse::Unknown	annotation_status::mid::Unknown	annotation_status::fine::Unknown	candidate_only	shadow_candidate	shadow_candidate	mid	CD8_T	identity::mid::CD8_T	9067	marker_based_mid_annotation.csv.gz	8a93369d569423594390d587d4001a36f820bafb165dc04654523717b089b3ae
shadow__1e0e42efe12c8318b0df	GSE189903	marker_based_mid	DC	Unknown	Unknown	Unknown	annotation_status::coarse::Unknown	annotation_status::mid::Unknown	annotation_status::fine::Unknown	candidate_only	shadow_candidate	shadow_candidate	mid	DC	identity::mid::DC	2487	marker_based_mid_annotation.csv.gz	8a93369d569423594390d587d4001a36f820bafb165dc04654523717b089b3ae
shadow__61bca450a62dd03f1530	GSE189903	marker_based_mid	Endothelial	Unknown	Unknown	Unknown	annotation_status::coarse::Unknown	annotation_status::mid::Unknown	annotation_status::fine::Unknown	candidate_only	shadow_candidate	shadow_candidate	mid	Endothelial	identity::mid::Endothelial	7090	marker_based_mid_annotation.csv.gz	8a93369d569423594390d587d4001a36f820bafb165dc04654523717b089b3ae
shadow__09d8097cf47ba75461d3	GSE189903	marker_based_mid	Macrophage	Unknown	Unknown	Unknown	annotation_status::coarse::Unknown	annotation_status::mid::Unknown	annotation_status::fine::Unknown	candidate_only	shadow_candidate	shadow_candidate	mid	Macrophage	identity::mid::Macrophage	1704	marker_based_mid_annotation.csv.gz	8a93369d569423594390d587d4001a36f820bafb165dc04654523717b089b3ae
shadow__3814bb8ad9eed0e76ba0	GSE189903	marker_based_mid	Monocyte	Unknown	Unknown	Unknown	annotation_status::coarse::Unknown	annotation_status::mid::Unknown	annotation_status::fine::Unknown	candidate_only	shadow_candidate	shadow_candidate	mid	Monocyte	identity::mid::Monocyte	968	marker_based_mid_annotation.csv.gz	8a93369d569423594390d587d4001a36f820bafb165dc04654523717b089b3ae
shadow__4a1e868cb578449505d4	GSE189903	marker_based_mid	NK	Unknown	Unknown	Unknown	annotation_status::coarse::Unknown	annotation_status::mid::Unknown	annotation_status::fine::Unknown	candidate_only	shadow_candidate	shadow_candidate	mid	NK	identity::mid::NK	6016	marker_based_mid_annotation.csv.gz	8a93369d569423594390d587d4001a36f820bafb165dc04654523717b089b3ae
shadow__b63051b3ce18ce264c9b	GSE189903	marker_based_mid	NKT_like	Unknown	Unknown	Unknown	annotation_status::coarse::Unknown	annotation_status::mid::Unknown	annotation_status::fine::Unknown	candidate_only	shadow_candidate	shadow_candidate	mid	NKT_like	identity::mid::NKT_like	2594	marker_based_mid_annotation.csv.gz	8a93369d569423594390d587d4001a36f820bafb165dc04654523717b089b3ae
shadow__92d09ab432b24e94835b	GSE189903	marker_based_mid	Neutrophil_TAN_like	Unknown	Unknown	Unknown	annotation_status::coarse::Unknown	annotation_status::mid::Unknown	annotation_status::fine::Unknown	candidate_only	shadow_candidate	shadow_candidate	mid	Neutrophil_TAN_like	identity::mid::Neutrophil_TAN_like	2031	marker_based_mid_annotation.csv.gz	8a93369d569423594390d587d4001a36f820bafb165dc04654523717b089b3ae
shadow__49f8c5bdda7b7ca9ef32	GSE189903	marker_based_mid	Plasma_cell	Unknown	Unknown	Unknown	annotation_status::coarse::Unknown	annotation_status::mid::Unknown	annotation_status::fine::Unknown	candidate_only	shadow_candidate	shadow_candidate	mid	Plasma_cell	identity::mid::Plasma_cell	1620	marker_based_mid_annotation.csv.gz	8a93369d569423594390d587d4001a36f820bafb165dc04654523717b089b3ae
shadow__a74ed5bac8825d6392e5	GSE189903	marker_based_mid	Treg	Unknown	Unknown	Unknown	annotation_status::coarse::Unknown	annotation_status::mid::Unknown	annotation_status::fine::Unknown	candidate_only	shadow_candidate	shadow_candidate	mid	Treg	identity::mid::Treg	4367	marker_based_mid_annotation.csv.gz	8a93369d569423594390d587d4001a36f820bafb165dc04654523717b089b3ae
shadow__291c42ff83a3a35bde7f	GSE189903	marker_based_mid	Tumor_epithelial_like	Unknown	Unknown	Unknown	annotation_status::coarse::Unknown	annotation_status::mid::Unknown	annotation_status::fine::Unknown	candidate_only	shadow_candidate	shadow_candidate	mid	Tumor_epithelial_like	identity::mid::Tumor_epithelial_like	4449	marker_based_mid_annotation.csv.gz	8a93369d569423594390d587d4001a36f820bafb165dc04654523717b089b3ae
shadow__b1c7547f7fb094340440	GSE189903	marker_based_mid	Unknown	Unknown	Unknown	Unknown	annotation_status::coarse::Unknown	annotation_status::mid::Unknown	annotation_status::fine::Unknown	candidate_only	shadow_candidate	shadow_candidate	mid	Unknown	annotation_status::mid::Unknown	52939	marker_based_mid_annotation.csv.gz	8a93369d569423594390d587d4001a36f820bafb165dc04654523717b089b3ae
shadow__c6889534501a46ed0442	GSE189903	marker_based_mid	pDC	Unknown	Unknown	Unknown	annotation_status::coarse::Unknown	annotation_status::mid::Unknown	annotation_status::fine::Unknown	candidate_only	shadow_candidate	shadow_candidate	mid	pDC	identity::mid::pDC	421	marker_based_mid_annotation.csv.gz	8a93369d569423594390d587d4001a36f820bafb165dc04654523717b089b3ae
shadow__da559ada7cd2b498afaa	GSE205506	marker_based_fine	CAF_inflammatory_like	Unknown	Unknown	Unknown	annotation_status::coarse::Unknown	annotation_status::mid::Unknown	annotation_status::fine::Unknown	candidate_only	shadow_candidate	shadow_candidate	fine	CAF_inflammatory_like	state::fine::CAF_inflammatory_like	2677	marker_based_fine_candidate_annotation.csv.gz	11fb72c7510c5613aef176329e928327e7ce3608c15e99d85c571ef3d6c77952
shadow__4a94f52be06983d142d4	GSE205506	marker_based_fine	CAF_myofibroblast_like	Unknown	Unknown	Unknown	annotation_status::coarse::Unknown	annotation_status::mid::Unknown	annotation_status::fine::Unknown	candidate_only	shadow_candidate	shadow_candidate	fine	CAF_myofibroblast_like	state::fine::CAF_myofibroblast_like	4506	marker_based_fine_candidate_annotation.csv.gz	11fb72c7510c5613aef176329e928327e7ce3608c15e99d85c571ef3d6c77952
shadow__bd67d44d48f229357db4	GSE205506	marker_based_fine	CD4_helper_like	Unknown	Unknown	Unknown	annotation_status::coarse::Unknown	annotation_status::mid::Unknown	annotation_status::fine::Unknown	candidate_only	shadow_candidate	shadow_candidate	fine	CD4_helper_like	state::fine::CD4_helper_like	3392	marker_based_fine_candidate_annotation.csv.gz	11fb72c7510c5613aef176329e928327e7ce3608c15e99d85c571ef3d6c77952
shadow__d8f9d819aec8d5c30c58	GSE205506	marker_based_fine	CD8_cytotoxic_like	Unknown	Unknown	Unknown	annotation_status::coarse::Unknown	annotation_status::mid::Unknown	annotation_status::fine::Unknown	candidate_only	shadow_candidate	shadow_candidate	fine	CD8_cytotoxic_like	state::fine::CD8_cytotoxic_like	1456	marker_based_fine_candidate_annotation.csv.gz	11fb72c7510c5613aef176329e928327e7ce3608c15e99d85c571ef3d6c77952
shadow__8dd6b747c5f86e7441f6	GSE205506	marker_based_fine	CD8_exhausted_like	Unknown	Unknown	Unknown	annotation_status::coarse::Unknown	annotation_status::mid::Unknown	annotation_status::fine::Unknown	candidate_only	shadow_candidate	shadow_candidate	fine	CD8_exhausted_like	state::fine::CD8_exhausted_like	244	marker_based_fine_candidate_annotation.csv.gz	11fb72c7510c5613aef176329e928327e7ce3608c15e99d85c571ef3d6c77952
shadow__1b2114d2cc3c27c60bd9	GSE205506	marker_based_fine	CD8_progenitor_exhausted_like	Unknown	Unknown	Unknown	annotation_status::coarse::Unknown	annotation_status::mid::Unknown	annotation_status::fine::Unknown	candidate_only	shadow_candidate	shadow_candidate	fine	CD8_progenitor_exhausted_like	state::fine::CD8_progenitor_exhausted_like	196	marker_based_fine_candidate_annotation.csv.gz	11fb72c7510c5613aef176329e928327e7ce3608c15e99d85c571ef3d6c77952
shadow__662f5bebfbd7bbc3b8b7	GSE205506	marker_based_fine	CD8_terminal_exhausted_like	Unknown	Unknown	Unknown	annotation_status::coarse::Unknown	annotation_status::mid::Unknown	annotation_status::fine::Unknown	candidate_only	shadow_candidate	shadow_candidate	fine	CD8_terminal_exhausted_like	state::fine::CD8_terminal_exhausted_like	769	marker_based_fine_candidate_annotation.csv.gz	11fb72c7510c5613aef176329e928327e7ce3608c15e99d85c571ef3d6c77952
shadow__ec3bebf97ae7cc63ad74	GSE205506	marker_based_fine	DC_migratory_like	Unknown	Unknown	Unknown	annotation_status::coarse::Unknown	annotation_status::mid::Unknown	annotation_status::fine::Unknown	candidate_only	shadow_candidate	shadow_candidate	fine	DC_migratory_like	state::fine::DC_migratory_like	1386	marker_based_fine_candidate_annotation.csv.gz	11fb72c7510c5613aef176329e928327e7ce3608c15e99d85c571ef3d6c77952
shadow__376018b7667af9cbfeb0	GSE205506	marker_based_fine	NK_cytotoxic_like	Unknown	Unknown	Unknown	annotation_status::coarse::Unknown	annotation_status::mid::Unknown	annotation_status::fine::Unknown	candidate_only	shadow_candidate	shadow_candidate	fine	NK_cytotoxic_like	state::fine::NK_cytotoxic_like	8271	marker_based_fine_candidate_annotation.csv.gz	11fb72c7510c5613aef176329e928327e7ce3608c15e99d85c571ef3d6c77952
shadow__07ced3a458e01ae5925b	GSE205506	marker_based_fine	TLS_B_like	Unknown	Unknown	Unknown	annotation_status::coarse::Unknown	annotation_status::mid::Unknown	annotation_status::fine::Unknown	candidate_only	shadow_candidate	shadow_candidate	fine	TLS_B_like	state::fine::TLS_B_like	5931	marker_based_fine_candidate_annotation.csv.gz	11fb72c7510c5613aef176329e928327e7ce3608c15e99d85c571ef3d6c77952
shadow__9772b72239feb859a59a	GSE205506	marker_based_fine	TREM2_macrophage_like	Unknown	Unknown	Unknown	annotation_status::coarse::Unknown	annotation_status::mid::Unknown	annotation_status::fine::Unknown	candidate_only	shadow_candidate	shadow_candidate	fine	TREM2_macrophage_like	state::fine::TREM2_macrophage_like	782	marker_based_fine_candidate_annotation.csv.gz	11fb72c7510c5613aef176329e928327e7ce3608c15e99d85c571ef3d6c77952
shadow__bec8fcb0d6ec94e41be1	GSE205506	marker_based_fine	Treg_suppressive_like	Unknown	Unknown	Unknown	annotation_status::coarse::Unknown	annotation_status::mid::Unknown	annotation_status::fine::Unknown	candidate_only	shadow_candidate	shadow_candidate	fine	Treg_suppressive_like	state::fine::Treg_suppressive_like	37	marker_based_fine_candidate_annotation.csv.gz	11fb72c7510c5613aef176329e928327e7ce3608c15e99d85c571ef3d6c77952
shadow__6a136dc67ead2853abd6	GSE205506	marker_based_fine	Unknown	Unknown	Unknown	Unknown	annotation_status::coarse::Unknown	annotation_status::mid::Unknown	annotation_status::fine::Unknown	candidate_only	shadow_candidate	shadow_candidate	fine	Unknown	annotation_status::fine::Unknown	256721	marker_based_fine_candidate_annotation.csv.gz	11fb72c7510c5613aef176329e928327e7ce3608c15e99d85c571ef3d6c77952
shadow__615bf40e3d343d00d2ea	GSE205506	marker_based_fine	angiogenic_endothelial_like	Unknown	Unknown	Unknown	annotation_status::coarse::Unknown	annotation_status::mid::Unknown	annotation_status::fine::Unknown	candidate_only	shadow_candidate	shadow_candidate	fine	angiogenic_endothelial_like	state::fine::angiogenic_endothelial_like	2667	marker_based_fine_candidate_annotation.csv.gz	11fb72c7510c5613aef176329e928327e7ce3608c15e99d85c571ef3d6c77952
shadow__35de0ac8971f14761c8d	GSE205506	marker_based_fine	neutrophil_TAN_NET_like	Unknown	Unknown	Unknown	annotation_status::coarse::Unknown	annotation_status::mid::Unknown	annotation_status::fine::Unknown	candidate_only	shadow_candidate	shadow_candidate	fine	neutrophil_TAN_NET_like	state::fine::neutrophil_TAN_NET_like	3632	marker_based_fine_candidate_annotation.csv.gz	11fb72c7510c5613aef176329e928327e7ce3608c15e99d85c571ef3d6c77952
shadow__d3eb7b7934a963d09ab1	GSE205506	marker_based_fine	plasma_Ig_like	Unknown	Unknown	Unknown	annotation_status::coarse::Unknown	annotation_status::mid::Unknown	annotation_status::fine::Unknown	candidate_only	shadow_candidate	shadow_candidate	fine	plasma_Ig_like	state::fine::plasma_Ig_like	8399	marker_based_fine_candidate_annotation.csv.gz	11fb72c7510c5613aef176329e928327e7ce3608c15e99d85c571ef3d6c77952
shadow__e87feb883eae6d6ec6f7	GSE205506	marker_based_fine	tumor_IFN_APM_high_like	Unknown	Unknown	Unknown	annotation_status::coarse::Unknown	annotation_status::mid::Unknown	annotation_status::fine::Unknown	candidate_only	shadow_candidate	shadow_candidate	fine	tumor_IFN_APM_high_like	state::fine::tumor_IFN_APM_high_like	3116	marker_based_fine_candidate_annotation.csv.gz	11fb72c7510c5613aef176329e928327e7ce3608c15e99d85c571ef3d6c77952
shadow__625ccefe37484960b262	GSE205506	marker_based_fine	tumor_WNT_exclusion_like	Unknown	Unknown	Unknown	annotation_status::coarse::Unknown	annotation_status::mid::Unknown	annotation_status::fine::Unknown	candidate_only	shadow_candidate	shadow_candidate	fine	tumor_WNT_exclusion_like	state::fine::tumor_WNT_exclusion_like	9441	marker_based_fine_candidate_annotation.csv.gz	11fb72c7510c5613aef176329e928327e7ce3608c15e99d85c571ef3d6c77952
shadow__c27abdeaa53d2e7f5032	GSE205506	marker_based_fine	tumor_cell_cycle_like	Unknown	Unknown	Unknown	annotation_status::coarse::Unknown	annotation_status::mid::Unknown	annotation_status::fine::Unknown	candidate_only	shadow_candidate	shadow_candidate	fine	tumor_cell_cycle_like	state::fine::tumor_cell_cycle_like	2902	marker_based_fine_candidate_annotation.csv.gz	11fb72c7510c5613aef176329e928327e7ce3608c15e99d85c571ef3d6c77952
shadow__42529388572febe73f4e	GSE205506	marker_based_fine	vascular_endothelial_like	Unknown	Unknown	Unknown	annotation_status::coarse::Unknown	annotation_status::mid::Unknown	annotation_status::fine::Unknown	candidate_only	shadow_candidate	shadow_candidate	fine	vascular_endothelial_like	state::fine::vascular_endothelial_like	7495	marker_based_fine_candidate_annotation.csv.gz	11fb72c7510c5613aef176329e928327e7ce3608c15e99d85c571ef3d6c77952
shadow__b87b9920e73e79496968	GSE205506	marker_based_mid	APC_priming_like	Unknown	Unknown	Unknown	annotation_status::coarse::Unknown	annotation_status::mid::Unknown	annotation_status::fine::Unknown	candidate_only	shadow_candidate	shadow_candidate	mid	APC_priming_like		7703	marker_based_mid_annotation.csv.gz	8a93369d569423594390d587d4001a36f820bafb165dc04654523717b089b3ae
shadow__28c7f940e34578fb31aa	GSE205506	marker_based_mid	B_cell	Unknown	Unknown	Unknown	annotation_status::coarse::Unknown	annotation_status::mid::Unknown	annotation_status::fine::Unknown	candidate_only	shadow_candidate	shadow_candidate	mid	B_cell	identity::mid::B_cell	15910	marker_based_mid_annotation.csv.gz	8a93369d569423594390d587d4001a36f820bafb165dc04654523717b089b3ae
shadow__93245124e3ea3d22a36e	GSE205506	marker_based_mid	CAF	Unknown	Unknown	Unknown	annotation_status::coarse::Unknown	annotation_status::mid::Unknown	annotation_status::fine::Unknown	candidate_only	shadow_candidate	shadow_candidate	mid	CAF	identity::mid::CAF	13147	marker_based_mid_annotation.csv.gz	8a93369d569423594390d587d4001a36f820bafb165dc04654523717b089b3ae
shadow__c734e9a8b0cd93cb8bae	GSE205506	marker_based_mid	CD4_T	Unknown	Unknown	Unknown	annotation_status::coarse::Unknown	annotation_status::mid::Unknown	annotation_status::fine::Unknown	candidate_only	shadow_candidate	shadow_candidate	mid	CD4_T	identity::mid::CD4_T	6122	marker_based_mid_annotation.csv.gz	8a93369d569423594390d587d4001a36f820bafb165dc04654523717b089b3ae
shadow__c815f645ceb0bc097221	GSE205506	marker_based_mid	CD8_T	Unknown	Unknown	Unknown	annotation_status::coarse::Unknown	annotation_status::mid::Unknown	annotation_status::fine::Unknown	candidate_only	shadow_candidate	shadow_candidate	mid	CD8_T	identity::mid::CD8_T	8259	marker_based_mid_annotation.csv.gz	8a93369d569423594390d587d4001a36f820bafb165dc04654523717b089b3ae
shadow__410e39b3b2bfd6c1962b	GSE205506	marker_based_mid	DC	Unknown	Unknown	Unknown	annotation_status::coarse::Unknown	annotation_status::mid::Unknown	annotation_status::fine::Unknown	candidate_only	shadow_candidate	shadow_candidate	mid	DC	identity::mid::DC	8115	marker_based_mid_annotation.csv.gz	8a93369d569423594390d587d4001a36f820bafb165dc04654523717b089b3ae
shadow__c4183b7ff4cb25e07b35	GSE205506	marker_based_mid	Endothelial	Unknown	Unknown	Unknown	annotation_status::coarse::Unknown	annotation_status::mid::Unknown	annotation_status::fine::Unknown	candidate_only	shadow_candidate	shadow_candidate	mid	Endothelial	identity::mid::Endothelial	16894	marker_based_mid_annotation.csv.gz	8a93369d569423594390d587d4001a36f820bafb165dc04654523717b089b3ae
shadow__88413e7991291787eb8f	GSE205506	marker_based_mid	Macrophage	Unknown	Unknown	Unknown	annotation_status::coarse::Unknown	annotation_status::mid::Unknown	annotation_status::fine::Unknown	candidate_only	shadow_candidate	shadow_candidate	mid	Macrophage	identity::mid::Macrophage	6663	marker_based_mid_annotation.csv.gz	8a93369d569423594390d587d4001a36f820bafb165dc04654523717b089b3ae
shadow__a45374b42904ef5948e2	GSE205506	marker_based_mid	Monocyte	Unknown	Unknown	Unknown	annotation_status::coarse::Unknown	annotation_status::mid::Unknown	annotation_status::fine::Unknown	candidate_only	shadow_candidate	shadow_candidate	mid	Monocyte	identity::mid::Monocyte	3982	marker_based_mid_annotation.csv.gz	8a93369d569423594390d587d4001a36f820bafb165dc04654523717b089b3ae
shadow__ed2416d42d3af6bb47de	GSE205506	marker_based_mid	NK	Unknown	Unknown	Unknown	annotation_status::coarse::Unknown	annotation_status::mid::Unknown	annotation_status::fine::Unknown	candidate_only	shadow_candidate	shadow_candidate	mid	NK	identity::mid::NK	8944	marker_based_mid_annotation.csv.gz	8a93369d569423594390d587d4001a36f820bafb165dc04654523717b089b3ae
shadow__7413102950297abe08a9	GSE205506	marker_based_mid	NKT_like	Unknown	Unknown	Unknown	annotation_status::coarse::Unknown	annotation_status::mid::Unknown	annotation_status::fine::Unknown	candidate_only	shadow_candidate	shadow_candidate	mid	NKT_like	identity::mid::NKT_like	5521	marker_based_mid_annotation.csv.gz	8a93369d569423594390d587d4001a36f820bafb165dc04654523717b089b3ae
shadow__64d1cbdc502952078ea4	GSE205506	marker_based_mid	Neutrophil_TAN_like	Unknown	Unknown	Unknown	annotation_status::coarse::Unknown	annotation_status::mid::Unknown	annotation_status::fine::Unknown	candidate_only	shadow_candidate	shadow_candidate	mid	Neutrophil_TAN_like	identity::mid::Neutrophil_TAN_like	3701	marker_based_mid_annotation.csv.gz	8a93369d569423594390d587d4001a36f820bafb165dc04654523717b089b3ae
shadow__29380aa96edadbe8e4f5	GSE205506	marker_based_mid	Plasma_cell	Unknown	Unknown	Unknown	annotation_status::coarse::Unknown	annotation_status::mid::Unknown	annotation_status::fine::Unknown	candidate_only	shadow_candidate	shadow_candidate	mid	Plasma_cell	identity::mid::Plasma_cell	14010	marker_based_mid_annotation.csv.gz	8a93369d569423594390d587d4001a36f820bafb165dc04654523717b089b3ae
shadow__247e1c694ccdc9624ea7	GSE205506	marker_based_mid	Treg	Unknown	Unknown	Unknown	annotation_status::coarse::Unknown	annotation_status::mid::Unknown	annotation_status::fine::Unknown	candidate_only	shadow_candidate	shadow_candidate	mid	Treg	identity::mid::Treg	10681	marker_based_mid_annotation.csv.gz	8a93369d569423594390d587d4001a36f820bafb165dc04654523717b089b3ae
shadow__9db3b56caa36e9c31fd0	GSE205506	marker_based_mid	Tumor_epithelial_like	Unknown	Unknown	Unknown	annotation_status::coarse::Unknown	annotation_status::mid::Unknown	annotation_status::fine::Unknown	candidate_only	shadow_candidate	shadow_candidate	mid	Tumor_epithelial_like	identity::mid::Tumor_epithelial_like	52071	marker_based_mid_annotation.csv.gz	8a93369d569423594390d587d4001a36f820bafb165dc04654523717b089b3ae
shadow__440fb892d96f9e4e277d	GSE205506	marker_based_mid	Unknown	Unknown	Unknown	Unknown	annotation_status::coarse::Unknown	annotation_status::mid::Unknown	annotation_status::fine::Unknown	candidate_only	shadow_candidate	shadow_candidate	mid	Unknown	annotation_status::mid::Unknown	140509	marker_based_mid_annotation.csv.gz	8a93369d569423594390d587d4001a36f820bafb165dc04654523717b089b3ae
shadow__675a1f27db0aa5545d0d	GSE205506	marker_based_mid	pDC	Unknown	Unknown	Unknown	annotation_status::coarse::Unknown	annotation_status::mid::Unknown	annotation_status::fine::Unknown	candidate_only	shadow_candidate	shadow_candidate	mid	pDC	identity::mid::pDC	1788	marker_based_mid_annotation.csv.gz	8a93369d569423594390d587d4001a36f820bafb165dc04654523717b089b3ae
shadow__91228746bf4a2e407885	GSE206325	marker_based_fine	CAF_inflammatory_like	Unknown	Unknown	Unknown	annotation_status::coarse::Unknown	annotation_status::mid::Unknown	annotation_status::fine::Unknown	candidate_only	shadow_candidate	shadow_candidate	fine	CAF_inflammatory_like	state::fine::CAF_inflammatory_like	1664	marker_based_fine_candidate_annotation.csv.gz	11fb72c7510c5613aef176329e928327e7ce3608c15e99d85c571ef3d6c77952
shadow__f6eaaa893837cb4ad91e	GSE206325	marker_based_fine	CAF_myofibroblast_like	Unknown	Unknown	Unknown	annotation_status::coarse::Unknown	annotation_status::mid::Unknown	annotation_status::fine::Unknown	candidate_only	shadow_candidate	shadow_candidate	fine	CAF_myofibroblast_like	state::fine::CAF_myofibroblast_like	897	marker_based_fine_candidate_annotation.csv.gz	11fb72c7510c5613aef176329e928327e7ce3608c15e99d85c571ef3d6c77952
shadow__446eb26fcddb88334395	GSE206325	marker_based_fine	CD4_helper_like	Unknown	Unknown	Unknown	annotation_status::coarse::Unknown	annotation_status::mid::Unknown	annotation_status::fine::Unknown	candidate_only	shadow_candidate	shadow_candidate	fine	CD4_helper_like	state::fine::CD4_helper_like	6923	marker_based_fine_candidate_annotation.csv.gz	11fb72c7510c5613aef176329e928327e7ce3608c15e99d85c571ef3d6c77952
shadow__299695f5432e919c4c50	GSE206325	marker_based_fine	CD8_cytotoxic_like	Unknown	Unknown	Unknown	annotation_status::coarse::Unknown	annotation_status::mid::Unknown	annotation_status::fine::Unknown	candidate_only	shadow_candidate	shadow_candidate	fine	CD8_cytotoxic_like	state::fine::CD8_cytotoxic_like	3160	marker_based_fine_candidate_annotation.csv.gz	11fb72c7510c5613aef176329e928327e7ce3608c15e99d85c571ef3d6c77952
shadow__b015c392fb8238a9fa95	GSE206325	marker_based_fine	CD8_exhausted_like	Unknown	Unknown	Unknown	annotation_status::coarse::Unknown	annotation_status::mid::Unknown	annotation_status::fine::Unknown	candidate_only	shadow_candidate	shadow_candidate	fine	CD8_exhausted_like	state::fine::CD8_exhausted_like	8713	marker_based_fine_candidate_annotation.csv.gz	11fb72c7510c5613aef176329e928327e7ce3608c15e99d85c571ef3d6c77952
shadow__1a36d54fc4d772c849b6	GSE206325	marker_based_fine	CD8_progenitor_exhausted_like	Unknown	Unknown	Unknown	annotation_status::coarse::Unknown	annotation_status::mid::Unknown	annotation_status::fine::Unknown	candidate_only	shadow_candidate	shadow_candidate	fine	CD8_progenitor_exhausted_like	state::fine::CD8_progenitor_exhausted_like	916	marker_based_fine_candidate_annotation.csv.gz	11fb72c7510c5613aef176329e928327e7ce3608c15e99d85c571ef3d6c77952
shadow__bf0ce2edecb34c420d6b	GSE206325	marker_based_fine	CD8_terminal_exhausted_like	Unknown	Unknown	Unknown	annotation_status::coarse::Unknown	annotation_status::mid::Unknown	annotation_status::fine::Unknown	candidate_only	shadow_candidate	shadow_candidate	fine	CD8_terminal_exhausted_like	state::fine::CD8_terminal_exhausted_like	10989	marker_based_fine_candidate_annotation.csv.gz	11fb72c7510c5613aef176329e928327e7ce3608c15e99d85c571ef3d6c77952
shadow__526578fbd3477d947468	GSE206325	marker_based_fine	DC_migratory_like	Unknown	Unknown	Unknown	annotation_status::coarse::Unknown	annotation_status::mid::Unknown	annotation_status::fine::Unknown	candidate_only	shadow_candidate	shadow_candidate	fine	DC_migratory_like	state::fine::DC_migratory_like	1274	marker_based_fine_candidate_annotation.csv.gz	11fb72c7510c5613aef176329e928327e7ce3608c15e99d85c571ef3d6c77952
shadow__147558fc78a383391d73	GSE206325	marker_based_fine	NK_cytotoxic_like	Unknown	Unknown	Unknown	annotation_status::coarse::Unknown	annotation_status::mid::Unknown	annotation_status::fine::Unknown	candidate_only	shadow_candidate	shadow_candidate	fine	NK_cytotoxic_like	state::fine::NK_cytotoxic_like	46104	marker_based_fine_candidate_annotation.csv.gz	11fb72c7510c5613aef176329e928327e7ce3608c15e99d85c571ef3d6c77952
shadow__442f72bc6972413af50f	GSE206325	marker_based_fine	TLS_B_like	Unknown	Unknown	Unknown	annotation_status::coarse::Unknown	annotation_status::mid::Unknown	annotation_status::fine::Unknown	candidate_only	shadow_candidate	shadow_candidate	fine	TLS_B_like	state::fine::TLS_B_like	6095	marker_based_fine_candidate_annotation.csv.gz	11fb72c7510c5613aef176329e928327e7ce3608c15e99d85c571ef3d6c77952
shadow__c8035999e5255202c35f	GSE206325	marker_based_fine	TREM2_macrophage_like	Unknown	Unknown	Unknown	annotation_status::coarse::Unknown	annotation_status::mid::Unknown	annotation_status::fine::Unknown	candidate_only	shadow_candidate	shadow_candidate	fine	TREM2_macrophage_like	state::fine::TREM2_macrophage_like	6289	marker_based_fine_candidate_annotation.csv.gz	11fb72c7510c5613aef176329e928327e7ce3608c15e99d85c571ef3d6c77952
shadow__849549ce12f86e8ff075	GSE206325	marker_based_fine	Treg_suppressive_like	Unknown	Unknown	Unknown	annotation_status::coarse::Unknown	annotation_status::mid::Unknown	annotation_status::fine::Unknown	candidate_only	shadow_candidate	shadow_candidate	fine	Treg_suppressive_like	state::fine::Treg_suppressive_like	1711	marker_based_fine_candidate_annotation.csv.gz	11fb72c7510c5613aef176329e928327e7ce3608c15e99d85c571ef3d6c77952
shadow__b2f55d441cb681f857bb	GSE206325	marker_based_fine	Unknown	Unknown	Unknown	Unknown	annotation_status::coarse::Unknown	annotation_status::mid::Unknown	annotation_status::fine::Unknown	candidate_only	shadow_candidate	shadow_candidate	fine	Unknown	annotation_status::fine::Unknown	527378	marker_based_fine_candidate_annotation.csv.gz	11fb72c7510c5613aef176329e928327e7ce3608c15e99d85c571ef3d6c77952
shadow__5913c5e42a4f529698c8	GSE206325	marker_based_fine	angiogenic_endothelial_like	Unknown	Unknown	Unknown	annotation_status::coarse::Unknown	annotation_status::mid::Unknown	annotation_status::fine::Unknown	candidate_only	shadow_candidate	shadow_candidate	fine	angiogenic_endothelial_like	state::fine::angiogenic_endothelial_like	26526	marker_based_fine_candidate_annotation.csv.gz	11fb72c7510c5613aef176329e928327e7ce3608c15e99d85c571ef3d6c77952
shadow__0fa5240b46c4410f37c0	GSE206325	marker_based_fine	neutrophil_TAN_NET_like	Unknown	Unknown	Unknown	annotation_status::coarse::Unknown	annotation_status::mid::Unknown	annotation_status::fine::Unknown	candidate_only	shadow_candidate	shadow_candidate	fine	neutrophil_TAN_NET_like	state::fine::neutrophil_TAN_NET_like	13931	marker_based_fine_candidate_annotation.csv.gz	11fb72c7510c5613aef176329e928327e7ce3608c15e99d85c571ef3d6c77952
shadow__a326503e93774b00831f	GSE206325	marker_based_fine	plasma_Ig_like	Unknown	Unknown	Unknown	annotation_status::coarse::Unknown	annotation_status::mid::Unknown	annotation_status::fine::Unknown	candidate_only	shadow_candidate	shadow_candidate	fine	plasma_Ig_like	state::fine::plasma_Ig_like	7609	marker_based_fine_candidate_annotation.csv.gz	11fb72c7510c5613aef176329e928327e7ce3608c15e99d85c571ef3d6c77952
shadow__c6851f848b9374937ba3	GSE206325	marker_based_fine	tumor_IFN_APM_high_like	Unknown	Unknown	Unknown	annotation_status::coarse::Unknown	annotation_status::mid::Unknown	annotation_status::fine::Unknown	candidate_only	shadow_candidate	shadow_candidate	fine	tumor_IFN_APM_high_like	state::fine::tumor_IFN_APM_high_like	3020	marker_based_fine_candidate_annotation.csv.gz	11fb72c7510c5613aef176329e928327e7ce3608c15e99d85c571ef3d6c77952
shadow__444d5d6e934984d738cf	GSE206325	marker_based_fine	tumor_WNT_exclusion_like	Unknown	Unknown	Unknown	annotation_status::coarse::Unknown	annotation_status::mid::Unknown	annotation_status::fine::Unknown	candidate_only	shadow_candidate	shadow_candidate	fine	tumor_WNT_exclusion_like	state::fine::tumor_WNT_exclusion_like	4260	marker_based_fine_candidate_annotation.csv.gz	11fb72c7510c5613aef176329e928327e7ce3608c15e99d85c571ef3d6c77952
shadow__0b5e0032a7fb5e522b24	GSE206325	marker_based_fine	tumor_cell_cycle_like	Unknown	Unknown	Unknown	annotation_status::coarse::Unknown	annotation_status::mid::Unknown	annotation_status::fine::Unknown	candidate_only	shadow_candidate	shadow_candidate	fine	tumor_cell_cycle_like	state::fine::tumor_cell_cycle_like	672	marker_based_fine_candidate_annotation.csv.gz	11fb72c7510c5613aef176329e928327e7ce3608c15e99d85c571ef3d6c77952
shadow__147e977117fcefcbbeee	GSE206325	marker_based_fine	vascular_endothelial_like	Unknown	Unknown	Unknown	annotation_status::coarse::Unknown	annotation_status::mid::Unknown	annotation_status::fine::Unknown	candidate_only	shadow_candidate	shadow_candidate	fine	vascular_endothelial_like	state::fine::vascular_endothelial_like	4380	marker_based_fine_candidate_annotation.csv.gz	11fb72c7510c5613aef176329e928327e7ce3608c15e99d85c571ef3d6c77952
shadow__72b316de0204a69b5491	GSE206325	marker_based_mid	APC_priming_like	Unknown	Unknown	Unknown	annotation_status::coarse::Unknown	annotation_status::mid::Unknown	annotation_status::fine::Unknown	candidate_only	shadow_candidate	shadow_candidate	mid	APC_priming_like		22680	marker_based_mid_annotation.csv.gz	8a93369d569423594390d587d4001a36f820bafb165dc04654523717b089b3ae
shadow__6d889ac83ceeeca1c75d	GSE206325	marker_based_mid	B_cell	Unknown	Unknown	Unknown	annotation_status::coarse::Unknown	annotation_status::mid::Unknown	annotation_status::fine::Unknown	candidate_only	shadow_candidate	shadow_candidate	mid	B_cell	identity::mid::B_cell	40803	marker_based_mid_annotation.csv.gz	8a93369d569423594390d587d4001a36f820bafb165dc04654523717b089b3ae
shadow__1c0130d054e4c2127019	GSE206325	marker_based_mid	CAF	Unknown	Unknown	Unknown	annotation_status::coarse::Unknown	annotation_status::mid::Unknown	annotation_status::fine::Unknown	candidate_only	shadow_candidate	shadow_candidate	mid	CAF	identity::mid::CAF	48206	marker_based_mid_annotation.csv.gz	8a93369d569423594390d587d4001a36f820bafb165dc04654523717b089b3ae
shadow__706f340d071035ad7d74	GSE206325	marker_based_mid	CD4_T	Unknown	Unknown	Unknown	annotation_status::coarse::Unknown	annotation_status::mid::Unknown	annotation_status::fine::Unknown	candidate_only	shadow_candidate	shadow_candidate	mid	CD4_T	identity::mid::CD4_T	11509	marker_based_mid_annotation.csv.gz	8a93369d569423594390d587d4001a36f820bafb165dc04654523717b089b3ae
shadow__52cb1191d3720bc6913c	GSE206325	marker_based_mid	CD8_T	Unknown	Unknown	Unknown	annotation_status::coarse::Unknown	annotation_status::mid::Unknown	annotation_status::fine::Unknown	candidate_only	shadow_candidate	shadow_candidate	mid	CD8_T	identity::mid::CD8_T	70235	marker_based_mid_annotation.csv.gz	8a93369d569423594390d587d4001a36f820bafb165dc04654523717b089b3ae
shadow__112d24dc2ea548e744e7	GSE206325	marker_based_mid	DC	Unknown	Unknown	Unknown	annotation_status::coarse::Unknown	annotation_status::mid::Unknown	annotation_status::fine::Unknown	candidate_only	shadow_candidate	shadow_candidate	mid	DC	identity::mid::DC	14611	marker_based_mid_annotation.csv.gz	8a93369d569423594390d587d4001a36f820bafb165dc04654523717b089b3ae
shadow__5fc366a61eab018fb51c	GSE206325	marker_based_mid	Endothelial	Unknown	Unknown	Unknown	annotation_status::coarse::Unknown	annotation_status::mid::Unknown	annotation_status::fine::Unknown	candidate_only	shadow_candidate	shadow_candidate	mid	Endothelial	identity::mid::Endothelial	46544	marker_based_mid_annotation.csv.gz	8a93369d569423594390d587d4001a36f820bafb165dc04654523717b089b3ae
shadow__7cdb37015eab58f15573	GSE206325	marker_based_mid	Macrophage	Unknown	Unknown	Unknown	annotation_status::coarse::Unknown	annotation_status::mid::Unknown	annotation_status::fine::Unknown	candidate_only	shadow_candidate	shadow_candidate	mid	Macrophage	identity::mid::Macrophage	23561	marker_based_mid_annotation.csv.gz	8a93369d569423594390d587d4001a36f820bafb165dc04654523717b089b3ae
shadow__bd12430d71a3ff5b36bc	GSE206325	marker_based_mid	Monocyte	Unknown	Unknown	Unknown	annotation_status::coarse::Unknown	annotation_status::mid::Unknown	annotation_status::fine::Unknown	candidate_only	shadow_candidate	shadow_candidate	mid	Monocyte	identity::mid::Monocyte	7183	marker_based_mid_annotation.csv.gz	8a93369d569423594390d587d4001a36f820bafb165dc04654523717b089b3ae
shadow__87407fb56ac78d91c237	GSE206325	marker_based_mid	NK	Unknown	Unknown	Unknown	annotation_status::coarse::Unknown	annotation_status::mid::Unknown	annotation_status::fine::Unknown	candidate_only	shadow_candidate	shadow_candidate	mid	NK	identity::mid::NK	56466	marker_based_mid_annotation.csv.gz	8a93369d569423594390d587d4001a36f820bafb165dc04654523717b089b3ae
shadow__456f8f19bd1b8a641cfe	GSE206325	marker_based_mid	NKT_like	Unknown	Unknown	Unknown	annotation_status::coarse::Unknown	annotation_status::mid::Unknown	annotation_status::fine::Unknown	candidate_only	shadow_candidate	shadow_candidate	mid	NKT_like	identity::mid::NKT_like	35277	marker_based_mid_annotation.csv.gz	8a93369d569423594390d587d4001a36f820bafb165dc04654523717b089b3ae
shadow__c3d9db063cf9b548bccb	GSE206325	marker_based_mid	Neutrophil_TAN_like	Unknown	Unknown	Unknown	annotation_status::coarse::Unknown	annotation_status::mid::Unknown	annotation_status::fine::Unknown	candidate_only	shadow_candidate	shadow_candidate	mid	Neutrophil_TAN_like	identity::mid::Neutrophil_TAN_like	14494	marker_based_mid_annotation.csv.gz	8a93369d569423594390d587d4001a36f820bafb165dc04654523717b089b3ae
shadow__180067c0140c41cc3d06	GSE206325	marker_based_mid	Plasma_cell	Unknown	Unknown	Unknown	annotation_status::coarse::Unknown	annotation_status::mid::Unknown	annotation_status::fine::Unknown	candidate_only	shadow_candidate	shadow_candidate	mid	Plasma_cell	identity::mid::Plasma_cell	18243	marker_based_mid_annotation.csv.gz	8a93369d569423594390d587d4001a36f820bafb165dc04654523717b089b3ae
shadow__235c24dbadf008b0b9ac	GSE206325	marker_based_mid	Treg	Unknown	Unknown	Unknown	annotation_status::coarse::Unknown	annotation_status::mid::Unknown	annotation_status::fine::Unknown	candidate_only	shadow_candidate	shadow_candidate	mid	Treg	identity::mid::Treg	4820	marker_based_mid_annotation.csv.gz	8a93369d569423594390d587d4001a36f820bafb165dc04654523717b089b3ae
shadow__fa72121d00d170b2c87c	GSE206325	marker_based_mid	Tumor_epithelial_like	Unknown	Unknown	Unknown	annotation_status::coarse::Unknown	annotation_status::mid::Unknown	annotation_status::fine::Unknown	candidate_only	shadow_candidate	shadow_candidate	mid	Tumor_epithelial_like	identity::mid::Tumor_epithelial_like	59063	marker_based_mid_annotation.csv.gz	8a93369d569423594390d587d4001a36f820bafb165dc04654523717b089b3ae
shadow__2b2d5a99329d2b86eeeb	GSE206325	marker_based_mid	Unknown	Unknown	Unknown	Unknown	annotation_status::coarse::Unknown	annotation_status::mid::Unknown	annotation_status::fine::Unknown	candidate_only	shadow_candidate	shadow_candidate	mid	Unknown	annotation_status::mid::Unknown	204231	marker_based_mid_annotation.csv.gz	8a93369d569423594390d587d4001a36f820bafb165dc04654523717b089b3ae
shadow__3f1af78867d25a15729a	GSE206325	marker_based_mid	pDC	Unknown	Unknown	Unknown	annotation_status::coarse::Unknown	annotation_status::mid::Unknown	annotation_status::fine::Unknown	candidate_only	shadow_candidate	shadow_candidate	mid	pDC	identity::mid::pDC	4585	marker_based_mid_annotation.csv.gz	8a93369d569423594390d587d4001a36f820bafb165dc04654523717b089b3ae
shadow__a3a979824eaf89c496fb	GSE207422_sc	marker_based_fine	CAF_inflammatory_like	Unknown	Unknown	Unknown	annotation_status::coarse::Unknown	annotation_status::mid::Unknown	annotation_status::fine::Unknown	candidate_only	shadow_candidate	shadow_candidate	fine	CAF_inflammatory_like	state::fine::CAF_inflammatory_like	186	marker_based_fine_candidate_annotation.csv.gz	11fb72c7510c5613aef176329e928327e7ce3608c15e99d85c571ef3d6c77952
shadow__0b34f932ea4cd3b96ee0	GSE207422_sc	marker_based_fine	CAF_myofibroblast_like	Unknown	Unknown	Unknown	annotation_status::coarse::Unknown	annotation_status::mid::Unknown	annotation_status::fine::Unknown	candidate_only	shadow_candidate	shadow_candidate	fine	CAF_myofibroblast_like	state::fine::CAF_myofibroblast_like	269	marker_based_fine_candidate_annotation.csv.gz	11fb72c7510c5613aef176329e928327e7ce3608c15e99d85c571ef3d6c77952
shadow__7ab50f30429e032ccbc9	GSE207422_sc	marker_based_fine	CD4_helper_like	Unknown	Unknown	Unknown	annotation_status::coarse::Unknown	annotation_status::mid::Unknown	annotation_status::fine::Unknown	candidate_only	shadow_candidate	shadow_candidate	fine	CD4_helper_like	state::fine::CD4_helper_like	428	marker_based_fine_candidate_annotation.csv.gz	11fb72c7510c5613aef176329e928327e7ce3608c15e99d85c571ef3d6c77952
shadow__916ebac662344da9536c	GSE207422_sc	marker_based_fine	CD8_cytotoxic_like	Unknown	Unknown	Unknown	annotation_status::coarse::Unknown	annotation_status::mid::Unknown	annotation_status::fine::Unknown	candidate_only	shadow_candidate	shadow_candidate	fine	CD8_cytotoxic_like	state::fine::CD8_cytotoxic_like	1914	marker_based_fine_candidate_annotation.csv.gz	11fb72c7510c5613aef176329e928327e7ce3608c15e99d85c571ef3d6c77952
shadow__4c23c1908e372bef0a6c	GSE207422_sc	marker_based_fine	CD8_exhausted_like	Unknown	Unknown	Unknown	annotation_status::coarse::Unknown	annotation_status::mid::Unknown	annotation_status::fine::Unknown	candidate_only	shadow_candidate	shadow_candidate	fine	CD8_exhausted_like	state::fine::CD8_exhausted_like	515	marker_based_fine_candidate_annotation.csv.gz	11fb72c7510c5613aef176329e928327e7ce3608c15e99d85c571ef3d6c77952
shadow__54bc981d94f2e16e4cf5	GSE207422_sc	marker_based_fine	CD8_progenitor_exhausted_like	Unknown	Unknown	Unknown	annotation_status::coarse::Unknown	annotation_status::mid::Unknown	annotation_status::fine::Unknown	candidate_only	shadow_candidate	shadow_candidate	fine	CD8_progenitor_exhausted_like	state::fine::CD8_progenitor_exhausted_like	212	marker_based_fine_candidate_annotation.csv.gz	11fb72c7510c5613aef176329e928327e7ce3608c15e99d85c571ef3d6c77952
shadow__fb8e6da31fa667dc8692	GSE207422_sc	marker_based_fine	CD8_terminal_exhausted_like	Unknown	Unknown	Unknown	annotation_status::coarse::Unknown	annotation_status::mid::Unknown	annotation_status::fine::Unknown	candidate_only	shadow_candidate	shadow_candidate	fine	CD8_terminal_exhausted_like	state::fine::CD8_terminal_exhausted_like	666	marker_based_fine_candidate_annotation.csv.gz	11fb72c7510c5613aef176329e928327e7ce3608c15e99d85c571ef3d6c77952
shadow__8529c1354f63a85fbe6b	GSE207422_sc	marker_based_fine	DC_migratory_like	Unknown	Unknown	Unknown	annotation_status::coarse::Unknown	annotation_status::mid::Unknown	annotation_status::fine::Unknown	candidate_only	shadow_candidate	shadow_candidate	fine	DC_migratory_like	state::fine::DC_migratory_like	490	marker_based_fine_candidate_annotation.csv.gz	11fb72c7510c5613aef176329e928327e7ce3608c15e99d85c571ef3d6c77952
shadow__344566ca4a2dd498b81c	GSE207422_sc	marker_based_fine	NK_cytotoxic_like	Unknown	Unknown	Unknown	annotation_status::coarse::Unknown	annotation_status::mid::Unknown	annotation_status::fine::Unknown	candidate_only	shadow_candidate	shadow_candidate	fine	NK_cytotoxic_like	state::fine::NK_cytotoxic_like	2332	marker_based_fine_candidate_annotation.csv.gz	11fb72c7510c5613aef176329e928327e7ce3608c15e99d85c571ef3d6c77952
shadow__c360290dc93865bc9853	GSE207422_sc	marker_based_fine	TLS_B_like	Unknown	Unknown	Unknown	annotation_status::coarse::Unknown	annotation_status::mid::Unknown	annotation_status::fine::Unknown	candidate_only	shadow_candidate	shadow_candidate	fine	TLS_B_like	state::fine::TLS_B_like	8	marker_based_fine_candidate_annotation.csv.gz	11fb72c7510c5613aef176329e928327e7ce3608c15e99d85c571ef3d6c77952
shadow__912a60bbd6ae571eedaa	GSE207422_sc	marker_based_fine	TREM2_macrophage_like	Unknown	Unknown	Unknown	annotation_status::coarse::Unknown	annotation_status::mid::Unknown	annotation_status::fine::Unknown	candidate_only	shadow_candidate	shadow_candidate	fine	TREM2_macrophage_like	state::fine::TREM2_macrophage_like	269	marker_based_fine_candidate_annotation.csv.gz	11fb72c7510c5613aef176329e928327e7ce3608c15e99d85c571ef3d6c77952
shadow__07b56cc494bbe8384eea	GSE207422_sc	marker_based_fine	Treg_suppressive_like	Unknown	Unknown	Unknown	annotation_status::coarse::Unknown	annotation_status::mid::Unknown	annotation_status::fine::Unknown	candidate_only	shadow_candidate	shadow_candidate	fine	Treg_suppressive_like	state::fine::Treg_suppressive_like	1	marker_based_fine_candidate_annotation.csv.gz	11fb72c7510c5613aef176329e928327e7ce3608c15e99d85c571ef3d6c77952
shadow__a55d721b9fb569d09eb0	GSE207422_sc	marker_based_fine	Unknown	Unknown	Unknown	Unknown	annotation_status::coarse::Unknown	annotation_status::mid::Unknown	annotation_status::fine::Unknown	candidate_only	shadow_candidate	shadow_candidate	fine	Unknown	annotation_status::fine::Unknown	79059	marker_based_fine_candidate_annotation.csv.gz	11fb72c7510c5613aef176329e928327e7ce3608c15e99d85c571ef3d6c77952
shadow__e85494aa7b5e9fe97a17	GSE207422_sc	marker_based_fine	angiogenic_endothelial_like	Unknown	Unknown	Unknown	annotation_status::coarse::Unknown	annotation_status::mid::Unknown	annotation_status::fine::Unknown	candidate_only	shadow_candidate	shadow_candidate	fine	angiogenic_endothelial_like	state::fine::angiogenic_endothelial_like	1354	marker_based_fine_candidate_annotation.csv.gz	11fb72c7510c5613aef176329e928327e7ce3608c15e99d85c571ef3d6c77952
shadow__9d7b10326ed9274e9835	GSE207422_sc	marker_based_fine	neutrophil_TAN_NET_like	Unknown	Unknown	Unknown	annotation_status::coarse::Unknown	annotation_status::mid::Unknown	annotation_status::fine::Unknown	candidate_only	shadow_candidate	shadow_candidate	fine	neutrophil_TAN_NET_like	state::fine::neutrophil_TAN_NET_like	490	marker_based_fine_candidate_annotation.csv.gz	11fb72c7510c5613aef176329e928327e7ce3608c15e99d85c571ef3d6c77952
shadow__b581f9272b2b8b808a7a	GSE207422_sc	marker_based_fine	plasma_Ig_like	Unknown	Unknown	Unknown	annotation_status::coarse::Unknown	annotation_status::mid::Unknown	annotation_status::fine::Unknown	candidate_only	shadow_candidate	shadow_candidate	fine	plasma_Ig_like	state::fine::plasma_Ig_like	918	marker_based_fine_candidate_annotation.csv.gz	11fb72c7510c5613aef176329e928327e7ce3608c15e99d85c571ef3d6c77952
shadow__7355df6f9c7ba782d672	GSE207422_sc	marker_based_fine	tumor_IFN_APM_high_like	Unknown	Unknown	Unknown	annotation_status::coarse::Unknown	annotation_status::mid::Unknown	annotation_status::fine::Unknown	candidate_only	shadow_candidate	shadow_candidate	fine	tumor_IFN_APM_high_like	state::fine::tumor_IFN_APM_high_like	77	marker_based_fine_candidate_annotation.csv.gz	11fb72c7510c5613aef176329e928327e7ce3608c15e99d85c571ef3d6c77952
shadow__472648ce5212ed98e915	GSE207422_sc	marker_based_fine	tumor_WNT_exclusion_like	Unknown	Unknown	Unknown	annotation_status::coarse::Unknown	annotation_status::mid::Unknown	annotation_status::fine::Unknown	candidate_only	shadow_candidate	shadow_candidate	fine	tumor_WNT_exclusion_like	state::fine::tumor_WNT_exclusion_like	992	marker_based_fine_candidate_annotation.csv.gz	11fb72c7510c5613aef176329e928327e7ce3608c15e99d85c571ef3d6c77952
shadow__02fca12624f91207d501	GSE207422_sc	marker_based_fine	tumor_cell_cycle_like	Unknown	Unknown	Unknown	annotation_status::coarse::Unknown	annotation_status::mid::Unknown	annotation_status::fine::Unknown	candidate_only	shadow_candidate	shadow_candidate	fine	tumor_cell_cycle_like	state::fine::tumor_cell_cycle_like	1954	marker_based_fine_candidate_annotation.csv.gz	11fb72c7510c5613aef176329e928327e7ce3608c15e99d85c571ef3d6c77952
shadow__a26b99a652c8839f7087	GSE207422_sc	marker_based_fine	vascular_endothelial_like	Unknown	Unknown	Unknown	annotation_status::coarse::Unknown	annotation_status::mid::Unknown	annotation_status::fine::Unknown	candidate_only	shadow_candidate	shadow_candidate	fine	vascular_endothelial_like	state::fine::vascular_endothelial_like	196	marker_based_fine_candidate_annotation.csv.gz	11fb72c7510c5613aef176329e928327e7ce3608c15e99d85c571ef3d6c77952
shadow__4474cd1024cc3a6da834	GSE207422_sc	marker_based_mid	APC_priming_like	Unknown	Unknown	Unknown	annotation_status::coarse::Unknown	annotation_status::mid::Unknown	annotation_status::fine::Unknown	candidate_only	shadow_candidate	shadow_candidate	mid	APC_priming_like		2239	marker_based_mid_annotation.csv.gz	8a93369d569423594390d587d4001a36f820bafb165dc04654523717b089b3ae
shadow__f72b59129c46c20f08d4	GSE207422_sc	marker_based_mid	B_cell	Unknown	Unknown	Unknown	annotation_status::coarse::Unknown	annotation_status::mid::Unknown	annotation_status::fine::Unknown	candidate_only	shadow_candidate	shadow_candidate	mid	B_cell	identity::mid::B_cell	5920	marker_based_mid_annotation.csv.gz	8a93369d569423594390d587d4001a36f820bafb165dc04654523717b089b3ae
shadow__4f8e9e308eb84f75f8f6	GSE207422_sc	marker_based_mid	CAF	Unknown	Unknown	Unknown	annotation_status::coarse::Unknown	annotation_status::mid::Unknown	annotation_status::fine::Unknown	candidate_only	shadow_candidate	shadow_candidate	mid	CAF	identity::mid::CAF	902	marker_based_mid_annotation.csv.gz	8a93369d569423594390d587d4001a36f820bafb165dc04654523717b089b3ae
shadow__d204795ce4b9e6ca5144	GSE207422_sc	marker_based_mid	CD4_T	Unknown	Unknown	Unknown	annotation_status::coarse::Unknown	annotation_status::mid::Unknown	annotation_status::fine::Unknown	candidate_only	shadow_candidate	shadow_candidate	mid	CD4_T	identity::mid::CD4_T	2363	marker_based_mid_annotation.csv.gz	8a93369d569423594390d587d4001a36f820bafb165dc04654523717b089b3ae
shadow__b4214ad1715738e6430e	GSE207422_sc	marker_based_mid	CD8_T	Unknown	Unknown	Unknown	annotation_status::coarse::Unknown	annotation_status::mid::Unknown	annotation_status::fine::Unknown	candidate_only	shadow_candidate	shadow_candidate	mid	CD8_T	identity::mid::CD8_T	9203	marker_based_mid_annotation.csv.gz	8a93369d569423594390d587d4001a36f820bafb165dc04654523717b089b3ae
shadow__44d48c5a0728f3b91f34	GSE207422_sc	marker_based_mid	DC	Unknown	Unknown	Unknown	annotation_status::coarse::Unknown	annotation_status::mid::Unknown	annotation_status::fine::Unknown	candidate_only	shadow_candidate	shadow_candidate	mid	DC	identity::mid::DC	4020	marker_based_mid_annotation.csv.gz	8a93369d569423594390d587d4001a36f820bafb165dc04654523717b089b3ae
shadow__beeb68db0ebfadf2393a	GSE207422_sc	marker_based_mid	Endothelial	Unknown	Unknown	Unknown	annotation_status::coarse::Unknown	annotation_status::mid::Unknown	annotation_status::fine::Unknown	candidate_only	shadow_candidate	shadow_candidate	mid	Endothelial	identity::mid::Endothelial	7580	marker_based_mid_annotation.csv.gz	8a93369d569423594390d587d4001a36f820bafb165dc04654523717b089b3ae
shadow__46825e616810d85319e6	GSE207422_sc	marker_based_mid	Macrophage	Unknown	Unknown	Unknown	annotation_status::coarse::Unknown	annotation_status::mid::Unknown	annotation_status::fine::Unknown	candidate_only	shadow_candidate	shadow_candidate	mid	Macrophage	identity::mid::Macrophage	1823	marker_based_mid_annotation.csv.gz	8a93369d569423594390d587d4001a36f820bafb165dc04654523717b089b3ae
shadow__dcc9f73f0541cdb269c1	GSE207422_sc	marker_based_mid	Monocyte	Unknown	Unknown	Unknown	annotation_status::coarse::Unknown	annotation_status::mid::Unknown	annotation_status::fine::Unknown	candidate_only	shadow_candidate	shadow_candidate	mid	Monocyte	identity::mid::Monocyte	1942	marker_based_mid_annotation.csv.gz	8a93369d569423594390d587d4001a36f820bafb165dc04654523717b089b3ae
shadow__1530fb5d340aec36bda2	GSE207422_sc	marker_based_mid	NK	Unknown	Unknown	Unknown	annotation_status::coarse::Unknown	annotation_status::mid::Unknown	annotation_status::fine::Unknown	candidate_only	shadow_candidate	shadow_candidate	mid	NK	identity::mid::NK	2818	marker_based_mid_annotation.csv.gz	8a93369d569423594390d587d4001a36f820bafb165dc04654523717b089b3ae
shadow__df37732ab5ef9d020bfd	GSE207422_sc	marker_based_mid	NKT_like	Unknown	Unknown	Unknown	annotation_status::coarse::Unknown	annotation_status::mid::Unknown	annotation_status::fine::Unknown	candidate_only	shadow_candidate	shadow_candidate	mid	NKT_like	identity::mid::NKT_like	3670	marker_based_mid_annotation.csv.gz	8a93369d569423594390d587d4001a36f820bafb165dc04654523717b089b3ae
shadow__2e3d7ef385efb43b306d	GSE207422_sc	marker_based_mid	Neutrophil_TAN_like	Unknown	Unknown	Unknown	annotation_status::coarse::Unknown	annotation_status::mid::Unknown	annotation_status::fine::Unknown	candidate_only	shadow_candidate	shadow_candidate	mid	Neutrophil_TAN_like	identity::mid::Neutrophil_TAN_like	1661	marker_based_mid_annotation.csv.gz	8a93369d569423594390d587d4001a36f820bafb165dc04654523717b089b3ae
shadow__7545a2b23e1a9e4ec814	GSE207422_sc	marker_based_mid	Plasma_cell	Unknown	Unknown	Unknown	annotation_status::coarse::Unknown	annotation_status::mid::Unknown	annotation_status::fine::Unknown	candidate_only	shadow_candidate	shadow_candidate	mid	Plasma_cell	identity::mid::Plasma_cell	2026	marker_based_mid_annotation.csv.gz	8a93369d569423594390d587d4001a36f820bafb165dc04654523717b089b3ae
shadow__993c52610715a2c40603	GSE207422_sc	marker_based_mid	Treg	Unknown	Unknown	Unknown	annotation_status::coarse::Unknown	annotation_status::mid::Unknown	annotation_status::fine::Unknown	candidate_only	shadow_candidate	shadow_candidate	mid	Treg	identity::mid::Treg	1063	marker_based_mid_annotation.csv.gz	8a93369d569423594390d587d4001a36f820bafb165dc04654523717b089b3ae
shadow__5958576f9b5f81859426	GSE207422_sc	marker_based_mid	Tumor_epithelial_like	Unknown	Unknown	Unknown	annotation_status::coarse::Unknown	annotation_status::mid::Unknown	annotation_status::fine::Unknown	candidate_only	shadow_candidate	shadow_candidate	mid	Tumor_epithelial_like	identity::mid::Tumor_epithelial_like	5408	marker_based_mid_annotation.csv.gz	8a93369d569423594390d587d4001a36f820bafb165dc04654523717b089b3ae
shadow__3ae067324e9069ebc630	GSE207422_sc	marker_based_mid	Unknown	Unknown	Unknown	Unknown	annotation_status::coarse::Unknown	annotation_status::mid::Unknown	annotation_status::fine::Unknown	candidate_only	shadow_candidate	shadow_candidate	mid	Unknown	annotation_status::mid::Unknown	38958	marker_based_mid_annotation.csv.gz	8a93369d569423594390d587d4001a36f820bafb165dc04654523717b089b3ae
shadow__3cba07b621a509878631	GSE207422_sc	marker_based_mid	pDC	Unknown	Unknown	Unknown	annotation_status::coarse::Unknown	annotation_status::mid::Unknown	annotation_status::fine::Unknown	candidate_only	shadow_candidate	shadow_candidate	mid	pDC	identity::mid::pDC	734	marker_based_mid_annotation.csv.gz	8a93369d569423594390d587d4001a36f820bafb165dc04654523717b089b3ae
shadow__7bb3ea6d6102588d312f	GSE225063	marker_based_fine	CAF_inflammatory_like	Unknown	Unknown	Unknown	annotation_status::coarse::Unknown	annotation_status::mid::Unknown	annotation_status::fine::Unknown	candidate_only	shadow_candidate	shadow_candidate	fine	CAF_inflammatory_like	state::fine::CAF_inflammatory_like	101	marker_based_fine_candidate_annotation.csv.gz	11fb72c7510c5613aef176329e928327e7ce3608c15e99d85c571ef3d6c77952
shadow__03dc8fd504269c310ea3	GSE225063	marker_based_fine	CAF_myofibroblast_like	Unknown	Unknown	Unknown	annotation_status::coarse::Unknown	annotation_status::mid::Unknown	annotation_status::fine::Unknown	candidate_only	shadow_candidate	shadow_candidate	fine	CAF_myofibroblast_like	state::fine::CAF_myofibroblast_like	10	marker_based_fine_candidate_annotation.csv.gz	11fb72c7510c5613aef176329e928327e7ce3608c15e99d85c571ef3d6c77952
shadow__78d20dae26cc662dbb63	GSE225063	marker_based_fine	CD4_helper_like	Unknown	Unknown	Unknown	annotation_status::coarse::Unknown	annotation_status::mid::Unknown	annotation_status::fine::Unknown	candidate_only	shadow_candidate	shadow_candidate	fine	CD4_helper_like	state::fine::CD4_helper_like	39	marker_based_fine_candidate_annotation.csv.gz	11fb72c7510c5613aef176329e928327e7ce3608c15e99d85c571ef3d6c77952
shadow__bdd161323227fa2c321d	GSE225063	marker_based_fine	CD8_cytotoxic_like	Unknown	Unknown	Unknown	annotation_status::coarse::Unknown	annotation_status::mid::Unknown	annotation_status::fine::Unknown	candidate_only	shadow_candidate	shadow_candidate	fine	CD8_cytotoxic_like	state::fine::CD8_cytotoxic_like	291	marker_based_fine_candidate_annotation.csv.gz	11fb72c7510c5613aef176329e928327e7ce3608c15e99d85c571ef3d6c77952
shadow__e75482cc6d1b6a71223b	GSE225063	marker_based_fine	CD8_exhausted_like	Unknown	Unknown	Unknown	annotation_status::coarse::Unknown	annotation_status::mid::Unknown	annotation_status::fine::Unknown	candidate_only	shadow_candidate	shadow_candidate	fine	CD8_exhausted_like	state::fine::CD8_exhausted_like	163	marker_based_fine_candidate_annotation.csv.gz	11fb72c7510c5613aef176329e928327e7ce3608c15e99d85c571ef3d6c77952
shadow__d00ce0beb87a6556d4f6	GSE225063	marker_based_fine	CD8_progenitor_exhausted_like	Unknown	Unknown	Unknown	annotation_status::coarse::Unknown	annotation_status::mid::Unknown	annotation_status::fine::Unknown	candidate_only	shadow_candidate	shadow_candidate	fine	CD8_progenitor_exhausted_like	state::fine::CD8_progenitor_exhausted_like	4	marker_based_fine_candidate_annotation.csv.gz	11fb72c7510c5613aef176329e928327e7ce3608c15e99d85c571ef3d6c77952
shadow__320d96901ab75b746da5	GSE225063	marker_based_fine	CD8_terminal_exhausted_like	Unknown	Unknown	Unknown	annotation_status::coarse::Unknown	annotation_status::mid::Unknown	annotation_status::fine::Unknown	candidate_only	shadow_candidate	shadow_candidate	fine	CD8_terminal_exhausted_like	state::fine::CD8_terminal_exhausted_like	279	marker_based_fine_candidate_annotation.csv.gz	11fb72c7510c5613aef176329e928327e7ce3608c15e99d85c571ef3d6c77952
shadow__43db6aa3740a9dd8a8bb	GSE225063	marker_based_fine	DC_migratory_like	Unknown	Unknown	Unknown	annotation_status::coarse::Unknown	annotation_status::mid::Unknown	annotation_status::fine::Unknown	candidate_only	shadow_candidate	shadow_candidate	fine	DC_migratory_like	state::fine::DC_migratory_like	188	marker_based_fine_candidate_annotation.csv.gz	11fb72c7510c5613aef176329e928327e7ce3608c15e99d85c571ef3d6c77952
shadow__a73780318007481525be	GSE225063	marker_based_fine	NK_cytotoxic_like	Unknown	Unknown	Unknown	annotation_status::coarse::Unknown	annotation_status::mid::Unknown	annotation_status::fine::Unknown	candidate_only	shadow_candidate	shadow_candidate	fine	NK_cytotoxic_like	state::fine::NK_cytotoxic_like	1743	marker_based_fine_candidate_annotation.csv.gz	11fb72c7510c5613aef176329e928327e7ce3608c15e99d85c571ef3d6c77952
shadow__7421cb4b5c72e7090b1a	GSE225063	marker_based_fine	TLS_B_like	Unknown	Unknown	Unknown	annotation_status::coarse::Unknown	annotation_status::mid::Unknown	annotation_status::fine::Unknown	candidate_only	shadow_candidate	shadow_candidate	fine	TLS_B_like	state::fine::TLS_B_like	72	marker_based_fine_candidate_annotation.csv.gz	11fb72c7510c5613aef176329e928327e7ce3608c15e99d85c571ef3d6c77952
shadow__d9a0031d0420db3d4abe	GSE225063	marker_based_fine	TREM2_macrophage_like	Unknown	Unknown	Unknown	annotation_status::coarse::Unknown	annotation_status::mid::Unknown	annotation_status::fine::Unknown	candidate_only	shadow_candidate	shadow_candidate	fine	TREM2_macrophage_like	state::fine::TREM2_macrophage_like	232	marker_based_fine_candidate_annotation.csv.gz	11fb72c7510c5613aef176329e928327e7ce3608c15e99d85c571ef3d6c77952
shadow__cfb7cdb828bdba69e540	GSE225063	marker_based_fine	Treg_suppressive_like	Unknown	Unknown	Unknown	annotation_status::coarse::Unknown	annotation_status::mid::Unknown	annotation_status::fine::Unknown	candidate_only	shadow_candidate	shadow_candidate	fine	Treg_suppressive_like	state::fine::Treg_suppressive_like	154	marker_based_fine_candidate_annotation.csv.gz	11fb72c7510c5613aef176329e928327e7ce3608c15e99d85c571ef3d6c77952
shadow__c436bf5ea984d640e6d8	GSE225063	marker_based_fine	Unknown	Unknown	Unknown	Unknown	annotation_status::coarse::Unknown	annotation_status::mid::Unknown	annotation_status::fine::Unknown	candidate_only	shadow_candidate	shadow_candidate	fine	Unknown	annotation_status::fine::Unknown	63429	marker_based_fine_candidate_annotation.csv.gz	11fb72c7510c5613aef176329e928327e7ce3608c15e99d85c571ef3d6c77952
shadow__525b07c504cf43b1d3fc	GSE225063	marker_based_fine	angiogenic_endothelial_like	Unknown	Unknown	Unknown	annotation_status::coarse::Unknown	annotation_status::mid::Unknown	annotation_status::fine::Unknown	candidate_only	shadow_candidate	shadow_candidate	fine	angiogenic_endothelial_like	state::fine::angiogenic_endothelial_like	6712	marker_based_fine_candidate_annotation.csv.gz	11fb72c7510c5613aef176329e928327e7ce3608c15e99d85c571ef3d6c77952
shadow__657dc9487f5dc80a37b8	GSE225063	marker_based_fine	neutrophil_TAN_NET_like	Unknown	Unknown	Unknown	annotation_status::coarse::Unknown	annotation_status::mid::Unknown	annotation_status::fine::Unknown	candidate_only	shadow_candidate	shadow_candidate	fine	neutrophil_TAN_NET_like	state::fine::neutrophil_TAN_NET_like	1732	marker_based_fine_candidate_annotation.csv.gz	11fb72c7510c5613aef176329e928327e7ce3608c15e99d85c571ef3d6c77952
shadow__0642aa5e6a1ad093576a	GSE225063	marker_based_fine	plasma_Ig_like	Unknown	Unknown	Unknown	annotation_status::coarse::Unknown	annotation_status::mid::Unknown	annotation_status::fine::Unknown	candidate_only	shadow_candidate	shadow_candidate	fine	plasma_Ig_like	state::fine::plasma_Ig_like	7	marker_based_fine_candidate_annotation.csv.gz	11fb72c7510c5613aef176329e928327e7ce3608c15e99d85c571ef3d6c77952
shadow__c9426d1e572856baaab0	GSE225063	marker_based_fine	tumor_IFN_APM_high_like	Unknown	Unknown	Unknown	annotation_status::coarse::Unknown	annotation_status::mid::Unknown	annotation_status::fine::Unknown	candidate_only	shadow_candidate	shadow_candidate	fine	tumor_IFN_APM_high_like	state::fine::tumor_IFN_APM_high_like	1	marker_based_fine_candidate_annotation.csv.gz	11fb72c7510c5613aef176329e928327e7ce3608c15e99d85c571ef3d6c77952
shadow__03653959175e3aa5bee6	GSE225063	marker_based_fine	tumor_WNT_exclusion_like	Unknown	Unknown	Unknown	annotation_status::coarse::Unknown	annotation_status::mid::Unknown	annotation_status::fine::Unknown	candidate_only	shadow_candidate	shadow_candidate	fine	tumor_WNT_exclusion_like	state::fine::tumor_WNT_exclusion_like	3	marker_based_fine_candidate_annotation.csv.gz	11fb72c7510c5613aef176329e928327e7ce3608c15e99d85c571ef3d6c77952
shadow__e8019bd0f4f2ba8e0cfc	GSE225063	marker_based_mid	APC_priming_like	Unknown	Unknown	Unknown	annotation_status::coarse::Unknown	annotation_status::mid::Unknown	annotation_status::fine::Unknown	candidate_only	shadow_candidate	shadow_candidate	mid	APC_priming_like		3093	marker_based_mid_annotation.csv.gz	8a93369d569423594390d587d4001a36f820bafb165dc04654523717b089b3ae
shadow__dc472cc319d8c2c3aa07	GSE225063	marker_based_mid	B_cell	Unknown	Unknown	Unknown	annotation_status::coarse::Unknown	annotation_status::mid::Unknown	annotation_status::fine::Unknown	candidate_only	shadow_candidate	shadow_candidate	mid	B_cell	identity::mid::B_cell	4505	marker_based_mid_annotation.csv.gz	8a93369d569423594390d587d4001a36f820bafb165dc04654523717b089b3ae
shadow__e2bfc8df6b5791a7c15a	GSE225063	marker_based_mid	CAF	Unknown	Unknown	Unknown	annotation_status::coarse::Unknown	annotation_status::mid::Unknown	annotation_status::fine::Unknown	candidate_only	shadow_candidate	shadow_candidate	mid	CAF	identity::mid::CAF	1798	marker_based_mid_annotation.csv.gz	8a93369d569423594390d587d4001a36f820bafb165dc04654523717b089b3ae
shadow__13bf1277b973450dad06	GSE225063	marker_based_mid	CD4_T	Unknown	Unknown	Unknown	annotation_status::coarse::Unknown	annotation_status::mid::Unknown	annotation_status::fine::Unknown	candidate_only	shadow_candidate	shadow_candidate	mid	CD4_T	identity::mid::CD4_T	155	marker_based_mid_annotation.csv.gz	8a93369d569423594390d587d4001a36f820bafb165dc04654523717b089b3ae
shadow__e03356c9e6f226731d83	GSE225063	marker_based_mid	CD8_T	Unknown	Unknown	Unknown	annotation_status::coarse::Unknown	annotation_status::mid::Unknown	annotation_status::fine::Unknown	candidate_only	shadow_candidate	shadow_candidate	mid	CD8_T	identity::mid::CD8_T	1246	marker_based_mid_annotation.csv.gz	8a93369d569423594390d587d4001a36f820bafb165dc04654523717b089b3ae
shadow__79be5b3b2454d071fd6e	GSE225063	marker_based_mid	DC	Unknown	Unknown	Unknown	annotation_status::coarse::Unknown	annotation_status::mid::Unknown	annotation_status::fine::Unknown	candidate_only	shadow_candidate	shadow_candidate	mid	DC	identity::mid::DC	3502	marker_based_mid_annotation.csv.gz	8a93369d569423594390d587d4001a36f820bafb165dc04654523717b089b3ae
shadow__a3a69fe1c87b2740d0ff	GSE225063	marker_based_mid	Endothelial	Unknown	Unknown	Unknown	annotation_status::coarse::Unknown	annotation_status::mid::Unknown	annotation_status::fine::Unknown	candidate_only	shadow_candidate	shadow_candidate	mid	Endothelial	identity::mid::Endothelial	8379	marker_based_mid_annotation.csv.gz	8a93369d569423594390d587d4001a36f820bafb165dc04654523717b089b3ae
shadow__7ab72b2afa8a9d211322	GSE225063	marker_based_mid	Macrophage	Unknown	Unknown	Unknown	annotation_status::coarse::Unknown	annotation_status::mid::Unknown	annotation_status::fine::Unknown	candidate_only	shadow_candidate	shadow_candidate	mid	Macrophage	identity::mid::Macrophage	1466	marker_based_mid_annotation.csv.gz	8a93369d569423594390d587d4001a36f820bafb165dc04654523717b089b3ae
shadow__d18ee8c324233f91e485	GSE225063	marker_based_mid	Monocyte	Unknown	Unknown	Unknown	annotation_status::coarse::Unknown	annotation_status::mid::Unknown	annotation_status::fine::Unknown	candidate_only	shadow_candidate	shadow_candidate	mid	Monocyte	identity::mid::Monocyte	5653	marker_based_mid_annotation.csv.gz	8a93369d569423594390d587d4001a36f820bafb165dc04654523717b089b3ae
shadow__90519b6772673452d8d5	GSE225063	marker_based_mid	NK	Unknown	Unknown	Unknown	annotation_status::coarse::Unknown	annotation_status::mid::Unknown	annotation_status::fine::Unknown	candidate_only	shadow_candidate	shadow_candidate	mid	NK	identity::mid::NK	1917	marker_based_mid_annotation.csv.gz	8a93369d569423594390d587d4001a36f820bafb165dc04654523717b089b3ae
shadow__cf2070c3e139cf9a066e	GSE225063	marker_based_mid	NKT_like	Unknown	Unknown	Unknown	annotation_status::coarse::Unknown	annotation_status::mid::Unknown	annotation_status::fine::Unknown	candidate_only	shadow_candidate	shadow_candidate	mid	NKT_like	identity::mid::NKT_like	5349	marker_based_mid_annotation.csv.gz	8a93369d569423594390d587d4001a36f820bafb165dc04654523717b089b3ae
shadow__949e6fd0f6e3bb9b8bfd	GSE225063	marker_based_mid	Neutrophil_TAN_like	Unknown	Unknown	Unknown	annotation_status::coarse::Unknown	annotation_status::mid::Unknown	annotation_status::fine::Unknown	candidate_only	shadow_candidate	shadow_candidate	mid	Neutrophil_TAN_like	identity::mid::Neutrophil_TAN_like	1788	marker_based_mid_annotation.csv.gz	8a93369d569423594390d587d4001a36f820bafb165dc04654523717b089b3ae
shadow__b356925a896deeb2e92b	GSE225063	marker_based_mid	Plasma_cell	Unknown	Unknown	Unknown	annotation_status::coarse::Unknown	annotation_status::mid::Unknown	annotation_status::fine::Unknown	candidate_only	shadow_candidate	shadow_candidate	mid	Plasma_cell	identity::mid::Plasma_cell	2131	marker_based_mid_annotation.csv.gz	8a93369d569423594390d587d4001a36f820bafb165dc04654523717b089b3ae
shadow__ea2afeffd338fdd90a0b	GSE225063	marker_based_mid	Treg	Unknown	Unknown	Unknown	annotation_status::coarse::Unknown	annotation_status::mid::Unknown	annotation_status::fine::Unknown	candidate_only	shadow_candidate	shadow_candidate	mid	Treg	identity::mid::Treg	772	marker_based_mid_annotation.csv.gz	8a93369d569423594390d587d4001a36f820bafb165dc04654523717b089b3ae
shadow__8eee69476e0b19cfc322	GSE225063	marker_based_mid	Tumor_epithelial_like	Unknown	Unknown	Unknown	annotation_status::coarse::Unknown	annotation_status::mid::Unknown	annotation_status::fine::Unknown	candidate_only	shadow_candidate	shadow_candidate	mid	Tumor_epithelial_like	identity::mid::Tumor_epithelial_like	1324	marker_based_mid_annotation.csv.gz	8a93369d569423594390d587d4001a36f820bafb165dc04654523717b089b3ae
shadow__d14dbf6200270c9653dd	GSE225063	marker_based_mid	Unknown	Unknown	Unknown	Unknown	annotation_status::coarse::Unknown	annotation_status::mid::Unknown	annotation_status::fine::Unknown	candidate_only	shadow_candidate	shadow_candidate	mid	Unknown	annotation_status::mid::Unknown	30907	marker_based_mid_annotation.csv.gz	8a93369d569423594390d587d4001a36f820bafb165dc04654523717b089b3ae
shadow__482f23e81d7f77d55fbc	GSE225063	marker_based_mid	pDC	Unknown	Unknown	Unknown	annotation_status::coarse::Unknown	annotation_status::mid::Unknown	annotation_status::fine::Unknown	candidate_only	shadow_candidate	shadow_candidate	mid	pDC	identity::mid::pDC	1175	marker_based_mid_annotation.csv.gz	8a93369d569423594390d587d4001a36f820bafb165dc04654523717b089b3ae
shadow__911542fca48930a25636	GSE229772	marker_based_fine	CAF_inflammatory_like	Unknown	Unknown	Unknown	annotation_status::coarse::Unknown	annotation_status::mid::Unknown	annotation_status::fine::Unknown	candidate_only	shadow_candidate	shadow_candidate	fine	CAF_inflammatory_like	state::fine::CAF_inflammatory_like	1924	marker_based_fine_candidate_annotation.csv.gz	11fb72c7510c5613aef176329e928327e7ce3608c15e99d85c571ef3d6c77952
shadow__378a38c4105cf409e4ef	GSE229772	marker_based_fine	CAF_myofibroblast_like	Unknown	Unknown	Unknown	annotation_status::coarse::Unknown	annotation_status::mid::Unknown	annotation_status::fine::Unknown	candidate_only	shadow_candidate	shadow_candidate	fine	CAF_myofibroblast_like	state::fine::CAF_myofibroblast_like	2526	marker_based_fine_candidate_annotation.csv.gz	11fb72c7510c5613aef176329e928327e7ce3608c15e99d85c571ef3d6c77952
shadow__e799956af6c250a1c296	GSE229772	marker_based_fine	CD4_helper_like	Unknown	Unknown	Unknown	annotation_status::coarse::Unknown	annotation_status::mid::Unknown	annotation_status::fine::Unknown	candidate_only	shadow_candidate	shadow_candidate	fine	CD4_helper_like	state::fine::CD4_helper_like	1294	marker_based_fine_candidate_annotation.csv.gz	11fb72c7510c5613aef176329e928327e7ce3608c15e99d85c571ef3d6c77952
shadow__b921b2a9f6b0ce9b62df	GSE229772	marker_based_fine	CD8_cytotoxic_like	Unknown	Unknown	Unknown	annotation_status::coarse::Unknown	annotation_status::mid::Unknown	annotation_status::fine::Unknown	candidate_only	shadow_candidate	shadow_candidate	fine	CD8_cytotoxic_like	state::fine::CD8_cytotoxic_like	341	marker_based_fine_candidate_annotation.csv.gz	11fb72c7510c5613aef176329e928327e7ce3608c15e99d85c571ef3d6c77952
shadow__7ed75fa9be19ecdf9366	GSE229772	marker_based_fine	CD8_exhausted_like	Unknown	Unknown	Unknown	annotation_status::coarse::Unknown	annotation_status::mid::Unknown	annotation_status::fine::Unknown	candidate_only	shadow_candidate	shadow_candidate	fine	CD8_exhausted_like	state::fine::CD8_exhausted_like	277	marker_based_fine_candidate_annotation.csv.gz	11fb72c7510c5613aef176329e928327e7ce3608c15e99d85c571ef3d6c77952
shadow__6c86a23c291502f2ba62	GSE229772	marker_based_fine	CD8_progenitor_exhausted_like	Unknown	Unknown	Unknown	annotation_status::coarse::Unknown	annotation_status::mid::Unknown	annotation_status::fine::Unknown	candidate_only	shadow_candidate	shadow_candidate	fine	CD8_progenitor_exhausted_like	state::fine::CD8_progenitor_exhausted_like	144	marker_based_fine_candidate_annotation.csv.gz	11fb72c7510c5613aef176329e928327e7ce3608c15e99d85c571ef3d6c77952
shadow__8cce351dba9928211a71	GSE229772	marker_based_fine	CD8_terminal_exhausted_like	Unknown	Unknown	Unknown	annotation_status::coarse::Unknown	annotation_status::mid::Unknown	annotation_status::fine::Unknown	candidate_only	shadow_candidate	shadow_candidate	fine	CD8_terminal_exhausted_like	state::fine::CD8_terminal_exhausted_like	598	marker_based_fine_candidate_annotation.csv.gz	11fb72c7510c5613aef176329e928327e7ce3608c15e99d85c571ef3d6c77952
shadow__bcbd50772ac5c1e80b67	GSE229772	marker_based_fine	DC_migratory_like	Unknown	Unknown	Unknown	annotation_status::coarse::Unknown	annotation_status::mid::Unknown	annotation_status::fine::Unknown	candidate_only	shadow_candidate	shadow_candidate	fine	DC_migratory_like	state::fine::DC_migratory_like	68	marker_based_fine_candidate_annotation.csv.gz	11fb72c7510c5613aef176329e928327e7ce3608c15e99d85c571ef3d6c77952
shadow__cefc5cab80fed10ac25d	GSE229772	marker_based_fine	NK_cytotoxic_like	Unknown	Unknown	Unknown	annotation_status::coarse::Unknown	annotation_status::mid::Unknown	annotation_status::fine::Unknown	candidate_only	shadow_candidate	shadow_candidate	fine	NK_cytotoxic_like	state::fine::NK_cytotoxic_like	2781	marker_based_fine_candidate_annotation.csv.gz	11fb72c7510c5613aef176329e928327e7ce3608c15e99d85c571ef3d6c77952
shadow__066c56386ec12bdf10cc	GSE229772	marker_based_fine	TLS_B_like	Unknown	Unknown	Unknown	annotation_status::coarse::Unknown	annotation_status::mid::Unknown	annotation_status::fine::Unknown	candidate_only	shadow_candidate	shadow_candidate	fine	TLS_B_like	state::fine::TLS_B_like	743	marker_based_fine_candidate_annotation.csv.gz	11fb72c7510c5613aef176329e928327e7ce3608c15e99d85c571ef3d6c77952
shadow__aedce5a17cd887bb688e	GSE229772	marker_based_fine	TREM2_macrophage_like	Unknown	Unknown	Unknown	annotation_status::coarse::Unknown	annotation_status::mid::Unknown	annotation_status::fine::Unknown	candidate_only	shadow_candidate	shadow_candidate	fine	TREM2_macrophage_like	state::fine::TREM2_macrophage_like	338	marker_based_fine_candidate_annotation.csv.gz	11fb72c7510c5613aef176329e928327e7ce3608c15e99d85c571ef3d6c77952
shadow__92df7f6569d1a2d94d7f	GSE229772	marker_based_fine	Treg_suppressive_like	Unknown	Unknown	Unknown	annotation_status::coarse::Unknown	annotation_status::mid::Unknown	annotation_status::fine::Unknown	candidate_only	shadow_candidate	shadow_candidate	fine	Treg_suppressive_like	state::fine::Treg_suppressive_like	291	marker_based_fine_candidate_annotation.csv.gz	11fb72c7510c5613aef176329e928327e7ce3608c15e99d85c571ef3d6c77952
shadow__df6eb47530f1cf1436ad	GSE229772	marker_based_fine	Unknown	Unknown	Unknown	Unknown	annotation_status::coarse::Unknown	annotation_status::mid::Unknown	annotation_status::fine::Unknown	candidate_only	shadow_candidate	shadow_candidate	fine	Unknown	annotation_status::fine::Unknown	41515	marker_based_fine_candidate_annotation.csv.gz	11fb72c7510c5613aef176329e928327e7ce3608c15e99d85c571ef3d6c77952
shadow__04f7c13664fbeeb79ab1	GSE229772	marker_based_fine	angiogenic_endothelial_like	Unknown	Unknown	Unknown	annotation_status::coarse::Unknown	annotation_status::mid::Unknown	annotation_status::fine::Unknown	candidate_only	shadow_candidate	shadow_candidate	fine	angiogenic_endothelial_like	state::fine::angiogenic_endothelial_like	690	marker_based_fine_candidate_annotation.csv.gz	11fb72c7510c5613aef176329e928327e7ce3608c15e99d85c571ef3d6c77952
shadow__a1ec0ab6340419baf369	GSE229772	marker_based_fine	neutrophil_TAN_NET_like	Unknown	Unknown	Unknown	annotation_status::coarse::Unknown	annotation_status::mid::Unknown	annotation_status::fine::Unknown	candidate_only	shadow_candidate	shadow_candidate	fine	neutrophil_TAN_NET_like	state::fine::neutrophil_TAN_NET_like	559	marker_based_fine_candidate_annotation.csv.gz	11fb72c7510c5613aef176329e928327e7ce3608c15e99d85c571ef3d6c77952
shadow__949423d07b8d1bfc1f81	GSE229772	marker_based_fine	plasma_Ig_like	Unknown	Unknown	Unknown	annotation_status::coarse::Unknown	annotation_status::mid::Unknown	annotation_status::fine::Unknown	candidate_only	shadow_candidate	shadow_candidate	fine	plasma_Ig_like	state::fine::plasma_Ig_like	618	marker_based_fine_candidate_annotation.csv.gz	11fb72c7510c5613aef176329e928327e7ce3608c15e99d85c571ef3d6c77952
shadow__d122c7f7d71d677c056d	GSE229772	marker_based_fine	tumor_IFN_APM_high_like	Unknown	Unknown	Unknown	annotation_status::coarse::Unknown	annotation_status::mid::Unknown	annotation_status::fine::Unknown	candidate_only	shadow_candidate	shadow_candidate	fine	tumor_IFN_APM_high_like	state::fine::tumor_IFN_APM_high_like	540	marker_based_fine_candidate_annotation.csv.gz	11fb72c7510c5613aef176329e928327e7ce3608c15e99d85c571ef3d6c77952
shadow__7efc9647504542e5e7d7	GSE229772	marker_based_fine	tumor_WNT_exclusion_like	Unknown	Unknown	Unknown	annotation_status::coarse::Unknown	annotation_status::mid::Unknown	annotation_status::fine::Unknown	candidate_only	shadow_candidate	shadow_candidate	fine	tumor_WNT_exclusion_like	state::fine::tumor_WNT_exclusion_like	576	marker_based_fine_candidate_annotation.csv.gz	11fb72c7510c5613aef176329e928327e7ce3608c15e99d85c571ef3d6c77952
shadow__58670891c30e5bd24340	GSE229772	marker_based_fine	tumor_cell_cycle_like	Unknown	Unknown	Unknown	annotation_status::coarse::Unknown	annotation_status::mid::Unknown	annotation_status::fine::Unknown	candidate_only	shadow_candidate	shadow_candidate	fine	tumor_cell_cycle_like	state::fine::tumor_cell_cycle_like	653	marker_based_fine_candidate_annotation.csv.gz	11fb72c7510c5613aef176329e928327e7ce3608c15e99d85c571ef3d6c77952
shadow__56b2c77e9b23e781e08f	GSE229772	marker_based_fine	vascular_endothelial_like	Unknown	Unknown	Unknown	annotation_status::coarse::Unknown	annotation_status::mid::Unknown	annotation_status::fine::Unknown	candidate_only	shadow_candidate	shadow_candidate	fine	vascular_endothelial_like	state::fine::vascular_endothelial_like	1115	marker_based_fine_candidate_annotation.csv.gz	11fb72c7510c5613aef176329e928327e7ce3608c15e99d85c571ef3d6c77952
shadow__59618fcbd53df65d5de9	GSE229772	marker_based_mid	APC_priming_like	Unknown	Unknown	Unknown	annotation_status::coarse::Unknown	annotation_status::mid::Unknown	annotation_status::fine::Unknown	candidate_only	shadow_candidate	shadow_candidate	mid	APC_priming_like		2197	marker_based_mid_annotation.csv.gz	8a93369d569423594390d587d4001a36f820bafb165dc04654523717b089b3ae
shadow__7c0d75d6003c5c9174fa	GSE229772	marker_based_mid	B_cell	Unknown	Unknown	Unknown	annotation_status::coarse::Unknown	annotation_status::mid::Unknown	annotation_status::fine::Unknown	candidate_only	shadow_candidate	shadow_candidate	mid	B_cell	identity::mid::B_cell	2868	marker_based_mid_annotation.csv.gz	8a93369d569423594390d587d4001a36f820bafb165dc04654523717b089b3ae
shadow__f5b5e2ab16bc9087c04d	GSE229772	marker_based_mid	CAF	Unknown	Unknown	Unknown	annotation_status::coarse::Unknown	annotation_status::mid::Unknown	annotation_status::fine::Unknown	candidate_only	shadow_candidate	shadow_candidate	mid	CAF	identity::mid::CAF	7236	marker_based_mid_annotation.csv.gz	8a93369d569423594390d587d4001a36f820bafb165dc04654523717b089b3ae
shadow__fa96d46a8e987e21e562	GSE229772	marker_based_mid	CD4_T	Unknown	Unknown	Unknown	annotation_status::coarse::Unknown	annotation_status::mid::Unknown	annotation_status::fine::Unknown	candidate_only	shadow_candidate	shadow_candidate	mid	CD4_T	identity::mid::CD4_T	2078	marker_based_mid_annotation.csv.gz	8a93369d569423594390d587d4001a36f820bafb165dc04654523717b089b3ae
shadow__64c164530dfc84c4da91	GSE229772	marker_based_mid	CD8_T	Unknown	Unknown	Unknown	annotation_status::coarse::Unknown	annotation_status::mid::Unknown	annotation_status::fine::Unknown	candidate_only	shadow_candidate	shadow_candidate	mid	CD8_T	identity::mid::CD8_T	3972	marker_based_mid_annotation.csv.gz	8a93369d569423594390d587d4001a36f820bafb165dc04654523717b089b3ae
shadow__875f46ebbefa9a97500f	GSE229772	marker_based_mid	DC	Unknown	Unknown	Unknown	annotation_status::coarse::Unknown	annotation_status::mid::Unknown	annotation_status::fine::Unknown	candidate_only	shadow_candidate	shadow_candidate	mid	DC	identity::mid::DC	1033	marker_based_mid_annotation.csv.gz	8a93369d569423594390d587d4001a36f820bafb165dc04654523717b089b3ae
shadow__089b915a47abf2eaa237	GSE229772	marker_based_mid	Endothelial	Unknown	Unknown	Unknown	annotation_status::coarse::Unknown	annotation_status::mid::Unknown	annotation_status::fine::Unknown	candidate_only	shadow_candidate	shadow_candidate	mid	Endothelial	identity::mid::Endothelial	3005	marker_based_mid_annotation.csv.gz	8a93369d569423594390d587d4001a36f820bafb165dc04654523717b089b3ae
shadow__e5abcb0d0d622ddca61f	GSE229772	marker_based_mid	Macrophage	Unknown	Unknown	Unknown	annotation_status::coarse::Unknown	annotation_status::mid::Unknown	annotation_status::fine::Unknown	candidate_only	shadow_candidate	shadow_candidate	mid	Macrophage	identity::mid::Macrophage	2166	marker_based_mid_annotation.csv.gz	8a93369d569423594390d587d4001a36f820bafb165dc04654523717b089b3ae
shadow__b595b1a3f70440a41fa0	GSE229772	marker_based_mid	Monocyte	Unknown	Unknown	Unknown	annotation_status::coarse::Unknown	annotation_status::mid::Unknown	annotation_status::fine::Unknown	candidate_only	shadow_candidate	shadow_candidate	mid	Monocyte	identity::mid::Monocyte	971	marker_based_mid_annotation.csv.gz	8a93369d569423594390d587d4001a36f820bafb165dc04654523717b089b3ae
shadow__9a8877caf81e2c94f70c	GSE229772	marker_based_mid	NK	Unknown	Unknown	Unknown	annotation_status::coarse::Unknown	annotation_status::mid::Unknown	annotation_status::fine::Unknown	candidate_only	shadow_candidate	shadow_candidate	mid	NK	identity::mid::NK	3292	marker_based_mid_annotation.csv.gz	8a93369d569423594390d587d4001a36f820bafb165dc04654523717b089b3ae
shadow__61cf7ad72659c4797854	GSE229772	marker_based_mid	NKT_like	Unknown	Unknown	Unknown	annotation_status::coarse::Unknown	annotation_status::mid::Unknown	annotation_status::fine::Unknown	candidate_only	shadow_candidate	shadow_candidate	mid	NKT_like	identity::mid::NKT_like	2390	marker_based_mid_annotation.csv.gz	8a93369d569423594390d587d4001a36f820bafb165dc04654523717b089b3ae
shadow__8b5ac53e6f331eb7a742	GSE229772	marker_based_mid	Neutrophil_TAN_like	Unknown	Unknown	Unknown	annotation_status::coarse::Unknown	annotation_status::mid::Unknown	annotation_status::fine::Unknown	candidate_only	shadow_candidate	shadow_candidate	mid	Neutrophil_TAN_like	identity::mid::Neutrophil_TAN_like	931	marker_based_mid_annotation.csv.gz	8a93369d569423594390d587d4001a36f820bafb165dc04654523717b089b3ae
shadow__9e0169637d14f7fe7b6a	GSE229772	marker_based_mid	Plasma_cell	Unknown	Unknown	Unknown	annotation_status::coarse::Unknown	annotation_status::mid::Unknown	annotation_status::fine::Unknown	candidate_only	shadow_candidate	shadow_candidate	mid	Plasma_cell	identity::mid::Plasma_cell	1591	marker_based_mid_annotation.csv.gz	8a93369d569423594390d587d4001a36f820bafb165dc04654523717b089b3ae
shadow__216d3fe9eff219bd5e24	GSE229772	marker_based_mid	Treg	Unknown	Unknown	Unknown	annotation_status::coarse::Unknown	annotation_status::mid::Unknown	annotation_status::fine::Unknown	candidate_only	shadow_candidate	shadow_candidate	mid	Treg	identity::mid::Treg	1500	marker_based_mid_annotation.csv.gz	8a93369d569423594390d587d4001a36f820bafb165dc04654523717b089b3ae
shadow__862fce2282b36255d2d2	GSE229772	marker_based_mid	Tumor_epithelial_like	Unknown	Unknown	Unknown	annotation_status::coarse::Unknown	annotation_status::mid::Unknown	annotation_status::fine::Unknown	candidate_only	shadow_candidate	shadow_candidate	mid	Tumor_epithelial_like	identity::mid::Tumor_epithelial_like	10152	marker_based_mid_annotation.csv.gz	8a93369d569423594390d587d4001a36f820bafb165dc04654523717b089b3ae
shadow__846cfa667a584f11a58d	GSE229772	marker_based_mid	Unknown	Unknown	Unknown	Unknown	annotation_status::coarse::Unknown	annotation_status::mid::Unknown	annotation_status::fine::Unknown	candidate_only	shadow_candidate	shadow_candidate	mid	Unknown	annotation_status::mid::Unknown	11936	marker_based_mid_annotation.csv.gz	8a93369d569423594390d587d4001a36f820bafb165dc04654523717b089b3ae
shadow__9ee47b449206cbf37236	GSE229772	marker_based_mid	pDC	Unknown	Unknown	Unknown	annotation_status::coarse::Unknown	annotation_status::mid::Unknown	annotation_status::fine::Unknown	candidate_only	shadow_candidate	shadow_candidate	mid	pDC	identity::mid::pDC	273	marker_based_mid_annotation.csv.gz	8a93369d569423594390d587d4001a36f820bafb165dc04654523717b089b3ae
shadow__bfc358d2f9261afbfec4	GSE232240	marker_based_fine	CAF_inflammatory_like	Unknown	Unknown	Unknown	annotation_status::coarse::Unknown	annotation_status::mid::Unknown	annotation_status::fine::Unknown	candidate_only	shadow_candidate	shadow_candidate	fine	CAF_inflammatory_like	state::fine::CAF_inflammatory_like	3	marker_based_fine_candidate_annotation.csv.gz	11fb72c7510c5613aef176329e928327e7ce3608c15e99d85c571ef3d6c77952
shadow__8584e39d29d41c555a5e	GSE232240	marker_based_fine	CAF_myofibroblast_like	Unknown	Unknown	Unknown	annotation_status::coarse::Unknown	annotation_status::mid::Unknown	annotation_status::fine::Unknown	candidate_only	shadow_candidate	shadow_candidate	fine	CAF_myofibroblast_like	state::fine::CAF_myofibroblast_like	43	marker_based_fine_candidate_annotation.csv.gz	11fb72c7510c5613aef176329e928327e7ce3608c15e99d85c571ef3d6c77952
shadow__eadb8dba1d1e113f61d7	GSE232240	marker_based_fine	CD4_helper_like	Unknown	Unknown	Unknown	annotation_status::coarse::Unknown	annotation_status::mid::Unknown	annotation_status::fine::Unknown	candidate_only	shadow_candidate	shadow_candidate	fine	CD4_helper_like	state::fine::CD4_helper_like	44	marker_based_fine_candidate_annotation.csv.gz	11fb72c7510c5613aef176329e928327e7ce3608c15e99d85c571ef3d6c77952
shadow__57225868800491b64a38	GSE232240	marker_based_fine	CD8_cytotoxic_like	Unknown	Unknown	Unknown	annotation_status::coarse::Unknown	annotation_status::mid::Unknown	annotation_status::fine::Unknown	candidate_only	shadow_candidate	shadow_candidate	fine	CD8_cytotoxic_like	state::fine::CD8_cytotoxic_like	362	marker_based_fine_candidate_annotation.csv.gz	11fb72c7510c5613aef176329e928327e7ce3608c15e99d85c571ef3d6c77952
shadow__056d1f736472553da7f1	GSE232240	marker_based_fine	CD8_exhausted_like	Unknown	Unknown	Unknown	annotation_status::coarse::Unknown	annotation_status::mid::Unknown	annotation_status::fine::Unknown	candidate_only	shadow_candidate	shadow_candidate	fine	CD8_exhausted_like	state::fine::CD8_exhausted_like	67	marker_based_fine_candidate_annotation.csv.gz	11fb72c7510c5613aef176329e928327e7ce3608c15e99d85c571ef3d6c77952
shadow__c7eff993204efcd1143a	GSE232240	marker_based_fine	CD8_progenitor_exhausted_like	Unknown	Unknown	Unknown	annotation_status::coarse::Unknown	annotation_status::mid::Unknown	annotation_status::fine::Unknown	candidate_only	shadow_candidate	shadow_candidate	fine	CD8_progenitor_exhausted_like	state::fine::CD8_progenitor_exhausted_like	9	marker_based_fine_candidate_annotation.csv.gz	11fb72c7510c5613aef176329e928327e7ce3608c15e99d85c571ef3d6c77952
shadow__d994b4942bba867923c8	GSE232240	marker_based_fine	CD8_terminal_exhausted_like	Unknown	Unknown	Unknown	annotation_status::coarse::Unknown	annotation_status::mid::Unknown	annotation_status::fine::Unknown	candidate_only	shadow_candidate	shadow_candidate	fine	CD8_terminal_exhausted_like	state::fine::CD8_terminal_exhausted_like	205	marker_based_fine_candidate_annotation.csv.gz	11fb72c7510c5613aef176329e928327e7ce3608c15e99d85c571ef3d6c77952
shadow__ad534af3fd7aae97419c	GSE232240	marker_based_fine	DC_migratory_like	Unknown	Unknown	Unknown	annotation_status::coarse::Unknown	annotation_status::mid::Unknown	annotation_status::fine::Unknown	candidate_only	shadow_candidate	shadow_candidate	fine	DC_migratory_like	state::fine::DC_migratory_like	236	marker_based_fine_candidate_annotation.csv.gz	11fb72c7510c5613aef176329e928327e7ce3608c15e99d85c571ef3d6c77952
shadow__cb89800a436bb9c337d0	GSE232240	marker_based_fine	NK_cytotoxic_like	Unknown	Unknown	Unknown	annotation_status::coarse::Unknown	annotation_status::mid::Unknown	annotation_status::fine::Unknown	candidate_only	shadow_candidate	shadow_candidate	fine	NK_cytotoxic_like	state::fine::NK_cytotoxic_like	966	marker_based_fine_candidate_annotation.csv.gz	11fb72c7510c5613aef176329e928327e7ce3608c15e99d85c571ef3d6c77952
shadow__4b72acda492e0933bb16	GSE232240	marker_based_fine	TREM2_macrophage_like	Unknown	Unknown	Unknown	annotation_status::coarse::Unknown	annotation_status::mid::Unknown	annotation_status::fine::Unknown	candidate_only	shadow_candidate	shadow_candidate	fine	TREM2_macrophage_like	state::fine::TREM2_macrophage_like	11	marker_based_fine_candidate_annotation.csv.gz	11fb72c7510c5613aef176329e928327e7ce3608c15e99d85c571ef3d6c77952
shadow__25d4eba5dc30b82570fa	GSE232240	marker_based_fine	Treg_suppressive_like	Unknown	Unknown	Unknown	annotation_status::coarse::Unknown	annotation_status::mid::Unknown	annotation_status::fine::Unknown	candidate_only	shadow_candidate	shadow_candidate	fine	Treg_suppressive_like	state::fine::Treg_suppressive_like	29	marker_based_fine_candidate_annotation.csv.gz	11fb72c7510c5613aef176329e928327e7ce3608c15e99d85c571ef3d6c77952
shadow__d70205a9b36f5fcfee00	GSE232240	marker_based_fine	Unknown	Unknown	Unknown	Unknown	annotation_status::coarse::Unknown	annotation_status::mid::Unknown	annotation_status::fine::Unknown	candidate_only	shadow_candidate	shadow_candidate	fine	Unknown	annotation_status::fine::Unknown	27613	marker_based_fine_candidate_annotation.csv.gz	11fb72c7510c5613aef176329e928327e7ce3608c15e99d85c571ef3d6c77952
shadow__32463f61e369041878e6	GSE232240	marker_based_fine	angiogenic_endothelial_like	Unknown	Unknown	Unknown	annotation_status::coarse::Unknown	annotation_status::mid::Unknown	annotation_status::fine::Unknown	candidate_only	shadow_candidate	shadow_candidate	fine	angiogenic_endothelial_like	state::fine::angiogenic_endothelial_like	2080	marker_based_fine_candidate_annotation.csv.gz	11fb72c7510c5613aef176329e928327e7ce3608c15e99d85c571ef3d6c77952
shadow__021eabf16482d918fdc3	GSE232240	marker_based_fine	neutrophil_TAN_NET_like	Unknown	Unknown	Unknown	annotation_status::coarse::Unknown	annotation_status::mid::Unknown	annotation_status::fine::Unknown	candidate_only	shadow_candidate	shadow_candidate	fine	neutrophil_TAN_NET_like	state::fine::neutrophil_TAN_NET_like	676	marker_based_fine_candidate_annotation.csv.gz	11fb72c7510c5613aef176329e928327e7ce3608c15e99d85c571ef3d6c77952
shadow__ca68709d83442585b53a	GSE232240	marker_based_fine	plasma_Ig_like	Unknown	Unknown	Unknown	annotation_status::coarse::Unknown	annotation_status::mid::Unknown	annotation_status::fine::Unknown	candidate_only	shadow_candidate	shadow_candidate	fine	plasma_Ig_like	state::fine::plasma_Ig_like	51	marker_based_fine_candidate_annotation.csv.gz	11fb72c7510c5613aef176329e928327e7ce3608c15e99d85c571ef3d6c77952
shadow__ddebbe056ec197338edc	GSE232240	marker_based_fine	tumor_IFN_APM_high_like	Unknown	Unknown	Unknown	annotation_status::coarse::Unknown	annotation_status::mid::Unknown	annotation_status::fine::Unknown	candidate_only	shadow_candidate	shadow_candidate	fine	tumor_IFN_APM_high_like	state::fine::tumor_IFN_APM_high_like	1	marker_based_fine_candidate_annotation.csv.gz	11fb72c7510c5613aef176329e928327e7ce3608c15e99d85c571ef3d6c77952
shadow__fab5b069fdf1650fafeb	GSE232240	marker_based_fine	tumor_WNT_exclusion_like	Unknown	Unknown	Unknown	annotation_status::coarse::Unknown	annotation_status::mid::Unknown	annotation_status::fine::Unknown	candidate_only	shadow_candidate	shadow_candidate	fine	tumor_WNT_exclusion_like	state::fine::tumor_WNT_exclusion_like	3	marker_based_fine_candidate_annotation.csv.gz	11fb72c7510c5613aef176329e928327e7ce3608c15e99d85c571ef3d6c77952
shadow__2d78c395976206fdaefa	GSE232240	marker_based_mid	APC_priming_like	Unknown	Unknown	Unknown	annotation_status::coarse::Unknown	annotation_status::mid::Unknown	annotation_status::fine::Unknown	candidate_only	shadow_candidate	shadow_candidate	mid	APC_priming_like		746	marker_based_mid_annotation.csv.gz	8a93369d569423594390d587d4001a36f820bafb165dc04654523717b089b3ae
shadow__8c7d2f65afe0ccdc491e	GSE232240	marker_based_mid	B_cell	Unknown	Unknown	Unknown	annotation_status::coarse::Unknown	annotation_status::mid::Unknown	annotation_status::fine::Unknown	candidate_only	shadow_candidate	shadow_candidate	mid	B_cell	identity::mid::B_cell	1092	marker_based_mid_annotation.csv.gz	8a93369d569423594390d587d4001a36f820bafb165dc04654523717b089b3ae
shadow__e8c0dc65ece04553af10	GSE232240	marker_based_mid	CAF	Unknown	Unknown	Unknown	annotation_status::coarse::Unknown	annotation_status::mid::Unknown	annotation_status::fine::Unknown	candidate_only	shadow_candidate	shadow_candidate	mid	CAF	identity::mid::CAF	2771	marker_based_mid_annotation.csv.gz	8a93369d569423594390d587d4001a36f820bafb165dc04654523717b089b3ae
shadow__7c99f718124d5c063033	GSE232240	marker_based_mid	CD4_T	Unknown	Unknown	Unknown	annotation_status::coarse::Unknown	annotation_status::mid::Unknown	annotation_status::fine::Unknown	candidate_only	shadow_candidate	shadow_candidate	mid	CD4_T	identity::mid::CD4_T	908	marker_based_mid_annotation.csv.gz	8a93369d569423594390d587d4001a36f820bafb165dc04654523717b089b3ae
shadow__a6a329b0ac273cddc927	GSE232240	marker_based_mid	CD8_T	Unknown	Unknown	Unknown	annotation_status::coarse::Unknown	annotation_status::mid::Unknown	annotation_status::fine::Unknown	candidate_only	shadow_candidate	shadow_candidate	mid	CD8_T	identity::mid::CD8_T	1322	marker_based_mid_annotation.csv.gz	8a93369d569423594390d587d4001a36f820bafb165dc04654523717b089b3ae
shadow__05d077ad2b94be1c6686	GSE232240	marker_based_mid	DC	Unknown	Unknown	Unknown	annotation_status::coarse::Unknown	annotation_status::mid::Unknown	annotation_status::fine::Unknown	candidate_only	shadow_candidate	shadow_candidate	mid	DC	identity::mid::DC	1242	marker_based_mid_annotation.csv.gz	8a93369d569423594390d587d4001a36f820bafb165dc04654523717b089b3ae
shadow__d797a6f941b894be26bf	GSE232240	marker_based_mid	Endothelial	Unknown	Unknown	Unknown	annotation_status::coarse::Unknown	annotation_status::mid::Unknown	annotation_status::fine::Unknown	candidate_only	shadow_candidate	shadow_candidate	mid	Endothelial	identity::mid::Endothelial	3267	marker_based_mid_annotation.csv.gz	8a93369d569423594390d587d4001a36f820bafb165dc04654523717b089b3ae
shadow__00d6ac645e4bc4032e00	GSE232240	marker_based_mid	Macrophage	Unknown	Unknown	Unknown	annotation_status::coarse::Unknown	annotation_status::mid::Unknown	annotation_status::fine::Unknown	candidate_only	shadow_candidate	shadow_candidate	mid	Macrophage	identity::mid::Macrophage	334	marker_based_mid_annotation.csv.gz	8a93369d569423594390d587d4001a36f820bafb165dc04654523717b089b3ae
shadow__844239d87163911f1748	GSE232240	marker_based_mid	Monocyte	Unknown	Unknown	Unknown	annotation_status::coarse::Unknown	annotation_status::mid::Unknown	annotation_status::fine::Unknown	candidate_only	shadow_candidate	shadow_candidate	mid	Monocyte	identity::mid::Monocyte	402	marker_based_mid_annotation.csv.gz	8a93369d569423594390d587d4001a36f820bafb165dc04654523717b089b3ae
shadow__fd7f4ef70391c67ee149	GSE232240	marker_based_mid	NK	Unknown	Unknown	Unknown	annotation_status::coarse::Unknown	annotation_status::mid::Unknown	annotation_status::fine::Unknown	candidate_only	shadow_candidate	shadow_candidate	mid	NK	identity::mid::NK	1156	marker_based_mid_annotation.csv.gz	8a93369d569423594390d587d4001a36f820bafb165dc04654523717b089b3ae
shadow__940cb5fb3fb1b2335c17	GSE232240	marker_based_mid	NKT_like	Unknown	Unknown	Unknown	annotation_status::coarse::Unknown	annotation_status::mid::Unknown	annotation_status::fine::Unknown	candidate_only	shadow_candidate	shadow_candidate	mid	NKT_like	identity::mid::NKT_like	2484	marker_based_mid_annotation.csv.gz	8a93369d569423594390d587d4001a36f820bafb165dc04654523717b089b3ae
shadow__bdf728da29fa0f00b501	GSE232240	marker_based_mid	Neutrophil_TAN_like	Unknown	Unknown	Unknown	annotation_status::coarse::Unknown	annotation_status::mid::Unknown	annotation_status::fine::Unknown	candidate_only	shadow_candidate	shadow_candidate	mid	Neutrophil_TAN_like	identity::mid::Neutrophil_TAN_like	681	marker_based_mid_annotation.csv.gz	8a93369d569423594390d587d4001a36f820bafb165dc04654523717b089b3ae
shadow__b6a990ae689301e3bb4f	GSE232240	marker_based_mid	Plasma_cell	Unknown	Unknown	Unknown	annotation_status::coarse::Unknown	annotation_status::mid::Unknown	annotation_status::fine::Unknown	candidate_only	shadow_candidate	shadow_candidate	mid	Plasma_cell	identity::mid::Plasma_cell	227	marker_based_mid_annotation.csv.gz	8a93369d569423594390d587d4001a36f820bafb165dc04654523717b089b3ae
shadow__fd04021fd8f386957e3d	GSE232240	marker_based_mid	Treg	Unknown	Unknown	Unknown	annotation_status::coarse::Unknown	annotation_status::mid::Unknown	annotation_status::fine::Unknown	candidate_only	shadow_candidate	shadow_candidate	mid	Treg	identity::mid::Treg	158	marker_based_mid_annotation.csv.gz	8a93369d569423594390d587d4001a36f820bafb165dc04654523717b089b3ae
shadow__2d629a43c8c2663f1f17	GSE232240	marker_based_mid	Tumor_epithelial_like	Unknown	Unknown	Unknown	annotation_status::coarse::Unknown	annotation_status::mid::Unknown	annotation_status::fine::Unknown	candidate_only	shadow_candidate	shadow_candidate	mid	Tumor_epithelial_like	identity::mid::Tumor_epithelial_like	423	marker_based_mid_annotation.csv.gz	8a93369d569423594390d587d4001a36f820bafb165dc04654523717b089b3ae
shadow__e276d71836d27bded316	GSE232240	marker_based_mid	Unknown	Unknown	Unknown	Unknown	annotation_status::coarse::Unknown	annotation_status::mid::Unknown	annotation_status::fine::Unknown	candidate_only	shadow_candidate	shadow_candidate	mid	Unknown	annotation_status::mid::Unknown	15019	marker_based_mid_annotation.csv.gz	8a93369d569423594390d587d4001a36f820bafb165dc04654523717b089b3ae
shadow__cf95106901948a95f42c	GSE232240	marker_based_mid	pDC	Unknown	Unknown	Unknown	annotation_status::coarse::Unknown	annotation_status::mid::Unknown	annotation_status::fine::Unknown	candidate_only	shadow_candidate	shadow_candidate	mid	pDC	identity::mid::pDC	167	marker_based_mid_annotation.csv.gz	8a93369d569423594390d587d4001a36f820bafb165dc04654523717b089b3ae
shadow__6af1640283e339a727ec	GSE235863_5pt_cd8	marker_based_fine	CD8_cytotoxic_like	Unknown	Unknown	Unknown	annotation_status::coarse::Unknown	annotation_status::mid::Unknown	annotation_status::fine::Unknown	candidate_only	shadow_candidate	shadow_candidate	fine	CD8_cytotoxic_like	state::fine::CD8_cytotoxic_like	1451	marker_based_fine_candidate_annotation.csv.gz	11fb72c7510c5613aef176329e928327e7ce3608c15e99d85c571ef3d6c77952
shadow__f5f869ed76083379da01	GSE235863_5pt_cd8	marker_based_fine	CD8_exhausted_like	Unknown	Unknown	Unknown	annotation_status::coarse::Unknown	annotation_status::mid::Unknown	annotation_status::fine::Unknown	candidate_only	shadow_candidate	shadow_candidate	fine	CD8_exhausted_like	state::fine::CD8_exhausted_like	1564	marker_based_fine_candidate_annotation.csv.gz	11fb72c7510c5613aef176329e928327e7ce3608c15e99d85c571ef3d6c77952
shadow__e39a8bb4a7ddc228f07a	GSE235863_5pt_cd8	marker_based_fine	CD8_progenitor_exhausted_like	Unknown	Unknown	Unknown	annotation_status::coarse::Unknown	annotation_status::mid::Unknown	annotation_status::fine::Unknown	candidate_only	shadow_candidate	shadow_candidate	fine	CD8_progenitor_exhausted_like	state::fine::CD8_progenitor_exhausted_like	1346	marker_based_fine_candidate_annotation.csv.gz	11fb72c7510c5613aef176329e928327e7ce3608c15e99d85c571ef3d6c77952
shadow__72baae177dfeab8e5039	GSE235863_5pt_cd8	marker_based_fine	CD8_terminal_exhausted_like	Unknown	Unknown	Unknown	annotation_status::coarse::Unknown	annotation_status::mid::Unknown	annotation_status::fine::Unknown	candidate_only	shadow_candidate	shadow_candidate	fine	CD8_terminal_exhausted_like	state::fine::CD8_terminal_exhausted_like	2596	marker_based_fine_candidate_annotation.csv.gz	11fb72c7510c5613aef176329e928327e7ce3608c15e99d85c571ef3d6c77952
shadow__a9408a9fabbac3684eed	GSE235863_5pt_cd8	marker_based_fine	Unknown	Unknown	Unknown	Unknown	annotation_status::coarse::Unknown	annotation_status::mid::Unknown	annotation_status::fine::Unknown	candidate_only	shadow_candidate	shadow_candidate	fine	Unknown	annotation_status::fine::Unknown	88451	marker_based_fine_candidate_annotation.csv.gz	11fb72c7510c5613aef176329e928327e7ce3608c15e99d85c571ef3d6c77952
shadow__ab3f9c8ba069ee29aad4	GSE235863_5pt_cd8	marker_based_mid	CD8_T	Unknown	Unknown	Unknown	annotation_status::coarse::Unknown	annotation_status::mid::Unknown	annotation_status::fine::Unknown	candidate_only	shadow_candidate	shadow_candidate	mid	CD8_T	identity::mid::CD8_T	12294	marker_based_mid_annotation.csv.gz	8a93369d569423594390d587d4001a36f820bafb165dc04654523717b089b3ae
shadow__c6d01b7cd0e8ea55ad6c	GSE235863_5pt_cd8	marker_based_mid	Unknown	Unknown	Unknown	Unknown	annotation_status::coarse::Unknown	annotation_status::mid::Unknown	annotation_status::fine::Unknown	candidate_only	shadow_candidate	shadow_candidate	mid	Unknown	annotation_status::mid::Unknown	83114	marker_based_mid_annotation.csv.gz	8a93369d569423594390d587d4001a36f820bafb165dc04654523717b089b3ae
shadow__450b0bd0d1375413c49d	GSE235863_9pt_cd45	marker_based_fine	CD4_helper_like	Unknown	Unknown	Unknown	annotation_status::coarse::Unknown	annotation_status::mid::Unknown	annotation_status::fine::Unknown	candidate_only	shadow_candidate	shadow_candidate	fine	CD4_helper_like	state::fine::CD4_helper_like	462	marker_based_fine_candidate_annotation.csv.gz	11fb72c7510c5613aef176329e928327e7ce3608c15e99d85c571ef3d6c77952
shadow__a793bb7a4c31b8947bfc	GSE235863_9pt_cd45	marker_based_fine	CD8_cytotoxic_like	Unknown	Unknown	Unknown	annotation_status::coarse::Unknown	annotation_status::mid::Unknown	annotation_status::fine::Unknown	candidate_only	shadow_candidate	shadow_candidate	fine	CD8_cytotoxic_like	state::fine::CD8_cytotoxic_like	2097	marker_based_fine_candidate_annotation.csv.gz	11fb72c7510c5613aef176329e928327e7ce3608c15e99d85c571ef3d6c77952
shadow__1b78f582a408f277e70a	GSE235863_9pt_cd45	marker_based_fine	CD8_exhausted_like	Unknown	Unknown	Unknown	annotation_status::coarse::Unknown	annotation_status::mid::Unknown	annotation_status::fine::Unknown	candidate_only	shadow_candidate	shadow_candidate	fine	CD8_exhausted_like	state::fine::CD8_exhausted_like	530	marker_based_fine_candidate_annotation.csv.gz	11fb72c7510c5613aef176329e928327e7ce3608c15e99d85c571ef3d6c77952
shadow__edc9c7bb145dab7767a5	GSE235863_9pt_cd45	marker_based_fine	CD8_progenitor_exhausted_like	Unknown	Unknown	Unknown	annotation_status::coarse::Unknown	annotation_status::mid::Unknown	annotation_status::fine::Unknown	candidate_only	shadow_candidate	shadow_candidate	fine	CD8_progenitor_exhausted_like	state::fine::CD8_progenitor_exhausted_like	46	marker_based_fine_candidate_annotation.csv.gz	11fb72c7510c5613aef176329e928327e7ce3608c15e99d85c571ef3d6c77952
shadow__977db3fa01983f886f02	GSE235863_9pt_cd45	marker_based_fine	CD8_terminal_exhausted_like	Unknown	Unknown	Unknown	annotation_status::coarse::Unknown	annotation_status::mid::Unknown	annotation_status::fine::Unknown	candidate_only	shadow_candidate	shadow_candidate	fine	CD8_terminal_exhausted_like	state::fine::CD8_terminal_exhausted_like	1274	marker_based_fine_candidate_annotation.csv.gz	11fb72c7510c5613aef176329e928327e7ce3608c15e99d85c571ef3d6c77952
shadow__73d32122b67a69fec9f8	GSE235863_9pt_cd45	marker_based_fine	DC_migratory_like	Unknown	Unknown	Unknown	annotation_status::coarse::Unknown	annotation_status::mid::Unknown	annotation_status::fine::Unknown	candidate_only	shadow_candidate	shadow_candidate	fine	DC_migratory_like	state::fine::DC_migratory_like	884	marker_based_fine_candidate_annotation.csv.gz	11fb72c7510c5613aef176329e928327e7ce3608c15e99d85c571ef3d6c77952
shadow__e3626352fe133f7b2fee	GSE235863_9pt_cd45	marker_based_fine	NK_cytotoxic_like	Unknown	Unknown	Unknown	annotation_status::coarse::Unknown	annotation_status::mid::Unknown	annotation_status::fine::Unknown	candidate_only	shadow_candidate	shadow_candidate	fine	NK_cytotoxic_like	state::fine::NK_cytotoxic_like	12757	marker_based_fine_candidate_annotation.csv.gz	11fb72c7510c5613aef176329e928327e7ce3608c15e99d85c571ef3d6c77952
shadow__cacf1e86a8ddebf0e01e	GSE235863_9pt_cd45	marker_based_fine	TLS_B_like	Unknown	Unknown	Unknown	annotation_status::coarse::Unknown	annotation_status::mid::Unknown	annotation_status::fine::Unknown	candidate_only	shadow_candidate	shadow_candidate	fine	TLS_B_like	state::fine::TLS_B_like	4411	marker_based_fine_candidate_annotation.csv.gz	11fb72c7510c5613aef176329e928327e7ce3608c15e99d85c571ef3d6c77952
shadow__130a52e19abc03a8f156	GSE235863_9pt_cd45	marker_based_fine	TREM2_macrophage_like	Unknown	Unknown	Unknown	annotation_status::coarse::Unknown	annotation_status::mid::Unknown	annotation_status::fine::Unknown	candidate_only	shadow_candidate	shadow_candidate	fine	TREM2_macrophage_like	state::fine::TREM2_macrophage_like	747	marker_based_fine_candidate_annotation.csv.gz	11fb72c7510c5613aef176329e928327e7ce3608c15e99d85c571ef3d6c77952
shadow__104ec7f1118afec18962	GSE235863_9pt_cd45	marker_based_fine	Treg_suppressive_like	Unknown	Unknown	Unknown	annotation_status::coarse::Unknown	annotation_status::mid::Unknown	annotation_status::fine::Unknown	candidate_only	shadow_candidate	shadow_candidate	fine	Treg_suppressive_like	state::fine::Treg_suppressive_like	104	marker_based_fine_candidate_annotation.csv.gz	11fb72c7510c5613aef176329e928327e7ce3608c15e99d85c571ef3d6c77952
shadow__c6b5bf171a96ae3e2f5f	GSE235863_9pt_cd45	marker_based_fine	Unknown	Unknown	Unknown	Unknown	annotation_status::coarse::Unknown	annotation_status::mid::Unknown	annotation_status::fine::Unknown	candidate_only	shadow_candidate	shadow_candidate	fine	Unknown	annotation_status::fine::Unknown	78545	marker_based_fine_candidate_annotation.csv.gz	11fb72c7510c5613aef176329e928327e7ce3608c15e99d85c571ef3d6c77952
shadow__8e799531a9058378fdfe	GSE235863_9pt_cd45	marker_based_fine	neutrophil_TAN_NET_like	Unknown	Unknown	Unknown	annotation_status::coarse::Unknown	annotation_status::mid::Unknown	annotation_status::fine::Unknown	candidate_only	shadow_candidate	shadow_candidate	fine	neutrophil_TAN_NET_like	state::fine::neutrophil_TAN_NET_like	2032	marker_based_fine_candidate_annotation.csv.gz	11fb72c7510c5613aef176329e928327e7ce3608c15e99d85c571ef3d6c77952
shadow__a08ade175a231e4eda1b	GSE235863_9pt_cd45	marker_based_fine	plasma_Ig_like	Unknown	Unknown	Unknown	annotation_status::coarse::Unknown	annotation_status::mid::Unknown	annotation_status::fine::Unknown	candidate_only	shadow_candidate	shadow_candidate	fine	plasma_Ig_like	state::fine::plasma_Ig_like	87546	marker_based_fine_candidate_annotation.csv.gz	11fb72c7510c5613aef176329e928327e7ce3608c15e99d85c571ef3d6c77952
shadow__1e562843461c774b2f74	GSE235863_9pt_cd45	marker_based_mid	APC_priming_like	Unknown	Unknown	Unknown	annotation_status::coarse::Unknown	annotation_status::mid::Unknown	annotation_status::fine::Unknown	candidate_only	shadow_candidate	shadow_candidate	mid	APC_priming_like		4547	marker_based_mid_annotation.csv.gz	8a93369d569423594390d587d4001a36f820bafb165dc04654523717b089b3ae
shadow__733172356425aff4c0d1	GSE235863_9pt_cd45	marker_based_mid	B_cell	Unknown	Unknown	Unknown	annotation_status::coarse::Unknown	annotation_status::mid::Unknown	annotation_status::fine::Unknown	candidate_only	shadow_candidate	shadow_candidate	mid	B_cell	identity::mid::B_cell	14961	marker_based_mid_annotation.csv.gz	8a93369d569423594390d587d4001a36f820bafb165dc04654523717b089b3ae
shadow__b7bfc5aadaa478b16b69	GSE235863_9pt_cd45	marker_based_mid	CD4_T	Unknown	Unknown	Unknown	annotation_status::coarse::Unknown	annotation_status::mid::Unknown	annotation_status::fine::Unknown	candidate_only	shadow_candidate	shadow_candidate	mid	CD4_T	identity::mid::CD4_T	1966	marker_based_mid_annotation.csv.gz	8a93369d569423594390d587d4001a36f820bafb165dc04654523717b089b3ae
shadow__ac6ed74c678d74c9dc5e	GSE235863_9pt_cd45	marker_based_mid	CD8_T	Unknown	Unknown	Unknown	annotation_status::coarse::Unknown	annotation_status::mid::Unknown	annotation_status::fine::Unknown	candidate_only	shadow_candidate	shadow_candidate	mid	CD8_T	identity::mid::CD8_T	13650	marker_based_mid_annotation.csv.gz	8a93369d569423594390d587d4001a36f820bafb165dc04654523717b089b3ae
shadow__26a7c98d4d811468801a	GSE235863_9pt_cd45	marker_based_mid	DC	Unknown	Unknown	Unknown	annotation_status::coarse::Unknown	annotation_status::mid::Unknown	annotation_status::fine::Unknown	candidate_only	shadow_candidate	shadow_candidate	mid	DC	identity::mid::DC	6460	marker_based_mid_annotation.csv.gz	8a93369d569423594390d587d4001a36f820bafb165dc04654523717b089b3ae
shadow__90dcfbe0fc2ff2a244c5	GSE235863_9pt_cd45	marker_based_mid	Macrophage	Unknown	Unknown	Unknown	annotation_status::coarse::Unknown	annotation_status::mid::Unknown	annotation_status::fine::Unknown	candidate_only	shadow_candidate	shadow_candidate	mid	Macrophage	identity::mid::Macrophage	3357	marker_based_mid_annotation.csv.gz	8a93369d569423594390d587d4001a36f820bafb165dc04654523717b089b3ae
shadow__e5405977431046b7f8f2	GSE235863_9pt_cd45	marker_based_mid	Monocyte	Unknown	Unknown	Unknown	annotation_status::coarse::Unknown	annotation_status::mid::Unknown	annotation_status::fine::Unknown	candidate_only	shadow_candidate	shadow_candidate	mid	Monocyte	identity::mid::Monocyte	6618	marker_based_mid_annotation.csv.gz	8a93369d569423594390d587d4001a36f820bafb165dc04654523717b089b3ae
shadow__3528abe529887c3e070f	GSE235863_9pt_cd45	marker_based_mid	NK	Unknown	Unknown	Unknown	annotation_status::coarse::Unknown	annotation_status::mid::Unknown	annotation_status::fine::Unknown	candidate_only	shadow_candidate	shadow_candidate	mid	NK	identity::mid::NK	17185	marker_based_mid_annotation.csv.gz	8a93369d569423594390d587d4001a36f820bafb165dc04654523717b089b3ae
shadow__2244f8265999666a24f5	GSE235863_9pt_cd45	marker_based_mid	NKT_like	Unknown	Unknown	Unknown	annotation_status::coarse::Unknown	annotation_status::mid::Unknown	annotation_status::fine::Unknown	candidate_only	shadow_candidate	shadow_candidate	mid	NKT_like	identity::mid::NKT_like	15837	marker_based_mid_annotation.csv.gz	8a93369d569423594390d587d4001a36f820bafb165dc04654523717b089b3ae
shadow__075e306cec9f02390d32	GSE235863_9pt_cd45	marker_based_mid	Neutrophil_TAN_like	Unknown	Unknown	Unknown	annotation_status::coarse::Unknown	annotation_status::mid::Unknown	annotation_status::fine::Unknown	candidate_only	shadow_candidate	shadow_candidate	mid	Neutrophil_TAN_like	identity::mid::Neutrophil_TAN_like	6931	marker_based_mid_annotation.csv.gz	8a93369d569423594390d587d4001a36f820bafb165dc04654523717b089b3ae
shadow__bd0aea6023d0a788b62e	GSE235863_9pt_cd45	marker_based_mid	Plasma_cell	Unknown	Unknown	Unknown	annotation_status::coarse::Unknown	annotation_status::mid::Unknown	annotation_status::fine::Unknown	candidate_only	shadow_candidate	shadow_candidate	mid	Plasma_cell	identity::mid::Plasma_cell	90537	marker_based_mid_annotation.csv.gz	8a93369d569423594390d587d4001a36f820bafb165dc04654523717b089b3ae
shadow__2f3c1078a4b63c59a6e6	GSE235863_9pt_cd45	marker_based_mid	Treg	Unknown	Unknown	Unknown	annotation_status::coarse::Unknown	annotation_status::mid::Unknown	annotation_status::fine::Unknown	candidate_only	shadow_candidate	shadow_candidate	mid	Treg	identity::mid::Treg	6377	marker_based_mid_annotation.csv.gz	8a93369d569423594390d587d4001a36f820bafb165dc04654523717b089b3ae
shadow__30e4d84cc9e04ed0d264	GSE235863_9pt_cd45	marker_based_mid	pDC	Unknown	Unknown	Unknown	annotation_status::coarse::Unknown	annotation_status::mid::Unknown	annotation_status::fine::Unknown	candidate_only	shadow_candidate	shadow_candidate	mid	pDC	identity::mid::pDC	3009	marker_based_mid_annotation.csv.gz	8a93369d569423594390d587d4001a36f820bafb165dc04654523717b089b3ae
shadow__50c3eae7bc5b1f14fd76	GSE243013	marker_based_fine	CAF_inflammatory_like	Unknown	Unknown	Unknown	annotation_status::coarse::Unknown	annotation_status::mid::Unknown	annotation_status::fine::Unknown	candidate_only	shadow_candidate	shadow_candidate	fine	CAF_inflammatory_like	state::fine::CAF_inflammatory_like	294	marker_based_fine_candidate_annotation.csv.gz	11fb72c7510c5613aef176329e928327e7ce3608c15e99d85c571ef3d6c77952
shadow__19009924e9b5a6c3a7d2	GSE243013	marker_based_fine	CAF_myofibroblast_like	Unknown	Unknown	Unknown	annotation_status::coarse::Unknown	annotation_status::mid::Unknown	annotation_status::fine::Unknown	candidate_only	shadow_candidate	shadow_candidate	fine	CAF_myofibroblast_like	state::fine::CAF_myofibroblast_like	3083	marker_based_fine_candidate_annotation.csv.gz	11fb72c7510c5613aef176329e928327e7ce3608c15e99d85c571ef3d6c77952
shadow__050d2d1265b9abec26fb	GSE243013	marker_based_fine	CD4_helper_like	Unknown	Unknown	Unknown	annotation_status::coarse::Unknown	annotation_status::mid::Unknown	annotation_status::fine::Unknown	candidate_only	shadow_candidate	shadow_candidate	fine	CD4_helper_like	state::fine::CD4_helper_like	3298	marker_based_fine_candidate_annotation.csv.gz	11fb72c7510c5613aef176329e928327e7ce3608c15e99d85c571ef3d6c77952
shadow__5ee4029b7d5ba7e97c76	GSE243013	marker_based_fine	CD8_cytotoxic_like	Unknown	Unknown	Unknown	annotation_status::coarse::Unknown	annotation_status::mid::Unknown	annotation_status::fine::Unknown	candidate_only	shadow_candidate	shadow_candidate	fine	CD8_cytotoxic_like	state::fine::CD8_cytotoxic_like	11753	marker_based_fine_candidate_annotation.csv.gz	11fb72c7510c5613aef176329e928327e7ce3608c15e99d85c571ef3d6c77952
shadow__9972895f693db55cb00a	GSE243013	marker_based_fine	CD8_exhausted_like	Unknown	Unknown	Unknown	annotation_status::coarse::Unknown	annotation_status::mid::Unknown	annotation_status::fine::Unknown	candidate_only	shadow_candidate	shadow_candidate	fine	CD8_exhausted_like	state::fine::CD8_exhausted_like	3542	marker_based_fine_candidate_annotation.csv.gz	11fb72c7510c5613aef176329e928327e7ce3608c15e99d85c571ef3d6c77952
shadow__bb385335c3c53d055217	GSE243013	marker_based_fine	CD8_progenitor_exhausted_like	Unknown	Unknown	Unknown	annotation_status::coarse::Unknown	annotation_status::mid::Unknown	annotation_status::fine::Unknown	candidate_only	shadow_candidate	shadow_candidate	fine	CD8_progenitor_exhausted_like	state::fine::CD8_progenitor_exhausted_like	208	marker_based_fine_candidate_annotation.csv.gz	11fb72c7510c5613aef176329e928327e7ce3608c15e99d85c571ef3d6c77952
shadow__f670fedd6b818813a9dd	GSE243013	marker_based_fine	CD8_terminal_exhausted_like	Unknown	Unknown	Unknown	annotation_status::coarse::Unknown	annotation_status::mid::Unknown	annotation_status::fine::Unknown	candidate_only	shadow_candidate	shadow_candidate	fine	CD8_terminal_exhausted_like	state::fine::CD8_terminal_exhausted_like	9351	marker_based_fine_candidate_annotation.csv.gz	11fb72c7510c5613aef176329e928327e7ce3608c15e99d85c571ef3d6c77952
shadow__8e3d238389e1000a3d0b	GSE243013	marker_based_fine	DC_migratory_like	Unknown	Unknown	Unknown	annotation_status::coarse::Unknown	annotation_status::mid::Unknown	annotation_status::fine::Unknown	candidate_only	shadow_candidate	shadow_candidate	fine	DC_migratory_like	state::fine::DC_migratory_like	17430	marker_based_fine_candidate_annotation.csv.gz	11fb72c7510c5613aef176329e928327e7ce3608c15e99d85c571ef3d6c77952
shadow__f180dbc2b2ae1d50fe09	GSE243013	marker_based_fine	NK_cytotoxic_like	Unknown	Unknown	Unknown	annotation_status::coarse::Unknown	annotation_status::mid::Unknown	annotation_status::fine::Unknown	candidate_only	shadow_candidate	shadow_candidate	fine	NK_cytotoxic_like	state::fine::NK_cytotoxic_like	38103	marker_based_fine_candidate_annotation.csv.gz	11fb72c7510c5613aef176329e928327e7ce3608c15e99d85c571ef3d6c77952
shadow__9616ded3cff3073d9926	GSE243013	marker_based_fine	TLS_B_like	Unknown	Unknown	Unknown	annotation_status::coarse::Unknown	annotation_status::mid::Unknown	annotation_status::fine::Unknown	candidate_only	shadow_candidate	shadow_candidate	fine	TLS_B_like	state::fine::TLS_B_like	42	marker_based_fine_candidate_annotation.csv.gz	11fb72c7510c5613aef176329e928327e7ce3608c15e99d85c571ef3d6c77952
shadow__661d91b119f064691be5	GSE243013	marker_based_fine	TREM2_macrophage_like	Unknown	Unknown	Unknown	annotation_status::coarse::Unknown	annotation_status::mid::Unknown	annotation_status::fine::Unknown	candidate_only	shadow_candidate	shadow_candidate	fine	TREM2_macrophage_like	state::fine::TREM2_macrophage_like	1082	marker_based_fine_candidate_annotation.csv.gz	11fb72c7510c5613aef176329e928327e7ce3608c15e99d85c571ef3d6c77952
shadow__09841216d9b8b6bc7f14	GSE243013	marker_based_fine	Treg_suppressive_like	Unknown	Unknown	Unknown	annotation_status::coarse::Unknown	annotation_status::mid::Unknown	annotation_status::fine::Unknown	candidate_only	shadow_candidate	shadow_candidate	fine	Treg_suppressive_like	state::fine::Treg_suppressive_like	72	marker_based_fine_candidate_annotation.csv.gz	11fb72c7510c5613aef176329e928327e7ce3608c15e99d85c571ef3d6c77952
shadow__71d1e21db5d2dba60b3f	GSE243013	marker_based_fine	Unknown	Unknown	Unknown	Unknown	annotation_status::coarse::Unknown	annotation_status::mid::Unknown	annotation_status::fine::Unknown	candidate_only	shadow_candidate	shadow_candidate	fine	Unknown	annotation_status::fine::Unknown	1139147	marker_based_fine_candidate_annotation.csv.gz	11fb72c7510c5613aef176329e928327e7ce3608c15e99d85c571ef3d6c77952
shadow__d9a3a8e7be3515cc34b6	GSE243013	marker_based_fine	angiogenic_endothelial_like	Unknown	Unknown	Unknown	annotation_status::coarse::Unknown	annotation_status::mid::Unknown	annotation_status::fine::Unknown	candidate_only	shadow_candidate	shadow_candidate	fine	angiogenic_endothelial_like	state::fine::angiogenic_endothelial_like	8881	marker_based_fine_candidate_annotation.csv.gz	11fb72c7510c5613aef176329e928327e7ce3608c15e99d85c571ef3d6c77952
shadow__6fbf7af5ad9d1b464464	GSE243013	marker_based_fine	neutrophil_TAN_NET_like	Unknown	Unknown	Unknown	annotation_status::coarse::Unknown	annotation_status::mid::Unknown	annotation_status::fine::Unknown	candidate_only	shadow_candidate	shadow_candidate	fine	neutrophil_TAN_NET_like	state::fine::neutrophil_TAN_NET_like	12694	marker_based_fine_candidate_annotation.csv.gz	11fb72c7510c5613aef176329e928327e7ce3608c15e99d85c571ef3d6c77952
shadow__456ca3e3d5cb838a60b9	GSE243013	marker_based_fine	plasma_Ig_like	Unknown	Unknown	Unknown	annotation_status::coarse::Unknown	annotation_status::mid::Unknown	annotation_status::fine::Unknown	candidate_only	shadow_candidate	shadow_candidate	fine	plasma_Ig_like	state::fine::plasma_Ig_like	3394	marker_based_fine_candidate_annotation.csv.gz	11fb72c7510c5613aef176329e928327e7ce3608c15e99d85c571ef3d6c77952
shadow__1f39156aff6a3ea4fb1e	GSE243013	marker_based_fine	tumor_IFN_APM_high_like	Unknown	Unknown	Unknown	annotation_status::coarse::Unknown	annotation_status::mid::Unknown	annotation_status::fine::Unknown	candidate_only	shadow_candidate	shadow_candidate	fine	tumor_IFN_APM_high_like	state::fine::tumor_IFN_APM_high_like	559	marker_based_fine_candidate_annotation.csv.gz	11fb72c7510c5613aef176329e928327e7ce3608c15e99d85c571ef3d6c77952
shadow__1505f101598c971db09b	GSE243013	marker_based_fine	tumor_WNT_exclusion_like	Unknown	Unknown	Unknown	annotation_status::coarse::Unknown	annotation_status::mid::Unknown	annotation_status::fine::Unknown	candidate_only	shadow_candidate	shadow_candidate	fine	tumor_WNT_exclusion_like	state::fine::tumor_WNT_exclusion_like	1380	marker_based_fine_candidate_annotation.csv.gz	11fb72c7510c5613aef176329e928327e7ce3608c15e99d85c571ef3d6c77952
shadow__241a20a9b625a5cf53fe	GSE243013	marker_based_fine	tumor_cell_cycle_like	Unknown	Unknown	Unknown	annotation_status::coarse::Unknown	annotation_status::mid::Unknown	annotation_status::fine::Unknown	candidate_only	shadow_candidate	shadow_candidate	fine	tumor_cell_cycle_like	state::fine::tumor_cell_cycle_like	47	marker_based_fine_candidate_annotation.csv.gz	11fb72c7510c5613aef176329e928327e7ce3608c15e99d85c571ef3d6c77952
shadow__4abab0f5d5f6ec11f2bb	GSE243013	marker_based_fine	vascular_endothelial_like	Unknown	Unknown	Unknown	annotation_status::coarse::Unknown	annotation_status::mid::Unknown	annotation_status::fine::Unknown	candidate_only	shadow_candidate	shadow_candidate	fine	vascular_endothelial_like	state::fine::vascular_endothelial_like	389	marker_based_fine_candidate_annotation.csv.gz	11fb72c7510c5613aef176329e928327e7ce3608c15e99d85c571ef3d6c77952
shadow__311bbf59b515def3369b	GSE243013	marker_based_mid	APC_priming_like	Unknown	Unknown	Unknown	annotation_status::coarse::Unknown	annotation_status::mid::Unknown	annotation_status::fine::Unknown	candidate_only	shadow_candidate	shadow_candidate	mid	APC_priming_like		27807	marker_based_mid_annotation.csv.gz	8a93369d569423594390d587d4001a36f820bafb165dc04654523717b089b3ae
shadow__47b8693d534159266aee	GSE243013	marker_based_mid	B_cell	Unknown	Unknown	Unknown	annotation_status::coarse::Unknown	annotation_status::mid::Unknown	annotation_status::fine::Unknown	candidate_only	shadow_candidate	shadow_candidate	mid	B_cell	identity::mid::B_cell	20764	marker_based_mid_annotation.csv.gz	8a93369d569423594390d587d4001a36f820bafb165dc04654523717b089b3ae
shadow__044f5c18638a19e580d3	GSE243013	marker_based_mid	CAF	Unknown	Unknown	Unknown	annotation_status::coarse::Unknown	annotation_status::mid::Unknown	annotation_status::fine::Unknown	candidate_only	shadow_candidate	shadow_candidate	mid	CAF	identity::mid::CAF	114073	marker_based_mid_annotation.csv.gz	8a93369d569423594390d587d4001a36f820bafb165dc04654523717b089b3ae
shadow__23c08a01df880a4abedf	GSE243013	marker_based_mid	CD4_T	Unknown	Unknown	Unknown	annotation_status::coarse::Unknown	annotation_status::mid::Unknown	annotation_status::fine::Unknown	candidate_only	shadow_candidate	shadow_candidate	mid	CD4_T	identity::mid::CD4_T	25421	marker_based_mid_annotation.csv.gz	8a93369d569423594390d587d4001a36f820bafb165dc04654523717b089b3ae
shadow__18fb83bf8831434fabdd	GSE243013	marker_based_mid	CD8_T	Unknown	Unknown	Unknown	annotation_status::coarse::Unknown	annotation_status::mid::Unknown	annotation_status::fine::Unknown	candidate_only	shadow_candidate	shadow_candidate	mid	CD8_T	identity::mid::CD8_T	68978	marker_based_mid_annotation.csv.gz	8a93369d569423594390d587d4001a36f820bafb165dc04654523717b089b3ae
shadow__ed23534c426a6c3a4268	GSE243013	marker_based_mid	DC	Unknown	Unknown	Unknown	annotation_status::coarse::Unknown	annotation_status::mid::Unknown	annotation_status::fine::Unknown	candidate_only	shadow_candidate	shadow_candidate	mid	DC	identity::mid::DC	63785	marker_based_mid_annotation.csv.gz	8a93369d569423594390d587d4001a36f820bafb165dc04654523717b089b3ae
shadow__d5832cda9901695ad2fe	GSE243013	marker_based_mid	Endothelial	Unknown	Unknown	Unknown	annotation_status::coarse::Unknown	annotation_status::mid::Unknown	annotation_status::fine::Unknown	candidate_only	shadow_candidate	shadow_candidate	mid	Endothelial	identity::mid::Endothelial	95934	marker_based_mid_annotation.csv.gz	8a93369d569423594390d587d4001a36f820bafb165dc04654523717b089b3ae
shadow__7055f339d5a6eeeb2674	GSE243013	marker_based_mid	Macrophage	Unknown	Unknown	Unknown	annotation_status::coarse::Unknown	annotation_status::mid::Unknown	annotation_status::fine::Unknown	candidate_only	shadow_candidate	shadow_candidate	mid	Macrophage	identity::mid::Macrophage	13028	marker_based_mid_annotation.csv.gz	8a93369d569423594390d587d4001a36f820bafb165dc04654523717b089b3ae
shadow__20c8c4e9d02a91a8dfeb	GSE243013	marker_based_mid	Monocyte	Unknown	Unknown	Unknown	annotation_status::coarse::Unknown	annotation_status::mid::Unknown	annotation_status::fine::Unknown	candidate_only	shadow_candidate	shadow_candidate	mid	Monocyte	identity::mid::Monocyte	18333	marker_based_mid_annotation.csv.gz	8a93369d569423594390d587d4001a36f820bafb165dc04654523717b089b3ae
shadow__031b1057919db95fc75e	GSE243013	marker_based_mid	NK	Unknown	Unknown	Unknown	annotation_status::coarse::Unknown	annotation_status::mid::Unknown	annotation_status::fine::Unknown	candidate_only	shadow_candidate	shadow_candidate	mid	NK	identity::mid::NK	46879	marker_based_mid_annotation.csv.gz	8a93369d569423594390d587d4001a36f820bafb165dc04654523717b089b3ae
shadow__264ebd631e881bb7a58b	GSE243013	marker_based_mid	NKT_like	Unknown	Unknown	Unknown	annotation_status::coarse::Unknown	annotation_status::mid::Unknown	annotation_status::fine::Unknown	candidate_only	shadow_candidate	shadow_candidate	mid	NKT_like	identity::mid::NKT_like	54086	marker_based_mid_annotation.csv.gz	8a93369d569423594390d587d4001a36f820bafb165dc04654523717b089b3ae
shadow__a97ca0d83e837cc0f146	GSE243013	marker_based_mid	Neutrophil_TAN_like	Unknown	Unknown	Unknown	annotation_status::coarse::Unknown	annotation_status::mid::Unknown	annotation_status::fine::Unknown	candidate_only	shadow_candidate	shadow_candidate	mid	Neutrophil_TAN_like	identity::mid::Neutrophil_TAN_like	19128	marker_based_mid_annotation.csv.gz	8a93369d569423594390d587d4001a36f820bafb165dc04654523717b089b3ae
shadow__67455ee9776fe79039d1	GSE243013	marker_based_mid	Plasma_cell	Unknown	Unknown	Unknown	annotation_status::coarse::Unknown	annotation_status::mid::Unknown	annotation_status::fine::Unknown	candidate_only	shadow_candidate	shadow_candidate	mid	Plasma_cell	identity::mid::Plasma_cell	11463	marker_based_mid_annotation.csv.gz	8a93369d569423594390d587d4001a36f820bafb165dc04654523717b089b3ae
shadow__4868ac541e3edb6981ae	GSE243013	marker_based_mid	Treg	Unknown	Unknown	Unknown	annotation_status::coarse::Unknown	annotation_status::mid::Unknown	annotation_status::fine::Unknown	candidate_only	shadow_candidate	shadow_candidate	mid	Treg	identity::mid::Treg	13526	marker_based_mid_annotation.csv.gz	8a93369d569423594390d587d4001a36f820bafb165dc04654523717b089b3ae
shadow__276de12b233f2fcac7b3	GSE243013	marker_based_mid	Tumor_epithelial_like	Unknown	Unknown	Unknown	annotation_status::coarse::Unknown	annotation_status::mid::Unknown	annotation_status::fine::Unknown	candidate_only	shadow_candidate	shadow_candidate	mid	Tumor_epithelial_like	identity::mid::Tumor_epithelial_like	66268	marker_based_mid_annotation.csv.gz	8a93369d569423594390d587d4001a36f820bafb165dc04654523717b089b3ae
shadow__905659cd29c4c21c7ac8	GSE243013	marker_based_mid	Unknown	Unknown	Unknown	Unknown	annotation_status::coarse::Unknown	annotation_status::mid::Unknown	annotation_status::fine::Unknown	candidate_only	shadow_candidate	shadow_candidate	mid	Unknown	annotation_status::mid::Unknown	564720	marker_based_mid_annotation.csv.gz	8a93369d569423594390d587d4001a36f820bafb165dc04654523717b089b3ae
shadow__fcb4bedef90ac36b4c67	GSE243013	marker_based_mid	pDC	Unknown	Unknown	Unknown	annotation_status::coarse::Unknown	annotation_status::mid::Unknown	annotation_status::fine::Unknown	candidate_only	shadow_candidate	shadow_candidate	mid	pDC	identity::mid::pDC	30556	marker_based_mid_annotation.csv.gz	8a93369d569423594390d587d4001a36f820bafb165dc04654523717b089b3ae
shadow__873f6e09705bed4f2ff7	GSE246613	marker_based_fine	CAF_inflammatory_like	Unknown	Unknown	Unknown	annotation_status::coarse::Unknown	annotation_status::mid::Unknown	annotation_status::fine::Unknown	candidate_only	shadow_candidate	shadow_candidate	fine	CAF_inflammatory_like	state::fine::CAF_inflammatory_like	13230	marker_based_fine_candidate_annotation.csv.gz	11fb72c7510c5613aef176329e928327e7ce3608c15e99d85c571ef3d6c77952
shadow__54333eee70c45ae838b8	GSE246613	marker_based_fine	CAF_myofibroblast_like	Unknown	Unknown	Unknown	annotation_status::coarse::Unknown	annotation_status::mid::Unknown	annotation_status::fine::Unknown	candidate_only	shadow_candidate	shadow_candidate	fine	CAF_myofibroblast_like	state::fine::CAF_myofibroblast_like	17944	marker_based_fine_candidate_annotation.csv.gz	11fb72c7510c5613aef176329e928327e7ce3608c15e99d85c571ef3d6c77952
shadow__fd259068cf617bc02cec	GSE246613	marker_based_fine	CD4_helper_like	Unknown	Unknown	Unknown	annotation_status::coarse::Unknown	annotation_status::mid::Unknown	annotation_status::fine::Unknown	candidate_only	shadow_candidate	shadow_candidate	fine	CD4_helper_like	state::fine::CD4_helper_like	10600	marker_based_fine_candidate_annotation.csv.gz	11fb72c7510c5613aef176329e928327e7ce3608c15e99d85c571ef3d6c77952
shadow__04342deed00580070c74	GSE246613	marker_based_fine	CD8_cytotoxic_like	Unknown	Unknown	Unknown	annotation_status::coarse::Unknown	annotation_status::mid::Unknown	annotation_status::fine::Unknown	candidate_only	shadow_candidate	shadow_candidate	fine	CD8_cytotoxic_like	state::fine::CD8_cytotoxic_like	5111	marker_based_fine_candidate_annotation.csv.gz	11fb72c7510c5613aef176329e928327e7ce3608c15e99d85c571ef3d6c77952
shadow__72686bab8bf2eb5adaae	GSE246613	marker_based_fine	CD8_exhausted_like	Unknown	Unknown	Unknown	annotation_status::coarse::Unknown	annotation_status::mid::Unknown	annotation_status::fine::Unknown	candidate_only	shadow_candidate	shadow_candidate	fine	CD8_exhausted_like	state::fine::CD8_exhausted_like	2200	marker_based_fine_candidate_annotation.csv.gz	11fb72c7510c5613aef176329e928327e7ce3608c15e99d85c571ef3d6c77952
shadow__6ffde4bf2af8568a2220	GSE246613	marker_based_fine	CD8_progenitor_exhausted_like	Unknown	Unknown	Unknown	annotation_status::coarse::Unknown	annotation_status::mid::Unknown	annotation_status::fine::Unknown	candidate_only	shadow_candidate	shadow_candidate	fine	CD8_progenitor_exhausted_like	state::fine::CD8_progenitor_exhausted_like	1372	marker_based_fine_candidate_annotation.csv.gz	11fb72c7510c5613aef176329e928327e7ce3608c15e99d85c571ef3d6c77952
shadow__2bab640e69fa361d3b31	GSE246613	marker_based_fine	CD8_terminal_exhausted_like	Unknown	Unknown	Unknown	annotation_status::coarse::Unknown	annotation_status::mid::Unknown	annotation_status::fine::Unknown	candidate_only	shadow_candidate	shadow_candidate	fine	CD8_terminal_exhausted_like	state::fine::CD8_terminal_exhausted_like	3054	marker_based_fine_candidate_annotation.csv.gz	11fb72c7510c5613aef176329e928327e7ce3608c15e99d85c571ef3d6c77952
shadow__b3e41a2ceb9068cffa24	GSE246613	marker_based_fine	DC_migratory_like	Unknown	Unknown	Unknown	annotation_status::coarse::Unknown	annotation_status::mid::Unknown	annotation_status::fine::Unknown	candidate_only	shadow_candidate	shadow_candidate	fine	DC_migratory_like	state::fine::DC_migratory_like	2175	marker_based_fine_candidate_annotation.csv.gz	11fb72c7510c5613aef176329e928327e7ce3608c15e99d85c571ef3d6c77952
shadow__b9a15a29a64c2228657c	GSE246613	marker_based_fine	NK_cytotoxic_like	Unknown	Unknown	Unknown	annotation_status::coarse::Unknown	annotation_status::mid::Unknown	annotation_status::fine::Unknown	candidate_only	shadow_candidate	shadow_candidate	fine	NK_cytotoxic_like	state::fine::NK_cytotoxic_like	28939	marker_based_fine_candidate_annotation.csv.gz	11fb72c7510c5613aef176329e928327e7ce3608c15e99d85c571ef3d6c77952
shadow__f97db9e945716e3072d8	GSE246613	marker_based_fine	TLS_B_like	Unknown	Unknown	Unknown	annotation_status::coarse::Unknown	annotation_status::mid::Unknown	annotation_status::fine::Unknown	candidate_only	shadow_candidate	shadow_candidate	fine	TLS_B_like	state::fine::TLS_B_like	923	marker_based_fine_candidate_annotation.csv.gz	11fb72c7510c5613aef176329e928327e7ce3608c15e99d85c571ef3d6c77952
shadow__2425e6b9763cf291d632	GSE246613	marker_based_fine	TREM2_macrophage_like	Unknown	Unknown	Unknown	annotation_status::coarse::Unknown	annotation_status::mid::Unknown	annotation_status::fine::Unknown	candidate_only	shadow_candidate	shadow_candidate	fine	TREM2_macrophage_like	state::fine::TREM2_macrophage_like	10538	marker_based_fine_candidate_annotation.csv.gz	11fb72c7510c5613aef176329e928327e7ce3608c15e99d85c571ef3d6c77952
shadow__3b3faff958b3216fa54e	GSE246613	marker_based_fine	Treg_suppressive_like	Unknown	Unknown	Unknown	annotation_status::coarse::Unknown	annotation_status::mid::Unknown	annotation_status::fine::Unknown	candidate_only	shadow_candidate	shadow_candidate	fine	Treg_suppressive_like	state::fine::Treg_suppressive_like	1617	marker_based_fine_candidate_annotation.csv.gz	11fb72c7510c5613aef176329e928327e7ce3608c15e99d85c571ef3d6c77952
shadow__3b58dbddbf38c5968b68	GSE246613	marker_based_fine	Unknown	Unknown	Unknown	Unknown	annotation_status::coarse::Unknown	annotation_status::mid::Unknown	annotation_status::fine::Unknown	candidate_only	shadow_candidate	shadow_candidate	fine	Unknown	annotation_status::fine::Unknown	359707	marker_based_fine_candidate_annotation.csv.gz	11fb72c7510c5613aef176329e928327e7ce3608c15e99d85c571ef3d6c77952
shadow__b5ad5dcd0c15d12031a9	GSE246613	marker_based_fine	angiogenic_endothelial_like	Unknown	Unknown	Unknown	annotation_status::coarse::Unknown	annotation_status::mid::Unknown	annotation_status::fine::Unknown	candidate_only	shadow_candidate	shadow_candidate	fine	angiogenic_endothelial_like	state::fine::angiogenic_endothelial_like	7161	marker_based_fine_candidate_annotation.csv.gz	11fb72c7510c5613aef176329e928327e7ce3608c15e99d85c571ef3d6c77952
shadow__ca68340e3a1e2319ee14	GSE246613	marker_based_fine	neutrophil_TAN_NET_like	Unknown	Unknown	Unknown	annotation_status::coarse::Unknown	annotation_status::mid::Unknown	annotation_status::fine::Unknown	candidate_only	shadow_candidate	shadow_candidate	fine	neutrophil_TAN_NET_like	state::fine::neutrophil_TAN_NET_like	9629	marker_based_fine_candidate_annotation.csv.gz	11fb72c7510c5613aef176329e928327e7ce3608c15e99d85c571ef3d6c77952
shadow__c19b2179ff071a96d24c	GSE246613	marker_based_fine	plasma_Ig_like	Unknown	Unknown	Unknown	annotation_status::coarse::Unknown	annotation_status::mid::Unknown	annotation_status::fine::Unknown	candidate_only	shadow_candidate	shadow_candidate	fine	plasma_Ig_like	state::fine::plasma_Ig_like	15787	marker_based_fine_candidate_annotation.csv.gz	11fb72c7510c5613aef176329e928327e7ce3608c15e99d85c571ef3d6c77952
shadow__85fb71c5ef966a2870e3	GSE246613	marker_based_fine	tumor_IFN_APM_high_like	Unknown	Unknown	Unknown	annotation_status::coarse::Unknown	annotation_status::mid::Unknown	annotation_status::fine::Unknown	candidate_only	shadow_candidate	shadow_candidate	fine	tumor_IFN_APM_high_like	state::fine::tumor_IFN_APM_high_like	112	marker_based_fine_candidate_annotation.csv.gz	11fb72c7510c5613aef176329e928327e7ce3608c15e99d85c571ef3d6c77952
shadow__23a744cc65656037a160	GSE246613	marker_based_fine	tumor_WNT_exclusion_like	Unknown	Unknown	Unknown	annotation_status::coarse::Unknown	annotation_status::mid::Unknown	annotation_status::fine::Unknown	candidate_only	shadow_candidate	shadow_candidate	fine	tumor_WNT_exclusion_like	state::fine::tumor_WNT_exclusion_like	5115	marker_based_fine_candidate_annotation.csv.gz	11fb72c7510c5613aef176329e928327e7ce3608c15e99d85c571ef3d6c77952
shadow__24ba20cef150948440f7	GSE246613	marker_based_fine	tumor_cell_cycle_like	Unknown	Unknown	Unknown	annotation_status::coarse::Unknown	annotation_status::mid::Unknown	annotation_status::fine::Unknown	candidate_only	shadow_candidate	shadow_candidate	fine	tumor_cell_cycle_like	state::fine::tumor_cell_cycle_like	8242	marker_based_fine_candidate_annotation.csv.gz	11fb72c7510c5613aef176329e928327e7ce3608c15e99d85c571ef3d6c77952
shadow__d1588b1236a5559b53cb	GSE246613	marker_based_fine	vascular_endothelial_like	Unknown	Unknown	Unknown	annotation_status::coarse::Unknown	annotation_status::mid::Unknown	annotation_status::fine::Unknown	candidate_only	shadow_candidate	shadow_candidate	fine	vascular_endothelial_like	state::fine::vascular_endothelial_like	11039	marker_based_fine_candidate_annotation.csv.gz	11fb72c7510c5613aef176329e928327e7ce3608c15e99d85c571ef3d6c77952
shadow__690e351d4e0a587de87e	GSE246613	marker_based_mid	APC_priming_like	Unknown	Unknown	Unknown	annotation_status::coarse::Unknown	annotation_status::mid::Unknown	annotation_status::fine::Unknown	candidate_only	shadow_candidate	shadow_candidate	mid	APC_priming_like		17924	marker_based_mid_annotation.csv.gz	8a93369d569423594390d587d4001a36f820bafb165dc04654523717b089b3ae
shadow__b96f6042efee29df87e9	GSE246613	marker_based_mid	B_cell	Unknown	Unknown	Unknown	annotation_status::coarse::Unknown	annotation_status::mid::Unknown	annotation_status::fine::Unknown	candidate_only	shadow_candidate	shadow_candidate	mid	B_cell	identity::mid::B_cell	19795	marker_based_mid_annotation.csv.gz	8a93369d569423594390d587d4001a36f820bafb165dc04654523717b089b3ae
shadow__dabbe9b66b8ff535e695	GSE246613	marker_based_mid	CAF	Unknown	Unknown	Unknown	annotation_status::coarse::Unknown	annotation_status::mid::Unknown	annotation_status::fine::Unknown	candidate_only	shadow_candidate	shadow_candidate	mid	CAF	identity::mid::CAF	60103	marker_based_mid_annotation.csv.gz	8a93369d569423594390d587d4001a36f820bafb165dc04654523717b089b3ae
shadow__84f40107accae3b2ed00	GSE246613	marker_based_mid	CD4_T	Unknown	Unknown	Unknown	annotation_status::coarse::Unknown	annotation_status::mid::Unknown	annotation_status::fine::Unknown	candidate_only	shadow_candidate	shadow_candidate	mid	CD4_T	identity::mid::CD4_T	23314	marker_based_mid_annotation.csv.gz	8a93369d569423594390d587d4001a36f820bafb165dc04654523717b089b3ae
shadow__f076055511bb4de76bb9	GSE246613	marker_based_mid	CD8_T	Unknown	Unknown	Unknown	annotation_status::coarse::Unknown	annotation_status::mid::Unknown	annotation_status::fine::Unknown	candidate_only	shadow_candidate	shadow_candidate	mid	CD8_T	identity::mid::CD8_T	28356	marker_based_mid_annotation.csv.gz	8a93369d569423594390d587d4001a36f820bafb165dc04654523717b089b3ae
shadow__377a289168ce3b3db5a9	GSE246613	marker_based_mid	DC	Unknown	Unknown	Unknown	annotation_status::coarse::Unknown	annotation_status::mid::Unknown	annotation_status::fine::Unknown	candidate_only	shadow_candidate	shadow_candidate	mid	DC	identity::mid::DC	17600	marker_based_mid_annotation.csv.gz	8a93369d569423594390d587d4001a36f820bafb165dc04654523717b089b3ae
shadow__8b80af6904921a49e186	GSE246613	marker_based_mid	Endothelial	Unknown	Unknown	Unknown	annotation_status::coarse::Unknown	annotation_status::mid::Unknown	annotation_status::fine::Unknown	candidate_only	shadow_candidate	shadow_candidate	mid	Endothelial	identity::mid::Endothelial	31374	marker_based_mid_annotation.csv.gz	8a93369d569423594390d587d4001a36f820bafb165dc04654523717b089b3ae
shadow__c1b17db083fc3bc041f9	GSE246613	marker_based_mid	Macrophage	Unknown	Unknown	Unknown	annotation_status::coarse::Unknown	annotation_status::mid::Unknown	annotation_status::fine::Unknown	candidate_only	shadow_candidate	shadow_candidate	mid	Macrophage	identity::mid::Macrophage	40433	marker_based_mid_annotation.csv.gz	8a93369d569423594390d587d4001a36f820bafb165dc04654523717b089b3ae
shadow__23194bbc372b0850ae13	GSE246613	marker_based_mid	Monocyte	Unknown	Unknown	Unknown	annotation_status::coarse::Unknown	annotation_status::mid::Unknown	annotation_status::fine::Unknown	candidate_only	shadow_candidate	shadow_candidate	mid	Monocyte	identity::mid::Monocyte	11099	marker_based_mid_annotation.csv.gz	8a93369d569423594390d587d4001a36f820bafb165dc04654523717b089b3ae
shadow__4577a530f73836bad9de	GSE246613	marker_based_mid	NK	Unknown	Unknown	Unknown	annotation_status::coarse::Unknown	annotation_status::mid::Unknown	annotation_status::fine::Unknown	candidate_only	shadow_candidate	shadow_candidate	mid	NK	identity::mid::NK	31532	marker_based_mid_annotation.csv.gz	8a93369d569423594390d587d4001a36f820bafb165dc04654523717b089b3ae
shadow__e582e4c22cd113cab323	GSE246613	marker_based_mid	NKT_like	Unknown	Unknown	Unknown	annotation_status::coarse::Unknown	annotation_status::mid::Unknown	annotation_status::fine::Unknown	candidate_only	shadow_candidate	shadow_candidate	mid	NKT_like	identity::mid::NKT_like	19344	marker_based_mid_annotation.csv.gz	8a93369d569423594390d587d4001a36f820bafb165dc04654523717b089b3ae
shadow__6d32d752f06dfa763f08	GSE246613	marker_based_mid	Neutrophil_TAN_like	Unknown	Unknown	Unknown	annotation_status::coarse::Unknown	annotation_status::mid::Unknown	annotation_status::fine::Unknown	candidate_only	shadow_candidate	shadow_candidate	mid	Neutrophil_TAN_like	identity::mid::Neutrophil_TAN_like	11083	marker_based_mid_annotation.csv.gz	8a93369d569423594390d587d4001a36f820bafb165dc04654523717b089b3ae
shadow__fe739a03873033c107f8	GSE246613	marker_based_mid	Plasma_cell	Unknown	Unknown	Unknown	annotation_status::coarse::Unknown	annotation_status::mid::Unknown	annotation_status::fine::Unknown	candidate_only	shadow_candidate	shadow_candidate	mid	Plasma_cell	identity::mid::Plasma_cell	29963	marker_based_mid_annotation.csv.gz	8a93369d569423594390d587d4001a36f820bafb165dc04654523717b089b3ae
shadow__ed2d3010bf502c27b83a	GSE246613	marker_based_mid	Treg	Unknown	Unknown	Unknown	annotation_status::coarse::Unknown	annotation_status::mid::Unknown	annotation_status::fine::Unknown	candidate_only	shadow_candidate	shadow_candidate	mid	Treg	identity::mid::Treg	13978	marker_based_mid_annotation.csv.gz	8a93369d569423594390d587d4001a36f820bafb165dc04654523717b089b3ae
shadow__057a42712a434084898d	GSE246613	marker_based_mid	Tumor_epithelial_like	Unknown	Unknown	Unknown	annotation_status::coarse::Unknown	annotation_status::mid::Unknown	annotation_status::fine::Unknown	candidate_only	shadow_candidate	shadow_candidate	mid	Tumor_epithelial_like	identity::mid::Tumor_epithelial_like	52047	marker_based_mid_annotation.csv.gz	8a93369d569423594390d587d4001a36f820bafb165dc04654523717b089b3ae
shadow__9689dbd75b8d57fe46a4	GSE246613	marker_based_mid	Unknown	Unknown	Unknown	Unknown	annotation_status::coarse::Unknown	annotation_status::mid::Unknown	annotation_status::fine::Unknown	candidate_only	shadow_candidate	shadow_candidate	mid	Unknown	annotation_status::mid::Unknown	102123	marker_based_mid_annotation.csv.gz	8a93369d569423594390d587d4001a36f820bafb165dc04654523717b089b3ae
shadow__1ac5f67cafe0a3e7b32f	GSE246613	marker_based_mid	pDC	Unknown	Unknown	Unknown	annotation_status::coarse::Unknown	annotation_status::mid::Unknown	annotation_status::fine::Unknown	candidate_only	shadow_candidate	shadow_candidate	mid	pDC	identity::mid::pDC	4427	marker_based_mid_annotation.csv.gz	8a93369d569423594390d587d4001a36f820bafb165dc04654523717b089b3ae
shadow__74d87d2dcf8506c2a26c	GSE249974	marker_based_fine	CAF_inflammatory_like	Unknown	Unknown	Unknown	annotation_status::coarse::Unknown	annotation_status::mid::Unknown	annotation_status::fine::Unknown	candidate_only	shadow_candidate	shadow_candidate	fine	CAF_inflammatory_like	state::fine::CAF_inflammatory_like	47	marker_based_fine_candidate_annotation.csv.gz	11fb72c7510c5613aef176329e928327e7ce3608c15e99d85c571ef3d6c77952
shadow__9c7cea8e79053d10f958	GSE249974	marker_based_fine	CAF_myofibroblast_like	Unknown	Unknown	Unknown	annotation_status::coarse::Unknown	annotation_status::mid::Unknown	annotation_status::fine::Unknown	candidate_only	shadow_candidate	shadow_candidate	fine	CAF_myofibroblast_like	state::fine::CAF_myofibroblast_like	3	marker_based_fine_candidate_annotation.csv.gz	11fb72c7510c5613aef176329e928327e7ce3608c15e99d85c571ef3d6c77952
shadow__485f0f682413a696b824	GSE249974	marker_based_fine	CD4_helper_like	Unknown	Unknown	Unknown	annotation_status::coarse::Unknown	annotation_status::mid::Unknown	annotation_status::fine::Unknown	candidate_only	shadow_candidate	shadow_candidate	fine	CD4_helper_like	state::fine::CD4_helper_like	823	marker_based_fine_candidate_annotation.csv.gz	11fb72c7510c5613aef176329e928327e7ce3608c15e99d85c571ef3d6c77952
shadow__e25bc93dd987a6803d38	GSE249974	marker_based_fine	CD8_cytotoxic_like	Unknown	Unknown	Unknown	annotation_status::coarse::Unknown	annotation_status::mid::Unknown	annotation_status::fine::Unknown	candidate_only	shadow_candidate	shadow_candidate	fine	CD8_cytotoxic_like	state::fine::CD8_cytotoxic_like	111	marker_based_fine_candidate_annotation.csv.gz	11fb72c7510c5613aef176329e928327e7ce3608c15e99d85c571ef3d6c77952
shadow__a2dac8e2bd12c0e66d33	GSE249974	marker_based_fine	CD8_exhausted_like	Unknown	Unknown	Unknown	annotation_status::coarse::Unknown	annotation_status::mid::Unknown	annotation_status::fine::Unknown	candidate_only	shadow_candidate	shadow_candidate	fine	CD8_exhausted_like	state::fine::CD8_exhausted_like	164	marker_based_fine_candidate_annotation.csv.gz	11fb72c7510c5613aef176329e928327e7ce3608c15e99d85c571ef3d6c77952
shadow__b0fb397ef4471689bcf3	GSE249974	marker_based_fine	CD8_progenitor_exhausted_like	Unknown	Unknown	Unknown	annotation_status::coarse::Unknown	annotation_status::mid::Unknown	annotation_status::fine::Unknown	candidate_only	shadow_candidate	shadow_candidate	fine	CD8_progenitor_exhausted_like	state::fine::CD8_progenitor_exhausted_like	60	marker_based_fine_candidate_annotation.csv.gz	11fb72c7510c5613aef176329e928327e7ce3608c15e99d85c571ef3d6c77952
shadow__4182c97f70ea707006cd	GSE249974	marker_based_fine	CD8_terminal_exhausted_like	Unknown	Unknown	Unknown	annotation_status::coarse::Unknown	annotation_status::mid::Unknown	annotation_status::fine::Unknown	candidate_only	shadow_candidate	shadow_candidate	fine	CD8_terminal_exhausted_like	state::fine::CD8_terminal_exhausted_like	568	marker_based_fine_candidate_annotation.csv.gz	11fb72c7510c5613aef176329e928327e7ce3608c15e99d85c571ef3d6c77952
shadow__7f38279045b3101ee146	GSE249974	marker_based_fine	DC_migratory_like	Unknown	Unknown	Unknown	annotation_status::coarse::Unknown	annotation_status::mid::Unknown	annotation_status::fine::Unknown	candidate_only	shadow_candidate	shadow_candidate	fine	DC_migratory_like	state::fine::DC_migratory_like	44	marker_based_fine_candidate_annotation.csv.gz	11fb72c7510c5613aef176329e928327e7ce3608c15e99d85c571ef3d6c77952
shadow__c8b7d4d7473032818533	GSE249974	marker_based_fine	NK_cytotoxic_like	Unknown	Unknown	Unknown	annotation_status::coarse::Unknown	annotation_status::mid::Unknown	annotation_status::fine::Unknown	candidate_only	shadow_candidate	shadow_candidate	fine	NK_cytotoxic_like	state::fine::NK_cytotoxic_like	4287	marker_based_fine_candidate_annotation.csv.gz	11fb72c7510c5613aef176329e928327e7ce3608c15e99d85c571ef3d6c77952
shadow__9341e69154dfd02bac83	GSE249974	marker_based_fine	TLS_B_like	Unknown	Unknown	Unknown	annotation_status::coarse::Unknown	annotation_status::mid::Unknown	annotation_status::fine::Unknown	candidate_only	shadow_candidate	shadow_candidate	fine	TLS_B_like	state::fine::TLS_B_like	2407	marker_based_fine_candidate_annotation.csv.gz	11fb72c7510c5613aef176329e928327e7ce3608c15e99d85c571ef3d6c77952
shadow__78ea50cee8f1f1ec7c8b	GSE249974	marker_based_fine	TREM2_macrophage_like	Unknown	Unknown	Unknown	annotation_status::coarse::Unknown	annotation_status::mid::Unknown	annotation_status::fine::Unknown	candidate_only	shadow_candidate	shadow_candidate	fine	TREM2_macrophage_like	state::fine::TREM2_macrophage_like	15	marker_based_fine_candidate_annotation.csv.gz	11fb72c7510c5613aef176329e928327e7ce3608c15e99d85c571ef3d6c77952
shadow__9ca68566c99bbe32ec0f	GSE249974	marker_based_fine	Treg_suppressive_like	Unknown	Unknown	Unknown	annotation_status::coarse::Unknown	annotation_status::mid::Unknown	annotation_status::fine::Unknown	candidate_only	shadow_candidate	shadow_candidate	fine	Treg_suppressive_like	state::fine::Treg_suppressive_like	170	marker_based_fine_candidate_annotation.csv.gz	11fb72c7510c5613aef176329e928327e7ce3608c15e99d85c571ef3d6c77952
shadow__7e99f630734f353a7627	GSE249974	marker_based_fine	Unknown	Unknown	Unknown	Unknown	annotation_status::coarse::Unknown	annotation_status::mid::Unknown	annotation_status::fine::Unknown	candidate_only	shadow_candidate	shadow_candidate	fine	Unknown	annotation_status::fine::Unknown	60015	marker_based_fine_candidate_annotation.csv.gz	11fb72c7510c5613aef176329e928327e7ce3608c15e99d85c571ef3d6c77952
shadow__12463dffa8f910d1bf68	GSE249974	marker_based_fine	angiogenic_endothelial_like	Unknown	Unknown	Unknown	annotation_status::coarse::Unknown	annotation_status::mid::Unknown	annotation_status::fine::Unknown	candidate_only	shadow_candidate	shadow_candidate	fine	angiogenic_endothelial_like	state::fine::angiogenic_endothelial_like	4567	marker_based_fine_candidate_annotation.csv.gz	11fb72c7510c5613aef176329e928327e7ce3608c15e99d85c571ef3d6c77952
shadow__e1ed2fa8c1c39e5eb392	GSE249974	marker_based_fine	neutrophil_TAN_NET_like	Unknown	Unknown	Unknown	annotation_status::coarse::Unknown	annotation_status::mid::Unknown	annotation_status::fine::Unknown	candidate_only	shadow_candidate	shadow_candidate	fine	neutrophil_TAN_NET_like	state::fine::neutrophil_TAN_NET_like	1176	marker_based_fine_candidate_annotation.csv.gz	11fb72c7510c5613aef176329e928327e7ce3608c15e99d85c571ef3d6c77952
shadow__eea13d8f4a72fe2e7211	GSE249974	marker_based_fine	plasma_Ig_like	Unknown	Unknown	Unknown	annotation_status::coarse::Unknown	annotation_status::mid::Unknown	annotation_status::fine::Unknown	candidate_only	shadow_candidate	shadow_candidate	fine	plasma_Ig_like	state::fine::plasma_Ig_like	1037	marker_based_fine_candidate_annotation.csv.gz	11fb72c7510c5613aef176329e928327e7ce3608c15e99d85c571ef3d6c77952
shadow__b57dad9a939903f89db4	GSE249974	marker_based_fine	vascular_endothelial_like	Unknown	Unknown	Unknown	annotation_status::coarse::Unknown	annotation_status::mid::Unknown	annotation_status::fine::Unknown	candidate_only	shadow_candidate	shadow_candidate	fine	vascular_endothelial_like	state::fine::vascular_endothelial_like	199	marker_based_fine_candidate_annotation.csv.gz	11fb72c7510c5613aef176329e928327e7ce3608c15e99d85c571ef3d6c77952
shadow__886abadb2fc69786b8e6	GSE249974	marker_based_mid	APC_priming_like	Unknown	Unknown	Unknown	annotation_status::coarse::Unknown	annotation_status::mid::Unknown	annotation_status::fine::Unknown	candidate_only	shadow_candidate	shadow_candidate	mid	APC_priming_like		1179	marker_based_mid_annotation.csv.gz	8a93369d569423594390d587d4001a36f820bafb165dc04654523717b089b3ae
shadow__4578fd17070743730e92	GSE249974	marker_based_mid	B_cell	Unknown	Unknown	Unknown	annotation_status::coarse::Unknown	annotation_status::mid::Unknown	annotation_status::fine::Unknown	candidate_only	shadow_candidate	shadow_candidate	mid	B_cell	identity::mid::B_cell	5616	marker_based_mid_annotation.csv.gz	8a93369d569423594390d587d4001a36f820bafb165dc04654523717b089b3ae
shadow__86b43117c218575eee19	GSE249974	marker_based_mid	CAF	Unknown	Unknown	Unknown	annotation_status::coarse::Unknown	annotation_status::mid::Unknown	annotation_status::fine::Unknown	candidate_only	shadow_candidate	shadow_candidate	mid	CAF	identity::mid::CAF	940	marker_based_mid_annotation.csv.gz	8a93369d569423594390d587d4001a36f820bafb165dc04654523717b089b3ae
shadow__de46be2c9077c2ca980e	GSE249974	marker_based_mid	CD4_T	Unknown	Unknown	Unknown	annotation_status::coarse::Unknown	annotation_status::mid::Unknown	annotation_status::fine::Unknown	candidate_only	shadow_candidate	shadow_candidate	mid	CD4_T	identity::mid::CD4_T	1714	marker_based_mid_annotation.csv.gz	8a93369d569423594390d587d4001a36f820bafb165dc04654523717b089b3ae
shadow__6b8d6a23cd3fdffadbd4	GSE249974	marker_based_mid	CD8_T	Unknown	Unknown	Unknown	annotation_status::coarse::Unknown	annotation_status::mid::Unknown	annotation_status::fine::Unknown	candidate_only	shadow_candidate	shadow_candidate	mid	CD8_T	identity::mid::CD8_T	3478	marker_based_mid_annotation.csv.gz	8a93369d569423594390d587d4001a36f820bafb165dc04654523717b089b3ae
shadow__69132c4b2f077764d081	GSE249974	marker_based_mid	DC	Unknown	Unknown	Unknown	annotation_status::coarse::Unknown	annotation_status::mid::Unknown	annotation_status::fine::Unknown	candidate_only	shadow_candidate	shadow_candidate	mid	DC	identity::mid::DC	1028	marker_based_mid_annotation.csv.gz	8a93369d569423594390d587d4001a36f820bafb165dc04654523717b089b3ae
shadow__1a4aedf4b7676868b0dc	GSE249974	marker_based_mid	Endothelial	Unknown	Unknown	Unknown	annotation_status::coarse::Unknown	annotation_status::mid::Unknown	annotation_status::fine::Unknown	candidate_only	shadow_candidate	shadow_candidate	mid	Endothelial	identity::mid::Endothelial	6867	marker_based_mid_annotation.csv.gz	8a93369d569423594390d587d4001a36f820bafb165dc04654523717b089b3ae
shadow__c577bfbe43a195f07f61	GSE249974	marker_based_mid	Macrophage	Unknown	Unknown	Unknown	annotation_status::coarse::Unknown	annotation_status::mid::Unknown	annotation_status::fine::Unknown	candidate_only	shadow_candidate	shadow_candidate	mid	Macrophage	identity::mid::Macrophage	365	marker_based_mid_annotation.csv.gz	8a93369d569423594390d587d4001a36f820bafb165dc04654523717b089b3ae
shadow__3deafdeb177b4500877a	GSE249974	marker_based_mid	Monocyte	Unknown	Unknown	Unknown	annotation_status::coarse::Unknown	annotation_status::mid::Unknown	annotation_status::fine::Unknown	candidate_only	shadow_candidate	shadow_candidate	mid	Monocyte	identity::mid::Monocyte	2340	marker_based_mid_annotation.csv.gz	8a93369d569423594390d587d4001a36f820bafb165dc04654523717b089b3ae
shadow__18bdd75b576ed2aaf369	GSE249974	marker_based_mid	NK	Unknown	Unknown	Unknown	annotation_status::coarse::Unknown	annotation_status::mid::Unknown	annotation_status::fine::Unknown	candidate_only	shadow_candidate	shadow_candidate	mid	NK	identity::mid::NK	7237	marker_based_mid_annotation.csv.gz	8a93369d569423594390d587d4001a36f820bafb165dc04654523717b089b3ae
shadow__bdfcf669949fe513a559	GSE249974	marker_based_mid	NKT_like	Unknown	Unknown	Unknown	annotation_status::coarse::Unknown	annotation_status::mid::Unknown	annotation_status::fine::Unknown	candidate_only	shadow_candidate	shadow_candidate	mid	NKT_like	identity::mid::NKT_like	3023	marker_based_mid_annotation.csv.gz	8a93369d569423594390d587d4001a36f820bafb165dc04654523717b089b3ae
shadow__46b1a5ac8ffece538778	GSE249974	marker_based_mid	Neutrophil_TAN_like	Unknown	Unknown	Unknown	annotation_status::coarse::Unknown	annotation_status::mid::Unknown	annotation_status::fine::Unknown	candidate_only	shadow_candidate	shadow_candidate	mid	Neutrophil_TAN_like	identity::mid::Neutrophil_TAN_like	3911	marker_based_mid_annotation.csv.gz	8a93369d569423594390d587d4001a36f820bafb165dc04654523717b089b3ae
shadow__27889685b102ec4427f3	GSE249974	marker_based_mid	Plasma_cell	Unknown	Unknown	Unknown	annotation_status::coarse::Unknown	annotation_status::mid::Unknown	annotation_status::fine::Unknown	candidate_only	shadow_candidate	shadow_candidate	mid	Plasma_cell	identity::mid::Plasma_cell	1684	marker_based_mid_annotation.csv.gz	8a93369d569423594390d587d4001a36f820bafb165dc04654523717b089b3ae
shadow__ab1c0d96b1075675386b	GSE249974	marker_based_mid	Treg	Unknown	Unknown	Unknown	annotation_status::coarse::Unknown	annotation_status::mid::Unknown	annotation_status::fine::Unknown	candidate_only	shadow_candidate	shadow_candidate	mid	Treg	identity::mid::Treg	1209	marker_based_mid_annotation.csv.gz	8a93369d569423594390d587d4001a36f820bafb165dc04654523717b089b3ae
shadow__61ae8a5e8ebb8bb2cff0	GSE249974	marker_based_mid	Tumor_epithelial_like	Unknown	Unknown	Unknown	annotation_status::coarse::Unknown	annotation_status::mid::Unknown	annotation_status::fine::Unknown	candidate_only	shadow_candidate	shadow_candidate	mid	Tumor_epithelial_like	identity::mid::Tumor_epithelial_like	1663	marker_based_mid_annotation.csv.gz	8a93369d569423594390d587d4001a36f820bafb165dc04654523717b089b3ae
shadow__0d27214b16512154bb3d	GSE249974	marker_based_mid	Unknown	Unknown	Unknown	Unknown	annotation_status::coarse::Unknown	annotation_status::mid::Unknown	annotation_status::fine::Unknown	candidate_only	shadow_candidate	shadow_candidate	mid	Unknown	annotation_status::mid::Unknown	33064	marker_based_mid_annotation.csv.gz	8a93369d569423594390d587d4001a36f820bafb165dc04654523717b089b3ae
shadow__f02eaf5758ae28cf4400	GSE249974	marker_based_mid	pDC	Unknown	Unknown	Unknown	annotation_status::coarse::Unknown	annotation_status::mid::Unknown	annotation_status::fine::Unknown	candidate_only	shadow_candidate	shadow_candidate	mid	pDC	identity::mid::pDC	375	marker_based_mid_annotation.csv.gz	8a93369d569423594390d587d4001a36f820bafb165dc04654523717b089b3ae
shadow__8765572ea64ca17bd981	GSE266919	marker_based_fine	CAF_inflammatory_like	Unknown	Unknown	Unknown	annotation_status::coarse::Unknown	annotation_status::mid::Unknown	annotation_status::fine::Unknown	candidate_only	shadow_candidate	shadow_candidate	fine	CAF_inflammatory_like	state::fine::CAF_inflammatory_like	562	marker_based_fine_candidate_annotation.csv.gz	11fb72c7510c5613aef176329e928327e7ce3608c15e99d85c571ef3d6c77952
shadow__933f863769588a83be81	GSE266919	marker_based_fine	CAF_myofibroblast_like	Unknown	Unknown	Unknown	annotation_status::coarse::Unknown	annotation_status::mid::Unknown	annotation_status::fine::Unknown	candidate_only	shadow_candidate	shadow_candidate	fine	CAF_myofibroblast_like	state::fine::CAF_myofibroblast_like	2281	marker_based_fine_candidate_annotation.csv.gz	11fb72c7510c5613aef176329e928327e7ce3608c15e99d85c571ef3d6c77952
shadow__0eb903f47083bac1e794	GSE266919	marker_based_fine	CD4_helper_like	Unknown	Unknown	Unknown	annotation_status::coarse::Unknown	annotation_status::mid::Unknown	annotation_status::fine::Unknown	candidate_only	shadow_candidate	shadow_candidate	fine	CD4_helper_like	state::fine::CD4_helper_like	4207	marker_based_fine_candidate_annotation.csv.gz	11fb72c7510c5613aef176329e928327e7ce3608c15e99d85c571ef3d6c77952
shadow__7fd59a79bb3eb8428dae	GSE266919	marker_based_fine	CD8_cytotoxic_like	Unknown	Unknown	Unknown	annotation_status::coarse::Unknown	annotation_status::mid::Unknown	annotation_status::fine::Unknown	candidate_only	shadow_candidate	shadow_candidate	fine	CD8_cytotoxic_like	state::fine::CD8_cytotoxic_like	5679	marker_based_fine_candidate_annotation.csv.gz	11fb72c7510c5613aef176329e928327e7ce3608c15e99d85c571ef3d6c77952
shadow__b6500af346f2bec28fde	GSE266919	marker_based_fine	CD8_exhausted_like	Unknown	Unknown	Unknown	annotation_status::coarse::Unknown	annotation_status::mid::Unknown	annotation_status::fine::Unknown	candidate_only	shadow_candidate	shadow_candidate	fine	CD8_exhausted_like	state::fine::CD8_exhausted_like	2619	marker_based_fine_candidate_annotation.csv.gz	11fb72c7510c5613aef176329e928327e7ce3608c15e99d85c571ef3d6c77952
shadow__643eb5f7268f8f762494	GSE266919	marker_based_fine	CD8_progenitor_exhausted_like	Unknown	Unknown	Unknown	annotation_status::coarse::Unknown	annotation_status::mid::Unknown	annotation_status::fine::Unknown	candidate_only	shadow_candidate	shadow_candidate	fine	CD8_progenitor_exhausted_like	state::fine::CD8_progenitor_exhausted_like	836	marker_based_fine_candidate_annotation.csv.gz	11fb72c7510c5613aef176329e928327e7ce3608c15e99d85c571ef3d6c77952
shadow__29ae2bc8ea2857195889	GSE266919	marker_based_fine	CD8_terminal_exhausted_like	Unknown	Unknown	Unknown	annotation_status::coarse::Unknown	annotation_status::mid::Unknown	annotation_status::fine::Unknown	candidate_only	shadow_candidate	shadow_candidate	fine	CD8_terminal_exhausted_like	state::fine::CD8_terminal_exhausted_like	4059	marker_based_fine_candidate_annotation.csv.gz	11fb72c7510c5613aef176329e928327e7ce3608c15e99d85c571ef3d6c77952
shadow__9683d3d7f183c3966967	GSE266919	marker_based_fine	DC_migratory_like	Unknown	Unknown	Unknown	annotation_status::coarse::Unknown	annotation_status::mid::Unknown	annotation_status::fine::Unknown	candidate_only	shadow_candidate	shadow_candidate	fine	DC_migratory_like	state::fine::DC_migratory_like	2068	marker_based_fine_candidate_annotation.csv.gz	11fb72c7510c5613aef176329e928327e7ce3608c15e99d85c571ef3d6c77952
shadow__d567c699f527319d8efe	GSE266919	marker_based_fine	NK_cytotoxic_like	Unknown	Unknown	Unknown	annotation_status::coarse::Unknown	annotation_status::mid::Unknown	annotation_status::fine::Unknown	candidate_only	shadow_candidate	shadow_candidate	fine	NK_cytotoxic_like	state::fine::NK_cytotoxic_like	24928	marker_based_fine_candidate_annotation.csv.gz	11fb72c7510c5613aef176329e928327e7ce3608c15e99d85c571ef3d6c77952
shadow__a5a789f4d65e28bb6a78	GSE266919	marker_based_fine	TLS_B_like	Unknown	Unknown	Unknown	annotation_status::coarse::Unknown	annotation_status::mid::Unknown	annotation_status::fine::Unknown	candidate_only	shadow_candidate	shadow_candidate	fine	TLS_B_like	state::fine::TLS_B_like	5424	marker_based_fine_candidate_annotation.csv.gz	11fb72c7510c5613aef176329e928327e7ce3608c15e99d85c571ef3d6c77952
shadow__49aca0f72cfefe1af56f	GSE266919	marker_based_fine	TREM2_macrophage_like	Unknown	Unknown	Unknown	annotation_status::coarse::Unknown	annotation_status::mid::Unknown	annotation_status::fine::Unknown	candidate_only	shadow_candidate	shadow_candidate	fine	TREM2_macrophage_like	state::fine::TREM2_macrophage_like	4957	marker_based_fine_candidate_annotation.csv.gz	11fb72c7510c5613aef176329e928327e7ce3608c15e99d85c571ef3d6c77952
shadow__7b3142a84540ab06c348	GSE266919	marker_based_fine	Treg_suppressive_like	Unknown	Unknown	Unknown	annotation_status::coarse::Unknown	annotation_status::mid::Unknown	annotation_status::fine::Unknown	candidate_only	shadow_candidate	shadow_candidate	fine	Treg_suppressive_like	state::fine::Treg_suppressive_like	1846	marker_based_fine_candidate_annotation.csv.gz	11fb72c7510c5613aef176329e928327e7ce3608c15e99d85c571ef3d6c77952
shadow__3dc3a6badc50eef47d3a	GSE266919	marker_based_fine	Unknown	Unknown	Unknown	Unknown	annotation_status::coarse::Unknown	annotation_status::mid::Unknown	annotation_status::fine::Unknown	candidate_only	shadow_candidate	shadow_candidate	fine	Unknown	annotation_status::fine::Unknown	351441	marker_based_fine_candidate_annotation.csv.gz	11fb72c7510c5613aef176329e928327e7ce3608c15e99d85c571ef3d6c77952
shadow__83223a77fac2ae67f9a6	GSE266919	marker_based_fine	angiogenic_endothelial_like	Unknown	Unknown	Unknown	annotation_status::coarse::Unknown	annotation_status::mid::Unknown	annotation_status::fine::Unknown	candidate_only	shadow_candidate	shadow_candidate	fine	angiogenic_endothelial_like	state::fine::angiogenic_endothelial_like	19194	marker_based_fine_candidate_annotation.csv.gz	11fb72c7510c5613aef176329e928327e7ce3608c15e99d85c571ef3d6c77952
shadow__a3d012911323afcf5e30	GSE266919	marker_based_fine	neutrophil_TAN_NET_like	Unknown	Unknown	Unknown	annotation_status::coarse::Unknown	annotation_status::mid::Unknown	annotation_status::fine::Unknown	candidate_only	shadow_candidate	shadow_candidate	fine	neutrophil_TAN_NET_like	state::fine::neutrophil_TAN_NET_like	5995	marker_based_fine_candidate_annotation.csv.gz	11fb72c7510c5613aef176329e928327e7ce3608c15e99d85c571ef3d6c77952
shadow__75a0595550748a2b00e6	GSE266919	marker_based_fine	plasma_Ig_like	Unknown	Unknown	Unknown	annotation_status::coarse::Unknown	annotation_status::mid::Unknown	annotation_status::fine::Unknown	candidate_only	shadow_candidate	shadow_candidate	fine	plasma_Ig_like	state::fine::plasma_Ig_like	10143	marker_based_fine_candidate_annotation.csv.gz	11fb72c7510c5613aef176329e928327e7ce3608c15e99d85c571ef3d6c77952
shadow__bbdbfdcfbf5906dc14fe	GSE266919	marker_based_fine	tumor_IFN_APM_high_like	Unknown	Unknown	Unknown	annotation_status::coarse::Unknown	annotation_status::mid::Unknown	annotation_status::fine::Unknown	candidate_only	shadow_candidate	shadow_candidate	fine	tumor_IFN_APM_high_like	state::fine::tumor_IFN_APM_high_like	158	marker_based_fine_candidate_annotation.csv.gz	11fb72c7510c5613aef176329e928327e7ce3608c15e99d85c571ef3d6c77952
shadow__ccec764aa3bb9769e21e	GSE266919	marker_based_fine	tumor_WNT_exclusion_like	Unknown	Unknown	Unknown	annotation_status::coarse::Unknown	annotation_status::mid::Unknown	annotation_status::fine::Unknown	candidate_only	shadow_candidate	shadow_candidate	fine	tumor_WNT_exclusion_like	state::fine::tumor_WNT_exclusion_like	792	marker_based_fine_candidate_annotation.csv.gz	11fb72c7510c5613aef176329e928327e7ce3608c15e99d85c571ef3d6c77952
shadow__158c3e89f0410b525cbe	GSE266919	marker_based_fine	tumor_cell_cycle_like	Unknown	Unknown	Unknown	annotation_status::coarse::Unknown	annotation_status::mid::Unknown	annotation_status::fine::Unknown	candidate_only	shadow_candidate	shadow_candidate	fine	tumor_cell_cycle_like	state::fine::tumor_cell_cycle_like	148	marker_based_fine_candidate_annotation.csv.gz	11fb72c7510c5613aef176329e928327e7ce3608c15e99d85c571ef3d6c77952
shadow__588aa1cc7569f9f61cb0	GSE266919	marker_based_fine	vascular_endothelial_like	Unknown	Unknown	Unknown	annotation_status::coarse::Unknown	annotation_status::mid::Unknown	annotation_status::fine::Unknown	candidate_only	shadow_candidate	shadow_candidate	fine	vascular_endothelial_like	state::fine::vascular_endothelial_like	157	marker_based_fine_candidate_annotation.csv.gz	11fb72c7510c5613aef176329e928327e7ce3608c15e99d85c571ef3d6c77952
shadow__0dad3fffc46f30a50695	GSE266919	marker_based_mid	APC_priming_like	Unknown	Unknown	Unknown	annotation_status::coarse::Unknown	annotation_status::mid::Unknown	annotation_status::fine::Unknown	candidate_only	shadow_candidate	shadow_candidate	mid	APC_priming_like		15933	marker_based_mid_annotation.csv.gz	8a93369d569423594390d587d4001a36f820bafb165dc04654523717b089b3ae
shadow__8b96c19f26d8a750bb75	GSE266919	marker_based_mid	B_cell	Unknown	Unknown	Unknown	annotation_status::coarse::Unknown	annotation_status::mid::Unknown	annotation_status::fine::Unknown	candidate_only	shadow_candidate	shadow_candidate	mid	B_cell	identity::mid::B_cell	32061	marker_based_mid_annotation.csv.gz	8a93369d569423594390d587d4001a36f820bafb165dc04654523717b089b3ae
shadow__ff3d6b3caf1f0b16bee2	GSE266919	marker_based_mid	CAF	Unknown	Unknown	Unknown	annotation_status::coarse::Unknown	annotation_status::mid::Unknown	annotation_status::fine::Unknown	candidate_only	shadow_candidate	shadow_candidate	mid	CAF	identity::mid::CAF	36519	marker_based_mid_annotation.csv.gz	8a93369d569423594390d587d4001a36f820bafb165dc04654523717b089b3ae
shadow__d72330d7beac8caca531	GSE266919	marker_based_mid	CD4_T	Unknown	Unknown	Unknown	annotation_status::coarse::Unknown	annotation_status::mid::Unknown	annotation_status::fine::Unknown	candidate_only	shadow_candidate	shadow_candidate	mid	CD4_T	identity::mid::CD4_T	11136	marker_based_mid_annotation.csv.gz	8a93369d569423594390d587d4001a36f820bafb165dc04654523717b089b3ae
shadow__0154e1917024cf54e6bb	GSE266919	marker_based_mid	CD8_T	Unknown	Unknown	Unknown	annotation_status::coarse::Unknown	annotation_status::mid::Unknown	annotation_status::fine::Unknown	candidate_only	shadow_candidate	shadow_candidate	mid	CD8_T	identity::mid::CD8_T	32237	marker_based_mid_annotation.csv.gz	8a93369d569423594390d587d4001a36f820bafb165dc04654523717b089b3ae
shadow__de1a97c996e55d3c0063	GSE266919	marker_based_mid	DC	Unknown	Unknown	Unknown	annotation_status::coarse::Unknown	annotation_status::mid::Unknown	annotation_status::fine::Unknown	candidate_only	shadow_candidate	shadow_candidate	mid	DC	identity::mid::DC	12689	marker_based_mid_annotation.csv.gz	8a93369d569423594390d587d4001a36f820bafb165dc04654523717b089b3ae
shadow__49ce3fd89d1c0cc7f719	GSE266919	marker_based_mid	Endothelial	Unknown	Unknown	Unknown	annotation_status::coarse::Unknown	annotation_status::mid::Unknown	annotation_status::fine::Unknown	candidate_only	shadow_candidate	shadow_candidate	mid	Endothelial	identity::mid::Endothelial	30333	marker_based_mid_annotation.csv.gz	8a93369d569423594390d587d4001a36f820bafb165dc04654523717b089b3ae
shadow__864d6a465bd3f1f131df	GSE266919	marker_based_mid	Macrophage	Unknown	Unknown	Unknown	annotation_status::coarse::Unknown	annotation_status::mid::Unknown	annotation_status::fine::Unknown	candidate_only	shadow_candidate	shadow_candidate	mid	Macrophage	identity::mid::Macrophage	17641	marker_based_mid_annotation.csv.gz	8a93369d569423594390d587d4001a36f820bafb165dc04654523717b089b3ae
shadow__45baa7c97a9ae3270c34	GSE266919	marker_based_mid	Monocyte	Unknown	Unknown	Unknown	annotation_status::coarse::Unknown	annotation_status::mid::Unknown	annotation_status::fine::Unknown	candidate_only	shadow_candidate	shadow_candidate	mid	Monocyte	identity::mid::Monocyte	3972	marker_based_mid_annotation.csv.gz	8a93369d569423594390d587d4001a36f820bafb165dc04654523717b089b3ae
shadow__ae658757ec7badf53604	GSE266919	marker_based_mid	NK	Unknown	Unknown	Unknown	annotation_status::coarse::Unknown	annotation_status::mid::Unknown	annotation_status::fine::Unknown	candidate_only	shadow_candidate	shadow_candidate	mid	NK	identity::mid::NK	27516	marker_based_mid_annotation.csv.gz	8a93369d569423594390d587d4001a36f820bafb165dc04654523717b089b3ae
shadow__2a935e502ba995f75d85	GSE266919	marker_based_mid	NKT_like	Unknown	Unknown	Unknown	annotation_status::coarse::Unknown	annotation_status::mid::Unknown	annotation_status::fine::Unknown	candidate_only	shadow_candidate	shadow_candidate	mid	NKT_like	identity::mid::NKT_like	19481	marker_based_mid_annotation.csv.gz	8a93369d569423594390d587d4001a36f820bafb165dc04654523717b089b3ae
shadow__1b282506c7b23dd3d10c	GSE266919	marker_based_mid	Neutrophil_TAN_like	Unknown	Unknown	Unknown	annotation_status::coarse::Unknown	annotation_status::mid::Unknown	annotation_status::fine::Unknown	candidate_only	shadow_candidate	shadow_candidate	mid	Neutrophil_TAN_like	identity::mid::Neutrophil_TAN_like	6605	marker_based_mid_annotation.csv.gz	8a93369d569423594390d587d4001a36f820bafb165dc04654523717b089b3ae
shadow__85cdbf3ad366da7684e1	GSE266919	marker_based_mid	Plasma_cell	Unknown	Unknown	Unknown	annotation_status::coarse::Unknown	annotation_status::mid::Unknown	annotation_status::fine::Unknown	candidate_only	shadow_candidate	shadow_candidate	mid	Plasma_cell	identity::mid::Plasma_cell	16419	marker_based_mid_annotation.csv.gz	8a93369d569423594390d587d4001a36f820bafb165dc04654523717b089b3ae
shadow__1be15207587a3a7d8f1f	GSE266919	marker_based_mid	Treg	Unknown	Unknown	Unknown	annotation_status::coarse::Unknown	annotation_status::mid::Unknown	annotation_status::fine::Unknown	candidate_only	shadow_candidate	shadow_candidate	mid	Treg	identity::mid::Treg	7190	marker_based_mid_annotation.csv.gz	8a93369d569423594390d587d4001a36f820bafb165dc04654523717b089b3ae
shadow__42d981c685408fc97a64	GSE266919	marker_based_mid	Tumor_epithelial_like	Unknown	Unknown	Unknown	annotation_status::coarse::Unknown	annotation_status::mid::Unknown	annotation_status::fine::Unknown	candidate_only	shadow_candidate	shadow_candidate	mid	Tumor_epithelial_like	identity::mid::Tumor_epithelial_like	28053	marker_based_mid_annotation.csv.gz	8a93369d569423594390d587d4001a36f820bafb165dc04654523717b089b3ae
shadow__09db3769b8e5a6aa4907	GSE266919	marker_based_mid	Unknown	Unknown	Unknown	Unknown	annotation_status::coarse::Unknown	annotation_status::mid::Unknown	annotation_status::fine::Unknown	candidate_only	shadow_candidate	shadow_candidate	mid	Unknown	annotation_status::mid::Unknown	145220	marker_based_mid_annotation.csv.gz	8a93369d569423594390d587d4001a36f820bafb165dc04654523717b089b3ae
shadow__186820b9f23457a3ad92	GSE266919	marker_based_mid	pDC	Unknown	Unknown	Unknown	annotation_status::coarse::Unknown	annotation_status::mid::Unknown	annotation_status::fine::Unknown	candidate_only	shadow_candidate	shadow_candidate	mid	pDC	identity::mid::pDC	4489	marker_based_mid_annotation.csv.gz	8a93369d569423594390d587d4001a36f820bafb165dc04654523717b089b3ae
shadow__62df7e84ad434a1cded9	GSE272734	marker_based_fine	CAF_inflammatory_like	Unknown	Unknown	Unknown	annotation_status::coarse::Unknown	annotation_status::mid::Unknown	annotation_status::fine::Unknown	candidate_only	shadow_candidate	shadow_candidate	fine	CAF_inflammatory_like	state::fine::CAF_inflammatory_like	1	marker_based_fine_candidate_annotation.csv.gz	11fb72c7510c5613aef176329e928327e7ce3608c15e99d85c571ef3d6c77952
shadow__839e465ca8a9cec76aa3	GSE272734	marker_based_fine	CAF_myofibroblast_like	Unknown	Unknown	Unknown	annotation_status::coarse::Unknown	annotation_status::mid::Unknown	annotation_status::fine::Unknown	candidate_only	shadow_candidate	shadow_candidate	fine	CAF_myofibroblast_like	state::fine::CAF_myofibroblast_like	1	marker_based_fine_candidate_annotation.csv.gz	11fb72c7510c5613aef176329e928327e7ce3608c15e99d85c571ef3d6c77952
shadow__bf5df97c259ee15eea7b	GSE272734	marker_based_fine	CD4_helper_like	Unknown	Unknown	Unknown	annotation_status::coarse::Unknown	annotation_status::mid::Unknown	annotation_status::fine::Unknown	candidate_only	shadow_candidate	shadow_candidate	fine	CD4_helper_like	state::fine::CD4_helper_like	229	marker_based_fine_candidate_annotation.csv.gz	11fb72c7510c5613aef176329e928327e7ce3608c15e99d85c571ef3d6c77952
shadow__45ae77e015289a4e2d19	GSE272734	marker_based_fine	CD8_cytotoxic_like	Unknown	Unknown	Unknown	annotation_status::coarse::Unknown	annotation_status::mid::Unknown	annotation_status::fine::Unknown	candidate_only	shadow_candidate	shadow_candidate	fine	CD8_cytotoxic_like	state::fine::CD8_cytotoxic_like	750	marker_based_fine_candidate_annotation.csv.gz	11fb72c7510c5613aef176329e928327e7ce3608c15e99d85c571ef3d6c77952
shadow__02237d4dea6f45e9ab8b	GSE272734	marker_based_fine	CD8_exhausted_like	Unknown	Unknown	Unknown	annotation_status::coarse::Unknown	annotation_status::mid::Unknown	annotation_status::fine::Unknown	candidate_only	shadow_candidate	shadow_candidate	fine	CD8_exhausted_like	state::fine::CD8_exhausted_like	63	marker_based_fine_candidate_annotation.csv.gz	11fb72c7510c5613aef176329e928327e7ce3608c15e99d85c571ef3d6c77952
shadow__7c647b485604da6f3de4	GSE272734	marker_based_fine	CD8_progenitor_exhausted_like	Unknown	Unknown	Unknown	annotation_status::coarse::Unknown	annotation_status::mid::Unknown	annotation_status::fine::Unknown	candidate_only	shadow_candidate	shadow_candidate	fine	CD8_progenitor_exhausted_like	state::fine::CD8_progenitor_exhausted_like	59	marker_based_fine_candidate_annotation.csv.gz	11fb72c7510c5613aef176329e928327e7ce3608c15e99d85c571ef3d6c77952
shadow__da8a9ac400339df2c76c	GSE272734	marker_based_fine	CD8_terminal_exhausted_like	Unknown	Unknown	Unknown	annotation_status::coarse::Unknown	annotation_status::mid::Unknown	annotation_status::fine::Unknown	candidate_only	shadow_candidate	shadow_candidate	fine	CD8_terminal_exhausted_like	state::fine::CD8_terminal_exhausted_like	329	marker_based_fine_candidate_annotation.csv.gz	11fb72c7510c5613aef176329e928327e7ce3608c15e99d85c571ef3d6c77952
shadow__77183522b509b046168f	GSE272734	marker_based_fine	DC_migratory_like	Unknown	Unknown	Unknown	annotation_status::coarse::Unknown	annotation_status::mid::Unknown	annotation_status::fine::Unknown	candidate_only	shadow_candidate	shadow_candidate	fine	DC_migratory_like	state::fine::DC_migratory_like	67	marker_based_fine_candidate_annotation.csv.gz	11fb72c7510c5613aef176329e928327e7ce3608c15e99d85c571ef3d6c77952
shadow__7e38644cffd7703635ff	GSE272734	marker_based_fine	NK_cytotoxic_like	Unknown	Unknown	Unknown	annotation_status::coarse::Unknown	annotation_status::mid::Unknown	annotation_status::fine::Unknown	candidate_only	shadow_candidate	shadow_candidate	fine	NK_cytotoxic_like	state::fine::NK_cytotoxic_like	4127	marker_based_fine_candidate_annotation.csv.gz	11fb72c7510c5613aef176329e928327e7ce3608c15e99d85c571ef3d6c77952
shadow__46f959d6cb0b5e6cebef	GSE272734	marker_based_fine	TLS_B_like	Unknown	Unknown	Unknown	annotation_status::coarse::Unknown	annotation_status::mid::Unknown	annotation_status::fine::Unknown	candidate_only	shadow_candidate	shadow_candidate	fine	TLS_B_like	state::fine::TLS_B_like	37	marker_based_fine_candidate_annotation.csv.gz	11fb72c7510c5613aef176329e928327e7ce3608c15e99d85c571ef3d6c77952
shadow__fd1e5ee60ca6a7b53835	GSE272734	marker_based_fine	TREM2_macrophage_like	Unknown	Unknown	Unknown	annotation_status::coarse::Unknown	annotation_status::mid::Unknown	annotation_status::fine::Unknown	candidate_only	shadow_candidate	shadow_candidate	fine	TREM2_macrophage_like	state::fine::TREM2_macrophage_like	3	marker_based_fine_candidate_annotation.csv.gz	11fb72c7510c5613aef176329e928327e7ce3608c15e99d85c571ef3d6c77952
shadow__a6ec0d72baf37923ee9e	GSE272734	marker_based_fine	Treg_suppressive_like	Unknown	Unknown	Unknown	annotation_status::coarse::Unknown	annotation_status::mid::Unknown	annotation_status::fine::Unknown	candidate_only	shadow_candidate	shadow_candidate	fine	Treg_suppressive_like	state::fine::Treg_suppressive_like	41	marker_based_fine_candidate_annotation.csv.gz	11fb72c7510c5613aef176329e928327e7ce3608c15e99d85c571ef3d6c77952
shadow__ec2a3ee45d7508647701	GSE272734	marker_based_fine	Unknown	Unknown	Unknown	Unknown	annotation_status::coarse::Unknown	annotation_status::mid::Unknown	annotation_status::fine::Unknown	candidate_only	shadow_candidate	shadow_candidate	fine	Unknown	annotation_status::fine::Unknown	4764482	marker_based_fine_candidate_annotation.csv.gz	11fb72c7510c5613aef176329e928327e7ce3608c15e99d85c571ef3d6c77952
shadow__0cfb12617408274d7d9c	GSE272734	marker_based_fine	angiogenic_endothelial_like	Unknown	Unknown	Unknown	annotation_status::coarse::Unknown	annotation_status::mid::Unknown	annotation_status::fine::Unknown	candidate_only	shadow_candidate	shadow_candidate	fine	angiogenic_endothelial_like	state::fine::angiogenic_endothelial_like	732	marker_based_fine_candidate_annotation.csv.gz	11fb72c7510c5613aef176329e928327e7ce3608c15e99d85c571ef3d6c77952
shadow__fc2ad53459b5b5e241d0	GSE272734	marker_based_fine	neutrophil_TAN_NET_like	Unknown	Unknown	Unknown	annotation_status::coarse::Unknown	annotation_status::mid::Unknown	annotation_status::fine::Unknown	candidate_only	shadow_candidate	shadow_candidate	fine	neutrophil_TAN_NET_like	state::fine::neutrophil_TAN_NET_like	250	marker_based_fine_candidate_annotation.csv.gz	11fb72c7510c5613aef176329e928327e7ce3608c15e99d85c571ef3d6c77952
shadow__ee59fa2ce27b7b1ac229	GSE272734	marker_based_fine	plasma_Ig_like	Unknown	Unknown	Unknown	annotation_status::coarse::Unknown	annotation_status::mid::Unknown	annotation_status::fine::Unknown	candidate_only	shadow_candidate	shadow_candidate	fine	plasma_Ig_like	state::fine::plasma_Ig_like	26	marker_based_fine_candidate_annotation.csv.gz	11fb72c7510c5613aef176329e928327e7ce3608c15e99d85c571ef3d6c77952
shadow__a78cff9a823fa803582b	GSE272734	marker_based_fine	tumor_WNT_exclusion_like	Unknown	Unknown	Unknown	annotation_status::coarse::Unknown	annotation_status::mid::Unknown	annotation_status::fine::Unknown	candidate_only	shadow_candidate	shadow_candidate	fine	tumor_WNT_exclusion_like	state::fine::tumor_WNT_exclusion_like	4	marker_based_fine_candidate_annotation.csv.gz	11fb72c7510c5613aef176329e928327e7ce3608c15e99d85c571ef3d6c77952
shadow__cca8728edf53e0319b5e	GSE272734	marker_based_fine	vascular_endothelial_like	Unknown	Unknown	Unknown	annotation_status::coarse::Unknown	annotation_status::mid::Unknown	annotation_status::fine::Unknown	candidate_only	shadow_candidate	shadow_candidate	fine	vascular_endothelial_like	state::fine::vascular_endothelial_like	39	marker_based_fine_candidate_annotation.csv.gz	11fb72c7510c5613aef176329e928327e7ce3608c15e99d85c571ef3d6c77952
shadow__6b8f39139b7d50a48f67	GSE272734	marker_based_mid	APC_priming_like	Unknown	Unknown	Unknown	annotation_status::coarse::Unknown	annotation_status::mid::Unknown	annotation_status::fine::Unknown	candidate_only	shadow_candidate	shadow_candidate	mid	APC_priming_like		2170	marker_based_mid_annotation.csv.gz	8a93369d569423594390d587d4001a36f820bafb165dc04654523717b089b3ae
shadow__786bf5bf451b94de7cab	GSE272734	marker_based_mid	B_cell	Unknown	Unknown	Unknown	annotation_status::coarse::Unknown	annotation_status::mid::Unknown	annotation_status::fine::Unknown	candidate_only	shadow_candidate	shadow_candidate	mid	B_cell	identity::mid::B_cell	301	marker_based_mid_annotation.csv.gz	8a93369d569423594390d587d4001a36f820bafb165dc04654523717b089b3ae
shadow__c26605fad108c064896a	GSE272734	marker_based_mid	CAF	Unknown	Unknown	Unknown	annotation_status::coarse::Unknown	annotation_status::mid::Unknown	annotation_status::fine::Unknown	candidate_only	shadow_candidate	shadow_candidate	mid	CAF	identity::mid::CAF	742	marker_based_mid_annotation.csv.gz	8a93369d569423594390d587d4001a36f820bafb165dc04654523717b089b3ae
shadow__a3b89e7ce3c2ac704ff2	GSE272734	marker_based_mid	CD4_T	Unknown	Unknown	Unknown	annotation_status::coarse::Unknown	annotation_status::mid::Unknown	annotation_status::fine::Unknown	candidate_only	shadow_candidate	shadow_candidate	mid	CD4_T	identity::mid::CD4_T	703	marker_based_mid_annotation.csv.gz	8a93369d569423594390d587d4001a36f820bafb165dc04654523717b089b3ae
shadow__344a3fb26f3f40557309	GSE272734	marker_based_mid	CD8_T	Unknown	Unknown	Unknown	annotation_status::coarse::Unknown	annotation_status::mid::Unknown	annotation_status::fine::Unknown	candidate_only	shadow_candidate	shadow_candidate	mid	CD8_T	identity::mid::CD8_T	3144	marker_based_mid_annotation.csv.gz	8a93369d569423594390d587d4001a36f820bafb165dc04654523717b089b3ae
shadow__63479c02f2c4d294051e	GSE272734	marker_based_mid	DC	Unknown	Unknown	Unknown	annotation_status::coarse::Unknown	annotation_status::mid::Unknown	annotation_status::fine::Unknown	candidate_only	shadow_candidate	shadow_candidate	mid	DC	identity::mid::DC	2096	marker_based_mid_annotation.csv.gz	8a93369d569423594390d587d4001a36f820bafb165dc04654523717b089b3ae
shadow__d2f905cd57d74f5baa3f	GSE272734	marker_based_mid	Endothelial	Unknown	Unknown	Unknown	annotation_status::coarse::Unknown	annotation_status::mid::Unknown	annotation_status::fine::Unknown	candidate_only	shadow_candidate	shadow_candidate	mid	Endothelial	identity::mid::Endothelial	6060	marker_based_mid_annotation.csv.gz	8a93369d569423594390d587d4001a36f820bafb165dc04654523717b089b3ae
shadow__0dc720cf1ab1864dc8d0	GSE272734	marker_based_mid	Macrophage	Unknown	Unknown	Unknown	annotation_status::coarse::Unknown	annotation_status::mid::Unknown	annotation_status::fine::Unknown	candidate_only	shadow_candidate	shadow_candidate	mid	Macrophage	identity::mid::Macrophage	25	marker_based_mid_annotation.csv.gz	8a93369d569423594390d587d4001a36f820bafb165dc04654523717b089b3ae
shadow__9cad902d5693aaf4f79f	GSE272734	marker_based_mid	Monocyte	Unknown	Unknown	Unknown	annotation_status::coarse::Unknown	annotation_status::mid::Unknown	annotation_status::fine::Unknown	candidate_only	shadow_candidate	shadow_candidate	mid	Monocyte	identity::mid::Monocyte	4682	marker_based_mid_annotation.csv.gz	8a93369d569423594390d587d4001a36f820bafb165dc04654523717b089b3ae
shadow__a34f49319bdfc2b3f4ad	GSE272734	marker_based_mid	NK	Unknown	Unknown	Unknown	annotation_status::coarse::Unknown	annotation_status::mid::Unknown	annotation_status::fine::Unknown	candidate_only	shadow_candidate	shadow_candidate	mid	NK	identity::mid::NK	5227	marker_based_mid_annotation.csv.gz	8a93369d569423594390d587d4001a36f820bafb165dc04654523717b089b3ae
shadow__604f2da9312074e25978	GSE272734	marker_based_mid	NKT_like	Unknown	Unknown	Unknown	annotation_status::coarse::Unknown	annotation_status::mid::Unknown	annotation_status::fine::Unknown	candidate_only	shadow_candidate	shadow_candidate	mid	NKT_like	identity::mid::NKT_like	6464	marker_based_mid_annotation.csv.gz	8a93369d569423594390d587d4001a36f820bafb165dc04654523717b089b3ae
shadow__76e0b0dbb9b3b022fb6b	GSE272734	marker_based_mid	Neutrophil_TAN_like	Unknown	Unknown	Unknown	annotation_status::coarse::Unknown	annotation_status::mid::Unknown	annotation_status::fine::Unknown	candidate_only	shadow_candidate	shadow_candidate	mid	Neutrophil_TAN_like	identity::mid::Neutrophil_TAN_like	6734	marker_based_mid_annotation.csv.gz	8a93369d569423594390d587d4001a36f820bafb165dc04654523717b089b3ae
shadow__44f6c5162eefe85a082b	GSE272734	marker_based_mid	Plasma_cell	Unknown	Unknown	Unknown	annotation_status::coarse::Unknown	annotation_status::mid::Unknown	annotation_status::fine::Unknown	candidate_only	shadow_candidate	shadow_candidate	mid	Plasma_cell	identity::mid::Plasma_cell	87	marker_based_mid_annotation.csv.gz	8a93369d569423594390d587d4001a36f820bafb165dc04654523717b089b3ae
shadow__dbd2f8939ba8149eec71	GSE272734	marker_based_mid	Treg	Unknown	Unknown	Unknown	annotation_status::coarse::Unknown	annotation_status::mid::Unknown	annotation_status::fine::Unknown	candidate_only	shadow_candidate	shadow_candidate	mid	Treg	identity::mid::Treg	2568	marker_based_mid_annotation.csv.gz	8a93369d569423594390d587d4001a36f820bafb165dc04654523717b089b3ae
shadow__6bff8b94e78ebab151ac	GSE272734	marker_based_mid	Tumor_epithelial_like	Unknown	Unknown	Unknown	annotation_status::coarse::Unknown	annotation_status::mid::Unknown	annotation_status::fine::Unknown	candidate_only	shadow_candidate	shadow_candidate	mid	Tumor_epithelial_like	identity::mid::Tumor_epithelial_like	1702	marker_based_mid_annotation.csv.gz	8a93369d569423594390d587d4001a36f820bafb165dc04654523717b089b3ae
shadow__5ba688384c77455c9129	GSE272734	marker_based_mid	Unknown	Unknown	Unknown	Unknown	annotation_status::coarse::Unknown	annotation_status::mid::Unknown	annotation_status::fine::Unknown	candidate_only	shadow_candidate	shadow_candidate	mid	Unknown	annotation_status::mid::Unknown	4728370	marker_based_mid_annotation.csv.gz	8a93369d569423594390d587d4001a36f820bafb165dc04654523717b089b3ae
shadow__b5391454960881a9b9a6	GSE272734	marker_based_mid	pDC	Unknown	Unknown	Unknown	annotation_status::coarse::Unknown	annotation_status::mid::Unknown	annotation_status::fine::Unknown	candidate_only	shadow_candidate	shadow_candidate	mid	pDC	identity::mid::pDC	165	marker_based_mid_annotation.csv.gz	8a93369d569423594390d587d4001a36f820bafb165dc04654523717b089b3ae
shadow__0860ba5c447c8896fa87	GSE272735	marker_based_fine	CAF_inflammatory_like	Unknown	Unknown	Unknown	annotation_status::coarse::Unknown	annotation_status::mid::Unknown	annotation_status::fine::Unknown	candidate_only	shadow_candidate	shadow_candidate	fine	CAF_inflammatory_like	state::fine::CAF_inflammatory_like	13	marker_based_fine_candidate_annotation.csv.gz	11fb72c7510c5613aef176329e928327e7ce3608c15e99d85c571ef3d6c77952
shadow__ac4289748e833bdd9783	GSE272735	marker_based_fine	CAF_myofibroblast_like	Unknown	Unknown	Unknown	annotation_status::coarse::Unknown	annotation_status::mid::Unknown	annotation_status::fine::Unknown	candidate_only	shadow_candidate	shadow_candidate	fine	CAF_myofibroblast_like	state::fine::CAF_myofibroblast_like	6	marker_based_fine_candidate_annotation.csv.gz	11fb72c7510c5613aef176329e928327e7ce3608c15e99d85c571ef3d6c77952
shadow__834b45745dd1f69abbc7	GSE272735	marker_based_fine	CD4_helper_like	Unknown	Unknown	Unknown	annotation_status::coarse::Unknown	annotation_status::mid::Unknown	annotation_status::fine::Unknown	candidate_only	shadow_candidate	shadow_candidate	fine	CD4_helper_like	state::fine::CD4_helper_like	12	marker_based_fine_candidate_annotation.csv.gz	11fb72c7510c5613aef176329e928327e7ce3608c15e99d85c571ef3d6c77952
shadow__b3f37e917baf878beda3	GSE272735	marker_based_fine	CD8_cytotoxic_like	Unknown	Unknown	Unknown	annotation_status::coarse::Unknown	annotation_status::mid::Unknown	annotation_status::fine::Unknown	candidate_only	shadow_candidate	shadow_candidate	fine	CD8_cytotoxic_like	state::fine::CD8_cytotoxic_like	240	marker_based_fine_candidate_annotation.csv.gz	11fb72c7510c5613aef176329e928327e7ce3608c15e99d85c571ef3d6c77952
shadow__46bd831fc59ca99dc1ef	GSE272735	marker_based_fine	CD8_exhausted_like	Unknown	Unknown	Unknown	annotation_status::coarse::Unknown	annotation_status::mid::Unknown	annotation_status::fine::Unknown	candidate_only	shadow_candidate	shadow_candidate	fine	CD8_exhausted_like	state::fine::CD8_exhausted_like	57	marker_based_fine_candidate_annotation.csv.gz	11fb72c7510c5613aef176329e928327e7ce3608c15e99d85c571ef3d6c77952
shadow__978bbc2ec1ff6490ed4a	GSE272735	marker_based_fine	CD8_progenitor_exhausted_like	Unknown	Unknown	Unknown	annotation_status::coarse::Unknown	annotation_status::mid::Unknown	annotation_status::fine::Unknown	candidate_only	shadow_candidate	shadow_candidate	fine	CD8_progenitor_exhausted_like	state::fine::CD8_progenitor_exhausted_like	7	marker_based_fine_candidate_annotation.csv.gz	11fb72c7510c5613aef176329e928327e7ce3608c15e99d85c571ef3d6c77952
shadow__c65d1f47c44562407ef0	GSE272735	marker_based_fine	CD8_terminal_exhausted_like	Unknown	Unknown	Unknown	annotation_status::coarse::Unknown	annotation_status::mid::Unknown	annotation_status::fine::Unknown	candidate_only	shadow_candidate	shadow_candidate	fine	CD8_terminal_exhausted_like	state::fine::CD8_terminal_exhausted_like	182	marker_based_fine_candidate_annotation.csv.gz	11fb72c7510c5613aef176329e928327e7ce3608c15e99d85c571ef3d6c77952
shadow__47133154d1b29814deac	GSE272735	marker_based_fine	DC_migratory_like	Unknown	Unknown	Unknown	annotation_status::coarse::Unknown	annotation_status::mid::Unknown	annotation_status::fine::Unknown	candidate_only	shadow_candidate	shadow_candidate	fine	DC_migratory_like	state::fine::DC_migratory_like	24	marker_based_fine_candidate_annotation.csv.gz	11fb72c7510c5613aef176329e928327e7ce3608c15e99d85c571ef3d6c77952
shadow__4b8a3643f251be6e88e9	GSE272735	marker_based_fine	NK_cytotoxic_like	Unknown	Unknown	Unknown	annotation_status::coarse::Unknown	annotation_status::mid::Unknown	annotation_status::fine::Unknown	candidate_only	shadow_candidate	shadow_candidate	fine	NK_cytotoxic_like	state::fine::NK_cytotoxic_like	1937	marker_based_fine_candidate_annotation.csv.gz	11fb72c7510c5613aef176329e928327e7ce3608c15e99d85c571ef3d6c77952
shadow__044fb7304857867e2901	GSE272735	marker_based_fine	TLS_B_like	Unknown	Unknown	Unknown	annotation_status::coarse::Unknown	annotation_status::mid::Unknown	annotation_status::fine::Unknown	candidate_only	shadow_candidate	shadow_candidate	fine	TLS_B_like	state::fine::TLS_B_like	348	marker_based_fine_candidate_annotation.csv.gz	11fb72c7510c5613aef176329e928327e7ce3608c15e99d85c571ef3d6c77952
shadow__499fa3bdfd295b2d57d9	GSE272735	marker_based_fine	TREM2_macrophage_like	Unknown	Unknown	Unknown	annotation_status::coarse::Unknown	annotation_status::mid::Unknown	annotation_status::fine::Unknown	candidate_only	shadow_candidate	shadow_candidate	fine	TREM2_macrophage_like	state::fine::TREM2_macrophage_like	1	marker_based_fine_candidate_annotation.csv.gz	11fb72c7510c5613aef176329e928327e7ce3608c15e99d85c571ef3d6c77952
shadow__0cee889197a32d5261d9	GSE272735	marker_based_fine	Treg_suppressive_like	Unknown	Unknown	Unknown	annotation_status::coarse::Unknown	annotation_status::mid::Unknown	annotation_status::fine::Unknown	candidate_only	shadow_candidate	shadow_candidate	fine	Treg_suppressive_like	state::fine::Treg_suppressive_like	127	marker_based_fine_candidate_annotation.csv.gz	11fb72c7510c5613aef176329e928327e7ce3608c15e99d85c571ef3d6c77952
shadow__134ae7158ef88ece185e	GSE272735	marker_based_fine	Unknown	Unknown	Unknown	Unknown	annotation_status::coarse::Unknown	annotation_status::mid::Unknown	annotation_status::fine::Unknown	candidate_only	shadow_candidate	shadow_candidate	fine	Unknown	annotation_status::fine::Unknown	25798	marker_based_fine_candidate_annotation.csv.gz	11fb72c7510c5613aef176329e928327e7ce3608c15e99d85c571ef3d6c77952
shadow__da2850c81884299b8153	GSE272735	marker_based_fine	angiogenic_endothelial_like	Unknown	Unknown	Unknown	annotation_status::coarse::Unknown	annotation_status::mid::Unknown	annotation_status::fine::Unknown	candidate_only	shadow_candidate	shadow_candidate	fine	angiogenic_endothelial_like	state::fine::angiogenic_endothelial_like	3169	marker_based_fine_candidate_annotation.csv.gz	11fb72c7510c5613aef176329e928327e7ce3608c15e99d85c571ef3d6c77952
shadow__4bad0cbf2f4e7f576e6f	GSE272735	marker_based_fine	neutrophil_TAN_NET_like	Unknown	Unknown	Unknown	annotation_status::coarse::Unknown	annotation_status::mid::Unknown	annotation_status::fine::Unknown	candidate_only	shadow_candidate	shadow_candidate	fine	neutrophil_TAN_NET_like	state::fine::neutrophil_TAN_NET_like	81	marker_based_fine_candidate_annotation.csv.gz	11fb72c7510c5613aef176329e928327e7ce3608c15e99d85c571ef3d6c77952
shadow__36839f73869f116cb784	GSE272735	marker_based_fine	plasma_Ig_like	Unknown	Unknown	Unknown	annotation_status::coarse::Unknown	annotation_status::mid::Unknown	annotation_status::fine::Unknown	candidate_only	shadow_candidate	shadow_candidate	fine	plasma_Ig_like	state::fine::plasma_Ig_like	163	marker_based_fine_candidate_annotation.csv.gz	11fb72c7510c5613aef176329e928327e7ce3608c15e99d85c571ef3d6c77952
shadow__b7c15de472f2d9b2b0d3	GSE272735	marker_based_fine	tumor_IFN_APM_high_like	Unknown	Unknown	Unknown	annotation_status::coarse::Unknown	annotation_status::mid::Unknown	annotation_status::fine::Unknown	candidate_only	shadow_candidate	shadow_candidate	fine	tumor_IFN_APM_high_like	state::fine::tumor_IFN_APM_high_like	2	marker_based_fine_candidate_annotation.csv.gz	11fb72c7510c5613aef176329e928327e7ce3608c15e99d85c571ef3d6c77952
shadow__d8cf103e5280977dfaf2	GSE272735	marker_based_fine	tumor_WNT_exclusion_like	Unknown	Unknown	Unknown	annotation_status::coarse::Unknown	annotation_status::mid::Unknown	annotation_status::fine::Unknown	candidate_only	shadow_candidate	shadow_candidate	fine	tumor_WNT_exclusion_like	state::fine::tumor_WNT_exclusion_like	2	marker_based_fine_candidate_annotation.csv.gz	11fb72c7510c5613aef176329e928327e7ce3608c15e99d85c571ef3d6c77952
shadow__75a07c598abd9124fba2	GSE272735	marker_based_mid	APC_priming_like	Unknown	Unknown	Unknown	annotation_status::coarse::Unknown	annotation_status::mid::Unknown	annotation_status::fine::Unknown	candidate_only	shadow_candidate	shadow_candidate	mid	APC_priming_like		1004	marker_based_mid_annotation.csv.gz	8a93369d569423594390d587d4001a36f820bafb165dc04654523717b089b3ae
shadow__09461f37c07f3771a906	GSE272735	marker_based_mid	B_cell	Unknown	Unknown	Unknown	annotation_status::coarse::Unknown	annotation_status::mid::Unknown	annotation_status::fine::Unknown	candidate_only	shadow_candidate	shadow_candidate	mid	B_cell	identity::mid::B_cell	1263	marker_based_mid_annotation.csv.gz	8a93369d569423594390d587d4001a36f820bafb165dc04654523717b089b3ae
shadow__cbf79c00c3735efae547	GSE272735	marker_based_mid	CAF	Unknown	Unknown	Unknown	annotation_status::coarse::Unknown	annotation_status::mid::Unknown	annotation_status::fine::Unknown	candidate_only	shadow_candidate	shadow_candidate	mid	CAF	identity::mid::CAF	371	marker_based_mid_annotation.csv.gz	8a93369d569423594390d587d4001a36f820bafb165dc04654523717b089b3ae
shadow__386b751072f39df27026	GSE272735	marker_based_mid	CD4_T	Unknown	Unknown	Unknown	annotation_status::coarse::Unknown	annotation_status::mid::Unknown	annotation_status::fine::Unknown	candidate_only	shadow_candidate	shadow_candidate	mid	CD4_T	identity::mid::CD4_T	42	marker_based_mid_annotation.csv.gz	8a93369d569423594390d587d4001a36f820bafb165dc04654523717b089b3ae
shadow__01d4f0706326043b641d	GSE272735	marker_based_mid	CD8_T	Unknown	Unknown	Unknown	annotation_status::coarse::Unknown	annotation_status::mid::Unknown	annotation_status::fine::Unknown	candidate_only	shadow_candidate	shadow_candidate	mid	CD8_T	identity::mid::CD8_T	1259	marker_based_mid_annotation.csv.gz	8a93369d569423594390d587d4001a36f820bafb165dc04654523717b089b3ae
shadow__e985d5feec2bc5924379	GSE272735	marker_based_mid	DC	Unknown	Unknown	Unknown	annotation_status::coarse::Unknown	annotation_status::mid::Unknown	annotation_status::fine::Unknown	candidate_only	shadow_candidate	shadow_candidate	mid	DC	identity::mid::DC	586	marker_based_mid_annotation.csv.gz	8a93369d569423594390d587d4001a36f820bafb165dc04654523717b089b3ae
shadow__95523988fafbd464e9b3	GSE272735	marker_based_mid	Endothelial	Unknown	Unknown	Unknown	annotation_status::coarse::Unknown	annotation_status::mid::Unknown	annotation_status::fine::Unknown	candidate_only	shadow_candidate	shadow_candidate	mid	Endothelial	identity::mid::Endothelial	3940	marker_based_mid_annotation.csv.gz	8a93369d569423594390d587d4001a36f820bafb165dc04654523717b089b3ae
shadow__380679a737ac36b33dcf	GSE272735	marker_based_mid	Macrophage	Unknown	Unknown	Unknown	annotation_status::coarse::Unknown	annotation_status::mid::Unknown	annotation_status::fine::Unknown	candidate_only	shadow_candidate	shadow_candidate	mid	Macrophage	identity::mid::Macrophage	96	marker_based_mid_annotation.csv.gz	8a93369d569423594390d587d4001a36f820bafb165dc04654523717b089b3ae
shadow__cc8ca4635106621e0f53	GSE272735	marker_based_mid	Monocyte	Unknown	Unknown	Unknown	annotation_status::coarse::Unknown	annotation_status::mid::Unknown	annotation_status::fine::Unknown	candidate_only	shadow_candidate	shadow_candidate	mid	Monocyte	identity::mid::Monocyte	640	marker_based_mid_annotation.csv.gz	8a93369d569423594390d587d4001a36f820bafb165dc04654523717b089b3ae
shadow__b3e06b457b730a55239b	GSE272735	marker_based_mid	NK	Unknown	Unknown	Unknown	annotation_status::coarse::Unknown	annotation_status::mid::Unknown	annotation_status::fine::Unknown	candidate_only	shadow_candidate	shadow_candidate	mid	NK	identity::mid::NK	2864	marker_based_mid_annotation.csv.gz	8a93369d569423594390d587d4001a36f820bafb165dc04654523717b089b3ae
shadow__022b08d0af417a044451	GSE272735	marker_based_mid	NKT_like	Unknown	Unknown	Unknown	annotation_status::coarse::Unknown	annotation_status::mid::Unknown	annotation_status::fine::Unknown	candidate_only	shadow_candidate	shadow_candidate	mid	NKT_like	identity::mid::NKT_like	2182	marker_based_mid_annotation.csv.gz	8a93369d569423594390d587d4001a36f820bafb165dc04654523717b089b3ae
shadow__cbcfd7df5cb8fb7215d2	GSE272735	marker_based_mid	Neutrophil_TAN_like	Unknown	Unknown	Unknown	annotation_status::coarse::Unknown	annotation_status::mid::Unknown	annotation_status::fine::Unknown	candidate_only	shadow_candidate	shadow_candidate	mid	Neutrophil_TAN_like	identity::mid::Neutrophil_TAN_like	106	marker_based_mid_annotation.csv.gz	8a93369d569423594390d587d4001a36f820bafb165dc04654523717b089b3ae
shadow__10d8bda890791e8d7c2c	GSE272735	marker_based_mid	Plasma_cell	Unknown	Unknown	Unknown	annotation_status::coarse::Unknown	annotation_status::mid::Unknown	annotation_status::fine::Unknown	candidate_only	shadow_candidate	shadow_candidate	mid	Plasma_cell	identity::mid::Plasma_cell	553	marker_based_mid_annotation.csv.gz	8a93369d569423594390d587d4001a36f820bafb165dc04654523717b089b3ae
shadow__41e977f49588af694824	GSE272735	marker_based_mid	Treg	Unknown	Unknown	Unknown	annotation_status::coarse::Unknown	annotation_status::mid::Unknown	annotation_status::fine::Unknown	candidate_only	shadow_candidate	shadow_candidate	mid	Treg	identity::mid::Treg	1165	marker_based_mid_annotation.csv.gz	8a93369d569423594390d587d4001a36f820bafb165dc04654523717b089b3ae
shadow__7ecf1f26a46374e98016	GSE272735	marker_based_mid	Tumor_epithelial_like	Unknown	Unknown	Unknown	annotation_status::coarse::Unknown	annotation_status::mid::Unknown	annotation_status::fine::Unknown	candidate_only	shadow_candidate	shadow_candidate	mid	Tumor_epithelial_like	identity::mid::Tumor_epithelial_like	971	marker_based_mid_annotation.csv.gz	8a93369d569423594390d587d4001a36f820bafb165dc04654523717b089b3ae
shadow__2c7189a27ef48e56e237	GSE272735	marker_based_mid	Unknown	Unknown	Unknown	Unknown	annotation_status::coarse::Unknown	annotation_status::mid::Unknown	annotation_status::fine::Unknown	candidate_only	shadow_candidate	shadow_candidate	mid	Unknown	annotation_status::mid::Unknown	14918	marker_based_mid_annotation.csv.gz	8a93369d569423594390d587d4001a36f820bafb165dc04654523717b089b3ae
shadow__0925da90809a318813cb	GSE272735	marker_based_mid	pDC	Unknown	Unknown	Unknown	annotation_status::coarse::Unknown	annotation_status::mid::Unknown	annotation_status::fine::Unknown	candidate_only	shadow_candidate	shadow_candidate	mid	pDC	identity::mid::pDC	209	marker_based_mid_annotation.csv.gz	8a93369d569423594390d587d4001a36f820bafb165dc04654523717b089b3ae
shadow__4ad36b32a76eaf88ad1a	GSE272993	marker_based_fine	CAF_inflammatory_like	Unknown	Unknown	Unknown	annotation_status::coarse::Unknown	annotation_status::mid::Unknown	annotation_status::fine::Unknown	candidate_only	shadow_candidate	shadow_candidate	fine	CAF_inflammatory_like	state::fine::CAF_inflammatory_like	907	marker_based_fine_candidate_annotation.csv.gz	11fb72c7510c5613aef176329e928327e7ce3608c15e99d85c571ef3d6c77952
shadow__24b9d9109b6938582848	GSE272993	marker_based_fine	CAF_myofibroblast_like	Unknown	Unknown	Unknown	annotation_status::coarse::Unknown	annotation_status::mid::Unknown	annotation_status::fine::Unknown	candidate_only	shadow_candidate	shadow_candidate	fine	CAF_myofibroblast_like	state::fine::CAF_myofibroblast_like	14	marker_based_fine_candidate_annotation.csv.gz	11fb72c7510c5613aef176329e928327e7ce3608c15e99d85c571ef3d6c77952
shadow__cdc2ce2d1f4269bdf50b	GSE272993	marker_based_fine	CD4_helper_like	Unknown	Unknown	Unknown	annotation_status::coarse::Unknown	annotation_status::mid::Unknown	annotation_status::fine::Unknown	candidate_only	shadow_candidate	shadow_candidate	fine	CD4_helper_like	state::fine::CD4_helper_like	41	marker_based_fine_candidate_annotation.csv.gz	11fb72c7510c5613aef176329e928327e7ce3608c15e99d85c571ef3d6c77952
shadow__8cc067458b18c560dc08	GSE272993	marker_based_fine	CD8_cytotoxic_like	Unknown	Unknown	Unknown	annotation_status::coarse::Unknown	annotation_status::mid::Unknown	annotation_status::fine::Unknown	candidate_only	shadow_candidate	shadow_candidate	fine	CD8_cytotoxic_like	state::fine::CD8_cytotoxic_like	1784	marker_based_fine_candidate_annotation.csv.gz	11fb72c7510c5613aef176329e928327e7ce3608c15e99d85c571ef3d6c77952
shadow__6464dc4cab39ace30c3a	GSE272993	marker_based_fine	CD8_exhausted_like	Unknown	Unknown	Unknown	annotation_status::coarse::Unknown	annotation_status::mid::Unknown	annotation_status::fine::Unknown	candidate_only	shadow_candidate	shadow_candidate	fine	CD8_exhausted_like	state::fine::CD8_exhausted_like	264	marker_based_fine_candidate_annotation.csv.gz	11fb72c7510c5613aef176329e928327e7ce3608c15e99d85c571ef3d6c77952
shadow__fb2526edb553035e446c	GSE272993	marker_based_fine	CD8_progenitor_exhausted_like	Unknown	Unknown	Unknown	annotation_status::coarse::Unknown	annotation_status::mid::Unknown	annotation_status::fine::Unknown	candidate_only	shadow_candidate	shadow_candidate	fine	CD8_progenitor_exhausted_like	state::fine::CD8_progenitor_exhausted_like	31	marker_based_fine_candidate_annotation.csv.gz	11fb72c7510c5613aef176329e928327e7ce3608c15e99d85c571ef3d6c77952
shadow__0e98f4d6ff9fc8497152	GSE272993	marker_based_fine	CD8_terminal_exhausted_like	Unknown	Unknown	Unknown	annotation_status::coarse::Unknown	annotation_status::mid::Unknown	annotation_status::fine::Unknown	candidate_only	shadow_candidate	shadow_candidate	fine	CD8_terminal_exhausted_like	state::fine::CD8_terminal_exhausted_like	771	marker_based_fine_candidate_annotation.csv.gz	11fb72c7510c5613aef176329e928327e7ce3608c15e99d85c571ef3d6c77952
shadow__c39d14b6b01089cdd624	GSE272993	marker_based_fine	DC_migratory_like	Unknown	Unknown	Unknown	annotation_status::coarse::Unknown	annotation_status::mid::Unknown	annotation_status::fine::Unknown	candidate_only	shadow_candidate	shadow_candidate	fine	DC_migratory_like	state::fine::DC_migratory_like	965	marker_based_fine_candidate_annotation.csv.gz	11fb72c7510c5613aef176329e928327e7ce3608c15e99d85c571ef3d6c77952
shadow__5e704ed022e1aee647a2	GSE272993	marker_based_fine	NK_cytotoxic_like	Unknown	Unknown	Unknown	annotation_status::coarse::Unknown	annotation_status::mid::Unknown	annotation_status::fine::Unknown	candidate_only	shadow_candidate	shadow_candidate	fine	NK_cytotoxic_like	state::fine::NK_cytotoxic_like	16250	marker_based_fine_candidate_annotation.csv.gz	11fb72c7510c5613aef176329e928327e7ce3608c15e99d85c571ef3d6c77952
shadow__441d884c5178b47afdc9	GSE272993	marker_based_fine	TLS_B_like	Unknown	Unknown	Unknown	annotation_status::coarse::Unknown	annotation_status::mid::Unknown	annotation_status::fine::Unknown	candidate_only	shadow_candidate	shadow_candidate	fine	TLS_B_like	state::fine::TLS_B_like	5757	marker_based_fine_candidate_annotation.csv.gz	11fb72c7510c5613aef176329e928327e7ce3608c15e99d85c571ef3d6c77952
shadow__2ebc1def6f14b2d75d06	GSE272993	marker_based_fine	TREM2_macrophage_like	Unknown	Unknown	Unknown	annotation_status::coarse::Unknown	annotation_status::mid::Unknown	annotation_status::fine::Unknown	candidate_only	shadow_candidate	shadow_candidate	fine	TREM2_macrophage_like	state::fine::TREM2_macrophage_like	27	marker_based_fine_candidate_annotation.csv.gz	11fb72c7510c5613aef176329e928327e7ce3608c15e99d85c571ef3d6c77952
shadow__264111d0d176141d46fd	GSE272993	marker_based_fine	Treg_suppressive_like	Unknown	Unknown	Unknown	annotation_status::coarse::Unknown	annotation_status::mid::Unknown	annotation_status::fine::Unknown	candidate_only	shadow_candidate	shadow_candidate	fine	Treg_suppressive_like	state::fine::Treg_suppressive_like	387	marker_based_fine_candidate_annotation.csv.gz	11fb72c7510c5613aef176329e928327e7ce3608c15e99d85c571ef3d6c77952
shadow__b2497c6bae0357f6847a	GSE272993	marker_based_fine	Unknown	Unknown	Unknown	Unknown	annotation_status::coarse::Unknown	annotation_status::mid::Unknown	annotation_status::fine::Unknown	candidate_only	shadow_candidate	shadow_candidate	fine	Unknown	annotation_status::fine::Unknown	212670	marker_based_fine_candidate_annotation.csv.gz	11fb72c7510c5613aef176329e928327e7ce3608c15e99d85c571ef3d6c77952
shadow__01a69b9df96284de0537	GSE272993	marker_based_fine	angiogenic_endothelial_like	Unknown	Unknown	Unknown	annotation_status::coarse::Unknown	annotation_status::mid::Unknown	annotation_status::fine::Unknown	candidate_only	shadow_candidate	shadow_candidate	fine	angiogenic_endothelial_like	state::fine::angiogenic_endothelial_like	22995	marker_based_fine_candidate_annotation.csv.gz	11fb72c7510c5613aef176329e928327e7ce3608c15e99d85c571ef3d6c77952
shadow__8731a47eb739b693d3dd	GSE272993	marker_based_fine	neutrophil_TAN_NET_like	Unknown	Unknown	Unknown	annotation_status::coarse::Unknown	annotation_status::mid::Unknown	annotation_status::fine::Unknown	candidate_only	shadow_candidate	shadow_candidate	fine	neutrophil_TAN_NET_like	state::fine::neutrophil_TAN_NET_like	8703	marker_based_fine_candidate_annotation.csv.gz	11fb72c7510c5613aef176329e928327e7ce3608c15e99d85c571ef3d6c77952
shadow__1aca7e6ce09bbbdb8780	GSE272993	marker_based_fine	plasma_Ig_like	Unknown	Unknown	Unknown	annotation_status::coarse::Unknown	annotation_status::mid::Unknown	annotation_status::fine::Unknown	candidate_only	shadow_candidate	shadow_candidate	fine	plasma_Ig_like	state::fine::plasma_Ig_like	1890	marker_based_fine_candidate_annotation.csv.gz	11fb72c7510c5613aef176329e928327e7ce3608c15e99d85c571ef3d6c77952
shadow__d1ca2fd24d134ce6cdf0	GSE272993	marker_based_fine	tumor_WNT_exclusion_like	Unknown	Unknown	Unknown	annotation_status::coarse::Unknown	annotation_status::mid::Unknown	annotation_status::fine::Unknown	candidate_only	shadow_candidate	shadow_candidate	fine	tumor_WNT_exclusion_like	state::fine::tumor_WNT_exclusion_like	30	marker_based_fine_candidate_annotation.csv.gz	11fb72c7510c5613aef176329e928327e7ce3608c15e99d85c571ef3d6c77952
shadow__524aef7bf30ea3bf4389	GSE272993	marker_based_fine	tumor_cell_cycle_like	Unknown	Unknown	Unknown	annotation_status::coarse::Unknown	annotation_status::mid::Unknown	annotation_status::fine::Unknown	candidate_only	shadow_candidate	shadow_candidate	fine	tumor_cell_cycle_like	state::fine::tumor_cell_cycle_like	7	marker_based_fine_candidate_annotation.csv.gz	11fb72c7510c5613aef176329e928327e7ce3608c15e99d85c571ef3d6c77952
shadow__b66b253b1284cbd14c7b	GSE272993	marker_based_fine	vascular_endothelial_like	Unknown	Unknown	Unknown	annotation_status::coarse::Unknown	annotation_status::mid::Unknown	annotation_status::fine::Unknown	candidate_only	shadow_candidate	shadow_candidate	fine	vascular_endothelial_like	state::fine::vascular_endothelial_like	15	marker_based_fine_candidate_annotation.csv.gz	11fb72c7510c5613aef176329e928327e7ce3608c15e99d85c571ef3d6c77952
shadow__9ae33b6cef3e8f1937bc	GSE272993	marker_based_mid	APC_priming_like	Unknown	Unknown	Unknown	annotation_status::coarse::Unknown	annotation_status::mid::Unknown	annotation_status::fine::Unknown	candidate_only	shadow_candidate	shadow_candidate	mid	APC_priming_like		11762	marker_based_mid_annotation.csv.gz	8a93369d569423594390d587d4001a36f820bafb165dc04654523717b089b3ae
shadow__f0ac13a1d486453eeb31	GSE272993	marker_based_mid	B_cell	Unknown	Unknown	Unknown	annotation_status::coarse::Unknown	annotation_status::mid::Unknown	annotation_status::fine::Unknown	candidate_only	shadow_candidate	shadow_candidate	mid	B_cell	identity::mid::B_cell	14406	marker_based_mid_annotation.csv.gz	8a93369d569423594390d587d4001a36f820bafb165dc04654523717b089b3ae
shadow__6841607cba1f64706590	GSE272993	marker_based_mid	CAF	Unknown	Unknown	Unknown	annotation_status::coarse::Unknown	annotation_status::mid::Unknown	annotation_status::fine::Unknown	candidate_only	shadow_candidate	shadow_candidate	mid	CAF	identity::mid::CAF	2285	marker_based_mid_annotation.csv.gz	8a93369d569423594390d587d4001a36f820bafb165dc04654523717b089b3ae
shadow__237407bbd9019ccc0dc9	GSE272993	marker_based_mid	CD4_T	Unknown	Unknown	Unknown	annotation_status::coarse::Unknown	annotation_status::mid::Unknown	annotation_status::fine::Unknown	candidate_only	shadow_candidate	shadow_candidate	mid	CD4_T	identity::mid::CD4_T	292	marker_based_mid_annotation.csv.gz	8a93369d569423594390d587d4001a36f820bafb165dc04654523717b089b3ae
shadow__0720002007a9ab1c3710	GSE272993	marker_based_mid	CD8_T	Unknown	Unknown	Unknown	annotation_status::coarse::Unknown	annotation_status::mid::Unknown	annotation_status::fine::Unknown	candidate_only	shadow_candidate	shadow_candidate	mid	CD8_T	identity::mid::CD8_T	7819	marker_based_mid_annotation.csv.gz	8a93369d569423594390d587d4001a36f820bafb165dc04654523717b089b3ae
shadow__45b11635f3d6f9fb7d0e	GSE272993	marker_based_mid	DC	Unknown	Unknown	Unknown	annotation_status::coarse::Unknown	annotation_status::mid::Unknown	annotation_status::fine::Unknown	candidate_only	shadow_candidate	shadow_candidate	mid	DC	identity::mid::DC	15707	marker_based_mid_annotation.csv.gz	8a93369d569423594390d587d4001a36f820bafb165dc04654523717b089b3ae
shadow__d50bfe87b2f89a775024	GSE272993	marker_based_mid	Endothelial	Unknown	Unknown	Unknown	annotation_status::coarse::Unknown	annotation_status::mid::Unknown	annotation_status::fine::Unknown	candidate_only	shadow_candidate	shadow_candidate	mid	Endothelial	identity::mid::Endothelial	29662	marker_based_mid_annotation.csv.gz	8a93369d569423594390d587d4001a36f820bafb165dc04654523717b089b3ae
shadow__18267d320800626a07ba	GSE272993	marker_based_mid	Macrophage	Unknown	Unknown	Unknown	annotation_status::coarse::Unknown	annotation_status::mid::Unknown	annotation_status::fine::Unknown	candidate_only	shadow_candidate	shadow_candidate	mid	Macrophage	identity::mid::Macrophage	3344	marker_based_mid_annotation.csv.gz	8a93369d569423594390d587d4001a36f820bafb165dc04654523717b089b3ae
shadow__c5d92a3950f2961905bf	GSE272993	marker_based_mid	Monocyte	Unknown	Unknown	Unknown	annotation_status::coarse::Unknown	annotation_status::mid::Unknown	annotation_status::fine::Unknown	candidate_only	shadow_candidate	shadow_candidate	mid	Monocyte	identity::mid::Monocyte	17724	marker_based_mid_annotation.csv.gz	8a93369d569423594390d587d4001a36f820bafb165dc04654523717b089b3ae
shadow__4ec5f5ab2ad856b2a080	GSE272993	marker_based_mid	NK	Unknown	Unknown	Unknown	annotation_status::coarse::Unknown	annotation_status::mid::Unknown	annotation_status::fine::Unknown	candidate_only	shadow_candidate	shadow_candidate	mid	NK	identity::mid::NK	17328	marker_based_mid_annotation.csv.gz	8a93369d569423594390d587d4001a36f820bafb165dc04654523717b089b3ae
shadow__6c468b3304350e6bc0b7	GSE272993	marker_based_mid	NKT_like	Unknown	Unknown	Unknown	annotation_status::coarse::Unknown	annotation_status::mid::Unknown	annotation_status::fine::Unknown	candidate_only	shadow_candidate	shadow_candidate	mid	NKT_like	identity::mid::NKT_like	14185	marker_based_mid_annotation.csv.gz	8a93369d569423594390d587d4001a36f820bafb165dc04654523717b089b3ae
shadow__4c7f27eae54fac0a3985	GSE272993	marker_based_mid	Neutrophil_TAN_like	Unknown	Unknown	Unknown	annotation_status::coarse::Unknown	annotation_status::mid::Unknown	annotation_status::fine::Unknown	candidate_only	shadow_candidate	shadow_candidate	mid	Neutrophil_TAN_like	identity::mid::Neutrophil_TAN_like	8952	marker_based_mid_annotation.csv.gz	8a93369d569423594390d587d4001a36f820bafb165dc04654523717b089b3ae
shadow__c0b4dc91c3f965f8eda9	GSE272993	marker_based_mid	Plasma_cell	Unknown	Unknown	Unknown	annotation_status::coarse::Unknown	annotation_status::mid::Unknown	annotation_status::fine::Unknown	candidate_only	shadow_candidate	shadow_candidate	mid	Plasma_cell	identity::mid::Plasma_cell	5244	marker_based_mid_annotation.csv.gz	8a93369d569423594390d587d4001a36f820bafb165dc04654523717b089b3ae
shadow__04322ae70e158f586b3c	GSE272993	marker_based_mid	Treg	Unknown	Unknown	Unknown	annotation_status::coarse::Unknown	annotation_status::mid::Unknown	annotation_status::fine::Unknown	candidate_only	shadow_candidate	shadow_candidate	mid	Treg	identity::mid::Treg	4091	marker_based_mid_annotation.csv.gz	8a93369d569423594390d587d4001a36f820bafb165dc04654523717b089b3ae
shadow__7c04f09f5032140a39b8	GSE272993	marker_based_mid	Tumor_epithelial_like	Unknown	Unknown	Unknown	annotation_status::coarse::Unknown	annotation_status::mid::Unknown	annotation_status::fine::Unknown	candidate_only	shadow_candidate	shadow_candidate	mid	Tumor_epithelial_like	identity::mid::Tumor_epithelial_like	6605	marker_based_mid_annotation.csv.gz	8a93369d569423594390d587d4001a36f820bafb165dc04654523717b089b3ae
shadow__7b44c6e03047abe36213	GSE272993	marker_based_mid	Unknown	Unknown	Unknown	Unknown	annotation_status::coarse::Unknown	annotation_status::mid::Unknown	annotation_status::fine::Unknown	candidate_only	shadow_candidate	shadow_candidate	mid	Unknown	annotation_status::mid::Unknown	111554	marker_based_mid_annotation.csv.gz	8a93369d569423594390d587d4001a36f820bafb165dc04654523717b089b3ae
shadow__d48ab59344d3c7275942	GSE272993	marker_based_mid	pDC	Unknown	Unknown	Unknown	annotation_status::coarse::Unknown	annotation_status::mid::Unknown	annotation_status::fine::Unknown	candidate_only	shadow_candidate	shadow_candidate	mid	pDC	identity::mid::pDC	2548	marker_based_mid_annotation.csv.gz	8a93369d569423594390d587d4001a36f820bafb165dc04654523717b089b3ae
shadow__e7f98e1c9c731ae82ab5	GSE273718	marker_based_fine	CAF_inflammatory_like	Unknown	Unknown	Unknown	annotation_status::coarse::Unknown	annotation_status::mid::Unknown	annotation_status::fine::Unknown	candidate_only	shadow_candidate	shadow_candidate	fine	CAF_inflammatory_like	state::fine::CAF_inflammatory_like	1	marker_based_fine_candidate_annotation.csv.gz	11fb72c7510c5613aef176329e928327e7ce3608c15e99d85c571ef3d6c77952
shadow__c6ffff8b077582f4fbf7	GSE273718	marker_based_fine	CAF_myofibroblast_like	Unknown	Unknown	Unknown	annotation_status::coarse::Unknown	annotation_status::mid::Unknown	annotation_status::fine::Unknown	candidate_only	shadow_candidate	shadow_candidate	fine	CAF_myofibroblast_like	state::fine::CAF_myofibroblast_like	11	marker_based_fine_candidate_annotation.csv.gz	11fb72c7510c5613aef176329e928327e7ce3608c15e99d85c571ef3d6c77952
shadow__48b113a8ea690c49d0da	GSE273718	marker_based_fine	CD4_helper_like	Unknown	Unknown	Unknown	annotation_status::coarse::Unknown	annotation_status::mid::Unknown	annotation_status::fine::Unknown	candidate_only	shadow_candidate	shadow_candidate	fine	CD4_helper_like	state::fine::CD4_helper_like	25	marker_based_fine_candidate_annotation.csv.gz	11fb72c7510c5613aef176329e928327e7ce3608c15e99d85c571ef3d6c77952
shadow__ec47bb6cbad8c1a84b4b	GSE273718	marker_based_fine	CD8_cytotoxic_like	Unknown	Unknown	Unknown	annotation_status::coarse::Unknown	annotation_status::mid::Unknown	annotation_status::fine::Unknown	candidate_only	shadow_candidate	shadow_candidate	fine	CD8_cytotoxic_like	state::fine::CD8_cytotoxic_like	259	marker_based_fine_candidate_annotation.csv.gz	11fb72c7510c5613aef176329e928327e7ce3608c15e99d85c571ef3d6c77952
shadow__b4947398b0945490be0c	GSE273718	marker_based_fine	CD8_exhausted_like	Unknown	Unknown	Unknown	annotation_status::coarse::Unknown	annotation_status::mid::Unknown	annotation_status::fine::Unknown	candidate_only	shadow_candidate	shadow_candidate	fine	CD8_exhausted_like	state::fine::CD8_exhausted_like	209	marker_based_fine_candidate_annotation.csv.gz	11fb72c7510c5613aef176329e928327e7ce3608c15e99d85c571ef3d6c77952
shadow__d18731648f5d4e90cb32	GSE273718	marker_based_fine	CD8_progenitor_exhausted_like	Unknown	Unknown	Unknown	annotation_status::coarse::Unknown	annotation_status::mid::Unknown	annotation_status::fine::Unknown	candidate_only	shadow_candidate	shadow_candidate	fine	CD8_progenitor_exhausted_like	state::fine::CD8_progenitor_exhausted_like	5	marker_based_fine_candidate_annotation.csv.gz	11fb72c7510c5613aef176329e928327e7ce3608c15e99d85c571ef3d6c77952
shadow__068c148ac8c3ffa6f771	GSE273718	marker_based_fine	CD8_terminal_exhausted_like	Unknown	Unknown	Unknown	annotation_status::coarse::Unknown	annotation_status::mid::Unknown	annotation_status::fine::Unknown	candidate_only	shadow_candidate	shadow_candidate	fine	CD8_terminal_exhausted_like	state::fine::CD8_terminal_exhausted_like	242	marker_based_fine_candidate_annotation.csv.gz	11fb72c7510c5613aef176329e928327e7ce3608c15e99d85c571ef3d6c77952
shadow__4884ebbee6616514702d	GSE273718	marker_based_fine	DC_migratory_like	Unknown	Unknown	Unknown	annotation_status::coarse::Unknown	annotation_status::mid::Unknown	annotation_status::fine::Unknown	candidate_only	shadow_candidate	shadow_candidate	fine	DC_migratory_like	state::fine::DC_migratory_like	223	marker_based_fine_candidate_annotation.csv.gz	11fb72c7510c5613aef176329e928327e7ce3608c15e99d85c571ef3d6c77952
shadow__42255c04e15e587dfb7c	GSE273718	marker_based_fine	NK_cytotoxic_like	Unknown	Unknown	Unknown	annotation_status::coarse::Unknown	annotation_status::mid::Unknown	annotation_status::fine::Unknown	candidate_only	shadow_candidate	shadow_candidate	fine	NK_cytotoxic_like	state::fine::NK_cytotoxic_like	1893	marker_based_fine_candidate_annotation.csv.gz	11fb72c7510c5613aef176329e928327e7ce3608c15e99d85c571ef3d6c77952
shadow__0b8c849c5a1e02893928	GSE273718	marker_based_fine	TLS_B_like	Unknown	Unknown	Unknown	annotation_status::coarse::Unknown	annotation_status::mid::Unknown	annotation_status::fine::Unknown	candidate_only	shadow_candidate	shadow_candidate	fine	TLS_B_like	state::fine::TLS_B_like	139	marker_based_fine_candidate_annotation.csv.gz	11fb72c7510c5613aef176329e928327e7ce3608c15e99d85c571ef3d6c77952
shadow__035fa7200252d1a78490	GSE273718	marker_based_fine	TREM2_macrophage_like	Unknown	Unknown	Unknown	annotation_status::coarse::Unknown	annotation_status::mid::Unknown	annotation_status::fine::Unknown	candidate_only	shadow_candidate	shadow_candidate	fine	TREM2_macrophage_like	state::fine::TREM2_macrophage_like	13	marker_based_fine_candidate_annotation.csv.gz	11fb72c7510c5613aef176329e928327e7ce3608c15e99d85c571ef3d6c77952
shadow__7af8f31a5e9f66fa2711	GSE273718	marker_based_fine	Treg_suppressive_like	Unknown	Unknown	Unknown	annotation_status::coarse::Unknown	annotation_status::mid::Unknown	annotation_status::fine::Unknown	candidate_only	shadow_candidate	shadow_candidate	fine	Treg_suppressive_like	state::fine::Treg_suppressive_like	98	marker_based_fine_candidate_annotation.csv.gz	11fb72c7510c5613aef176329e928327e7ce3608c15e99d85c571ef3d6c77952
shadow__831387aac8d26423bbe1	GSE273718	marker_based_fine	Unknown	Unknown	Unknown	Unknown	annotation_status::coarse::Unknown	annotation_status::mid::Unknown	annotation_status::fine::Unknown	candidate_only	shadow_candidate	shadow_candidate	fine	Unknown	annotation_status::fine::Unknown	31820	marker_based_fine_candidate_annotation.csv.gz	11fb72c7510c5613aef176329e928327e7ce3608c15e99d85c571ef3d6c77952
shadow__5421d8273c6c224e070b	GSE273718	marker_based_fine	angiogenic_endothelial_like	Unknown	Unknown	Unknown	annotation_status::coarse::Unknown	annotation_status::mid::Unknown	annotation_status::fine::Unknown	candidate_only	shadow_candidate	shadow_candidate	fine	angiogenic_endothelial_like	state::fine::angiogenic_endothelial_like	1543	marker_based_fine_candidate_annotation.csv.gz	11fb72c7510c5613aef176329e928327e7ce3608c15e99d85c571ef3d6c77952
shadow__4a0319b490dd56488b8d	GSE273718	marker_based_fine	neutrophil_TAN_NET_like	Unknown	Unknown	Unknown	annotation_status::coarse::Unknown	annotation_status::mid::Unknown	annotation_status::fine::Unknown	candidate_only	shadow_candidate	shadow_candidate	fine	neutrophil_TAN_NET_like	state::fine::neutrophil_TAN_NET_like	1	marker_based_fine_candidate_annotation.csv.gz	11fb72c7510c5613aef176329e928327e7ce3608c15e99d85c571ef3d6c77952
shadow__c174ef37ff0425c590c3	GSE273718	marker_based_fine	plasma_Ig_like	Unknown	Unknown	Unknown	annotation_status::coarse::Unknown	annotation_status::mid::Unknown	annotation_status::fine::Unknown	candidate_only	shadow_candidate	shadow_candidate	fine	plasma_Ig_like	state::fine::plasma_Ig_like	21	marker_based_fine_candidate_annotation.csv.gz	11fb72c7510c5613aef176329e928327e7ce3608c15e99d85c571ef3d6c77952
shadow__db7bcb239bafa1c5b69f	GSE273718	marker_based_fine	tumor_IFN_APM_high_like	Unknown	Unknown	Unknown	annotation_status::coarse::Unknown	annotation_status::mid::Unknown	annotation_status::fine::Unknown	candidate_only	shadow_candidate	shadow_candidate	fine	tumor_IFN_APM_high_like	state::fine::tumor_IFN_APM_high_like	1	marker_based_fine_candidate_annotation.csv.gz	11fb72c7510c5613aef176329e928327e7ce3608c15e99d85c571ef3d6c77952
shadow__53e75bb72cf32e138123	GSE273718	marker_based_fine	tumor_WNT_exclusion_like	Unknown	Unknown	Unknown	annotation_status::coarse::Unknown	annotation_status::mid::Unknown	annotation_status::fine::Unknown	candidate_only	shadow_candidate	shadow_candidate	fine	tumor_WNT_exclusion_like	state::fine::tumor_WNT_exclusion_like	4	marker_based_fine_candidate_annotation.csv.gz	11fb72c7510c5613aef176329e928327e7ce3608c15e99d85c571ef3d6c77952
shadow__d6fda1e962e93a9e5338	GSE273718	marker_based_fine	vascular_endothelial_like	Unknown	Unknown	Unknown	annotation_status::coarse::Unknown	annotation_status::mid::Unknown	annotation_status::fine::Unknown	candidate_only	shadow_candidate	shadow_candidate	fine	vascular_endothelial_like	state::fine::vascular_endothelial_like	2	marker_based_fine_candidate_annotation.csv.gz	11fb72c7510c5613aef176329e928327e7ce3608c15e99d85c571ef3d6c77952
shadow__0ab27e9fd986ba925962	GSE273718	marker_based_mid	APC_priming_like	Unknown	Unknown	Unknown	annotation_status::coarse::Unknown	annotation_status::mid::Unknown	annotation_status::fine::Unknown	candidate_only	shadow_candidate	shadow_candidate	mid	APC_priming_like		1694	marker_based_mid_annotation.csv.gz	8a93369d569423594390d587d4001a36f820bafb165dc04654523717b089b3ae
shadow__bb05c948055d22ba897f	GSE273718	marker_based_mid	B_cell	Unknown	Unknown	Unknown	annotation_status::coarse::Unknown	annotation_status::mid::Unknown	annotation_status::fine::Unknown	candidate_only	shadow_candidate	shadow_candidate	mid	B_cell	identity::mid::B_cell	948	marker_based_mid_annotation.csv.gz	8a93369d569423594390d587d4001a36f820bafb165dc04654523717b089b3ae
shadow__541a0c9a3910eaef26cf	GSE273718	marker_based_mid	CAF	Unknown	Unknown	Unknown	annotation_status::coarse::Unknown	annotation_status::mid::Unknown	annotation_status::fine::Unknown	candidate_only	shadow_candidate	shadow_candidate	mid	CAF	identity::mid::CAF	667	marker_based_mid_annotation.csv.gz	8a93369d569423594390d587d4001a36f820bafb165dc04654523717b089b3ae
shadow__7e9adff2fb289e385eb3	GSE273718	marker_based_mid	CD4_T	Unknown	Unknown	Unknown	annotation_status::coarse::Unknown	annotation_status::mid::Unknown	annotation_status::fine::Unknown	candidate_only	shadow_candidate	shadow_candidate	mid	CD4_T	identity::mid::CD4_T	208	marker_based_mid_annotation.csv.gz	8a93369d569423594390d587d4001a36f820bafb165dc04654523717b089b3ae
shadow__d67862ec737344cae860	GSE273718	marker_based_mid	CD8_T	Unknown	Unknown	Unknown	annotation_status::coarse::Unknown	annotation_status::mid::Unknown	annotation_status::fine::Unknown	candidate_only	shadow_candidate	shadow_candidate	mid	CD8_T	identity::mid::CD8_T	1194	marker_based_mid_annotation.csv.gz	8a93369d569423594390d587d4001a36f820bafb165dc04654523717b089b3ae
shadow__a7c8a2f2e8b9a1702d2f	GSE273718	marker_based_mid	DC	Unknown	Unknown	Unknown	annotation_status::coarse::Unknown	annotation_status::mid::Unknown	annotation_status::fine::Unknown	candidate_only	shadow_candidate	shadow_candidate	mid	DC	identity::mid::DC	2754	marker_based_mid_annotation.csv.gz	8a93369d569423594390d587d4001a36f820bafb165dc04654523717b089b3ae
shadow__cfef7fd52fae5f2f9ba6	GSE273718	marker_based_mid	Endothelial	Unknown	Unknown	Unknown	annotation_status::coarse::Unknown	annotation_status::mid::Unknown	annotation_status::fine::Unknown	candidate_only	shadow_candidate	shadow_candidate	mid	Endothelial	identity::mid::Endothelial	2748	marker_based_mid_annotation.csv.gz	8a93369d569423594390d587d4001a36f820bafb165dc04654523717b089b3ae
shadow__4b78fa0f2076a70d6019	GSE273718	marker_based_mid	Macrophage	Unknown	Unknown	Unknown	annotation_status::coarse::Unknown	annotation_status::mid::Unknown	annotation_status::fine::Unknown	candidate_only	shadow_candidate	shadow_candidate	mid	Macrophage	identity::mid::Macrophage	466	marker_based_mid_annotation.csv.gz	8a93369d569423594390d587d4001a36f820bafb165dc04654523717b089b3ae
shadow__599c2e2067dc95111f27	GSE273718	marker_based_mid	Monocyte	Unknown	Unknown	Unknown	annotation_status::coarse::Unknown	annotation_status::mid::Unknown	annotation_status::fine::Unknown	candidate_only	shadow_candidate	shadow_candidate	mid	Monocyte	identity::mid::Monocyte	72	marker_based_mid_annotation.csv.gz	8a93369d569423594390d587d4001a36f820bafb165dc04654523717b089b3ae
shadow__d2c1d81ea3e4760cf1cf	GSE273718	marker_based_mid	NK	Unknown	Unknown	Unknown	annotation_status::coarse::Unknown	annotation_status::mid::Unknown	annotation_status::fine::Unknown	candidate_only	shadow_candidate	shadow_candidate	mid	NK	identity::mid::NK	2018	marker_based_mid_annotation.csv.gz	8a93369d569423594390d587d4001a36f820bafb165dc04654523717b089b3ae
shadow__13f1fa447acfa9c4527a	GSE273718	marker_based_mid	NKT_like	Unknown	Unknown	Unknown	annotation_status::coarse::Unknown	annotation_status::mid::Unknown	annotation_status::fine::Unknown	candidate_only	shadow_candidate	shadow_candidate	mid	NKT_like	identity::mid::NKT_like	1052	marker_based_mid_annotation.csv.gz	8a93369d569423594390d587d4001a36f820bafb165dc04654523717b089b3ae
shadow__180bf9df4045729fb55b	GSE273718	marker_based_mid	Neutrophil_TAN_like	Unknown	Unknown	Unknown	annotation_status::coarse::Unknown	annotation_status::mid::Unknown	annotation_status::fine::Unknown	candidate_only	shadow_candidate	shadow_candidate	mid	Neutrophil_TAN_like	identity::mid::Neutrophil_TAN_like	60	marker_based_mid_annotation.csv.gz	8a93369d569423594390d587d4001a36f820bafb165dc04654523717b089b3ae
shadow__5bf5c0bde5c184e9b046	GSE273718	marker_based_mid	Plasma_cell	Unknown	Unknown	Unknown	annotation_status::coarse::Unknown	annotation_status::mid::Unknown	annotation_status::fine::Unknown	candidate_only	shadow_candidate	shadow_candidate	mid	Plasma_cell	identity::mid::Plasma_cell	51	marker_based_mid_annotation.csv.gz	8a93369d569423594390d587d4001a36f820bafb165dc04654523717b089b3ae
shadow__4c2c813b7bd7e971bdff	GSE273718	marker_based_mid	Treg	Unknown	Unknown	Unknown	annotation_status::coarse::Unknown	annotation_status::mid::Unknown	annotation_status::fine::Unknown	candidate_only	shadow_candidate	shadow_candidate	mid	Treg	identity::mid::Treg	490	marker_based_mid_annotation.csv.gz	8a93369d569423594390d587d4001a36f820bafb165dc04654523717b089b3ae
shadow__4c2b95179417547d6804	GSE273718	marker_based_mid	Tumor_epithelial_like	Unknown	Unknown	Unknown	annotation_status::coarse::Unknown	annotation_status::mid::Unknown	annotation_status::fine::Unknown	candidate_only	shadow_candidate	shadow_candidate	mid	Tumor_epithelial_like	identity::mid::Tumor_epithelial_like	881	marker_based_mid_annotation.csv.gz	8a93369d569423594390d587d4001a36f820bafb165dc04654523717b089b3ae
shadow__aef7a4c037d96522b3ec	GSE273718	marker_based_mid	Unknown	Unknown	Unknown	Unknown	annotation_status::coarse::Unknown	annotation_status::mid::Unknown	annotation_status::fine::Unknown	candidate_only	shadow_candidate	shadow_candidate	mid	Unknown	annotation_status::mid::Unknown	20644	marker_based_mid_annotation.csv.gz	8a93369d569423594390d587d4001a36f820bafb165dc04654523717b089b3ae
shadow__18d4b71e9db1a2e089da	GSE273718	marker_based_mid	pDC	Unknown	Unknown	Unknown	annotation_status::coarse::Unknown	annotation_status::mid::Unknown	annotation_status::fine::Unknown	candidate_only	shadow_candidate	shadow_candidate	mid	pDC	identity::mid::pDC	563	marker_based_mid_annotation.csv.gz	8a93369d569423594390d587d4001a36f820bafb165dc04654523717b089b3ae
shadow__89f80989a761d83a3115	GSE284205	marker_based_fine	CAF_inflammatory_like	Unknown	Unknown	Unknown	annotation_status::coarse::Unknown	annotation_status::mid::Unknown	annotation_status::fine::Unknown	candidate_only	shadow_candidate	shadow_candidate	fine	CAF_inflammatory_like	state::fine::CAF_inflammatory_like	236	marker_based_fine_candidate_annotation.csv.gz	11fb72c7510c5613aef176329e928327e7ce3608c15e99d85c571ef3d6c77952
shadow__1d523c46bc7c475f5b4c	GSE284205	marker_based_fine	CAF_myofibroblast_like	Unknown	Unknown	Unknown	annotation_status::coarse::Unknown	annotation_status::mid::Unknown	annotation_status::fine::Unknown	candidate_only	shadow_candidate	shadow_candidate	fine	CAF_myofibroblast_like	state::fine::CAF_myofibroblast_like	256	marker_based_fine_candidate_annotation.csv.gz	11fb72c7510c5613aef176329e928327e7ce3608c15e99d85c571ef3d6c77952
shadow__13906cc08185e207ea72	GSE284205	marker_based_fine	CD4_helper_like	Unknown	Unknown	Unknown	annotation_status::coarse::Unknown	annotation_status::mid::Unknown	annotation_status::fine::Unknown	candidate_only	shadow_candidate	shadow_candidate	fine	CD4_helper_like	state::fine::CD4_helper_like	256	marker_based_fine_candidate_annotation.csv.gz	11fb72c7510c5613aef176329e928327e7ce3608c15e99d85c571ef3d6c77952
shadow__3a62131512aa85fe26a8	GSE284205	marker_based_fine	CD8_cytotoxic_like	Unknown	Unknown	Unknown	annotation_status::coarse::Unknown	annotation_status::mid::Unknown	annotation_status::fine::Unknown	candidate_only	shadow_candidate	shadow_candidate	fine	CD8_cytotoxic_like	state::fine::CD8_cytotoxic_like	166	marker_based_fine_candidate_annotation.csv.gz	11fb72c7510c5613aef176329e928327e7ce3608c15e99d85c571ef3d6c77952
shadow__33e95c44c1f1cbf14dc4	GSE284205	marker_based_fine	CD8_exhausted_like	Unknown	Unknown	Unknown	annotation_status::coarse::Unknown	annotation_status::mid::Unknown	annotation_status::fine::Unknown	candidate_only	shadow_candidate	shadow_candidate	fine	CD8_exhausted_like	state::fine::CD8_exhausted_like	70	marker_based_fine_candidate_annotation.csv.gz	11fb72c7510c5613aef176329e928327e7ce3608c15e99d85c571ef3d6c77952
shadow__da43bb8d4502d5285001	GSE284205	marker_based_fine	CD8_progenitor_exhausted_like	Unknown	Unknown	Unknown	annotation_status::coarse::Unknown	annotation_status::mid::Unknown	annotation_status::fine::Unknown	candidate_only	shadow_candidate	shadow_candidate	fine	CD8_progenitor_exhausted_like	state::fine::CD8_progenitor_exhausted_like	17	marker_based_fine_candidate_annotation.csv.gz	11fb72c7510c5613aef176329e928327e7ce3608c15e99d85c571ef3d6c77952
shadow__d4ad0aa1daa3da591c8f	GSE284205	marker_based_fine	CD8_terminal_exhausted_like	Unknown	Unknown	Unknown	annotation_status::coarse::Unknown	annotation_status::mid::Unknown	annotation_status::fine::Unknown	candidate_only	shadow_candidate	shadow_candidate	fine	CD8_terminal_exhausted_like	state::fine::CD8_terminal_exhausted_like	114	marker_based_fine_candidate_annotation.csv.gz	11fb72c7510c5613aef176329e928327e7ce3608c15e99d85c571ef3d6c77952
shadow__caa06321a4df1d585f69	GSE284205	marker_based_fine	DC_migratory_like	Unknown	Unknown	Unknown	annotation_status::coarse::Unknown	annotation_status::mid::Unknown	annotation_status::fine::Unknown	candidate_only	shadow_candidate	shadow_candidate	fine	DC_migratory_like	state::fine::DC_migratory_like	36	marker_based_fine_candidate_annotation.csv.gz	11fb72c7510c5613aef176329e928327e7ce3608c15e99d85c571ef3d6c77952
shadow__ebbab2253e5d6d65d4be	GSE284205	marker_based_fine	NK_cytotoxic_like	Unknown	Unknown	Unknown	annotation_status::coarse::Unknown	annotation_status::mid::Unknown	annotation_status::fine::Unknown	candidate_only	shadow_candidate	shadow_candidate	fine	NK_cytotoxic_like	state::fine::NK_cytotoxic_like	655	marker_based_fine_candidate_annotation.csv.gz	11fb72c7510c5613aef176329e928327e7ce3608c15e99d85c571ef3d6c77952
shadow__add09e41634cd1deaf9d	GSE284205	marker_based_fine	TLS_B_like	Unknown	Unknown	Unknown	annotation_status::coarse::Unknown	annotation_status::mid::Unknown	annotation_status::fine::Unknown	candidate_only	shadow_candidate	shadow_candidate	fine	TLS_B_like	state::fine::TLS_B_like	47	marker_based_fine_candidate_annotation.csv.gz	11fb72c7510c5613aef176329e928327e7ce3608c15e99d85c571ef3d6c77952
shadow__2bfa3a07d572249e4376	GSE284205	marker_based_fine	TREM2_macrophage_like	Unknown	Unknown	Unknown	annotation_status::coarse::Unknown	annotation_status::mid::Unknown	annotation_status::fine::Unknown	candidate_only	shadow_candidate	shadow_candidate	fine	TREM2_macrophage_like	state::fine::TREM2_macrophage_like	73	marker_based_fine_candidate_annotation.csv.gz	11fb72c7510c5613aef176329e928327e7ce3608c15e99d85c571ef3d6c77952
shadow__cb8e8b173d99bd203054	GSE284205	marker_based_fine	Treg_suppressive_like	Unknown	Unknown	Unknown	annotation_status::coarse::Unknown	annotation_status::mid::Unknown	annotation_status::fine::Unknown	candidate_only	shadow_candidate	shadow_candidate	fine	Treg_suppressive_like	state::fine::Treg_suppressive_like	50	marker_based_fine_candidate_annotation.csv.gz	11fb72c7510c5613aef176329e928327e7ce3608c15e99d85c571ef3d6c77952
shadow__a3f50d4fcfcb3eda8041	GSE284205	marker_based_fine	Unknown	Unknown	Unknown	Unknown	annotation_status::coarse::Unknown	annotation_status::mid::Unknown	annotation_status::fine::Unknown	candidate_only	shadow_candidate	shadow_candidate	fine	Unknown	annotation_status::fine::Unknown	9079	marker_based_fine_candidate_annotation.csv.gz	11fb72c7510c5613aef176329e928327e7ce3608c15e99d85c571ef3d6c77952
shadow__b64a174a527d33af7f6b	GSE284205	marker_based_fine	angiogenic_endothelial_like	Unknown	Unknown	Unknown	annotation_status::coarse::Unknown	annotation_status::mid::Unknown	annotation_status::fine::Unknown	candidate_only	shadow_candidate	shadow_candidate	fine	angiogenic_endothelial_like	state::fine::angiogenic_endothelial_like	118	marker_based_fine_candidate_annotation.csv.gz	11fb72c7510c5613aef176329e928327e7ce3608c15e99d85c571ef3d6c77952
shadow__6039ab851f2dd97cc9c4	GSE284205	marker_based_fine	neutrophil_TAN_NET_like	Unknown	Unknown	Unknown	annotation_status::coarse::Unknown	annotation_status::mid::Unknown	annotation_status::fine::Unknown	candidate_only	shadow_candidate	shadow_candidate	fine	neutrophil_TAN_NET_like	state::fine::neutrophil_TAN_NET_like	142	marker_based_fine_candidate_annotation.csv.gz	11fb72c7510c5613aef176329e928327e7ce3608c15e99d85c571ef3d6c77952
shadow__3e1fc8e272f6296d3bc7	GSE284205	marker_based_fine	plasma_Ig_like	Unknown	Unknown	Unknown	annotation_status::coarse::Unknown	annotation_status::mid::Unknown	annotation_status::fine::Unknown	candidate_only	shadow_candidate	shadow_candidate	fine	plasma_Ig_like	state::fine::plasma_Ig_like	174	marker_based_fine_candidate_annotation.csv.gz	11fb72c7510c5613aef176329e928327e7ce3608c15e99d85c571ef3d6c77952
shadow__2356dfe5922b486f2a0e	GSE284205	marker_based_fine	tumor_IFN_APM_high_like	Unknown	Unknown	Unknown	annotation_status::coarse::Unknown	annotation_status::mid::Unknown	annotation_status::fine::Unknown	candidate_only	shadow_candidate	shadow_candidate	fine	tumor_IFN_APM_high_like	state::fine::tumor_IFN_APM_high_like	24	marker_based_fine_candidate_annotation.csv.gz	11fb72c7510c5613aef176329e928327e7ce3608c15e99d85c571ef3d6c77952
shadow__8d46510530146eb73c79	GSE284205	marker_based_fine	tumor_WNT_exclusion_like	Unknown	Unknown	Unknown	annotation_status::coarse::Unknown	annotation_status::mid::Unknown	annotation_status::fine::Unknown	candidate_only	shadow_candidate	shadow_candidate	fine	tumor_WNT_exclusion_like	state::fine::tumor_WNT_exclusion_like	65	marker_based_fine_candidate_annotation.csv.gz	11fb72c7510c5613aef176329e928327e7ce3608c15e99d85c571ef3d6c77952
shadow__366ad617d049636c7669	GSE284205	marker_based_fine	tumor_cell_cycle_like	Unknown	Unknown	Unknown	annotation_status::coarse::Unknown	annotation_status::mid::Unknown	annotation_status::fine::Unknown	candidate_only	shadow_candidate	shadow_candidate	fine	tumor_cell_cycle_like	state::fine::tumor_cell_cycle_like	78	marker_based_fine_candidate_annotation.csv.gz	11fb72c7510c5613aef176329e928327e7ce3608c15e99d85c571ef3d6c77952
shadow__7b3911e52d8b5f9d7c1c	GSE284205	marker_based_fine	vascular_endothelial_like	Unknown	Unknown	Unknown	annotation_status::coarse::Unknown	annotation_status::mid::Unknown	annotation_status::fine::Unknown	candidate_only	shadow_candidate	shadow_candidate	fine	vascular_endothelial_like	state::fine::vascular_endothelial_like	148	marker_based_fine_candidate_annotation.csv.gz	11fb72c7510c5613aef176329e928327e7ce3608c15e99d85c571ef3d6c77952
shadow__322029a2b41c5a519929	GSE284205	marker_based_mid	APC_priming_like	Unknown	Unknown	Unknown	annotation_status::coarse::Unknown	annotation_status::mid::Unknown	annotation_status::fine::Unknown	candidate_only	shadow_candidate	shadow_candidate	mid	APC_priming_like		376	marker_based_mid_annotation.csv.gz	8a93369d569423594390d587d4001a36f820bafb165dc04654523717b089b3ae
shadow__c4239c120c8dd7678593	GSE284205	marker_based_mid	B_cell	Unknown	Unknown	Unknown	annotation_status::coarse::Unknown	annotation_status::mid::Unknown	annotation_status::fine::Unknown	candidate_only	shadow_candidate	shadow_candidate	mid	B_cell	identity::mid::B_cell	637	marker_based_mid_annotation.csv.gz	8a93369d569423594390d587d4001a36f820bafb165dc04654523717b089b3ae
shadow__a28e5021f058606e87e3	GSE284205	marker_based_mid	CAF	Unknown	Unknown	Unknown	annotation_status::coarse::Unknown	annotation_status::mid::Unknown	annotation_status::fine::Unknown	candidate_only	shadow_candidate	shadow_candidate	mid	CAF	identity::mid::CAF	751	marker_based_mid_annotation.csv.gz	8a93369d569423594390d587d4001a36f820bafb165dc04654523717b089b3ae
shadow__99074163d5e42105deb7	GSE284205	marker_based_mid	CD4_T	Unknown	Unknown	Unknown	annotation_status::coarse::Unknown	annotation_status::mid::Unknown	annotation_status::fine::Unknown	candidate_only	shadow_candidate	shadow_candidate	mid	CD4_T	identity::mid::CD4_T	529	marker_based_mid_annotation.csv.gz	8a93369d569423594390d587d4001a36f820bafb165dc04654523717b089b3ae
shadow__a1b3a4f130b547563b48	GSE284205	marker_based_mid	CD8_T	Unknown	Unknown	Unknown	annotation_status::coarse::Unknown	annotation_status::mid::Unknown	annotation_status::fine::Unknown	candidate_only	shadow_candidate	shadow_candidate	mid	CD8_T	identity::mid::CD8_T	746	marker_based_mid_annotation.csv.gz	8a93369d569423594390d587d4001a36f820bafb165dc04654523717b089b3ae
shadow__71431bc0f47338534ffd	GSE284205	marker_based_mid	DC	Unknown	Unknown	Unknown	annotation_status::coarse::Unknown	annotation_status::mid::Unknown	annotation_status::fine::Unknown	candidate_only	shadow_candidate	shadow_candidate	mid	DC	identity::mid::DC	280	marker_based_mid_annotation.csv.gz	8a93369d569423594390d587d4001a36f820bafb165dc04654523717b089b3ae
shadow__cd05c92082ad01060519	GSE284205	marker_based_mid	Endothelial	Unknown	Unknown	Unknown	annotation_status::coarse::Unknown	annotation_status::mid::Unknown	annotation_status::fine::Unknown	candidate_only	shadow_candidate	shadow_candidate	mid	Endothelial	identity::mid::Endothelial	718	marker_based_mid_annotation.csv.gz	8a93369d569423594390d587d4001a36f820bafb165dc04654523717b089b3ae
shadow__223fc2db6e936b012958	GSE284205	marker_based_mid	Macrophage	Unknown	Unknown	Unknown	annotation_status::coarse::Unknown	annotation_status::mid::Unknown	annotation_status::fine::Unknown	candidate_only	shadow_candidate	shadow_candidate	mid	Macrophage	identity::mid::Macrophage	503	marker_based_mid_annotation.csv.gz	8a93369d569423594390d587d4001a36f820bafb165dc04654523717b089b3ae
shadow__4ae92c0926437dcc392c	GSE284205	marker_based_mid	Monocyte	Unknown	Unknown	Unknown	annotation_status::coarse::Unknown	annotation_status::mid::Unknown	annotation_status::fine::Unknown	candidate_only	shadow_candidate	shadow_candidate	mid	Monocyte	identity::mid::Monocyte	116	marker_based_mid_annotation.csv.gz	8a93369d569423594390d587d4001a36f820bafb165dc04654523717b089b3ae
shadow__4f8b2f4aa4a56c0d7df8	GSE284205	marker_based_mid	NK	Unknown	Unknown	Unknown	annotation_status::coarse::Unknown	annotation_status::mid::Unknown	annotation_status::fine::Unknown	candidate_only	shadow_candidate	shadow_candidate	mid	NK	identity::mid::NK	805	marker_based_mid_annotation.csv.gz	8a93369d569423594390d587d4001a36f820bafb165dc04654523717b089b3ae
shadow__66c68cf1f62c14e6bc25	GSE284205	marker_based_mid	NKT_like	Unknown	Unknown	Unknown	annotation_status::coarse::Unknown	annotation_status::mid::Unknown	annotation_status::fine::Unknown	candidate_only	shadow_candidate	shadow_candidate	mid	NKT_like	identity::mid::NKT_like	524	marker_based_mid_annotation.csv.gz	8a93369d569423594390d587d4001a36f820bafb165dc04654523717b089b3ae
shadow__a04dcee150b746da40c0	GSE284205	marker_based_mid	Neutrophil_TAN_like	Unknown	Unknown	Unknown	annotation_status::coarse::Unknown	annotation_status::mid::Unknown	annotation_status::fine::Unknown	candidate_only	shadow_candidate	shadow_candidate	mid	Neutrophil_TAN_like	identity::mid::Neutrophil_TAN_like	193	marker_based_mid_annotation.csv.gz	8a93369d569423594390d587d4001a36f820bafb165dc04654523717b089b3ae
shadow__366894f74e04a4c9cd96	GSE284205	marker_based_mid	Plasma_cell	Unknown	Unknown	Unknown	annotation_status::coarse::Unknown	annotation_status::mid::Unknown	annotation_status::fine::Unknown	candidate_only	shadow_candidate	shadow_candidate	mid	Plasma_cell	identity::mid::Plasma_cell	424	marker_based_mid_annotation.csv.gz	8a93369d569423594390d587d4001a36f820bafb165dc04654523717b089b3ae
shadow__3a92b24cbc0619ab6693	GSE284205	marker_based_mid	Treg	Unknown	Unknown	Unknown	annotation_status::coarse::Unknown	annotation_status::mid::Unknown	annotation_status::fine::Unknown	candidate_only	shadow_candidate	shadow_candidate	mid	Treg	identity::mid::Treg	275	marker_based_mid_annotation.csv.gz	8a93369d569423594390d587d4001a36f820bafb165dc04654523717b089b3ae
shadow__cc580c164789d2e73426	GSE284205	marker_based_mid	Tumor_epithelial_like	Unknown	Unknown	Unknown	annotation_status::coarse::Unknown	annotation_status::mid::Unknown	annotation_status::fine::Unknown	candidate_only	shadow_candidate	shadow_candidate	mid	Tumor_epithelial_like	identity::mid::Tumor_epithelial_like	898	marker_based_mid_annotation.csv.gz	8a93369d569423594390d587d4001a36f820bafb165dc04654523717b089b3ae
shadow__a64887afd176e2eeb4d7	GSE284205	marker_based_mid	Unknown	Unknown	Unknown	Unknown	annotation_status::coarse::Unknown	annotation_status::mid::Unknown	annotation_status::fine::Unknown	candidate_only	shadow_candidate	shadow_candidate	mid	Unknown	annotation_status::mid::Unknown	3993	marker_based_mid_annotation.csv.gz	8a93369d569423594390d587d4001a36f820bafb165dc04654523717b089b3ae
shadow__83224365a9397ad44608	GSE284205	marker_based_mid	pDC	Unknown	Unknown	Unknown	annotation_status::coarse::Unknown	annotation_status::mid::Unknown	annotation_status::fine::Unknown	candidate_only	shadow_candidate	shadow_candidate	mid	pDC	identity::mid::pDC	36	marker_based_mid_annotation.csv.gz	8a93369d569423594390d587d4001a36f820bafb165dc04654523717b089b3ae
shadow__54ef377d37ea076d704f	GSE286827	marker_based_fine	CAF_inflammatory_like	Unknown	Unknown	Unknown	annotation_status::coarse::Unknown	annotation_status::mid::Unknown	annotation_status::fine::Unknown	candidate_only	shadow_candidate	shadow_candidate	fine	CAF_inflammatory_like	state::fine::CAF_inflammatory_like	2411	marker_based_fine_candidate_annotation.csv.gz	11fb72c7510c5613aef176329e928327e7ce3608c15e99d85c571ef3d6c77952
shadow__dc16aef9f82783b322ad	GSE286827	marker_based_fine	CAF_myofibroblast_like	Unknown	Unknown	Unknown	annotation_status::coarse::Unknown	annotation_status::mid::Unknown	annotation_status::fine::Unknown	candidate_only	shadow_candidate	shadow_candidate	fine	CAF_myofibroblast_like	state::fine::CAF_myofibroblast_like	4428	marker_based_fine_candidate_annotation.csv.gz	11fb72c7510c5613aef176329e928327e7ce3608c15e99d85c571ef3d6c77952
shadow__a94b286520ab086c3e47	GSE286827	marker_based_fine	CD4_helper_like	Unknown	Unknown	Unknown	annotation_status::coarse::Unknown	annotation_status::mid::Unknown	annotation_status::fine::Unknown	candidate_only	shadow_candidate	shadow_candidate	fine	CD4_helper_like	state::fine::CD4_helper_like	4054	marker_based_fine_candidate_annotation.csv.gz	11fb72c7510c5613aef176329e928327e7ce3608c15e99d85c571ef3d6c77952
shadow__4c52431b7c9e85359bb6	GSE286827	marker_based_fine	CD8_cytotoxic_like	Unknown	Unknown	Unknown	annotation_status::coarse::Unknown	annotation_status::mid::Unknown	annotation_status::fine::Unknown	candidate_only	shadow_candidate	shadow_candidate	fine	CD8_cytotoxic_like	state::fine::CD8_cytotoxic_like	4334	marker_based_fine_candidate_annotation.csv.gz	11fb72c7510c5613aef176329e928327e7ce3608c15e99d85c571ef3d6c77952
shadow__877fc447d89c7f1ef9df	GSE286827	marker_based_fine	CD8_exhausted_like	Unknown	Unknown	Unknown	annotation_status::coarse::Unknown	annotation_status::mid::Unknown	annotation_status::fine::Unknown	candidate_only	shadow_candidate	shadow_candidate	fine	CD8_exhausted_like	state::fine::CD8_exhausted_like	2315	marker_based_fine_candidate_annotation.csv.gz	11fb72c7510c5613aef176329e928327e7ce3608c15e99d85c571ef3d6c77952
shadow__e2f4cdc15af7bc73af72	GSE286827	marker_based_fine	CD8_progenitor_exhausted_like	Unknown	Unknown	Unknown	annotation_status::coarse::Unknown	annotation_status::mid::Unknown	annotation_status::fine::Unknown	candidate_only	shadow_candidate	shadow_candidate	fine	CD8_progenitor_exhausted_like	state::fine::CD8_progenitor_exhausted_like	264	marker_based_fine_candidate_annotation.csv.gz	11fb72c7510c5613aef176329e928327e7ce3608c15e99d85c571ef3d6c77952
shadow__63c4d2de2b01ba9c8c09	GSE286827	marker_based_fine	CD8_terminal_exhausted_like	Unknown	Unknown	Unknown	annotation_status::coarse::Unknown	annotation_status::mid::Unknown	annotation_status::fine::Unknown	candidate_only	shadow_candidate	shadow_candidate	fine	CD8_terminal_exhausted_like	state::fine::CD8_terminal_exhausted_like	3192	marker_based_fine_candidate_annotation.csv.gz	11fb72c7510c5613aef176329e928327e7ce3608c15e99d85c571ef3d6c77952
shadow__8213b9090aa093a9a5a3	GSE286827	marker_based_fine	DC_migratory_like	Unknown	Unknown	Unknown	annotation_status::coarse::Unknown	annotation_status::mid::Unknown	annotation_status::fine::Unknown	candidate_only	shadow_candidate	shadow_candidate	fine	DC_migratory_like	state::fine::DC_migratory_like	2456	marker_based_fine_candidate_annotation.csv.gz	11fb72c7510c5613aef176329e928327e7ce3608c15e99d85c571ef3d6c77952
shadow__4ee6002b944d4cae8bc8	GSE286827	marker_based_fine	NK_cytotoxic_like	Unknown	Unknown	Unknown	annotation_status::coarse::Unknown	annotation_status::mid::Unknown	annotation_status::fine::Unknown	candidate_only	shadow_candidate	shadow_candidate	fine	NK_cytotoxic_like	state::fine::NK_cytotoxic_like	14172	marker_based_fine_candidate_annotation.csv.gz	11fb72c7510c5613aef176329e928327e7ce3608c15e99d85c571ef3d6c77952
shadow__5b1d7076f0dee993232c	GSE286827	marker_based_fine	TLS_B_like	Unknown	Unknown	Unknown	annotation_status::coarse::Unknown	annotation_status::mid::Unknown	annotation_status::fine::Unknown	candidate_only	shadow_candidate	shadow_candidate	fine	TLS_B_like	state::fine::TLS_B_like	4307	marker_based_fine_candidate_annotation.csv.gz	11fb72c7510c5613aef176329e928327e7ce3608c15e99d85c571ef3d6c77952
shadow__a2a5a38447e132978fd7	GSE286827	marker_based_fine	TREM2_macrophage_like	Unknown	Unknown	Unknown	annotation_status::coarse::Unknown	annotation_status::mid::Unknown	annotation_status::fine::Unknown	candidate_only	shadow_candidate	shadow_candidate	fine	TREM2_macrophage_like	state::fine::TREM2_macrophage_like	4135	marker_based_fine_candidate_annotation.csv.gz	11fb72c7510c5613aef176329e928327e7ce3608c15e99d85c571ef3d6c77952
shadow__870407bd69804637e796	GSE286827	marker_based_fine	Treg_suppressive_like	Unknown	Unknown	Unknown	annotation_status::coarse::Unknown	annotation_status::mid::Unknown	annotation_status::fine::Unknown	candidate_only	shadow_candidate	shadow_candidate	fine	Treg_suppressive_like	state::fine::Treg_suppressive_like	3051	marker_based_fine_candidate_annotation.csv.gz	11fb72c7510c5613aef176329e928327e7ce3608c15e99d85c571ef3d6c77952
shadow__3bab7ca72d02009cc9e3	GSE286827	marker_based_fine	Unknown	Unknown	Unknown	Unknown	annotation_status::coarse::Unknown	annotation_status::mid::Unknown	annotation_status::fine::Unknown	candidate_only	shadow_candidate	shadow_candidate	fine	Unknown	annotation_status::fine::Unknown	210721	marker_based_fine_candidate_annotation.csv.gz	11fb72c7510c5613aef176329e928327e7ce3608c15e99d85c571ef3d6c77952
shadow__8b2d3dd5abb9be4c045b	GSE286827	marker_based_fine	angiogenic_endothelial_like	Unknown	Unknown	Unknown	annotation_status::coarse::Unknown	annotation_status::mid::Unknown	annotation_status::fine::Unknown	candidate_only	shadow_candidate	shadow_candidate	fine	angiogenic_endothelial_like	state::fine::angiogenic_endothelial_like	2364	marker_based_fine_candidate_annotation.csv.gz	11fb72c7510c5613aef176329e928327e7ce3608c15e99d85c571ef3d6c77952
shadow__8779cee5e3c5192c8bd8	GSE286827	marker_based_fine	neutrophil_TAN_NET_like	Unknown	Unknown	Unknown	annotation_status::coarse::Unknown	annotation_status::mid::Unknown	annotation_status::fine::Unknown	candidate_only	shadow_candidate	shadow_candidate	fine	neutrophil_TAN_NET_like	state::fine::neutrophil_TAN_NET_like	9955	marker_based_fine_candidate_annotation.csv.gz	11fb72c7510c5613aef176329e928327e7ce3608c15e99d85c571ef3d6c77952
shadow__a6a052fdaf2d3bf12b47	GSE286827	marker_based_fine	plasma_Ig_like	Unknown	Unknown	Unknown	annotation_status::coarse::Unknown	annotation_status::mid::Unknown	annotation_status::fine::Unknown	candidate_only	shadow_candidate	shadow_candidate	fine	plasma_Ig_like	state::fine::plasma_Ig_like	9305	marker_based_fine_candidate_annotation.csv.gz	11fb72c7510c5613aef176329e928327e7ce3608c15e99d85c571ef3d6c77952
shadow__f6cbe95bee9638a349d1	GSE286827	marker_based_fine	tumor_IFN_APM_high_like	Unknown	Unknown	Unknown	annotation_status::coarse::Unknown	annotation_status::mid::Unknown	annotation_status::fine::Unknown	candidate_only	shadow_candidate	shadow_candidate	fine	tumor_IFN_APM_high_like	state::fine::tumor_IFN_APM_high_like	164	marker_based_fine_candidate_annotation.csv.gz	11fb72c7510c5613aef176329e928327e7ce3608c15e99d85c571ef3d6c77952
shadow__13b8d3eb21608bcdd7b4	GSE286827	marker_based_fine	tumor_WNT_exclusion_like	Unknown	Unknown	Unknown	annotation_status::coarse::Unknown	annotation_status::mid::Unknown	annotation_status::fine::Unknown	candidate_only	shadow_candidate	shadow_candidate	fine	tumor_WNT_exclusion_like	state::fine::tumor_WNT_exclusion_like	2398	marker_based_fine_candidate_annotation.csv.gz	11fb72c7510c5613aef176329e928327e7ce3608c15e99d85c571ef3d6c77952
shadow__6969461b8447c162dd74	GSE286827	marker_based_fine	tumor_cell_cycle_like	Unknown	Unknown	Unknown	annotation_status::coarse::Unknown	annotation_status::mid::Unknown	annotation_status::fine::Unknown	candidate_only	shadow_candidate	shadow_candidate	fine	tumor_cell_cycle_like	state::fine::tumor_cell_cycle_like	4320	marker_based_fine_candidate_annotation.csv.gz	11fb72c7510c5613aef176329e928327e7ce3608c15e99d85c571ef3d6c77952
shadow__907bdf7a55bd6609765d	GSE286827	marker_based_fine	vascular_endothelial_like	Unknown	Unknown	Unknown	annotation_status::coarse::Unknown	annotation_status::mid::Unknown	annotation_status::fine::Unknown	candidate_only	shadow_candidate	shadow_candidate	fine	vascular_endothelial_like	state::fine::vascular_endothelial_like	3381	marker_based_fine_candidate_annotation.csv.gz	11fb72c7510c5613aef176329e928327e7ce3608c15e99d85c571ef3d6c77952
shadow__a8dbdf6f1968513881a9	GSE286827	marker_based_mid	APC_priming_like	Unknown	Unknown	Unknown	annotation_status::coarse::Unknown	annotation_status::mid::Unknown	annotation_status::fine::Unknown	candidate_only	shadow_candidate	shadow_candidate	mid	APC_priming_like		11615	marker_based_mid_annotation.csv.gz	8a93369d569423594390d587d4001a36f820bafb165dc04654523717b089b3ae
shadow__53aae4ba604a48500a7b	GSE286827	marker_based_mid	B_cell	Unknown	Unknown	Unknown	annotation_status::coarse::Unknown	annotation_status::mid::Unknown	annotation_status::fine::Unknown	candidate_only	shadow_candidate	shadow_candidate	mid	B_cell	identity::mid::B_cell	25234	marker_based_mid_annotation.csv.gz	8a93369d569423594390d587d4001a36f820bafb165dc04654523717b089b3ae
shadow__de90bd0fcf065892200b	GSE286827	marker_based_mid	CAF	Unknown	Unknown	Unknown	annotation_status::coarse::Unknown	annotation_status::mid::Unknown	annotation_status::fine::Unknown	candidate_only	shadow_candidate	shadow_candidate	mid	CAF	identity::mid::CAF	11374	marker_based_mid_annotation.csv.gz	8a93369d569423594390d587d4001a36f820bafb165dc04654523717b089b3ae
shadow__00e7ad1cbed90b567f6d	GSE286827	marker_based_mid	CD4_T	Unknown	Unknown	Unknown	annotation_status::coarse::Unknown	annotation_status::mid::Unknown	annotation_status::fine::Unknown	candidate_only	shadow_candidate	shadow_candidate	mid	CD4_T	identity::mid::CD4_T	11136	marker_based_mid_annotation.csv.gz	8a93369d569423594390d587d4001a36f820bafb165dc04654523717b089b3ae
shadow__42c6820bbb92f0b9c4bb	GSE286827	marker_based_mid	CD8_T	Unknown	Unknown	Unknown	annotation_status::coarse::Unknown	annotation_status::mid::Unknown	annotation_status::fine::Unknown	candidate_only	shadow_candidate	shadow_candidate	mid	CD8_T	identity::mid::CD8_T	22458	marker_based_mid_annotation.csv.gz	8a93369d569423594390d587d4001a36f820bafb165dc04654523717b089b3ae
shadow__c541fd85e440e155c14e	GSE286827	marker_based_mid	DC	Unknown	Unknown	Unknown	annotation_status::coarse::Unknown	annotation_status::mid::Unknown	annotation_status::fine::Unknown	candidate_only	shadow_candidate	shadow_candidate	mid	DC	identity::mid::DC	10729	marker_based_mid_annotation.csv.gz	8a93369d569423594390d587d4001a36f820bafb165dc04654523717b089b3ae
shadow__0fa8095fc626a8bcbce4	GSE286827	marker_based_mid	Endothelial	Unknown	Unknown	Unknown	annotation_status::coarse::Unknown	annotation_status::mid::Unknown	annotation_status::fine::Unknown	candidate_only	shadow_candidate	shadow_candidate	mid	Endothelial	identity::mid::Endothelial	9627	marker_based_mid_annotation.csv.gz	8a93369d569423594390d587d4001a36f820bafb165dc04654523717b089b3ae
shadow__164a77ba5840e682296d	GSE286827	marker_based_mid	Macrophage	Unknown	Unknown	Unknown	annotation_status::coarse::Unknown	annotation_status::mid::Unknown	annotation_status::fine::Unknown	candidate_only	shadow_candidate	shadow_candidate	mid	Macrophage	identity::mid::Macrophage	18044	marker_based_mid_annotation.csv.gz	8a93369d569423594390d587d4001a36f820bafb165dc04654523717b089b3ae
shadow__262cb31b7422bc439f5e	GSE286827	marker_based_mid	Monocyte	Unknown	Unknown	Unknown	annotation_status::coarse::Unknown	annotation_status::mid::Unknown	annotation_status::fine::Unknown	candidate_only	shadow_candidate	shadow_candidate	mid	Monocyte	identity::mid::Monocyte	7823	marker_based_mid_annotation.csv.gz	8a93369d569423594390d587d4001a36f820bafb165dc04654523717b089b3ae
shadow__8720f320bbdb1a31ebdf	GSE286827	marker_based_mid	NK	Unknown	Unknown	Unknown	annotation_status::coarse::Unknown	annotation_status::mid::Unknown	annotation_status::fine::Unknown	candidate_only	shadow_candidate	shadow_candidate	mid	NK	identity::mid::NK	16943	marker_based_mid_annotation.csv.gz	8a93369d569423594390d587d4001a36f820bafb165dc04654523717b089b3ae
shadow__63412da2048be1b67a0b	GSE286827	marker_based_mid	NKT_like	Unknown	Unknown	Unknown	annotation_status::coarse::Unknown	annotation_status::mid::Unknown	annotation_status::fine::Unknown	candidate_only	shadow_candidate	shadow_candidate	mid	NKT_like	identity::mid::NKT_like	10975	marker_based_mid_annotation.csv.gz	8a93369d569423594390d587d4001a36f820bafb165dc04654523717b089b3ae
shadow__6f1596fc8a35bb0d3846	GSE286827	marker_based_mid	Neutrophil_TAN_like	Unknown	Unknown	Unknown	annotation_status::coarse::Unknown	annotation_status::mid::Unknown	annotation_status::fine::Unknown	candidate_only	shadow_candidate	shadow_candidate	mid	Neutrophil_TAN_like	identity::mid::Neutrophil_TAN_like	11579	marker_based_mid_annotation.csv.gz	8a93369d569423594390d587d4001a36f820bafb165dc04654523717b089b3ae
shadow__81ca1db8c0b5cd7469bb	GSE286827	marker_based_mid	Plasma_cell	Unknown	Unknown	Unknown	annotation_status::coarse::Unknown	annotation_status::mid::Unknown	annotation_status::fine::Unknown	candidate_only	shadow_candidate	shadow_candidate	mid	Plasma_cell	identity::mid::Plasma_cell	17757	marker_based_mid_annotation.csv.gz	8a93369d569423594390d587d4001a36f820bafb165dc04654523717b089b3ae
shadow__1123cbd29bdbc4b482d8	GSE286827	marker_based_mid	Treg	Unknown	Unknown	Unknown	annotation_status::coarse::Unknown	annotation_status::mid::Unknown	annotation_status::fine::Unknown	candidate_only	shadow_candidate	shadow_candidate	mid	Treg	identity::mid::Treg	11120	marker_based_mid_annotation.csv.gz	8a93369d569423594390d587d4001a36f820bafb165dc04654523717b089b3ae
shadow__697480d87006f3a9dfd1	GSE286827	marker_based_mid	Tumor_epithelial_like	Unknown	Unknown	Unknown	annotation_status::coarse::Unknown	annotation_status::mid::Unknown	annotation_status::fine::Unknown	candidate_only	shadow_candidate	shadow_candidate	mid	Tumor_epithelial_like	identity::mid::Tumor_epithelial_like	25575	marker_based_mid_annotation.csv.gz	8a93369d569423594390d587d4001a36f820bafb165dc04654523717b089b3ae
shadow__65f119a0f5aa43fef379	GSE286827	marker_based_mid	Unknown	Unknown	Unknown	Unknown	annotation_status::coarse::Unknown	annotation_status::mid::Unknown	annotation_status::fine::Unknown	candidate_only	shadow_candidate	shadow_candidate	mid	Unknown	annotation_status::mid::Unknown	66995	marker_based_mid_annotation.csv.gz	8a93369d569423594390d587d4001a36f820bafb165dc04654523717b089b3ae
shadow__907412aa1bed880f6079	GSE286827	marker_based_mid	pDC	Unknown	Unknown	Unknown	annotation_status::coarse::Unknown	annotation_status::mid::Unknown	annotation_status::fine::Unknown	candidate_only	shadow_candidate	shadow_candidate	mid	pDC	identity::mid::pDC	2743	marker_based_mid_annotation.csv.gz	8a93369d569423594390d587d4001a36f820bafb165dc04654523717b089b3ae
shadow__57ddb503f1d7609a5c1e	GSE288199	marker_based_fine	CAF_inflammatory_like	Unknown	Unknown	Unknown	annotation_status::coarse::Unknown	annotation_status::mid::Unknown	annotation_status::fine::Unknown	candidate_only	shadow_candidate	shadow_candidate	fine	CAF_inflammatory_like	state::fine::CAF_inflammatory_like	188	marker_based_fine_candidate_annotation.csv.gz	11fb72c7510c5613aef176329e928327e7ce3608c15e99d85c571ef3d6c77952
shadow__c621a6462621670dcf4a	GSE288199	marker_based_fine	CAF_myofibroblast_like	Unknown	Unknown	Unknown	annotation_status::coarse::Unknown	annotation_status::mid::Unknown	annotation_status::fine::Unknown	candidate_only	shadow_candidate	shadow_candidate	fine	CAF_myofibroblast_like	state::fine::CAF_myofibroblast_like	20017	marker_based_fine_candidate_annotation.csv.gz	11fb72c7510c5613aef176329e928327e7ce3608c15e99d85c571ef3d6c77952
shadow__86726fb0f2d43dae9e46	GSE288199	marker_based_fine	CD4_helper_like	Unknown	Unknown	Unknown	annotation_status::coarse::Unknown	annotation_status::mid::Unknown	annotation_status::fine::Unknown	candidate_only	shadow_candidate	shadow_candidate	fine	CD4_helper_like	state::fine::CD4_helper_like	434	marker_based_fine_candidate_annotation.csv.gz	11fb72c7510c5613aef176329e928327e7ce3608c15e99d85c571ef3d6c77952
shadow__966c094b807010802670	GSE288199	marker_based_fine	CD8_cytotoxic_like	Unknown	Unknown	Unknown	annotation_status::coarse::Unknown	annotation_status::mid::Unknown	annotation_status::fine::Unknown	candidate_only	shadow_candidate	shadow_candidate	fine	CD8_cytotoxic_like	state::fine::CD8_cytotoxic_like	7366	marker_based_fine_candidate_annotation.csv.gz	11fb72c7510c5613aef176329e928327e7ce3608c15e99d85c571ef3d6c77952
shadow__d46851b3d26411e3faf8	GSE288199	marker_based_fine	CD8_exhausted_like	Unknown	Unknown	Unknown	annotation_status::coarse::Unknown	annotation_status::mid::Unknown	annotation_status::fine::Unknown	candidate_only	shadow_candidate	shadow_candidate	fine	CD8_exhausted_like	state::fine::CD8_exhausted_like	478	marker_based_fine_candidate_annotation.csv.gz	11fb72c7510c5613aef176329e928327e7ce3608c15e99d85c571ef3d6c77952
shadow__2fb1f7b371e3b1db36b6	GSE288199	marker_based_fine	CD8_progenitor_exhausted_like	Unknown	Unknown	Unknown	annotation_status::coarse::Unknown	annotation_status::mid::Unknown	annotation_status::fine::Unknown	candidate_only	shadow_candidate	shadow_candidate	fine	CD8_progenitor_exhausted_like	state::fine::CD8_progenitor_exhausted_like	148	marker_based_fine_candidate_annotation.csv.gz	11fb72c7510c5613aef176329e928327e7ce3608c15e99d85c571ef3d6c77952
shadow__9d79894f732740d9986b	GSE288199	marker_based_fine	CD8_terminal_exhausted_like	Unknown	Unknown	Unknown	annotation_status::coarse::Unknown	annotation_status::mid::Unknown	annotation_status::fine::Unknown	candidate_only	shadow_candidate	shadow_candidate	fine	CD8_terminal_exhausted_like	state::fine::CD8_terminal_exhausted_like	3238	marker_based_fine_candidate_annotation.csv.gz	11fb72c7510c5613aef176329e928327e7ce3608c15e99d85c571ef3d6c77952
shadow__00c41754161ea273fd4d	GSE288199	marker_based_fine	DC_migratory_like	Unknown	Unknown	Unknown	annotation_status::coarse::Unknown	annotation_status::mid::Unknown	annotation_status::fine::Unknown	candidate_only	shadow_candidate	shadow_candidate	fine	DC_migratory_like	state::fine::DC_migratory_like	1457	marker_based_fine_candidate_annotation.csv.gz	11fb72c7510c5613aef176329e928327e7ce3608c15e99d85c571ef3d6c77952
shadow__a95a1ca8935a815c0ccb	GSE288199	marker_based_fine	NK_cytotoxic_like	Unknown	Unknown	Unknown	annotation_status::coarse::Unknown	annotation_status::mid::Unknown	annotation_status::fine::Unknown	candidate_only	shadow_candidate	shadow_candidate	fine	NK_cytotoxic_like	state::fine::NK_cytotoxic_like	10889	marker_based_fine_candidate_annotation.csv.gz	11fb72c7510c5613aef176329e928327e7ce3608c15e99d85c571ef3d6c77952
shadow__32f8eb4e5c22237749c2	GSE288199	marker_based_fine	TLS_B_like	Unknown	Unknown	Unknown	annotation_status::coarse::Unknown	annotation_status::mid::Unknown	annotation_status::fine::Unknown	candidate_only	shadow_candidate	shadow_candidate	fine	TLS_B_like	state::fine::TLS_B_like	562	marker_based_fine_candidate_annotation.csv.gz	11fb72c7510c5613aef176329e928327e7ce3608c15e99d85c571ef3d6c77952
shadow__5f89fd81916fde48d97f	GSE288199	marker_based_fine	TREM2_macrophage_like	Unknown	Unknown	Unknown	annotation_status::coarse::Unknown	annotation_status::mid::Unknown	annotation_status::fine::Unknown	candidate_only	shadow_candidate	shadow_candidate	fine	TREM2_macrophage_like	state::fine::TREM2_macrophage_like	51	marker_based_fine_candidate_annotation.csv.gz	11fb72c7510c5613aef176329e928327e7ce3608c15e99d85c571ef3d6c77952
shadow__bfdbd9dff7613054a677	GSE288199	marker_based_fine	Treg_suppressive_like	Unknown	Unknown	Unknown	annotation_status::coarse::Unknown	annotation_status::mid::Unknown	annotation_status::fine::Unknown	candidate_only	shadow_candidate	shadow_candidate	fine	Treg_suppressive_like	state::fine::Treg_suppressive_like	422	marker_based_fine_candidate_annotation.csv.gz	11fb72c7510c5613aef176329e928327e7ce3608c15e99d85c571ef3d6c77952
shadow__3c21e27d71470ed1d88e	GSE288199	marker_based_fine	Unknown	Unknown	Unknown	Unknown	annotation_status::coarse::Unknown	annotation_status::mid::Unknown	annotation_status::fine::Unknown	candidate_only	shadow_candidate	shadow_candidate	fine	Unknown	annotation_status::fine::Unknown	352764	marker_based_fine_candidate_annotation.csv.gz	11fb72c7510c5613aef176329e928327e7ce3608c15e99d85c571ef3d6c77952
shadow__95236bdafcccb7d5bf75	GSE288199	marker_based_fine	angiogenic_endothelial_like	Unknown	Unknown	Unknown	annotation_status::coarse::Unknown	annotation_status::mid::Unknown	annotation_status::fine::Unknown	candidate_only	shadow_candidate	shadow_candidate	fine	angiogenic_endothelial_like	state::fine::angiogenic_endothelial_like	24733	marker_based_fine_candidate_annotation.csv.gz	11fb72c7510c5613aef176329e928327e7ce3608c15e99d85c571ef3d6c77952
shadow__618014df16d01303f003	GSE288199	marker_based_fine	neutrophil_TAN_NET_like	Unknown	Unknown	Unknown	annotation_status::coarse::Unknown	annotation_status::mid::Unknown	annotation_status::fine::Unknown	candidate_only	shadow_candidate	shadow_candidate	fine	neutrophil_TAN_NET_like	state::fine::neutrophil_TAN_NET_like	1735	marker_based_fine_candidate_annotation.csv.gz	11fb72c7510c5613aef176329e928327e7ce3608c15e99d85c571ef3d6c77952
shadow__3cf32355dce554a216cc	GSE288199	marker_based_fine	plasma_Ig_like	Unknown	Unknown	Unknown	annotation_status::coarse::Unknown	annotation_status::mid::Unknown	annotation_status::fine::Unknown	candidate_only	shadow_candidate	shadow_candidate	fine	plasma_Ig_like	state::fine::plasma_Ig_like	126	marker_based_fine_candidate_annotation.csv.gz	11fb72c7510c5613aef176329e928327e7ce3608c15e99d85c571ef3d6c77952
shadow__9aa1fff70b0ca186e225	GSE288199	marker_based_fine	tumor_IFN_APM_high_like	Unknown	Unknown	Unknown	annotation_status::coarse::Unknown	annotation_status::mid::Unknown	annotation_status::fine::Unknown	candidate_only	shadow_candidate	shadow_candidate	fine	tumor_IFN_APM_high_like	state::fine::tumor_IFN_APM_high_like	374	marker_based_fine_candidate_annotation.csv.gz	11fb72c7510c5613aef176329e928327e7ce3608c15e99d85c571ef3d6c77952
shadow__dcbbe34d2acd1e9ac594	GSE288199	marker_based_fine	tumor_WNT_exclusion_like	Unknown	Unknown	Unknown	annotation_status::coarse::Unknown	annotation_status::mid::Unknown	annotation_status::fine::Unknown	candidate_only	shadow_candidate	shadow_candidate	fine	tumor_WNT_exclusion_like	state::fine::tumor_WNT_exclusion_like	632	marker_based_fine_candidate_annotation.csv.gz	11fb72c7510c5613aef176329e928327e7ce3608c15e99d85c571ef3d6c77952
shadow__424510399556797ae97b	GSE288199	marker_based_fine	vascular_endothelial_like	Unknown	Unknown	Unknown	annotation_status::coarse::Unknown	annotation_status::mid::Unknown	annotation_status::fine::Unknown	candidate_only	shadow_candidate	shadow_candidate	fine	vascular_endothelial_like	state::fine::vascular_endothelial_like	156	marker_based_fine_candidate_annotation.csv.gz	11fb72c7510c5613aef176329e928327e7ce3608c15e99d85c571ef3d6c77952
shadow__e517d851c1f2f7d6d81b	GSE288199	marker_based_mid	APC_priming_like	Unknown	Unknown	Unknown	annotation_status::coarse::Unknown	annotation_status::mid::Unknown	annotation_status::fine::Unknown	candidate_only	shadow_candidate	shadow_candidate	mid	APC_priming_like		11249	marker_based_mid_annotation.csv.gz	8a93369d569423594390d587d4001a36f820bafb165dc04654523717b089b3ae
shadow__b3322b6408f6d478f8bb	GSE288199	marker_based_mid	B_cell	Unknown	Unknown	Unknown	annotation_status::coarse::Unknown	annotation_status::mid::Unknown	annotation_status::fine::Unknown	candidate_only	shadow_candidate	shadow_candidate	mid	B_cell	identity::mid::B_cell	19553	marker_based_mid_annotation.csv.gz	8a93369d569423594390d587d4001a36f820bafb165dc04654523717b089b3ae
shadow__d84f88898b84cd906bc9	GSE288199	marker_based_mid	CAF	Unknown	Unknown	Unknown	annotation_status::coarse::Unknown	annotation_status::mid::Unknown	annotation_status::fine::Unknown	candidate_only	shadow_candidate	shadow_candidate	mid	CAF	identity::mid::CAF	20262	marker_based_mid_annotation.csv.gz	8a93369d569423594390d587d4001a36f820bafb165dc04654523717b089b3ae
shadow__9d91822d626ec3650706	GSE288199	marker_based_mid	CD4_T	Unknown	Unknown	Unknown	annotation_status::coarse::Unknown	annotation_status::mid::Unknown	annotation_status::fine::Unknown	candidate_only	shadow_candidate	shadow_candidate	mid	CD4_T	identity::mid::CD4_T	5698	marker_based_mid_annotation.csv.gz	8a93369d569423594390d587d4001a36f820bafb165dc04654523717b089b3ae
shadow__be750fe1b517421c0821	GSE288199	marker_based_mid	CD8_T	Unknown	Unknown	Unknown	annotation_status::coarse::Unknown	annotation_status::mid::Unknown	annotation_status::fine::Unknown	candidate_only	shadow_candidate	shadow_candidate	mid	CD8_T	identity::mid::CD8_T	19265	marker_based_mid_annotation.csv.gz	8a93369d569423594390d587d4001a36f820bafb165dc04654523717b089b3ae
shadow__b1abb127bf14db8798ce	GSE288199	marker_based_mid	DC	Unknown	Unknown	Unknown	annotation_status::coarse::Unknown	annotation_status::mid::Unknown	annotation_status::fine::Unknown	candidate_only	shadow_candidate	shadow_candidate	mid	DC	identity::mid::DC	12480	marker_based_mid_annotation.csv.gz	8a93369d569423594390d587d4001a36f820bafb165dc04654523717b089b3ae
shadow__a489c69fd9e94096c726	GSE288199	marker_based_mid	Endothelial	Unknown	Unknown	Unknown	annotation_status::coarse::Unknown	annotation_status::mid::Unknown	annotation_status::fine::Unknown	candidate_only	shadow_candidate	shadow_candidate	mid	Endothelial	identity::mid::Endothelial	35722	marker_based_mid_annotation.csv.gz	8a93369d569423594390d587d4001a36f820bafb165dc04654523717b089b3ae
shadow__6d9198e0c21bef2a3313	GSE288199	marker_based_mid	Macrophage	Unknown	Unknown	Unknown	annotation_status::coarse::Unknown	annotation_status::mid::Unknown	annotation_status::fine::Unknown	candidate_only	shadow_candidate	shadow_candidate	mid	Macrophage	identity::mid::Macrophage	457	marker_based_mid_annotation.csv.gz	8a93369d569423594390d587d4001a36f820bafb165dc04654523717b089b3ae
shadow__be9cb9844dc9b57063f5	GSE288199	marker_based_mid	Monocyte	Unknown	Unknown	Unknown	annotation_status::coarse::Unknown	annotation_status::mid::Unknown	annotation_status::fine::Unknown	candidate_only	shadow_candidate	shadow_candidate	mid	Monocyte	identity::mid::Monocyte	7589	marker_based_mid_annotation.csv.gz	8a93369d569423594390d587d4001a36f820bafb165dc04654523717b089b3ae
shadow__1040fd41f2d0dd48328f	GSE288199	marker_based_mid	NK	Unknown	Unknown	Unknown	annotation_status::coarse::Unknown	annotation_status::mid::Unknown	annotation_status::fine::Unknown	candidate_only	shadow_candidate	shadow_candidate	mid	NK	identity::mid::NK	11909	marker_based_mid_annotation.csv.gz	8a93369d569423594390d587d4001a36f820bafb165dc04654523717b089b3ae
shadow__c28e001145dbffea5a38	GSE288199	marker_based_mid	NKT_like	Unknown	Unknown	Unknown	annotation_status::coarse::Unknown	annotation_status::mid::Unknown	annotation_status::fine::Unknown	candidate_only	shadow_candidate	shadow_candidate	mid	NKT_like	identity::mid::NKT_like	17982	marker_based_mid_annotation.csv.gz	8a93369d569423594390d587d4001a36f820bafb165dc04654523717b089b3ae
shadow__edd53c5b2eb8808c7b14	GSE288199	marker_based_mid	Neutrophil_TAN_like	Unknown	Unknown	Unknown	annotation_status::coarse::Unknown	annotation_status::mid::Unknown	annotation_status::fine::Unknown	candidate_only	shadow_candidate	shadow_candidate	mid	Neutrophil_TAN_like	identity::mid::Neutrophil_TAN_like	2770	marker_based_mid_annotation.csv.gz	8a93369d569423594390d587d4001a36f820bafb165dc04654523717b089b3ae
shadow__857f43dc8143c40c937f	GSE288199	marker_based_mid	Plasma_cell	Unknown	Unknown	Unknown	annotation_status::coarse::Unknown	annotation_status::mid::Unknown	annotation_status::fine::Unknown	candidate_only	shadow_candidate	shadow_candidate	mid	Plasma_cell	identity::mid::Plasma_cell	4803	marker_based_mid_annotation.csv.gz	8a93369d569423594390d587d4001a36f820bafb165dc04654523717b089b3ae
shadow__8049aea4b5aa0d996d8f	GSE288199	marker_based_mid	Treg	Unknown	Unknown	Unknown	annotation_status::coarse::Unknown	annotation_status::mid::Unknown	annotation_status::fine::Unknown	candidate_only	shadow_candidate	shadow_candidate	mid	Treg	identity::mid::Treg	965	marker_based_mid_annotation.csv.gz	8a93369d569423594390d587d4001a36f820bafb165dc04654523717b089b3ae
shadow__1fce159e96e42590fac2	GSE288199	marker_based_mid	Tumor_epithelial_like	Unknown	Unknown	Unknown	annotation_status::coarse::Unknown	annotation_status::mid::Unknown	annotation_status::fine::Unknown	candidate_only	shadow_candidate	shadow_candidate	mid	Tumor_epithelial_like	identity::mid::Tumor_epithelial_like	6248	marker_based_mid_annotation.csv.gz	8a93369d569423594390d587d4001a36f820bafb165dc04654523717b089b3ae
shadow__1c870b48217e6deb77c4	GSE288199	marker_based_mid	Unknown	Unknown	Unknown	Unknown	annotation_status::coarse::Unknown	annotation_status::mid::Unknown	annotation_status::fine::Unknown	candidate_only	shadow_candidate	shadow_candidate	mid	Unknown	annotation_status::mid::Unknown	243025	marker_based_mid_annotation.csv.gz	8a93369d569423594390d587d4001a36f820bafb165dc04654523717b089b3ae
shadow__c1d3f510ab68cc2bdc9a	GSE288199	marker_based_mid	pDC	Unknown	Unknown	Unknown	annotation_status::coarse::Unknown	annotation_status::mid::Unknown	annotation_status::fine::Unknown	candidate_only	shadow_candidate	shadow_candidate	mid	pDC	identity::mid::pDC	5793	marker_based_mid_annotation.csv.gz	8a93369d569423594390d587d4001a36f820bafb165dc04654523717b089b3ae
shadow__7e88d7d88593c0f4577e	GSE301741	marker_based_fine	CAF_inflammatory_like	Unknown	Unknown	Unknown	annotation_status::coarse::Unknown	annotation_status::mid::Unknown	annotation_status::fine::Unknown	candidate_only	shadow_candidate	shadow_candidate	fine	CAF_inflammatory_like	state::fine::CAF_inflammatory_like	10539	marker_based_fine_candidate_annotation.csv.gz	11fb72c7510c5613aef176329e928327e7ce3608c15e99d85c571ef3d6c77952
shadow__73739c6cf599d01a2976	GSE301741	marker_based_fine	CAF_myofibroblast_like	Unknown	Unknown	Unknown	annotation_status::coarse::Unknown	annotation_status::mid::Unknown	annotation_status::fine::Unknown	candidate_only	shadow_candidate	shadow_candidate	fine	CAF_myofibroblast_like	state::fine::CAF_myofibroblast_like	11180	marker_based_fine_candidate_annotation.csv.gz	11fb72c7510c5613aef176329e928327e7ce3608c15e99d85c571ef3d6c77952
shadow__d4c1295333653841aedb	GSE301741	marker_based_fine	CD4_helper_like	Unknown	Unknown	Unknown	annotation_status::coarse::Unknown	annotation_status::mid::Unknown	annotation_status::fine::Unknown	candidate_only	shadow_candidate	shadow_candidate	fine	CD4_helper_like	state::fine::CD4_helper_like	2763	marker_based_fine_candidate_annotation.csv.gz	11fb72c7510c5613aef176329e928327e7ce3608c15e99d85c571ef3d6c77952
shadow__da0e292ad52421996d8b	GSE301741	marker_based_fine	CD8_cytotoxic_like	Unknown	Unknown	Unknown	annotation_status::coarse::Unknown	annotation_status::mid::Unknown	annotation_status::fine::Unknown	candidate_only	shadow_candidate	shadow_candidate	fine	CD8_cytotoxic_like	state::fine::CD8_cytotoxic_like	2302	marker_based_fine_candidate_annotation.csv.gz	11fb72c7510c5613aef176329e928327e7ce3608c15e99d85c571ef3d6c77952
shadow__4b497cd9259519148902	GSE301741	marker_based_fine	CD8_exhausted_like	Unknown	Unknown	Unknown	annotation_status::coarse::Unknown	annotation_status::mid::Unknown	annotation_status::fine::Unknown	candidate_only	shadow_candidate	shadow_candidate	fine	CD8_exhausted_like	state::fine::CD8_exhausted_like	449	marker_based_fine_candidate_annotation.csv.gz	11fb72c7510c5613aef176329e928327e7ce3608c15e99d85c571ef3d6c77952
shadow__ba2d4c3fbfa4eab3d501	GSE301741	marker_based_fine	CD8_progenitor_exhausted_like	Unknown	Unknown	Unknown	annotation_status::coarse::Unknown	annotation_status::mid::Unknown	annotation_status::fine::Unknown	candidate_only	shadow_candidate	shadow_candidate	fine	CD8_progenitor_exhausted_like	state::fine::CD8_progenitor_exhausted_like	411	marker_based_fine_candidate_annotation.csv.gz	11fb72c7510c5613aef176329e928327e7ce3608c15e99d85c571ef3d6c77952
shadow__341e8c33dc44607c7c03	GSE301741	marker_based_fine	CD8_terminal_exhausted_like	Unknown	Unknown	Unknown	annotation_status::coarse::Unknown	annotation_status::mid::Unknown	annotation_status::fine::Unknown	candidate_only	shadow_candidate	shadow_candidate	fine	CD8_terminal_exhausted_like	state::fine::CD8_terminal_exhausted_like	864	marker_based_fine_candidate_annotation.csv.gz	11fb72c7510c5613aef176329e928327e7ce3608c15e99d85c571ef3d6c77952
shadow__368f31f205f28a632ac2	GSE301741	marker_based_fine	DC_migratory_like	Unknown	Unknown	Unknown	annotation_status::coarse::Unknown	annotation_status::mid::Unknown	annotation_status::fine::Unknown	candidate_only	shadow_candidate	shadow_candidate	fine	DC_migratory_like	state::fine::DC_migratory_like	828	marker_based_fine_candidate_annotation.csv.gz	11fb72c7510c5613aef176329e928327e7ce3608c15e99d85c571ef3d6c77952
shadow__84846765d3c830a3ec76	GSE301741	marker_based_fine	NK_cytotoxic_like	Unknown	Unknown	Unknown	annotation_status::coarse::Unknown	annotation_status::mid::Unknown	annotation_status::fine::Unknown	candidate_only	shadow_candidate	shadow_candidate	fine	NK_cytotoxic_like	state::fine::NK_cytotoxic_like	8303	marker_based_fine_candidate_annotation.csv.gz	11fb72c7510c5613aef176329e928327e7ce3608c15e99d85c571ef3d6c77952
shadow__3b219e00ce3aff9abfc3	GSE301741	marker_based_fine	TLS_B_like	Unknown	Unknown	Unknown	annotation_status::coarse::Unknown	annotation_status::mid::Unknown	annotation_status::fine::Unknown	candidate_only	shadow_candidate	shadow_candidate	fine	TLS_B_like	state::fine::TLS_B_like	89	marker_based_fine_candidate_annotation.csv.gz	11fb72c7510c5613aef176329e928327e7ce3608c15e99d85c571ef3d6c77952
shadow__072a88465ee507bbdeb0	GSE301741	marker_based_fine	TREM2_macrophage_like	Unknown	Unknown	Unknown	annotation_status::coarse::Unknown	annotation_status::mid::Unknown	annotation_status::fine::Unknown	candidate_only	shadow_candidate	shadow_candidate	fine	TREM2_macrophage_like	state::fine::TREM2_macrophage_like	2190	marker_based_fine_candidate_annotation.csv.gz	11fb72c7510c5613aef176329e928327e7ce3608c15e99d85c571ef3d6c77952
shadow__402f1aed620f4661948d	GSE301741	marker_based_fine	Treg_suppressive_like	Unknown	Unknown	Unknown	annotation_status::coarse::Unknown	annotation_status::mid::Unknown	annotation_status::fine::Unknown	candidate_only	shadow_candidate	shadow_candidate	fine	Treg_suppressive_like	state::fine::Treg_suppressive_like	1527	marker_based_fine_candidate_annotation.csv.gz	11fb72c7510c5613aef176329e928327e7ce3608c15e99d85c571ef3d6c77952
shadow__e8173444f3d101db2e9f	GSE301741	marker_based_fine	Unknown	Unknown	Unknown	Unknown	annotation_status::coarse::Unknown	annotation_status::mid::Unknown	annotation_status::fine::Unknown	candidate_only	shadow_candidate	shadow_candidate	fine	Unknown	annotation_status::fine::Unknown	147739	marker_based_fine_candidate_annotation.csv.gz	11fb72c7510c5613aef176329e928327e7ce3608c15e99d85c571ef3d6c77952
shadow__e5de8ee88a3c2aa83ab6	GSE301741	marker_based_fine	angiogenic_endothelial_like	Unknown	Unknown	Unknown	annotation_status::coarse::Unknown	annotation_status::mid::Unknown	annotation_status::fine::Unknown	candidate_only	shadow_candidate	shadow_candidate	fine	angiogenic_endothelial_like	state::fine::angiogenic_endothelial_like	2921	marker_based_fine_candidate_annotation.csv.gz	11fb72c7510c5613aef176329e928327e7ce3608c15e99d85c571ef3d6c77952
shadow__f1bf370355c235037250	GSE301741	marker_based_fine	neutrophil_TAN_NET_like	Unknown	Unknown	Unknown	annotation_status::coarse::Unknown	annotation_status::mid::Unknown	annotation_status::fine::Unknown	candidate_only	shadow_candidate	shadow_candidate	fine	neutrophil_TAN_NET_like	state::fine::neutrophil_TAN_NET_like	6713	marker_based_fine_candidate_annotation.csv.gz	11fb72c7510c5613aef176329e928327e7ce3608c15e99d85c571ef3d6c77952
shadow__c5adb9eb2d4b4dd66802	GSE301741	marker_based_fine	plasma_Ig_like	Unknown	Unknown	Unknown	annotation_status::coarse::Unknown	annotation_status::mid::Unknown	annotation_status::fine::Unknown	candidate_only	shadow_candidate	shadow_candidate	fine	plasma_Ig_like	state::fine::plasma_Ig_like	6410	marker_based_fine_candidate_annotation.csv.gz	11fb72c7510c5613aef176329e928327e7ce3608c15e99d85c571ef3d6c77952
shadow__78fd33f49caa28ce47f8	GSE301741	marker_based_fine	tumor_IFN_APM_high_like	Unknown	Unknown	Unknown	annotation_status::coarse::Unknown	annotation_status::mid::Unknown	annotation_status::fine::Unknown	candidate_only	shadow_candidate	shadow_candidate	fine	tumor_IFN_APM_high_like	state::fine::tumor_IFN_APM_high_like	156	marker_based_fine_candidate_annotation.csv.gz	11fb72c7510c5613aef176329e928327e7ce3608c15e99d85c571ef3d6c77952
shadow__fc846a4b7bece605ae45	GSE301741	marker_based_fine	tumor_WNT_exclusion_like	Unknown	Unknown	Unknown	annotation_status::coarse::Unknown	annotation_status::mid::Unknown	annotation_status::fine::Unknown	candidate_only	shadow_candidate	shadow_candidate	fine	tumor_WNT_exclusion_like	state::fine::tumor_WNT_exclusion_like	616	marker_based_fine_candidate_annotation.csv.gz	11fb72c7510c5613aef176329e928327e7ce3608c15e99d85c571ef3d6c77952
shadow__35a734e27a1ac1c2fb11	GSE301741	marker_based_fine	tumor_cell_cycle_like	Unknown	Unknown	Unknown	annotation_status::coarse::Unknown	annotation_status::mid::Unknown	annotation_status::fine::Unknown	candidate_only	shadow_candidate	shadow_candidate	fine	tumor_cell_cycle_like	state::fine::tumor_cell_cycle_like	876	marker_based_fine_candidate_annotation.csv.gz	11fb72c7510c5613aef176329e928327e7ce3608c15e99d85c571ef3d6c77952
shadow__8d64d0812af05a8410eb	GSE301741	marker_based_fine	vascular_endothelial_like	Unknown	Unknown	Unknown	annotation_status::coarse::Unknown	annotation_status::mid::Unknown	annotation_status::fine::Unknown	candidate_only	shadow_candidate	shadow_candidate	fine	vascular_endothelial_like	state::fine::vascular_endothelial_like	5567	marker_based_fine_candidate_annotation.csv.gz	11fb72c7510c5613aef176329e928327e7ce3608c15e99d85c571ef3d6c77952
shadow__4da352845d5adc10c767	GSE301741	marker_based_mid	APC_priming_like	Unknown	Unknown	Unknown	annotation_status::coarse::Unknown	annotation_status::mid::Unknown	annotation_status::fine::Unknown	candidate_only	shadow_candidate	shadow_candidate	mid	APC_priming_like		9285	marker_based_mid_annotation.csv.gz	8a93369d569423594390d587d4001a36f820bafb165dc04654523717b089b3ae
shadow__c472a2f149259d88dd07	GSE301741	marker_based_mid	B_cell	Unknown	Unknown	Unknown	annotation_status::coarse::Unknown	annotation_status::mid::Unknown	annotation_status::fine::Unknown	candidate_only	shadow_candidate	shadow_candidate	mid	B_cell	identity::mid::B_cell	5616	marker_based_mid_annotation.csv.gz	8a93369d569423594390d587d4001a36f820bafb165dc04654523717b089b3ae
shadow__2a2b621bf852c61949d1	GSE301741	marker_based_mid	CAF	Unknown	Unknown	Unknown	annotation_status::coarse::Unknown	annotation_status::mid::Unknown	annotation_status::fine::Unknown	candidate_only	shadow_candidate	shadow_candidate	mid	CAF	identity::mid::CAF	37239	marker_based_mid_annotation.csv.gz	8a93369d569423594390d587d4001a36f820bafb165dc04654523717b089b3ae
shadow__77223dfa67404ed3f286	GSE301741	marker_based_mid	CD4_T	Unknown	Unknown	Unknown	annotation_status::coarse::Unknown	annotation_status::mid::Unknown	annotation_status::fine::Unknown	candidate_only	shadow_candidate	shadow_candidate	mid	CD4_T	identity::mid::CD4_T	6542	marker_based_mid_annotation.csv.gz	8a93369d569423594390d587d4001a36f820bafb165dc04654523717b089b3ae
shadow__8b5b7d88721bc1fddb5a	GSE301741	marker_based_mid	CD8_T	Unknown	Unknown	Unknown	annotation_status::coarse::Unknown	annotation_status::mid::Unknown	annotation_status::fine::Unknown	candidate_only	shadow_candidate	shadow_candidate	mid	CD8_T	identity::mid::CD8_T	8793	marker_based_mid_annotation.csv.gz	8a93369d569423594390d587d4001a36f820bafb165dc04654523717b089b3ae
shadow__25e5e06251ad9539b9af	GSE301741	marker_based_mid	DC	Unknown	Unknown	Unknown	annotation_status::coarse::Unknown	annotation_status::mid::Unknown	annotation_status::fine::Unknown	candidate_only	shadow_candidate	shadow_candidate	mid	DC	identity::mid::DC	7631	marker_based_mid_annotation.csv.gz	8a93369d569423594390d587d4001a36f820bafb165dc04654523717b089b3ae
shadow__c1214441cec3c31f5481	GSE301741	marker_based_mid	Endothelial	Unknown	Unknown	Unknown	annotation_status::coarse::Unknown	annotation_status::mid::Unknown	annotation_status::fine::Unknown	candidate_only	shadow_candidate	shadow_candidate	mid	Endothelial	identity::mid::Endothelial	15371	marker_based_mid_annotation.csv.gz	8a93369d569423594390d587d4001a36f820bafb165dc04654523717b089b3ae
shadow__92ca23b9e81cccd6b54c	GSE301741	marker_based_mid	Macrophage	Unknown	Unknown	Unknown	annotation_status::coarse::Unknown	annotation_status::mid::Unknown	annotation_status::fine::Unknown	candidate_only	shadow_candidate	shadow_candidate	mid	Macrophage	identity::mid::Macrophage	11783	marker_based_mid_annotation.csv.gz	8a93369d569423594390d587d4001a36f820bafb165dc04654523717b089b3ae
shadow__c120f2b2423a29f6961c	GSE301741	marker_based_mid	Monocyte	Unknown	Unknown	Unknown	annotation_status::coarse::Unknown	annotation_status::mid::Unknown	annotation_status::fine::Unknown	candidate_only	shadow_candidate	shadow_candidate	mid	Monocyte	identity::mid::Monocyte	5140	marker_based_mid_annotation.csv.gz	8a93369d569423594390d587d4001a36f820bafb165dc04654523717b089b3ae
shadow__7ac329155157e030c920	GSE301741	marker_based_mid	NK	Unknown	Unknown	Unknown	annotation_status::coarse::Unknown	annotation_status::mid::Unknown	annotation_status::fine::Unknown	candidate_only	shadow_candidate	shadow_candidate	mid	NK	identity::mid::NK	8863	marker_based_mid_annotation.csv.gz	8a93369d569423594390d587d4001a36f820bafb165dc04654523717b089b3ae
shadow__b5d951b3f54ce80fe135	GSE301741	marker_based_mid	NKT_like	Unknown	Unknown	Unknown	annotation_status::coarse::Unknown	annotation_status::mid::Unknown	annotation_status::fine::Unknown	candidate_only	shadow_candidate	shadow_candidate	mid	NKT_like	identity::mid::NKT_like	5919	marker_based_mid_annotation.csv.gz	8a93369d569423594390d587d4001a36f820bafb165dc04654523717b089b3ae
shadow__e8fb8e91d289c00d9641	GSE301741	marker_based_mid	Neutrophil_TAN_like	Unknown	Unknown	Unknown	annotation_status::coarse::Unknown	annotation_status::mid::Unknown	annotation_status::fine::Unknown	candidate_only	shadow_candidate	shadow_candidate	mid	Neutrophil_TAN_like	identity::mid::Neutrophil_TAN_like	9564	marker_based_mid_annotation.csv.gz	8a93369d569423594390d587d4001a36f820bafb165dc04654523717b089b3ae
shadow__fe88017a12ef920a03ea	GSE301741	marker_based_mid	Plasma_cell	Unknown	Unknown	Unknown	annotation_status::coarse::Unknown	annotation_status::mid::Unknown	annotation_status::fine::Unknown	candidate_only	shadow_candidate	shadow_candidate	mid	Plasma_cell	identity::mid::Plasma_cell	13677	marker_based_mid_annotation.csv.gz	8a93369d569423594390d587d4001a36f820bafb165dc04654523717b089b3ae
shadow__b254e572c03dce52cd3e	GSE301741	marker_based_mid	Treg	Unknown	Unknown	Unknown	annotation_status::coarse::Unknown	annotation_status::mid::Unknown	annotation_status::fine::Unknown	candidate_only	shadow_candidate	shadow_candidate	mid	Treg	identity::mid::Treg	6481	marker_based_mid_annotation.csv.gz	8a93369d569423594390d587d4001a36f820bafb165dc04654523717b089b3ae
shadow__39c5bf949bf6d250a057	GSE301741	marker_based_mid	Tumor_epithelial_like	Unknown	Unknown	Unknown	annotation_status::coarse::Unknown	annotation_status::mid::Unknown	annotation_status::fine::Unknown	candidate_only	shadow_candidate	shadow_candidate	mid	Tumor_epithelial_like	identity::mid::Tumor_epithelial_like	13045	marker_based_mid_annotation.csv.gz	8a93369d569423594390d587d4001a36f820bafb165dc04654523717b089b3ae
shadow__e895bb01f068af011d94	GSE301741	marker_based_mid	Unknown	Unknown	Unknown	Unknown	annotation_status::coarse::Unknown	annotation_status::mid::Unknown	annotation_status::fine::Unknown	candidate_only	shadow_candidate	shadow_candidate	mid	Unknown	annotation_status::mid::Unknown	46799	marker_based_mid_annotation.csv.gz	8a93369d569423594390d587d4001a36f820bafb165dc04654523717b089b3ae
shadow__0b6481b067221645705b	GSE301741	marker_based_mid	pDC	Unknown	Unknown	Unknown	annotation_status::coarse::Unknown	annotation_status::mid::Unknown	annotation_status::fine::Unknown	candidate_only	shadow_candidate	shadow_candidate	mid	pDC	identity::mid::pDC	695	marker_based_mid_annotation.csv.gz	8a93369d569423594390d587d4001a36f820bafb165dc04654523717b089b3ae
shadow__8189a424be716343ab19	GSE314072	marker_based_fine	Unknown	Unknown	Unknown	Unknown	annotation_status::coarse::Unknown	annotation_status::mid::Unknown	annotation_status::fine::Unknown	candidate_only	shadow_candidate	shadow_candidate	fine	Unknown	annotation_status::fine::Unknown	105553	marker_based_fine_candidate_annotation.csv.gz	11fb72c7510c5613aef176329e928327e7ce3608c15e99d85c571ef3d6c77952
shadow__dc420d5d466f8ea5407e	GSE314072	marker_based_mid	CD4_T	Unknown	Unknown	Unknown	annotation_status::coarse::Unknown	annotation_status::mid::Unknown	annotation_status::fine::Unknown	candidate_only	shadow_candidate	shadow_candidate	mid	CD4_T	identity::mid::CD4_T	39935	marker_based_mid_annotation.csv.gz	8a93369d569423594390d587d4001a36f820bafb165dc04654523717b089b3ae
shadow__075da57e2aab2c53b594	GSE314072	marker_based_mid	CD8_T	Unknown	Unknown	Unknown	annotation_status::coarse::Unknown	annotation_status::mid::Unknown	annotation_status::fine::Unknown	candidate_only	shadow_candidate	shadow_candidate	mid	CD8_T	identity::mid::CD8_T	47734	marker_based_mid_annotation.csv.gz	8a93369d569423594390d587d4001a36f820bafb165dc04654523717b089b3ae
shadow__3c0d0de0c6bcad738bb7	GSE314072	marker_based_mid	Unknown	Unknown	Unknown	Unknown	annotation_status::coarse::Unknown	annotation_status::mid::Unknown	annotation_status::fine::Unknown	candidate_only	shadow_candidate	shadow_candidate	mid	Unknown	annotation_status::mid::Unknown	17884	marker_based_mid_annotation.csv.gz	8a93369d569423594390d587d4001a36f820bafb165dc04654523717b089b3ae
shadow__f5cab449198a6c42c650	PRJCA001063	marker_based_fine	CAF_inflammatory_like	Unknown	Unknown	Unknown	annotation_status::coarse::Unknown	annotation_status::mid::Unknown	annotation_status::fine::Unknown	candidate_only	shadow_candidate	shadow_candidate	fine	CAF_inflammatory_like	state::fine::CAF_inflammatory_like	1934	marker_based_fine_candidate_annotation.csv.gz	11fb72c7510c5613aef176329e928327e7ce3608c15e99d85c571ef3d6c77952
shadow__15acd5ba94c89ecc545a	PRJCA001063	marker_based_fine	CAF_myofibroblast_like	Unknown	Unknown	Unknown	annotation_status::coarse::Unknown	annotation_status::mid::Unknown	annotation_status::fine::Unknown	candidate_only	shadow_candidate	shadow_candidate	fine	CAF_myofibroblast_like	state::fine::CAF_myofibroblast_like	3479	marker_based_fine_candidate_annotation.csv.gz	11fb72c7510c5613aef176329e928327e7ce3608c15e99d85c571ef3d6c77952
shadow__d2dd958612f9ecd67d1b	PRJCA001063	marker_based_fine	CD4_helper_like	Unknown	Unknown	Unknown	annotation_status::coarse::Unknown	annotation_status::mid::Unknown	annotation_status::fine::Unknown	candidate_only	shadow_candidate	shadow_candidate	fine	CD4_helper_like	state::fine::CD4_helper_like	663	marker_based_fine_candidate_annotation.csv.gz	11fb72c7510c5613aef176329e928327e7ce3608c15e99d85c571ef3d6c77952
shadow__8a1b524b8850be3894ba	PRJCA001063	marker_based_fine	CD8_cytotoxic_like	Unknown	Unknown	Unknown	annotation_status::coarse::Unknown	annotation_status::mid::Unknown	annotation_status::fine::Unknown	candidate_only	shadow_candidate	shadow_candidate	fine	CD8_cytotoxic_like	state::fine::CD8_cytotoxic_like	116	marker_based_fine_candidate_annotation.csv.gz	11fb72c7510c5613aef176329e928327e7ce3608c15e99d85c571ef3d6c77952
shadow__7763e378602be1c96f6e	PRJCA001063	marker_based_fine	CD8_exhausted_like	Unknown	Unknown	Unknown	annotation_status::coarse::Unknown	annotation_status::mid::Unknown	annotation_status::fine::Unknown	candidate_only	shadow_candidate	shadow_candidate	fine	CD8_exhausted_like	state::fine::CD8_exhausted_like	37	marker_based_fine_candidate_annotation.csv.gz	11fb72c7510c5613aef176329e928327e7ce3608c15e99d85c571ef3d6c77952
shadow__0c5d207ca594b5ec3747	PRJCA001063	marker_based_fine	CD8_progenitor_exhausted_like	Unknown	Unknown	Unknown	annotation_status::coarse::Unknown	annotation_status::mid::Unknown	annotation_status::fine::Unknown	candidate_only	shadow_candidate	shadow_candidate	fine	CD8_progenitor_exhausted_like	state::fine::CD8_progenitor_exhausted_like	22	marker_based_fine_candidate_annotation.csv.gz	11fb72c7510c5613aef176329e928327e7ce3608c15e99d85c571ef3d6c77952
shadow__4bbdbbd1d1b06bebd329	PRJCA001063	marker_based_fine	CD8_terminal_exhausted_like	Unknown	Unknown	Unknown	annotation_status::coarse::Unknown	annotation_status::mid::Unknown	annotation_status::fine::Unknown	candidate_only	shadow_candidate	shadow_candidate	fine	CD8_terminal_exhausted_like	state::fine::CD8_terminal_exhausted_like	30	marker_based_fine_candidate_annotation.csv.gz	11fb72c7510c5613aef176329e928327e7ce3608c15e99d85c571ef3d6c77952
shadow__3dae97a11b49fbb48766	PRJCA001063	marker_based_fine	DC_migratory_like	Unknown	Unknown	Unknown	annotation_status::coarse::Unknown	annotation_status::mid::Unknown	annotation_status::fine::Unknown	candidate_only	shadow_candidate	shadow_candidate	fine	DC_migratory_like	state::fine::DC_migratory_like	121	marker_based_fine_candidate_annotation.csv.gz	11fb72c7510c5613aef176329e928327e7ce3608c15e99d85c571ef3d6c77952
shadow__d938fd5ffc89c2eaee15	PRJCA001063	marker_based_fine	NK_cytotoxic_like	Unknown	Unknown	Unknown	annotation_status::coarse::Unknown	annotation_status::mid::Unknown	annotation_status::fine::Unknown	candidate_only	shadow_candidate	shadow_candidate	fine	NK_cytotoxic_like	state::fine::NK_cytotoxic_like	790	marker_based_fine_candidate_annotation.csv.gz	11fb72c7510c5613aef176329e928327e7ce3608c15e99d85c571ef3d6c77952
shadow__438d0cad608d853c379c	PRJCA001063	marker_based_fine	TLS_B_like	Unknown	Unknown	Unknown	annotation_status::coarse::Unknown	annotation_status::mid::Unknown	annotation_status::fine::Unknown	candidate_only	shadow_candidate	shadow_candidate	fine	TLS_B_like	state::fine::TLS_B_like	488	marker_based_fine_candidate_annotation.csv.gz	11fb72c7510c5613aef176329e928327e7ce3608c15e99d85c571ef3d6c77952
shadow__b8f7b4a409dc4213d0f0	PRJCA001063	marker_based_fine	TREM2_macrophage_like	Unknown	Unknown	Unknown	annotation_status::coarse::Unknown	annotation_status::mid::Unknown	annotation_status::fine::Unknown	candidate_only	shadow_candidate	shadow_candidate	fine	TREM2_macrophage_like	state::fine::TREM2_macrophage_like	331	marker_based_fine_candidate_annotation.csv.gz	11fb72c7510c5613aef176329e928327e7ce3608c15e99d85c571ef3d6c77952
shadow__65a4c4d5c4f617e57b83	PRJCA001063	marker_based_fine	Treg_suppressive_like	Unknown	Unknown	Unknown	annotation_status::coarse::Unknown	annotation_status::mid::Unknown	annotation_status::fine::Unknown	candidate_only	shadow_candidate	shadow_candidate	fine	Treg_suppressive_like	state::fine::Treg_suppressive_like	9	marker_based_fine_candidate_annotation.csv.gz	11fb72c7510c5613aef176329e928327e7ce3608c15e99d85c571ef3d6c77952
shadow__0488479a4740ff16d4f2	PRJCA001063	marker_based_fine	Unknown	Unknown	Unknown	Unknown	annotation_status::coarse::Unknown	annotation_status::mid::Unknown	annotation_status::fine::Unknown	candidate_only	shadow_candidate	shadow_candidate	fine	Unknown	annotation_status::fine::Unknown	38296	marker_based_fine_candidate_annotation.csv.gz	11fb72c7510c5613aef176329e928327e7ce3608c15e99d85c571ef3d6c77952
shadow__bc98399071c685382a1e	PRJCA001063	marker_based_fine	angiogenic_endothelial_like	Unknown	Unknown	Unknown	annotation_status::coarse::Unknown	annotation_status::mid::Unknown	annotation_status::fine::Unknown	candidate_only	shadow_candidate	shadow_candidate	fine	angiogenic_endothelial_like	state::fine::angiogenic_endothelial_like	474	marker_based_fine_candidate_annotation.csv.gz	11fb72c7510c5613aef176329e928327e7ce3608c15e99d85c571ef3d6c77952
shadow__e47d83790bca19fe8797	PRJCA001063	marker_based_fine	neutrophil_TAN_NET_like	Unknown	Unknown	Unknown	annotation_status::coarse::Unknown	annotation_status::mid::Unknown	annotation_status::fine::Unknown	candidate_only	shadow_candidate	shadow_candidate	fine	neutrophil_TAN_NET_like	state::fine::neutrophil_TAN_NET_like	18	marker_based_fine_candidate_annotation.csv.gz	11fb72c7510c5613aef176329e928327e7ce3608c15e99d85c571ef3d6c77952
shadow__2412a2d0150a50cb9a44	PRJCA001063	marker_based_fine	plasma_Ig_like	Unknown	Unknown	Unknown	annotation_status::coarse::Unknown	annotation_status::mid::Unknown	annotation_status::fine::Unknown	candidate_only	shadow_candidate	shadow_candidate	fine	plasma_Ig_like	state::fine::plasma_Ig_like	853	marker_based_fine_candidate_annotation.csv.gz	11fb72c7510c5613aef176329e928327e7ce3608c15e99d85c571ef3d6c77952
shadow__f02173ad98f4bcc1d904	PRJCA001063	marker_based_fine	tumor_IFN_APM_high_like	Unknown	Unknown	Unknown	annotation_status::coarse::Unknown	annotation_status::mid::Unknown	annotation_status::fine::Unknown	candidate_only	shadow_candidate	shadow_candidate	fine	tumor_IFN_APM_high_like	state::fine::tumor_IFN_APM_high_like	817	marker_based_fine_candidate_annotation.csv.gz	11fb72c7510c5613aef176329e928327e7ce3608c15e99d85c571ef3d6c77952
shadow__89b252163099d8ef52ba	PRJCA001063	marker_based_fine	tumor_WNT_exclusion_like	Unknown	Unknown	Unknown	annotation_status::coarse::Unknown	annotation_status::mid::Unknown	annotation_status::fine::Unknown	candidate_only	shadow_candidate	shadow_candidate	fine	tumor_WNT_exclusion_like	state::fine::tumor_WNT_exclusion_like	3812	marker_based_fine_candidate_annotation.csv.gz	11fb72c7510c5613aef176329e928327e7ce3608c15e99d85c571ef3d6c77952
shadow__465c3b5874ce5318ee4a	PRJCA001063	marker_based_fine	tumor_cell_cycle_like	Unknown	Unknown	Unknown	annotation_status::coarse::Unknown	annotation_status::mid::Unknown	annotation_status::fine::Unknown	candidate_only	shadow_candidate	shadow_candidate	fine	tumor_cell_cycle_like	state::fine::tumor_cell_cycle_like	2182	marker_based_fine_candidate_annotation.csv.gz	11fb72c7510c5613aef176329e928327e7ce3608c15e99d85c571ef3d6c77952
shadow__829113e7c5461c0cb6d6	PRJCA001063	marker_based_fine	vascular_endothelial_like	Unknown	Unknown	Unknown	annotation_status::coarse::Unknown	annotation_status::mid::Unknown	annotation_status::fine::Unknown	candidate_only	shadow_candidate	shadow_candidate	fine	vascular_endothelial_like	state::fine::vascular_endothelial_like	3058	marker_based_fine_candidate_annotation.csv.gz	11fb72c7510c5613aef176329e928327e7ce3608c15e99d85c571ef3d6c77952
shadow__0e84105185e84c0d4ba4	PRJCA001063	marker_based_mid	APC_priming_like	Unknown	Unknown	Unknown	annotation_status::coarse::Unknown	annotation_status::mid::Unknown	annotation_status::fine::Unknown	candidate_only	shadow_candidate	shadow_candidate	mid	APC_priming_like		1605	marker_based_mid_annotation.csv.gz	8a93369d569423594390d587d4001a36f820bafb165dc04654523717b089b3ae
shadow__da31b9d1aeadc7cc2596	PRJCA001063	marker_based_mid	B_cell	Unknown	Unknown	Unknown	annotation_status::coarse::Unknown	annotation_status::mid::Unknown	annotation_status::fine::Unknown	candidate_only	shadow_candidate	shadow_candidate	mid	B_cell	identity::mid::B_cell	2577	marker_based_mid_annotation.csv.gz	8a93369d569423594390d587d4001a36f820bafb165dc04654523717b089b3ae
shadow__c54724a79ea0812c7930	PRJCA001063	marker_based_mid	CAF	Unknown	Unknown	Unknown	annotation_status::coarse::Unknown	annotation_status::mid::Unknown	annotation_status::fine::Unknown	candidate_only	shadow_candidate	shadow_candidate	mid	CAF	identity::mid::CAF	9926	marker_based_mid_annotation.csv.gz	8a93369d569423594390d587d4001a36f820bafb165dc04654523717b089b3ae
shadow__74bc7677a8454dbfc8cb	PRJCA001063	marker_based_mid	CD4_T	Unknown	Unknown	Unknown	annotation_status::coarse::Unknown	annotation_status::mid::Unknown	annotation_status::fine::Unknown	candidate_only	shadow_candidate	shadow_candidate	mid	CD4_T	identity::mid::CD4_T	1160	marker_based_mid_annotation.csv.gz	8a93369d569423594390d587d4001a36f820bafb165dc04654523717b089b3ae
shadow__fca68462cae297e999b5	PRJCA001063	marker_based_mid	CD8_T	Unknown	Unknown	Unknown	annotation_status::coarse::Unknown	annotation_status::mid::Unknown	annotation_status::fine::Unknown	candidate_only	shadow_candidate	shadow_candidate	mid	CD8_T	identity::mid::CD8_T	738	marker_based_mid_annotation.csv.gz	8a93369d569423594390d587d4001a36f820bafb165dc04654523717b089b3ae
shadow__c35e4572b594a9b8f213	PRJCA001063	marker_based_mid	DC	Unknown	Unknown	Unknown	annotation_status::coarse::Unknown	annotation_status::mid::Unknown	annotation_status::fine::Unknown	candidate_only	shadow_candidate	shadow_candidate	mid	DC	identity::mid::DC	1341	marker_based_mid_annotation.csv.gz	8a93369d569423594390d587d4001a36f820bafb165dc04654523717b089b3ae
shadow__27b7a803b8d95f205f64	PRJCA001063	marker_based_mid	Endothelial	Unknown	Unknown	Unknown	annotation_status::coarse::Unknown	annotation_status::mid::Unknown	annotation_status::fine::Unknown	candidate_only	shadow_candidate	shadow_candidate	mid	Endothelial	identity::mid::Endothelial	7552	marker_based_mid_annotation.csv.gz	8a93369d569423594390d587d4001a36f820bafb165dc04654523717b089b3ae
shadow__5948c1f0e7567776cf55	PRJCA001063	marker_based_mid	Macrophage	Unknown	Unknown	Unknown	annotation_status::coarse::Unknown	annotation_status::mid::Unknown	annotation_status::fine::Unknown	candidate_only	shadow_candidate	shadow_candidate	mid	Macrophage	identity::mid::Macrophage	2118	marker_based_mid_annotation.csv.gz	8a93369d569423594390d587d4001a36f820bafb165dc04654523717b089b3ae
shadow__598fb95d9b5129dd831f	PRJCA001063	marker_based_mid	Monocyte	Unknown	Unknown	Unknown	annotation_status::coarse::Unknown	annotation_status::mid::Unknown	annotation_status::fine::Unknown	candidate_only	shadow_candidate	shadow_candidate	mid	Monocyte	identity::mid::Monocyte	973	marker_based_mid_annotation.csv.gz	8a93369d569423594390d587d4001a36f820bafb165dc04654523717b089b3ae
shadow__a046da4c30ba1b99d9b2	PRJCA001063	marker_based_mid	NK	Unknown	Unknown	Unknown	annotation_status::coarse::Unknown	annotation_status::mid::Unknown	annotation_status::fine::Unknown	candidate_only	shadow_candidate	shadow_candidate	mid	NK	identity::mid::NK	881	marker_based_mid_annotation.csv.gz	8a93369d569423594390d587d4001a36f820bafb165dc04654523717b089b3ae
shadow__5a1815ccd83e255c9b84	PRJCA001063	marker_based_mid	NKT_like	Unknown	Unknown	Unknown	annotation_status::coarse::Unknown	annotation_status::mid::Unknown	annotation_status::fine::Unknown	candidate_only	shadow_candidate	shadow_candidate	mid	NKT_like	identity::mid::NKT_like	528	marker_based_mid_annotation.csv.gz	8a93369d569423594390d587d4001a36f820bafb165dc04654523717b089b3ae
shadow__48b30aa12ff1ea2a4fc1	PRJCA001063	marker_based_mid	Neutrophil_TAN_like	Unknown	Unknown	Unknown	annotation_status::coarse::Unknown	annotation_status::mid::Unknown	annotation_status::fine::Unknown	candidate_only	shadow_candidate	shadow_candidate	mid	Neutrophil_TAN_like	identity::mid::Neutrophil_TAN_like	1042	marker_based_mid_annotation.csv.gz	8a93369d569423594390d587d4001a36f820bafb165dc04654523717b089b3ae
shadow__5389cf33a3112c920e0c	PRJCA001063	marker_based_mid	Plasma_cell	Unknown	Unknown	Unknown	annotation_status::coarse::Unknown	annotation_status::mid::Unknown	annotation_status::fine::Unknown	candidate_only	shadow_candidate	shadow_candidate	mid	Plasma_cell	identity::mid::Plasma_cell	1175	marker_based_mid_annotation.csv.gz	8a93369d569423594390d587d4001a36f820bafb165dc04654523717b089b3ae
shadow__18217ac69cabe0bb0f5a	PRJCA001063	marker_based_mid	Treg	Unknown	Unknown	Unknown	annotation_status::coarse::Unknown	annotation_status::mid::Unknown	annotation_status::fine::Unknown	candidate_only	shadow_candidate	shadow_candidate	mid	Treg	identity::mid::Treg	780	marker_based_mid_annotation.csv.gz	8a93369d569423594390d587d4001a36f820bafb165dc04654523717b089b3ae
shadow__eb44dbe8b11acb41fc3c	PRJCA001063	marker_based_mid	Tumor_epithelial_like	Unknown	Unknown	Unknown	annotation_status::coarse::Unknown	annotation_status::mid::Unknown	annotation_status::fine::Unknown	candidate_only	shadow_candidate	shadow_candidate	mid	Tumor_epithelial_like	identity::mid::Tumor_epithelial_like	15449	marker_based_mid_annotation.csv.gz	8a93369d569423594390d587d4001a36f820bafb165dc04654523717b089b3ae
shadow__b023fdf6548fbfe33913	PRJCA001063	marker_based_mid	Unknown	Unknown	Unknown	Unknown	annotation_status::coarse::Unknown	annotation_status::mid::Unknown	annotation_status::fine::Unknown	candidate_only	shadow_candidate	shadow_candidate	mid	Unknown	annotation_status::mid::Unknown	9365	marker_based_mid_annotation.csv.gz	8a93369d569423594390d587d4001a36f820bafb165dc04654523717b089b3ae
shadow__9ecd7c809487c7f7a6a7	PRJCA001063	marker_based_mid	pDC	Unknown	Unknown	Unknown	annotation_status::coarse::Unknown	annotation_status::mid::Unknown	annotation_status::fine::Unknown	candidate_only	shadow_candidate	shadow_candidate	mid	pDC	identity::mid::pDC	320	marker_based_mid_annotation.csv.gz	8a93369d569423594390d587d4001a36f820bafb165dc04654523717b089b3ae
shadow__e3f5305d50c4276737f6	TASK01	marker_based_fine	CAF_inflammatory_like	Unknown	Unknown	Unknown	annotation_status::coarse::Unknown	annotation_status::mid::Unknown	annotation_status::fine::Unknown	candidate_only	shadow_candidate	shadow_candidate	fine	CAF_inflammatory_like	state::fine::CAF_inflammatory_like	1438	marker_based_fine_candidate_annotation.csv.gz	11fb72c7510c5613aef176329e928327e7ce3608c15e99d85c571ef3d6c77952
shadow__67a2701280360d13baa4	TASK01	marker_based_fine	CAF_myofibroblast_like	Unknown	Unknown	Unknown	annotation_status::coarse::Unknown	annotation_status::mid::Unknown	annotation_status::fine::Unknown	candidate_only	shadow_candidate	shadow_candidate	fine	CAF_myofibroblast_like	state::fine::CAF_myofibroblast_like	6196	marker_based_fine_candidate_annotation.csv.gz	11fb72c7510c5613aef176329e928327e7ce3608c15e99d85c571ef3d6c77952
shadow__4de97e28d9c471c51b42	TASK01	marker_based_fine	CD4_helper_like	Unknown	Unknown	Unknown	annotation_status::coarse::Unknown	annotation_status::mid::Unknown	annotation_status::fine::Unknown	candidate_only	shadow_candidate	shadow_candidate	fine	CD4_helper_like	state::fine::CD4_helper_like	11935	marker_based_fine_candidate_annotation.csv.gz	11fb72c7510c5613aef176329e928327e7ce3608c15e99d85c571ef3d6c77952
shadow__930da3289bcae0c777e8	TASK01	marker_based_fine	CD8_cytotoxic_like	Unknown	Unknown	Unknown	annotation_status::coarse::Unknown	annotation_status::mid::Unknown	annotation_status::fine::Unknown	candidate_only	shadow_candidate	shadow_candidate	fine	CD8_cytotoxic_like	state::fine::CD8_cytotoxic_like	4211	marker_based_fine_candidate_annotation.csv.gz	11fb72c7510c5613aef176329e928327e7ce3608c15e99d85c571ef3d6c77952
shadow__221271f91a0dba429ecf	TASK01	marker_based_fine	CD8_exhausted_like	Unknown	Unknown	Unknown	annotation_status::coarse::Unknown	annotation_status::mid::Unknown	annotation_status::fine::Unknown	candidate_only	shadow_candidate	shadow_candidate	fine	CD8_exhausted_like	state::fine::CD8_exhausted_like	5756	marker_based_fine_candidate_annotation.csv.gz	11fb72c7510c5613aef176329e928327e7ce3608c15e99d85c571ef3d6c77952
shadow__857bb56feafda6274fbd	TASK01	marker_based_fine	CD8_progenitor_exhausted_like	Unknown	Unknown	Unknown	annotation_status::coarse::Unknown	annotation_status::mid::Unknown	annotation_status::fine::Unknown	candidate_only	shadow_candidate	shadow_candidate	fine	CD8_progenitor_exhausted_like	state::fine::CD8_progenitor_exhausted_like	898	marker_based_fine_candidate_annotation.csv.gz	11fb72c7510c5613aef176329e928327e7ce3608c15e99d85c571ef3d6c77952
shadow__3322e497199548abb614	TASK01	marker_based_fine	CD8_terminal_exhausted_like	Unknown	Unknown	Unknown	annotation_status::coarse::Unknown	annotation_status::mid::Unknown	annotation_status::fine::Unknown	candidate_only	shadow_candidate	shadow_candidate	fine	CD8_terminal_exhausted_like	state::fine::CD8_terminal_exhausted_like	5914	marker_based_fine_candidate_annotation.csv.gz	11fb72c7510c5613aef176329e928327e7ce3608c15e99d85c571ef3d6c77952
shadow__2c2ce43f3462171c7602	TASK01	marker_based_fine	DC_migratory_like	Unknown	Unknown	Unknown	annotation_status::coarse::Unknown	annotation_status::mid::Unknown	annotation_status::fine::Unknown	candidate_only	shadow_candidate	shadow_candidate	fine	DC_migratory_like	state::fine::DC_migratory_like	1944	marker_based_fine_candidate_annotation.csv.gz	11fb72c7510c5613aef176329e928327e7ce3608c15e99d85c571ef3d6c77952
shadow__eecc3ab887f45c975f27	TASK01	marker_based_fine	NK_cytotoxic_like	Unknown	Unknown	Unknown	annotation_status::coarse::Unknown	annotation_status::mid::Unknown	annotation_status::fine::Unknown	candidate_only	shadow_candidate	shadow_candidate	fine	NK_cytotoxic_like	state::fine::NK_cytotoxic_like	27856	marker_based_fine_candidate_annotation.csv.gz	11fb72c7510c5613aef176329e928327e7ce3608c15e99d85c571ef3d6c77952
shadow__ebd21c945844116109ec	TASK01	marker_based_fine	TLS_B_like	Unknown	Unknown	Unknown	annotation_status::coarse::Unknown	annotation_status::mid::Unknown	annotation_status::fine::Unknown	candidate_only	shadow_candidate	shadow_candidate	fine	TLS_B_like	state::fine::TLS_B_like	1644	marker_based_fine_candidate_annotation.csv.gz	11fb72c7510c5613aef176329e928327e7ce3608c15e99d85c571ef3d6c77952
shadow__137a774318ef411f249a	TASK01	marker_based_fine	TREM2_macrophage_like	Unknown	Unknown	Unknown	annotation_status::coarse::Unknown	annotation_status::mid::Unknown	annotation_status::fine::Unknown	candidate_only	shadow_candidate	shadow_candidate	fine	TREM2_macrophage_like	state::fine::TREM2_macrophage_like	9283	marker_based_fine_candidate_annotation.csv.gz	11fb72c7510c5613aef176329e928327e7ce3608c15e99d85c571ef3d6c77952
shadow__533e26e4cd9f9205f688	TASK01	marker_based_fine	Treg_suppressive_like	Unknown	Unknown	Unknown	annotation_status::coarse::Unknown	annotation_status::mid::Unknown	annotation_status::fine::Unknown	candidate_only	shadow_candidate	shadow_candidate	fine	Treg_suppressive_like	state::fine::Treg_suppressive_like	2720	marker_based_fine_candidate_annotation.csv.gz	11fb72c7510c5613aef176329e928327e7ce3608c15e99d85c571ef3d6c77952
shadow__4fa0663b513590c59010	TASK01	marker_based_fine	Unknown	Unknown	Unknown	Unknown	annotation_status::coarse::Unknown	annotation_status::mid::Unknown	annotation_status::fine::Unknown	candidate_only	shadow_candidate	shadow_candidate	fine	Unknown	annotation_status::fine::Unknown	1094282	marker_based_fine_candidate_annotation.csv.gz	11fb72c7510c5613aef176329e928327e7ce3608c15e99d85c571ef3d6c77952
shadow__3c8994c915ca15262cf4	TASK01	marker_based_fine	angiogenic_endothelial_like	Unknown	Unknown	Unknown	annotation_status::coarse::Unknown	annotation_status::mid::Unknown	annotation_status::fine::Unknown	candidate_only	shadow_candidate	shadow_candidate	fine	angiogenic_endothelial_like	state::fine::angiogenic_endothelial_like	3995	marker_based_fine_candidate_annotation.csv.gz	11fb72c7510c5613aef176329e928327e7ce3608c15e99d85c571ef3d6c77952
shadow__62735088bdcc703c7fb6	TASK01	marker_based_fine	neutrophil_TAN_NET_like	Unknown	Unknown	Unknown	annotation_status::coarse::Unknown	annotation_status::mid::Unknown	annotation_status::fine::Unknown	candidate_only	shadow_candidate	shadow_candidate	fine	neutrophil_TAN_NET_like	state::fine::neutrophil_TAN_NET_like	11529	marker_based_fine_candidate_annotation.csv.gz	11fb72c7510c5613aef176329e928327e7ce3608c15e99d85c571ef3d6c77952
shadow__9a5f29905595850b2393	TASK01	marker_based_fine	plasma_Ig_like	Unknown	Unknown	Unknown	annotation_status::coarse::Unknown	annotation_status::mid::Unknown	annotation_status::fine::Unknown	candidate_only	shadow_candidate	shadow_candidate	fine	plasma_Ig_like	state::fine::plasma_Ig_like	11417	marker_based_fine_candidate_annotation.csv.gz	11fb72c7510c5613aef176329e928327e7ce3608c15e99d85c571ef3d6c77952
shadow__b68726fa7e77db833578	TASK01	marker_based_fine	tumor_IFN_APM_high_like	Unknown	Unknown	Unknown	annotation_status::coarse::Unknown	annotation_status::mid::Unknown	annotation_status::fine::Unknown	candidate_only	shadow_candidate	shadow_candidate	fine	tumor_IFN_APM_high_like	state::fine::tumor_IFN_APM_high_like	1404	marker_based_fine_candidate_annotation.csv.gz	11fb72c7510c5613aef176329e928327e7ce3608c15e99d85c571ef3d6c77952
shadow__c9da16ccae937e91f708	TASK01	marker_based_fine	tumor_WNT_exclusion_like	Unknown	Unknown	Unknown	annotation_status::coarse::Unknown	annotation_status::mid::Unknown	annotation_status::fine::Unknown	candidate_only	shadow_candidate	shadow_candidate	fine	tumor_WNT_exclusion_like	state::fine::tumor_WNT_exclusion_like	10641	marker_based_fine_candidate_annotation.csv.gz	11fb72c7510c5613aef176329e928327e7ce3608c15e99d85c571ef3d6c77952
shadow__83b9e917fde1eb9f895a	TASK01	marker_based_fine	tumor_cell_cycle_like	Unknown	Unknown	Unknown	annotation_status::coarse::Unknown	annotation_status::mid::Unknown	annotation_status::fine::Unknown	candidate_only	shadow_candidate	shadow_candidate	fine	tumor_cell_cycle_like	state::fine::tumor_cell_cycle_like	5922	marker_based_fine_candidate_annotation.csv.gz	11fb72c7510c5613aef176329e928327e7ce3608c15e99d85c571ef3d6c77952
shadow__682ed7c3a7f7d97260dd	TASK01	marker_based_fine	vascular_endothelial_like	Unknown	Unknown	Unknown	annotation_status::coarse::Unknown	annotation_status::mid::Unknown	annotation_status::fine::Unknown	candidate_only	shadow_candidate	shadow_candidate	fine	vascular_endothelial_like	state::fine::vascular_endothelial_like	6049	marker_based_fine_candidate_annotation.csv.gz	11fb72c7510c5613aef176329e928327e7ce3608c15e99d85c571ef3d6c77952
shadow__9b0c3b953dfca942057b	TASK01	marker_based_mid	APC_priming_like	Unknown	Unknown	Unknown	annotation_status::coarse::Unknown	annotation_status::mid::Unknown	annotation_status::fine::Unknown	candidate_only	shadow_candidate	shadow_candidate	mid	APC_priming_like		18064	marker_based_mid_annotation.csv.gz	8a93369d569423594390d587d4001a36f820bafb165dc04654523717b089b3ae
shadow__480d93925b990336b8db	TASK01	marker_based_mid	B_cell	Unknown	Unknown	Unknown	annotation_status::coarse::Unknown	annotation_status::mid::Unknown	annotation_status::fine::Unknown	candidate_only	shadow_candidate	shadow_candidate	mid	B_cell	identity::mid::B_cell	10603	marker_based_mid_annotation.csv.gz	8a93369d569423594390d587d4001a36f820bafb165dc04654523717b089b3ae
shadow__32ed44f727a424d997cb	TASK01	marker_based_mid	CAF	Unknown	Unknown	Unknown	annotation_status::coarse::Unknown	annotation_status::mid::Unknown	annotation_status::fine::Unknown	candidate_only	shadow_candidate	shadow_candidate	mid	CAF	identity::mid::CAF	14903	marker_based_mid_annotation.csv.gz	8a93369d569423594390d587d4001a36f820bafb165dc04654523717b089b3ae
shadow__d3fa2aa02c17b16368df	TASK01	marker_based_mid	CD4_T	Unknown	Unknown	Unknown	annotation_status::coarse::Unknown	annotation_status::mid::Unknown	annotation_status::fine::Unknown	candidate_only	shadow_candidate	shadow_candidate	mid	CD4_T	identity::mid::CD4_T	23157	marker_based_mid_annotation.csv.gz	8a93369d569423594390d587d4001a36f820bafb165dc04654523717b089b3ae
shadow__22cf4c84e6f537658526	TASK01	marker_based_mid	CD8_T	Unknown	Unknown	Unknown	annotation_status::coarse::Unknown	annotation_status::mid::Unknown	annotation_status::fine::Unknown	candidate_only	shadow_candidate	shadow_candidate	mid	CD8_T	identity::mid::CD8_T	41765	marker_based_mid_annotation.csv.gz	8a93369d569423594390d587d4001a36f820bafb165dc04654523717b089b3ae
shadow__d845e60f1fdb26707bbd	TASK01	marker_based_mid	DC	Unknown	Unknown	Unknown	annotation_status::coarse::Unknown	annotation_status::mid::Unknown	annotation_status::fine::Unknown	candidate_only	shadow_candidate	shadow_candidate	mid	DC	identity::mid::DC	17546	marker_based_mid_annotation.csv.gz	8a93369d569423594390d587d4001a36f820bafb165dc04654523717b089b3ae
shadow__bbee1b9e4365e70fbe5e	TASK01	marker_based_mid	Endothelial	Unknown	Unknown	Unknown	annotation_status::coarse::Unknown	annotation_status::mid::Unknown	annotation_status::fine::Unknown	candidate_only	shadow_candidate	shadow_candidate	mid	Endothelial	identity::mid::Endothelial	17857	marker_based_mid_annotation.csv.gz	8a93369d569423594390d587d4001a36f820bafb165dc04654523717b089b3ae
shadow__dbf810ecbbca7a021b56	TASK01	marker_based_mid	Macrophage	Unknown	Unknown	Unknown	annotation_status::coarse::Unknown	annotation_status::mid::Unknown	annotation_status::fine::Unknown	candidate_only	shadow_candidate	shadow_candidate	mid	Macrophage	identity::mid::Macrophage	34514	marker_based_mid_annotation.csv.gz	8a93369d569423594390d587d4001a36f820bafb165dc04654523717b089b3ae
shadow__ee4bc6ed321895357cc3	TASK01	marker_based_mid	Monocyte	Unknown	Unknown	Unknown	annotation_status::coarse::Unknown	annotation_status::mid::Unknown	annotation_status::fine::Unknown	candidate_only	shadow_candidate	shadow_candidate	mid	Monocyte	identity::mid::Monocyte	7346	marker_based_mid_annotation.csv.gz	8a93369d569423594390d587d4001a36f820bafb165dc04654523717b089b3ae
shadow__b9211497ee6741602084	TASK01	marker_based_mid	NK	Unknown	Unknown	Unknown	annotation_status::coarse::Unknown	annotation_status::mid::Unknown	annotation_status::fine::Unknown	candidate_only	shadow_candidate	shadow_candidate	mid	NK	identity::mid::NK	31954	marker_based_mid_annotation.csv.gz	8a93369d569423594390d587d4001a36f820bafb165dc04654523717b089b3ae
shadow__b447a05142eb59ba2090	TASK01	marker_based_mid	NKT_like	Unknown	Unknown	Unknown	annotation_status::coarse::Unknown	annotation_status::mid::Unknown	annotation_status::fine::Unknown	candidate_only	shadow_candidate	shadow_candidate	mid	NKT_like	identity::mid::NKT_like	22400	marker_based_mid_annotation.csv.gz	8a93369d569423594390d587d4001a36f820bafb165dc04654523717b089b3ae
shadow__9f94bf8436fe6e0bd910	TASK01	marker_based_mid	Neutrophil_TAN_like	Unknown	Unknown	Unknown	annotation_status::coarse::Unknown	annotation_status::mid::Unknown	annotation_status::fine::Unknown	candidate_only	shadow_candidate	shadow_candidate	mid	Neutrophil_TAN_like	identity::mid::Neutrophil_TAN_like	14736	marker_based_mid_annotation.csv.gz	8a93369d569423594390d587d4001a36f820bafb165dc04654523717b089b3ae
shadow__ec88d701f7b814193ca0	TASK01	marker_based_mid	Plasma_cell	Unknown	Unknown	Unknown	annotation_status::coarse::Unknown	annotation_status::mid::Unknown	annotation_status::fine::Unknown	candidate_only	shadow_candidate	shadow_candidate	mid	Plasma_cell	identity::mid::Plasma_cell	20977	marker_based_mid_annotation.csv.gz	8a93369d569423594390d587d4001a36f820bafb165dc04654523717b089b3ae
shadow__9b7c3b9b4fd624674d22	TASK01	marker_based_mid	Treg	Unknown	Unknown	Unknown	annotation_status::coarse::Unknown	annotation_status::mid::Unknown	annotation_status::fine::Unknown	candidate_only	shadow_candidate	shadow_candidate	mid	Treg	identity::mid::Treg	11128	marker_based_mid_annotation.csv.gz	8a93369d569423594390d587d4001a36f820bafb165dc04654523717b089b3ae
shadow__718bffe74bbe622ab0b6	TASK01	marker_based_mid	Tumor_epithelial_like	Unknown	Unknown	Unknown	annotation_status::coarse::Unknown	annotation_status::mid::Unknown	annotation_status::fine::Unknown	candidate_only	shadow_candidate	shadow_candidate	mid	Tumor_epithelial_like	identity::mid::Tumor_epithelial_like	79242	marker_based_mid_annotation.csv.gz	8a93369d569423594390d587d4001a36f820bafb165dc04654523717b089b3ae
shadow__14732d4f9b5dbfe8c8cd	TASK01	marker_based_mid	Unknown	Unknown	Unknown	Unknown	annotation_status::coarse::Unknown	annotation_status::mid::Unknown	annotation_status::fine::Unknown	candidate_only	shadow_candidate	shadow_candidate	mid	Unknown	annotation_status::mid::Unknown	855712	marker_based_mid_annotation.csv.gz	8a93369d569423594390d587d4001a36f820bafb165dc04654523717b089b3ae
shadow__24cd0fd36d280ab5f76d	TASK01	marker_based_mid	pDC	Unknown	Unknown	Unknown	annotation_status::coarse::Unknown	annotation_status::mid::Unknown	annotation_status::fine::Unknown	candidate_only	shadow_candidate	shadow_candidate	mid	pDC	identity::mid::pDC	3130	marker_based_mid_annotation.csv.gz	8a93369d569423594390d587d4001a36f820bafb165dc04654523717b089b3ae
shadow__a5181f0abdc394037345	TASK02	marker_based_fine	CAF_inflammatory_like	Unknown	Unknown	Unknown	annotation_status::coarse::Unknown	annotation_status::mid::Unknown	annotation_status::fine::Unknown	candidate_only	shadow_candidate	shadow_candidate	fine	CAF_inflammatory_like	state::fine::CAF_inflammatory_like	9714	marker_based_fine_candidate_annotation.csv.gz	11fb72c7510c5613aef176329e928327e7ce3608c15e99d85c571ef3d6c77952
shadow__327817b998b76a4ab8d5	TASK02	marker_based_fine	CAF_myofibroblast_like	Unknown	Unknown	Unknown	annotation_status::coarse::Unknown	annotation_status::mid::Unknown	annotation_status::fine::Unknown	candidate_only	shadow_candidate	shadow_candidate	fine	CAF_myofibroblast_like	state::fine::CAF_myofibroblast_like	21769	marker_based_fine_candidate_annotation.csv.gz	11fb72c7510c5613aef176329e928327e7ce3608c15e99d85c571ef3d6c77952
shadow__c50ed79abccabfcc9fd1	TASK02	marker_based_fine	CD4_helper_like	Unknown	Unknown	Unknown	annotation_status::coarse::Unknown	annotation_status::mid::Unknown	annotation_status::fine::Unknown	candidate_only	shadow_candidate	shadow_candidate	fine	CD4_helper_like	state::fine::CD4_helper_like	25226	marker_based_fine_candidate_annotation.csv.gz	11fb72c7510c5613aef176329e928327e7ce3608c15e99d85c571ef3d6c77952
shadow__0dae0a341403273401ee	TASK02	marker_based_fine	CD8_cytotoxic_like	Unknown	Unknown	Unknown	annotation_status::coarse::Unknown	annotation_status::mid::Unknown	annotation_status::fine::Unknown	candidate_only	shadow_candidate	shadow_candidate	fine	CD8_cytotoxic_like	state::fine::CD8_cytotoxic_like	7282	marker_based_fine_candidate_annotation.csv.gz	11fb72c7510c5613aef176329e928327e7ce3608c15e99d85c571ef3d6c77952
shadow__fd26036a71e1d7027f8e	TASK02	marker_based_fine	CD8_exhausted_like	Unknown	Unknown	Unknown	annotation_status::coarse::Unknown	annotation_status::mid::Unknown	annotation_status::fine::Unknown	candidate_only	shadow_candidate	shadow_candidate	fine	CD8_exhausted_like	state::fine::CD8_exhausted_like	8277	marker_based_fine_candidate_annotation.csv.gz	11fb72c7510c5613aef176329e928327e7ce3608c15e99d85c571ef3d6c77952
shadow__5ac596acfc609d2be858	TASK02	marker_based_fine	CD8_progenitor_exhausted_like	Unknown	Unknown	Unknown	annotation_status::coarse::Unknown	annotation_status::mid::Unknown	annotation_status::fine::Unknown	candidate_only	shadow_candidate	shadow_candidate	fine	CD8_progenitor_exhausted_like	state::fine::CD8_progenitor_exhausted_like	1719	marker_based_fine_candidate_annotation.csv.gz	11fb72c7510c5613aef176329e928327e7ce3608c15e99d85c571ef3d6c77952
shadow__4e29b83b1614cf1bfe33	TASK02	marker_based_fine	CD8_terminal_exhausted_like	Unknown	Unknown	Unknown	annotation_status::coarse::Unknown	annotation_status::mid::Unknown	annotation_status::fine::Unknown	candidate_only	shadow_candidate	shadow_candidate	fine	CD8_terminal_exhausted_like	state::fine::CD8_terminal_exhausted_like	8079	marker_based_fine_candidate_annotation.csv.gz	11fb72c7510c5613aef176329e928327e7ce3608c15e99d85c571ef3d6c77952
shadow__571b626977598fe91d81	TASK02	marker_based_fine	DC_migratory_like	Unknown	Unknown	Unknown	annotation_status::coarse::Unknown	annotation_status::mid::Unknown	annotation_status::fine::Unknown	candidate_only	shadow_candidate	shadow_candidate	fine	DC_migratory_like	state::fine::DC_migratory_like	3099	marker_based_fine_candidate_annotation.csv.gz	11fb72c7510c5613aef176329e928327e7ce3608c15e99d85c571ef3d6c77952
shadow__b364744b0480b317e72b	TASK02	marker_based_fine	NK_cytotoxic_like	Unknown	Unknown	Unknown	annotation_status::coarse::Unknown	annotation_status::mid::Unknown	annotation_status::fine::Unknown	candidate_only	shadow_candidate	shadow_candidate	fine	NK_cytotoxic_like	state::fine::NK_cytotoxic_like	34880	marker_based_fine_candidate_annotation.csv.gz	11fb72c7510c5613aef176329e928327e7ce3608c15e99d85c571ef3d6c77952
shadow__d09a5f8dc910977c3e04	TASK02	marker_based_fine	TLS_B_like	Unknown	Unknown	Unknown	annotation_status::coarse::Unknown	annotation_status::mid::Unknown	annotation_status::fine::Unknown	candidate_only	shadow_candidate	shadow_candidate	fine	TLS_B_like	state::fine::TLS_B_like	5788	marker_based_fine_candidate_annotation.csv.gz	11fb72c7510c5613aef176329e928327e7ce3608c15e99d85c571ef3d6c77952
shadow__54a34f4c4d93d70de386	TASK02	marker_based_fine	TREM2_macrophage_like	Unknown	Unknown	Unknown	annotation_status::coarse::Unknown	annotation_status::mid::Unknown	annotation_status::fine::Unknown	candidate_only	shadow_candidate	shadow_candidate	fine	TREM2_macrophage_like	state::fine::TREM2_macrophage_like	15391	marker_based_fine_candidate_annotation.csv.gz	11fb72c7510c5613aef176329e928327e7ce3608c15e99d85c571ef3d6c77952
shadow__8c148c36102a4c53675d	TASK02	marker_based_fine	Treg_suppressive_like	Unknown	Unknown	Unknown	annotation_status::coarse::Unknown	annotation_status::mid::Unknown	annotation_status::fine::Unknown	candidate_only	shadow_candidate	shadow_candidate	fine	Treg_suppressive_like	state::fine::Treg_suppressive_like	4228	marker_based_fine_candidate_annotation.csv.gz	11fb72c7510c5613aef176329e928327e7ce3608c15e99d85c571ef3d6c77952
shadow__735e9ecd918ed482334f	TASK02	marker_based_fine	Unknown	Unknown	Unknown	Unknown	annotation_status::coarse::Unknown	annotation_status::mid::Unknown	annotation_status::fine::Unknown	candidate_only	shadow_candidate	shadow_candidate	fine	Unknown	annotation_status::fine::Unknown	645109	marker_based_fine_candidate_annotation.csv.gz	11fb72c7510c5613aef176329e928327e7ce3608c15e99d85c571ef3d6c77952
shadow__054dcf934bf12627dfae	TASK02	marker_based_fine	angiogenic_endothelial_like	Unknown	Unknown	Unknown	annotation_status::coarse::Unknown	annotation_status::mid::Unknown	annotation_status::fine::Unknown	candidate_only	shadow_candidate	shadow_candidate	fine	angiogenic_endothelial_like	state::fine::angiogenic_endothelial_like	7220	marker_based_fine_candidate_annotation.csv.gz	11fb72c7510c5613aef176329e928327e7ce3608c15e99d85c571ef3d6c77952
shadow__b5d919d737629a9a39ee	TASK02	marker_based_fine	neutrophil_TAN_NET_like	Unknown	Unknown	Unknown	annotation_status::coarse::Unknown	annotation_status::mid::Unknown	annotation_status::fine::Unknown	candidate_only	shadow_candidate	shadow_candidate	fine	neutrophil_TAN_NET_like	state::fine::neutrophil_TAN_NET_like	20602	marker_based_fine_candidate_annotation.csv.gz	11fb72c7510c5613aef176329e928327e7ce3608c15e99d85c571ef3d6c77952
shadow__98bad6dbedd3ee42c431	TASK02	marker_based_fine	plasma_Ig_like	Unknown	Unknown	Unknown	annotation_status::coarse::Unknown	annotation_status::mid::Unknown	annotation_status::fine::Unknown	candidate_only	shadow_candidate	shadow_candidate	fine	plasma_Ig_like	state::fine::plasma_Ig_like	23448	marker_based_fine_candidate_annotation.csv.gz	11fb72c7510c5613aef176329e928327e7ce3608c15e99d85c571ef3d6c77952
shadow__3416e197173cce7df9b6	TASK02	marker_based_fine	tumor_IFN_APM_high_like	Unknown	Unknown	Unknown	annotation_status::coarse::Unknown	annotation_status::mid::Unknown	annotation_status::fine::Unknown	candidate_only	shadow_candidate	shadow_candidate	fine	tumor_IFN_APM_high_like	state::fine::tumor_IFN_APM_high_like	2628	marker_based_fine_candidate_annotation.csv.gz	11fb72c7510c5613aef176329e928327e7ce3608c15e99d85c571ef3d6c77952
shadow__10bee559a320fa69027d	TASK02	marker_based_fine	tumor_WNT_exclusion_like	Unknown	Unknown	Unknown	annotation_status::coarse::Unknown	annotation_status::mid::Unknown	annotation_status::fine::Unknown	candidate_only	shadow_candidate	shadow_candidate	fine	tumor_WNT_exclusion_like	state::fine::tumor_WNT_exclusion_like	17221	marker_based_fine_candidate_annotation.csv.gz	11fb72c7510c5613aef176329e928327e7ce3608c15e99d85c571ef3d6c77952
shadow__315a9686846c45179365	TASK02	marker_based_fine	tumor_cell_cycle_like	Unknown	Unknown	Unknown	annotation_status::coarse::Unknown	annotation_status::mid::Unknown	annotation_status::fine::Unknown	candidate_only	shadow_candidate	shadow_candidate	fine	tumor_cell_cycle_like	state::fine::tumor_cell_cycle_like	7000	marker_based_fine_candidate_annotation.csv.gz	11fb72c7510c5613aef176329e928327e7ce3608c15e99d85c571ef3d6c77952
shadow__4efa179148518fd765ed	TASK02	marker_based_fine	vascular_endothelial_like	Unknown	Unknown	Unknown	annotation_status::coarse::Unknown	annotation_status::mid::Unknown	annotation_status::fine::Unknown	candidate_only	shadow_candidate	shadow_candidate	fine	vascular_endothelial_like	state::fine::vascular_endothelial_like	13185	marker_based_fine_candidate_annotation.csv.gz	11fb72c7510c5613aef176329e928327e7ce3608c15e99d85c571ef3d6c77952
shadow__3a9e6da8927737a34205	TASK02	marker_based_mid	APC_priming_like	Unknown	Unknown	Unknown	annotation_status::coarse::Unknown	annotation_status::mid::Unknown	annotation_status::fine::Unknown	candidate_only	shadow_candidate	shadow_candidate	mid	APC_priming_like		32409	marker_based_mid_annotation.csv.gz	8a93369d569423594390d587d4001a36f820bafb165dc04654523717b089b3ae
shadow__799cb397ad0617f9bf15	TASK02	marker_based_mid	B_cell	Unknown	Unknown	Unknown	annotation_status::coarse::Unknown	annotation_status::mid::Unknown	annotation_status::fine::Unknown	candidate_only	shadow_candidate	shadow_candidate	mid	B_cell	identity::mid::B_cell	24009	marker_based_mid_annotation.csv.gz	8a93369d569423594390d587d4001a36f820bafb165dc04654523717b089b3ae
shadow__9640d0ea1b69b1c3e411	TASK02	marker_based_mid	CAF	Unknown	Unknown	Unknown	annotation_status::coarse::Unknown	annotation_status::mid::Unknown	annotation_status::fine::Unknown	candidate_only	shadow_candidate	shadow_candidate	mid	CAF	identity::mid::CAF	52434	marker_based_mid_annotation.csv.gz	8a93369d569423594390d587d4001a36f820bafb165dc04654523717b089b3ae
shadow__8df2c21349b23d697a7b	TASK02	marker_based_mid	CD4_T	Unknown	Unknown	Unknown	annotation_status::coarse::Unknown	annotation_status::mid::Unknown	annotation_status::fine::Unknown	candidate_only	shadow_candidate	shadow_candidate	mid	CD4_T	identity::mid::CD4_T	41521	marker_based_mid_annotation.csv.gz	8a93369d569423594390d587d4001a36f820bafb165dc04654523717b089b3ae
shadow__fb88937a9838da908972	TASK02	marker_based_mid	CD8_T	Unknown	Unknown	Unknown	annotation_status::coarse::Unknown	annotation_status::mid::Unknown	annotation_status::fine::Unknown	candidate_only	shadow_candidate	shadow_candidate	mid	CD8_T	identity::mid::CD8_T	58425	marker_based_mid_annotation.csv.gz	8a93369d569423594390d587d4001a36f820bafb165dc04654523717b089b3ae
shadow__1bde606fd66d088dd0fa	TASK02	marker_based_mid	DC	Unknown	Unknown	Unknown	annotation_status::coarse::Unknown	annotation_status::mid::Unknown	annotation_status::fine::Unknown	candidate_only	shadow_candidate	shadow_candidate	mid	DC	identity::mid::DC	29480	marker_based_mid_annotation.csv.gz	8a93369d569423594390d587d4001a36f820bafb165dc04654523717b089b3ae
shadow__73361382b433cc3cdbb1	TASK02	marker_based_mid	Endothelial	Unknown	Unknown	Unknown	annotation_status::coarse::Unknown	annotation_status::mid::Unknown	annotation_status::fine::Unknown	candidate_only	shadow_candidate	shadow_candidate	mid	Endothelial	identity::mid::Endothelial	43906	marker_based_mid_annotation.csv.gz	8a93369d569423594390d587d4001a36f820bafb165dc04654523717b089b3ae
shadow__ed4d01f45029a58b082c	TASK02	marker_based_mid	Macrophage	Unknown	Unknown	Unknown	annotation_status::coarse::Unknown	annotation_status::mid::Unknown	annotation_status::fine::Unknown	candidate_only	shadow_candidate	shadow_candidate	mid	Macrophage	identity::mid::Macrophage	55373	marker_based_mid_annotation.csv.gz	8a93369d569423594390d587d4001a36f820bafb165dc04654523717b089b3ae
shadow__9e8ff8d036a9aaaa9e35	TASK02	marker_based_mid	Monocyte	Unknown	Unknown	Unknown	annotation_status::coarse::Unknown	annotation_status::mid::Unknown	annotation_status::fine::Unknown	candidate_only	shadow_candidate	shadow_candidate	mid	Monocyte	identity::mid::Monocyte	11518	marker_based_mid_annotation.csv.gz	8a93369d569423594390d587d4001a36f820bafb165dc04654523717b089b3ae
shadow__ec46f5651713f1d00d90	TASK02	marker_based_mid	NK	Unknown	Unknown	Unknown	annotation_status::coarse::Unknown	annotation_status::mid::Unknown	annotation_status::fine::Unknown	candidate_only	shadow_candidate	shadow_candidate	mid	NK	identity::mid::NK	42038	marker_based_mid_annotation.csv.gz	8a93369d569423594390d587d4001a36f820bafb165dc04654523717b089b3ae
shadow__4fa3a5d9d671226e549a	TASK02	marker_based_mid	NKT_like	Unknown	Unknown	Unknown	annotation_status::coarse::Unknown	annotation_status::mid::Unknown	annotation_status::fine::Unknown	candidate_only	shadow_candidate	shadow_candidate	mid	NKT_like	identity::mid::NKT_like	36038	marker_based_mid_annotation.csv.gz	8a93369d569423594390d587d4001a36f820bafb165dc04654523717b089b3ae
shadow__4b4b7e114bd8a918473c	TASK02	marker_based_mid	Neutrophil_TAN_like	Unknown	Unknown	Unknown	annotation_status::coarse::Unknown	annotation_status::mid::Unknown	annotation_status::fine::Unknown	candidate_only	shadow_candidate	shadow_candidate	mid	Neutrophil_TAN_like	identity::mid::Neutrophil_TAN_like	26763	marker_based_mid_annotation.csv.gz	8a93369d569423594390d587d4001a36f820bafb165dc04654523717b089b3ae
shadow__30d936a136f8ab0653d2	TASK02	marker_based_mid	Plasma_cell	Unknown	Unknown	Unknown	annotation_status::coarse::Unknown	annotation_status::mid::Unknown	annotation_status::fine::Unknown	candidate_only	shadow_candidate	shadow_candidate	mid	Plasma_cell	identity::mid::Plasma_cell	43693	marker_based_mid_annotation.csv.gz	8a93369d569423594390d587d4001a36f820bafb165dc04654523717b089b3ae
shadow__4a95df56b271ec0c52a2	TASK02	marker_based_mid	Treg	Unknown	Unknown	Unknown	annotation_status::coarse::Unknown	annotation_status::mid::Unknown	annotation_status::fine::Unknown	candidate_only	shadow_candidate	shadow_candidate	mid	Treg	identity::mid::Treg	27829	marker_based_mid_annotation.csv.gz	8a93369d569423594390d587d4001a36f820bafb165dc04654523717b089b3ae
shadow__a5870d5001db55b36c97	TASK02	marker_based_mid	Tumor_epithelial_like	Unknown	Unknown	Unknown	annotation_status::coarse::Unknown	annotation_status::mid::Unknown	annotation_status::fine::Unknown	candidate_only	shadow_candidate	shadow_candidate	mid	Tumor_epithelial_like	identity::mid::Tumor_epithelial_like	143249	marker_based_mid_annotation.csv.gz	8a93369d569423594390d587d4001a36f820bafb165dc04654523717b089b3ae
shadow__b2bd8eb845dd61360492	TASK02	marker_based_mid	Unknown	Unknown	Unknown	Unknown	annotation_status::coarse::Unknown	annotation_status::mid::Unknown	annotation_status::fine::Unknown	candidate_only	shadow_candidate	shadow_candidate	mid	Unknown	annotation_status::mid::Unknown	208434	marker_based_mid_annotation.csv.gz	8a93369d569423594390d587d4001a36f820bafb165dc04654523717b089b3ae
shadow__55d40488ee4f33b64133	TASK02	marker_based_mid	pDC	Unknown	Unknown	Unknown	annotation_status::coarse::Unknown	annotation_status::mid::Unknown	annotation_status::fine::Unknown	candidate_only	shadow_candidate	shadow_candidate	mid	pDC	identity::mid::pDC	4746	marker_based_mid_annotation.csv.gz	8a93369d569423594390d587d4001a36f820bafb165dc04654523717b089b3ae
shadow__378284f82aa40d529a19	krishna_2021_rcc	marker_based_fine	CAF_inflammatory_like	Unknown	Unknown	Unknown	annotation_status::coarse::Unknown	annotation_status::mid::Unknown	annotation_status::fine::Unknown	candidate_only	shadow_candidate	shadow_candidate	fine	CAF_inflammatory_like	state::fine::CAF_inflammatory_like	1688	marker_based_fine_candidate_annotation.csv.gz	11fb72c7510c5613aef176329e928327e7ce3608c15e99d85c571ef3d6c77952
shadow__208cdcfbae2b7d19c479	krishna_2021_rcc	marker_based_fine	CAF_myofibroblast_like	Unknown	Unknown	Unknown	annotation_status::coarse::Unknown	annotation_status::mid::Unknown	annotation_status::fine::Unknown	candidate_only	shadow_candidate	shadow_candidate	fine	CAF_myofibroblast_like	state::fine::CAF_myofibroblast_like	2514	marker_based_fine_candidate_annotation.csv.gz	11fb72c7510c5613aef176329e928327e7ce3608c15e99d85c571ef3d6c77952
shadow__a853fa34a291612db91a	krishna_2021_rcc	marker_based_fine	CD4_helper_like	Unknown	Unknown	Unknown	annotation_status::coarse::Unknown	annotation_status::mid::Unknown	annotation_status::fine::Unknown	candidate_only	shadow_candidate	shadow_candidate	fine	CD4_helper_like	state::fine::CD4_helper_like	679	marker_based_fine_candidate_annotation.csv.gz	11fb72c7510c5613aef176329e928327e7ce3608c15e99d85c571ef3d6c77952
shadow__c406928fcefcc0ecf237	krishna_2021_rcc	marker_based_fine	CD8_cytotoxic_like	Unknown	Unknown	Unknown	annotation_status::coarse::Unknown	annotation_status::mid::Unknown	annotation_status::fine::Unknown	candidate_only	shadow_candidate	shadow_candidate	fine	CD8_cytotoxic_like	state::fine::CD8_cytotoxic_like	1505	marker_based_fine_candidate_annotation.csv.gz	11fb72c7510c5613aef176329e928327e7ce3608c15e99d85c571ef3d6c77952
shadow__952141676e86d6f6bfd7	krishna_2021_rcc	marker_based_fine	CD8_exhausted_like	Unknown	Unknown	Unknown	annotation_status::coarse::Unknown	annotation_status::mid::Unknown	annotation_status::fine::Unknown	candidate_only	shadow_candidate	shadow_candidate	fine	CD8_exhausted_like	state::fine::CD8_exhausted_like	1980	marker_based_fine_candidate_annotation.csv.gz	11fb72c7510c5613aef176329e928327e7ce3608c15e99d85c571ef3d6c77952
shadow__47c3d3d94ce45ea32c2a	krishna_2021_rcc	marker_based_fine	CD8_progenitor_exhausted_like	Unknown	Unknown	Unknown	annotation_status::coarse::Unknown	annotation_status::mid::Unknown	annotation_status::fine::Unknown	candidate_only	shadow_candidate	shadow_candidate	fine	CD8_progenitor_exhausted_like	state::fine::CD8_progenitor_exhausted_like	114	marker_based_fine_candidate_annotation.csv.gz	11fb72c7510c5613aef176329e928327e7ce3608c15e99d85c571ef3d6c77952
shadow__96377083b0148949c559	krishna_2021_rcc	marker_based_fine	CD8_terminal_exhausted_like	Unknown	Unknown	Unknown	annotation_status::coarse::Unknown	annotation_status::mid::Unknown	annotation_status::fine::Unknown	candidate_only	shadow_candidate	shadow_candidate	fine	CD8_terminal_exhausted_like	state::fine::CD8_terminal_exhausted_like	2870	marker_based_fine_candidate_annotation.csv.gz	11fb72c7510c5613aef176329e928327e7ce3608c15e99d85c571ef3d6c77952
shadow__f52b338b0606c4ac35f6	krishna_2021_rcc	marker_based_fine	DC_migratory_like	Unknown	Unknown	Unknown	annotation_status::coarse::Unknown	annotation_status::mid::Unknown	annotation_status::fine::Unknown	candidate_only	shadow_candidate	shadow_candidate	fine	DC_migratory_like	state::fine::DC_migratory_like	375	marker_based_fine_candidate_annotation.csv.gz	11fb72c7510c5613aef176329e928327e7ce3608c15e99d85c571ef3d6c77952
shadow__74c87524f77f65659f55	krishna_2021_rcc	marker_based_fine	NK_cytotoxic_like	Unknown	Unknown	Unknown	annotation_status::coarse::Unknown	annotation_status::mid::Unknown	annotation_status::fine::Unknown	candidate_only	shadow_candidate	shadow_candidate	fine	NK_cytotoxic_like	state::fine::NK_cytotoxic_like	12618	marker_based_fine_candidate_annotation.csv.gz	11fb72c7510c5613aef176329e928327e7ce3608c15e99d85c571ef3d6c77952
shadow__d250850f10d5abf85f58	krishna_2021_rcc	marker_based_fine	TLS_B_like	Unknown	Unknown	Unknown	annotation_status::coarse::Unknown	annotation_status::mid::Unknown	annotation_status::fine::Unknown	candidate_only	shadow_candidate	shadow_candidate	fine	TLS_B_like	state::fine::TLS_B_like	3	marker_based_fine_candidate_annotation.csv.gz	11fb72c7510c5613aef176329e928327e7ce3608c15e99d85c571ef3d6c77952
shadow__5cdd7715e3a61b3b7a5d	krishna_2021_rcc	marker_based_fine	TREM2_macrophage_like	Unknown	Unknown	Unknown	annotation_status::coarse::Unknown	annotation_status::mid::Unknown	annotation_status::fine::Unknown	candidate_only	shadow_candidate	shadow_candidate	fine	TREM2_macrophage_like	state::fine::TREM2_macrophage_like	624	marker_based_fine_candidate_annotation.csv.gz	11fb72c7510c5613aef176329e928327e7ce3608c15e99d85c571ef3d6c77952
shadow__ddb9d7ee276f819302a4	krishna_2021_rcc	marker_based_fine	Treg_suppressive_like	Unknown	Unknown	Unknown	annotation_status::coarse::Unknown	annotation_status::mid::Unknown	annotation_status::fine::Unknown	candidate_only	shadow_candidate	shadow_candidate	fine	Treg_suppressive_like	state::fine::Treg_suppressive_like	32	marker_based_fine_candidate_annotation.csv.gz	11fb72c7510c5613aef176329e928327e7ce3608c15e99d85c571ef3d6c77952
shadow__e6093bb78e84ef60b7a9	krishna_2021_rcc	marker_based_fine	Unknown	Unknown	Unknown	Unknown	annotation_status::coarse::Unknown	annotation_status::mid::Unknown	annotation_status::fine::Unknown	candidate_only	shadow_candidate	shadow_candidate	fine	Unknown	annotation_status::fine::Unknown	132655	marker_based_fine_candidate_annotation.csv.gz	11fb72c7510c5613aef176329e928327e7ce3608c15e99d85c571ef3d6c77952
shadow__63711104e9a4e38c7914	krishna_2021_rcc	marker_based_fine	angiogenic_endothelial_like	Unknown	Unknown	Unknown	annotation_status::coarse::Unknown	annotation_status::mid::Unknown	annotation_status::fine::Unknown	candidate_only	shadow_candidate	shadow_candidate	fine	angiogenic_endothelial_like	state::fine::angiogenic_endothelial_like	2134	marker_based_fine_candidate_annotation.csv.gz	11fb72c7510c5613aef176329e928327e7ce3608c15e99d85c571ef3d6c77952
shadow__a99ec7c3ea8c562127be	krishna_2021_rcc	marker_based_fine	neutrophil_TAN_NET_like	Unknown	Unknown	Unknown	annotation_status::coarse::Unknown	annotation_status::mid::Unknown	annotation_status::fine::Unknown	candidate_only	shadow_candidate	shadow_candidate	fine	neutrophil_TAN_NET_like	state::fine::neutrophil_TAN_NET_like	2434	marker_based_fine_candidate_annotation.csv.gz	11fb72c7510c5613aef176329e928327e7ce3608c15e99d85c571ef3d6c77952
shadow__7377a2d71e0a92941bb7	krishna_2021_rcc	marker_based_fine	plasma_Ig_like	Unknown	Unknown	Unknown	annotation_status::coarse::Unknown	annotation_status::mid::Unknown	annotation_status::fine::Unknown	candidate_only	shadow_candidate	shadow_candidate	fine	plasma_Ig_like	state::fine::plasma_Ig_like	343	marker_based_fine_candidate_annotation.csv.gz	11fb72c7510c5613aef176329e928327e7ce3608c15e99d85c571ef3d6c77952
shadow__ab847f8d6f1b9debcd9c	krishna_2021_rcc	marker_based_fine	tumor_IFN_APM_high_like	Unknown	Unknown	Unknown	annotation_status::coarse::Unknown	annotation_status::mid::Unknown	annotation_status::fine::Unknown	candidate_only	shadow_candidate	shadow_candidate	fine	tumor_IFN_APM_high_like	state::fine::tumor_IFN_APM_high_like	519	marker_based_fine_candidate_annotation.csv.gz	11fb72c7510c5613aef176329e928327e7ce3608c15e99d85c571ef3d6c77952
shadow__c7d10c186fb987843ed9	krishna_2021_rcc	marker_based_fine	tumor_WNT_exclusion_like	Unknown	Unknown	Unknown	annotation_status::coarse::Unknown	annotation_status::mid::Unknown	annotation_status::fine::Unknown	candidate_only	shadow_candidate	shadow_candidate	fine	tumor_WNT_exclusion_like	state::fine::tumor_WNT_exclusion_like	1587	marker_based_fine_candidate_annotation.csv.gz	11fb72c7510c5613aef176329e928327e7ce3608c15e99d85c571ef3d6c77952
shadow__0db3e798222ce1a978c0	krishna_2021_rcc	marker_based_fine	tumor_cell_cycle_like	Unknown	Unknown	Unknown	annotation_status::coarse::Unknown	annotation_status::mid::Unknown	annotation_status::fine::Unknown	candidate_only	shadow_candidate	shadow_candidate	fine	tumor_cell_cycle_like	state::fine::tumor_cell_cycle_like	150	marker_based_fine_candidate_annotation.csv.gz	11fb72c7510c5613aef176329e928327e7ce3608c15e99d85c571ef3d6c77952
shadow__35f9b3a1934309808ca4	krishna_2021_rcc	marker_based_fine	vascular_endothelial_like	Unknown	Unknown	Unknown	annotation_status::coarse::Unknown	annotation_status::mid::Unknown	annotation_status::fine::Unknown	candidate_only	shadow_candidate	shadow_candidate	fine	vascular_endothelial_like	state::fine::vascular_endothelial_like	2459	marker_based_fine_candidate_annotation.csv.gz	11fb72c7510c5613aef176329e928327e7ce3608c15e99d85c571ef3d6c77952
shadow__09a710cbf17b1fe034d3	krishna_2021_rcc	marker_based_mid	APC_priming_like	Unknown	Unknown	Unknown	annotation_status::coarse::Unknown	annotation_status::mid::Unknown	annotation_status::fine::Unknown	candidate_only	shadow_candidate	shadow_candidate	mid	APC_priming_like		8283	marker_based_mid_annotation.csv.gz	8a93369d569423594390d587d4001a36f820bafb165dc04654523717b089b3ae
shadow__83ec4f24b524454a1d98	krishna_2021_rcc	marker_based_mid	B_cell	Unknown	Unknown	Unknown	annotation_status::coarse::Unknown	annotation_status::mid::Unknown	annotation_status::fine::Unknown	candidate_only	shadow_candidate	shadow_candidate	mid	B_cell	identity::mid::B_cell	2977	marker_based_mid_annotation.csv.gz	8a93369d569423594390d587d4001a36f820bafb165dc04654523717b089b3ae
shadow__4add55818b0f35ef5be4	krishna_2021_rcc	marker_based_mid	CAF	Unknown	Unknown	Unknown	annotation_status::coarse::Unknown	annotation_status::mid::Unknown	annotation_status::fine::Unknown	candidate_only	shadow_candidate	shadow_candidate	mid	CAF	identity::mid::CAF	5386	marker_based_mid_annotation.csv.gz	8a93369d569423594390d587d4001a36f820bafb165dc04654523717b089b3ae
shadow__09496376a8cb1c223c6f	krishna_2021_rcc	marker_based_mid	CD4_T	Unknown	Unknown	Unknown	annotation_status::coarse::Unknown	annotation_status::mid::Unknown	annotation_status::fine::Unknown	candidate_only	shadow_candidate	shadow_candidate	mid	CD4_T	identity::mid::CD4_T	1968	marker_based_mid_annotation.csv.gz	8a93369d569423594390d587d4001a36f820bafb165dc04654523717b089b3ae
shadow__769da701f59da609aabe	krishna_2021_rcc	marker_based_mid	CD8_T	Unknown	Unknown	Unknown	annotation_status::coarse::Unknown	annotation_status::mid::Unknown	annotation_status::fine::Unknown	candidate_only	shadow_candidate	shadow_candidate	mid	CD8_T	identity::mid::CD8_T	14513	marker_based_mid_annotation.csv.gz	8a93369d569423594390d587d4001a36f820bafb165dc04654523717b089b3ae
shadow__adcd462ae314d0b41c87	krishna_2021_rcc	marker_based_mid	DC	Unknown	Unknown	Unknown	annotation_status::coarse::Unknown	annotation_status::mid::Unknown	annotation_status::fine::Unknown	candidate_only	shadow_candidate	shadow_candidate	mid	DC	identity::mid::DC	9746	marker_based_mid_annotation.csv.gz	8a93369d569423594390d587d4001a36f820bafb165dc04654523717b089b3ae
shadow__f8bc378a01b62decd017	krishna_2021_rcc	marker_based_mid	Endothelial	Unknown	Unknown	Unknown	annotation_status::coarse::Unknown	annotation_status::mid::Unknown	annotation_status::fine::Unknown	candidate_only	shadow_candidate	shadow_candidate	mid	Endothelial	identity::mid::Endothelial	11194	marker_based_mid_annotation.csv.gz	8a93369d569423594390d587d4001a36f820bafb165dc04654523717b089b3ae
shadow__220fbcf4bbeff6abe236	krishna_2021_rcc	marker_based_mid	Macrophage	Unknown	Unknown	Unknown	annotation_status::coarse::Unknown	annotation_status::mid::Unknown	annotation_status::fine::Unknown	candidate_only	shadow_candidate	shadow_candidate	mid	Macrophage	identity::mid::Macrophage	4445	marker_based_mid_annotation.csv.gz	8a93369d569423594390d587d4001a36f820bafb165dc04654523717b089b3ae
shadow__9028fed687eab1dea010	krishna_2021_rcc	marker_based_mid	Monocyte	Unknown	Unknown	Unknown	annotation_status::coarse::Unknown	annotation_status::mid::Unknown	annotation_status::fine::Unknown	candidate_only	shadow_candidate	shadow_candidate	mid	Monocyte	identity::mid::Monocyte	7790	marker_based_mid_annotation.csv.gz	8a93369d569423594390d587d4001a36f820bafb165dc04654523717b089b3ae
shadow__a1db338474a3b087e1e7	krishna_2021_rcc	marker_based_mid	NK	Unknown	Unknown	Unknown	annotation_status::coarse::Unknown	annotation_status::mid::Unknown	annotation_status::fine::Unknown	candidate_only	shadow_candidate	shadow_candidate	mid	NK	identity::mid::NK	14650	marker_based_mid_annotation.csv.gz	8a93369d569423594390d587d4001a36f820bafb165dc04654523717b089b3ae
shadow__ddc33e8b13ae30a5a5b2	krishna_2021_rcc	marker_based_mid	NKT_like	Unknown	Unknown	Unknown	annotation_status::coarse::Unknown	annotation_status::mid::Unknown	annotation_status::fine::Unknown	candidate_only	shadow_candidate	shadow_candidate	mid	NKT_like	identity::mid::NKT_like	8469	marker_based_mid_annotation.csv.gz	8a93369d569423594390d587d4001a36f820bafb165dc04654523717b089b3ae
shadow__03689f82dd9356ad591a	krishna_2021_rcc	marker_based_mid	Neutrophil_TAN_like	Unknown	Unknown	Unknown	annotation_status::coarse::Unknown	annotation_status::mid::Unknown	annotation_status::fine::Unknown	candidate_only	shadow_candidate	shadow_candidate	mid	Neutrophil_TAN_like	identity::mid::Neutrophil_TAN_like	5103	marker_based_mid_annotation.csv.gz	8a93369d569423594390d587d4001a36f820bafb165dc04654523717b089b3ae
shadow__053882314ffb6178875b	krishna_2021_rcc	marker_based_mid	Plasma_cell	Unknown	Unknown	Unknown	annotation_status::coarse::Unknown	annotation_status::mid::Unknown	annotation_status::fine::Unknown	candidate_only	shadow_candidate	shadow_candidate	mid	Plasma_cell	identity::mid::Plasma_cell	621	marker_based_mid_annotation.csv.gz	8a93369d569423594390d587d4001a36f820bafb165dc04654523717b089b3ae
shadow__cc9961b67af37e39c3c6	krishna_2021_rcc	marker_based_mid	Treg	Unknown	Unknown	Unknown	annotation_status::coarse::Unknown	annotation_status::mid::Unknown	annotation_status::fine::Unknown	candidate_only	shadow_candidate	shadow_candidate	mid	Treg	identity::mid::Treg	7033	marker_based_mid_annotation.csv.gz	8a93369d569423594390d587d4001a36f820bafb165dc04654523717b089b3ae
shadow__4ecd34442800ccd55f7e	krishna_2021_rcc	marker_based_mid	Tumor_epithelial_like	Unknown	Unknown	Unknown	annotation_status::coarse::Unknown	annotation_status::mid::Unknown	annotation_status::fine::Unknown	candidate_only	shadow_candidate	shadow_candidate	mid	Tumor_epithelial_like	identity::mid::Tumor_epithelial_like	9625	marker_based_mid_annotation.csv.gz	8a93369d569423594390d587d4001a36f820bafb165dc04654523717b089b3ae
shadow__5ab03dbec4317e7f2ffe	krishna_2021_rcc	marker_based_mid	Unknown	Unknown	Unknown	Unknown	annotation_status::coarse::Unknown	annotation_status::mid::Unknown	annotation_status::fine::Unknown	candidate_only	shadow_candidate	shadow_candidate	mid	Unknown	annotation_status::mid::Unknown	53718	marker_based_mid_annotation.csv.gz	8a93369d569423594390d587d4001a36f820bafb165dc04654523717b089b3ae
shadow__ac4b1c6864cdcf96545b	krishna_2021_rcc	marker_based_mid	pDC	Unknown	Unknown	Unknown	annotation_status::coarse::Unknown	annotation_status::mid::Unknown	annotation_status::fine::Unknown	candidate_only	shadow_candidate	shadow_candidate	mid	pDC	identity::mid::pDC	1762	marker_based_mid_annotation.csv.gz	8a93369d569423594390d587d4001a36f820bafb165dc04654523717b089b3ae
shadow__9a9e0c3ef069a78a9416	lambrecht_brca_cohort1_cells	marker_based_fine	CAF_inflammatory_like	Unknown	Unknown	Unknown	annotation_status::coarse::Unknown	annotation_status::mid::Unknown	annotation_status::fine::Unknown	candidate_only	shadow_candidate	shadow_candidate	fine	CAF_inflammatory_like	state::fine::CAF_inflammatory_like	5055	marker_based_fine_candidate_annotation.csv.gz	11fb72c7510c5613aef176329e928327e7ce3608c15e99d85c571ef3d6c77952
shadow__b8d8dd6becc3b18260fa	lambrecht_brca_cohort1_cells	marker_based_fine	CAF_myofibroblast_like	Unknown	Unknown	Unknown	annotation_status::coarse::Unknown	annotation_status::mid::Unknown	annotation_status::fine::Unknown	candidate_only	shadow_candidate	shadow_candidate	fine	CAF_myofibroblast_like	state::fine::CAF_myofibroblast_like	3888	marker_based_fine_candidate_annotation.csv.gz	11fb72c7510c5613aef176329e928327e7ce3608c15e99d85c571ef3d6c77952
shadow__7fcad00374fa9dc2d1d0	lambrecht_brca_cohort1_cells	marker_based_fine	CD4_helper_like	Unknown	Unknown	Unknown	annotation_status::coarse::Unknown	annotation_status::mid::Unknown	annotation_status::fine::Unknown	candidate_only	shadow_candidate	shadow_candidate	fine	CD4_helper_like	state::fine::CD4_helper_like	4738	marker_based_fine_candidate_annotation.csv.gz	11fb72c7510c5613aef176329e928327e7ce3608c15e99d85c571ef3d6c77952
shadow__e752937ad860fb2e9cbc	lambrecht_brca_cohort1_cells	marker_based_fine	CD8_cytotoxic_like	Unknown	Unknown	Unknown	annotation_status::coarse::Unknown	annotation_status::mid::Unknown	annotation_status::fine::Unknown	candidate_only	shadow_candidate	shadow_candidate	fine	CD8_cytotoxic_like	state::fine::CD8_cytotoxic_like	2420	marker_based_fine_candidate_annotation.csv.gz	11fb72c7510c5613aef176329e928327e7ce3608c15e99d85c571ef3d6c77952
shadow__6e4c91e4f10b2f5dc4be	lambrecht_brca_cohort1_cells	marker_based_fine	CD8_exhausted_like	Unknown	Unknown	Unknown	annotation_status::coarse::Unknown	annotation_status::mid::Unknown	annotation_status::fine::Unknown	candidate_only	shadow_candidate	shadow_candidate	fine	CD8_exhausted_like	state::fine::CD8_exhausted_like	382	marker_based_fine_candidate_annotation.csv.gz	11fb72c7510c5613aef176329e928327e7ce3608c15e99d85c571ef3d6c77952
shadow__6842969b454fa4992c5d	lambrecht_brca_cohort1_cells	marker_based_fine	CD8_progenitor_exhausted_like	Unknown	Unknown	Unknown	annotation_status::coarse::Unknown	annotation_status::mid::Unknown	annotation_status::fine::Unknown	candidate_only	shadow_candidate	shadow_candidate	fine	CD8_progenitor_exhausted_like	state::fine::CD8_progenitor_exhausted_like	714	marker_based_fine_candidate_annotation.csv.gz	11fb72c7510c5613aef176329e928327e7ce3608c15e99d85c571ef3d6c77952
shadow__4bcd3c5be8feb513a5ca	lambrecht_brca_cohort1_cells	marker_based_fine	CD8_terminal_exhausted_like	Unknown	Unknown	Unknown	annotation_status::coarse::Unknown	annotation_status::mid::Unknown	annotation_status::fine::Unknown	candidate_only	shadow_candidate	shadow_candidate	fine	CD8_terminal_exhausted_like	state::fine::CD8_terminal_exhausted_like	816	marker_based_fine_candidate_annotation.csv.gz	11fb72c7510c5613aef176329e928327e7ce3608c15e99d85c571ef3d6c77952
shadow__b47a7cbf3d95de05e621	lambrecht_brca_cohort1_cells	marker_based_fine	DC_migratory_like	Unknown	Unknown	Unknown	annotation_status::coarse::Unknown	annotation_status::mid::Unknown	annotation_status::fine::Unknown	candidate_only	shadow_candidate	shadow_candidate	fine	DC_migratory_like	state::fine::DC_migratory_like	2089	marker_based_fine_candidate_annotation.csv.gz	11fb72c7510c5613aef176329e928327e7ce3608c15e99d85c571ef3d6c77952
shadow__8c29349c508864a5970c	lambrecht_brca_cohort1_cells	marker_based_fine	NK_cytotoxic_like	Unknown	Unknown	Unknown	annotation_status::coarse::Unknown	annotation_status::mid::Unknown	annotation_status::fine::Unknown	candidate_only	shadow_candidate	shadow_candidate	fine	NK_cytotoxic_like	state::fine::NK_cytotoxic_like	3248	marker_based_fine_candidate_annotation.csv.gz	11fb72c7510c5613aef176329e928327e7ce3608c15e99d85c571ef3d6c77952
shadow__ae1a455d23114619f5da	lambrecht_brca_cohort1_cells	marker_based_fine	TLS_B_like	Unknown	Unknown	Unknown	annotation_status::coarse::Unknown	annotation_status::mid::Unknown	annotation_status::fine::Unknown	candidate_only	shadow_candidate	shadow_candidate	fine	TLS_B_like	state::fine::TLS_B_like	2	marker_based_fine_candidate_annotation.csv.gz	11fb72c7510c5613aef176329e928327e7ce3608c15e99d85c571ef3d6c77952
shadow__a4ff8eb5b27284017045	lambrecht_brca_cohort1_cells	marker_based_fine	TREM2_macrophage_like	Unknown	Unknown	Unknown	annotation_status::coarse::Unknown	annotation_status::mid::Unknown	annotation_status::fine::Unknown	candidate_only	shadow_candidate	shadow_candidate	fine	TREM2_macrophage_like	state::fine::TREM2_macrophage_like	572	marker_based_fine_candidate_annotation.csv.gz	11fb72c7510c5613aef176329e928327e7ce3608c15e99d85c571ef3d6c77952
shadow__e4638bdca4d2979a4eda	lambrecht_brca_cohort1_cells	marker_based_fine	Treg_suppressive_like	Unknown	Unknown	Unknown	annotation_status::coarse::Unknown	annotation_status::mid::Unknown	annotation_status::fine::Unknown	candidate_only	shadow_candidate	shadow_candidate	fine	Treg_suppressive_like	state::fine::Treg_suppressive_like	25	marker_based_fine_candidate_annotation.csv.gz	11fb72c7510c5613aef176329e928327e7ce3608c15e99d85c571ef3d6c77952
shadow__12328bb58e6f6a1612cb	lambrecht_brca_cohort1_cells	marker_based_fine	Unknown	Unknown	Unknown	Unknown	annotation_status::coarse::Unknown	annotation_status::mid::Unknown	annotation_status::fine::Unknown	candidate_only	shadow_candidate	shadow_candidate	fine	Unknown	annotation_status::fine::Unknown	140323	marker_based_fine_candidate_annotation.csv.gz	11fb72c7510c5613aef176329e928327e7ce3608c15e99d85c571ef3d6c77952
shadow__b5b4558d704ef8c33068	lambrecht_brca_cohort1_cells	marker_based_fine	angiogenic_endothelial_like	Unknown	Unknown	Unknown	annotation_status::coarse::Unknown	annotation_status::mid::Unknown	annotation_status::fine::Unknown	candidate_only	shadow_candidate	shadow_candidate	fine	angiogenic_endothelial_like	state::fine::angiogenic_endothelial_like	1671	marker_based_fine_candidate_annotation.csv.gz	11fb72c7510c5613aef176329e928327e7ce3608c15e99d85c571ef3d6c77952
shadow__28f7023fbed371425f7e	lambrecht_brca_cohort1_cells	marker_based_fine	neutrophil_TAN_NET_like	Unknown	Unknown	Unknown	annotation_status::coarse::Unknown	annotation_status::mid::Unknown	annotation_status::fine::Unknown	candidate_only	shadow_candidate	shadow_candidate	fine	neutrophil_TAN_NET_like	state::fine::neutrophil_TAN_NET_like	990	marker_based_fine_candidate_annotation.csv.gz	11fb72c7510c5613aef176329e928327e7ce3608c15e99d85c571ef3d6c77952
shadow__02de4f7bac04c9fe0571	lambrecht_brca_cohort1_cells	marker_based_fine	plasma_Ig_like	Unknown	Unknown	Unknown	annotation_status::coarse::Unknown	annotation_status::mid::Unknown	annotation_status::fine::Unknown	candidate_only	shadow_candidate	shadow_candidate	fine	plasma_Ig_like	state::fine::plasma_Ig_like	800	marker_based_fine_candidate_annotation.csv.gz	11fb72c7510c5613aef176329e928327e7ce3608c15e99d85c571ef3d6c77952
shadow__e2fed5c9341ab7a98b82	lambrecht_brca_cohort1_cells	marker_based_fine	tumor_IFN_APM_high_like	Unknown	Unknown	Unknown	annotation_status::coarse::Unknown	annotation_status::mid::Unknown	annotation_status::fine::Unknown	candidate_only	shadow_candidate	shadow_candidate	fine	tumor_IFN_APM_high_like	state::fine::tumor_IFN_APM_high_like	262	marker_based_fine_candidate_annotation.csv.gz	11fb72c7510c5613aef176329e928327e7ce3608c15e99d85c571ef3d6c77952
shadow__a77ee900ea2b6bf79234	lambrecht_brca_cohort1_cells	marker_based_fine	tumor_WNT_exclusion_like	Unknown	Unknown	Unknown	annotation_status::coarse::Unknown	annotation_status::mid::Unknown	annotation_status::fine::Unknown	candidate_only	shadow_candidate	shadow_candidate	fine	tumor_WNT_exclusion_like	state::fine::tumor_WNT_exclusion_like	2011	marker_based_fine_candidate_annotation.csv.gz	11fb72c7510c5613aef176329e928327e7ce3608c15e99d85c571ef3d6c77952
shadow__8a4e5d7c79ddfa2903f0	lambrecht_brca_cohort1_cells	marker_based_fine	tumor_cell_cycle_like	Unknown	Unknown	Unknown	annotation_status::coarse::Unknown	annotation_status::mid::Unknown	annotation_status::fine::Unknown	candidate_only	shadow_candidate	shadow_candidate	fine	tumor_cell_cycle_like	state::fine::tumor_cell_cycle_like	4047	marker_based_fine_candidate_annotation.csv.gz	11fb72c7510c5613aef176329e928327e7ce3608c15e99d85c571ef3d6c77952
shadow__d88418c75919374a522d	lambrecht_brca_cohort1_cells	marker_based_fine	vascular_endothelial_like	Unknown	Unknown	Unknown	annotation_status::coarse::Unknown	annotation_status::mid::Unknown	annotation_status::fine::Unknown	candidate_only	shadow_candidate	shadow_candidate	fine	vascular_endothelial_like	state::fine::vascular_endothelial_like	1889	marker_based_fine_candidate_annotation.csv.gz	11fb72c7510c5613aef176329e928327e7ce3608c15e99d85c571ef3d6c77952
shadow__f1aef554b692f2f011a6	lambrecht_brca_cohort1_cells	marker_based_mid	APC_priming_like	Unknown	Unknown	Unknown	annotation_status::coarse::Unknown	annotation_status::mid::Unknown	annotation_status::fine::Unknown	candidate_only	shadow_candidate	shadow_candidate	mid	APC_priming_like		2691	marker_based_mid_annotation.csv.gz	8a93369d569423594390d587d4001a36f820bafb165dc04654523717b089b3ae
shadow__e5364ccc4a98c29d5a72	lambrecht_brca_cohort1_cells	marker_based_mid	B_cell	Unknown	Unknown	Unknown	annotation_status::coarse::Unknown	annotation_status::mid::Unknown	annotation_status::fine::Unknown	candidate_only	shadow_candidate	shadow_candidate	mid	B_cell	identity::mid::B_cell	1611	marker_based_mid_annotation.csv.gz	8a93369d569423594390d587d4001a36f820bafb165dc04654523717b089b3ae
shadow__295b7373544eed4df1a3	lambrecht_brca_cohort1_cells	marker_based_mid	CAF	Unknown	Unknown	Unknown	annotation_status::coarse::Unknown	annotation_status::mid::Unknown	annotation_status::fine::Unknown	candidate_only	shadow_candidate	shadow_candidate	mid	CAF	identity::mid::CAF	17101	marker_based_mid_annotation.csv.gz	8a93369d569423594390d587d4001a36f820bafb165dc04654523717b089b3ae
shadow__d9074aa9922630973031	lambrecht_brca_cohort1_cells	marker_based_mid	CD4_T	Unknown	Unknown	Unknown	annotation_status::coarse::Unknown	annotation_status::mid::Unknown	annotation_status::fine::Unknown	candidate_only	shadow_candidate	shadow_candidate	mid	CD4_T	identity::mid::CD4_T	13461	marker_based_mid_annotation.csv.gz	8a93369d569423594390d587d4001a36f820bafb165dc04654523717b089b3ae
shadow__557f898806e14e8bd932	lambrecht_brca_cohort1_cells	marker_based_mid	CD8_T	Unknown	Unknown	Unknown	annotation_status::coarse::Unknown	annotation_status::mid::Unknown	annotation_status::fine::Unknown	candidate_only	shadow_candidate	shadow_candidate	mid	CD8_T	identity::mid::CD8_T	10780	marker_based_mid_annotation.csv.gz	8a93369d569423594390d587d4001a36f820bafb165dc04654523717b089b3ae
shadow__1b6f01272519199f2c91	lambrecht_brca_cohort1_cells	marker_based_mid	DC	Unknown	Unknown	Unknown	annotation_status::coarse::Unknown	annotation_status::mid::Unknown	annotation_status::fine::Unknown	candidate_only	shadow_candidate	shadow_candidate	mid	DC	identity::mid::DC	7991	marker_based_mid_annotation.csv.gz	8a93369d569423594390d587d4001a36f820bafb165dc04654523717b089b3ae
shadow__fa1502006f0e8f31a80c	lambrecht_brca_cohort1_cells	marker_based_mid	Endothelial	Unknown	Unknown	Unknown	annotation_status::coarse::Unknown	annotation_status::mid::Unknown	annotation_status::fine::Unknown	candidate_only	shadow_candidate	shadow_candidate	mid	Endothelial	identity::mid::Endothelial	6748	marker_based_mid_annotation.csv.gz	8a93369d569423594390d587d4001a36f820bafb165dc04654523717b089b3ae
shadow__3eeb1eb1f9a64f843c90	lambrecht_brca_cohort1_cells	marker_based_mid	Macrophage	Unknown	Unknown	Unknown	annotation_status::coarse::Unknown	annotation_status::mid::Unknown	annotation_status::fine::Unknown	candidate_only	shadow_candidate	shadow_candidate	mid	Macrophage	identity::mid::Macrophage	3161	marker_based_mid_annotation.csv.gz	8a93369d569423594390d587d4001a36f820bafb165dc04654523717b089b3ae
shadow__8752ab4f8dde1d0a95f4	lambrecht_brca_cohort1_cells	marker_based_mid	Monocyte	Unknown	Unknown	Unknown	annotation_status::coarse::Unknown	annotation_status::mid::Unknown	annotation_status::fine::Unknown	candidate_only	shadow_candidate	shadow_candidate	mid	Monocyte	identity::mid::Monocyte	1416	marker_based_mid_annotation.csv.gz	8a93369d569423594390d587d4001a36f820bafb165dc04654523717b089b3ae
shadow__0e32cdd4faf158185377	lambrecht_brca_cohort1_cells	marker_based_mid	NK	Unknown	Unknown	Unknown	annotation_status::coarse::Unknown	annotation_status::mid::Unknown	annotation_status::fine::Unknown	candidate_only	shadow_candidate	shadow_candidate	mid	NK	identity::mid::NK	3656	marker_based_mid_annotation.csv.gz	8a93369d569423594390d587d4001a36f820bafb165dc04654523717b089b3ae
shadow__38da3b81ffee06dc03dd	lambrecht_brca_cohort1_cells	marker_based_mid	NKT_like	Unknown	Unknown	Unknown	annotation_status::coarse::Unknown	annotation_status::mid::Unknown	annotation_status::fine::Unknown	candidate_only	shadow_candidate	shadow_candidate	mid	NKT_like	identity::mid::NKT_like	5307	marker_based_mid_annotation.csv.gz	8a93369d569423594390d587d4001a36f820bafb165dc04654523717b089b3ae
shadow__a5328b6a413dbd6b6333	lambrecht_brca_cohort1_cells	marker_based_mid	Neutrophil_TAN_like	Unknown	Unknown	Unknown	annotation_status::coarse::Unknown	annotation_status::mid::Unknown	annotation_status::fine::Unknown	candidate_only	shadow_candidate	shadow_candidate	mid	Neutrophil_TAN_like	identity::mid::Neutrophil_TAN_like	1048	marker_based_mid_annotation.csv.gz	8a93369d569423594390d587d4001a36f820bafb165dc04654523717b089b3ae
shadow__acfd6bf656bc125a6fba	lambrecht_brca_cohort1_cells	marker_based_mid	Plasma_cell	Unknown	Unknown	Unknown	annotation_status::coarse::Unknown	annotation_status::mid::Unknown	annotation_status::fine::Unknown	candidate_only	shadow_candidate	shadow_candidate	mid	Plasma_cell	identity::mid::Plasma_cell	2571	marker_based_mid_annotation.csv.gz	8a93369d569423594390d587d4001a36f820bafb165dc04654523717b089b3ae
shadow__c5ea1f0c71afcb45eded	lambrecht_brca_cohort1_cells	marker_based_mid	Treg	Unknown	Unknown	Unknown	annotation_status::coarse::Unknown	annotation_status::mid::Unknown	annotation_status::fine::Unknown	candidate_only	shadow_candidate	shadow_candidate	mid	Treg	identity::mid::Treg	5003	marker_based_mid_annotation.csv.gz	8a93369d569423594390d587d4001a36f820bafb165dc04654523717b089b3ae
shadow__df09f567ea9507162bee	lambrecht_brca_cohort1_cells	marker_based_mid	Tumor_epithelial_like	Unknown	Unknown	Unknown	annotation_status::coarse::Unknown	annotation_status::mid::Unknown	annotation_status::fine::Unknown	candidate_only	shadow_candidate	shadow_candidate	mid	Tumor_epithelial_like	identity::mid::Tumor_epithelial_like	10946	marker_based_mid_annotation.csv.gz	8a93369d569423594390d587d4001a36f820bafb165dc04654523717b089b3ae
shadow__5a0f4ef4dc6abce6fbbe	lambrecht_brca_cohort1_cells	marker_based_mid	Unknown	Unknown	Unknown	Unknown	annotation_status::coarse::Unknown	annotation_status::mid::Unknown	annotation_status::fine::Unknown	candidate_only	shadow_candidate	shadow_candidate	mid	Unknown	annotation_status::mid::Unknown	81272	marker_based_mid_annotation.csv.gz	8a93369d569423594390d587d4001a36f820bafb165dc04654523717b089b3ae
shadow__d8c88f8890f5473a6d73	lambrecht_brca_cohort1_cells	marker_based_mid	pDC	Unknown	Unknown	Unknown	annotation_status::coarse::Unknown	annotation_status::mid::Unknown	annotation_status::fine::Unknown	candidate_only	shadow_candidate	shadow_candidate	mid	pDC	identity::mid::pDC	1179	marker_based_mid_annotation.csv.gz	8a93369d569423594390d587d4001a36f820bafb165dc04654523717b089b3ae
shadow__09b0d229e908972474ee	lambrecht_brca_cohort1_dc	marker_based_fine	DC_migratory_like	Unknown	Unknown	Unknown	annotation_status::coarse::Unknown	annotation_status::mid::Unknown	annotation_status::fine::Unknown	candidate_only	shadow_candidate	shadow_candidate	fine	DC_migratory_like	state::fine::DC_migratory_like	130	marker_based_fine_candidate_annotation.csv.gz	11fb72c7510c5613aef176329e928327e7ce3608c15e99d85c571ef3d6c77952
shadow__4f62e90a1b0f5dc52b7c	lambrecht_brca_cohort1_dc	marker_based_fine	Unknown	Unknown	Unknown	Unknown	annotation_status::coarse::Unknown	annotation_status::mid::Unknown	annotation_status::fine::Unknown	candidate_only	shadow_candidate	shadow_candidate	fine	Unknown	annotation_status::fine::Unknown	2280	marker_based_fine_candidate_annotation.csv.gz	11fb72c7510c5613aef176329e928327e7ce3608c15e99d85c571ef3d6c77952
shadow__c97a0aa5abddadc305b5	lambrecht_brca_cohort1_dc	marker_based_mid	APC_priming_like	Unknown	Unknown	Unknown	annotation_status::coarse::Unknown	annotation_status::mid::Unknown	annotation_status::fine::Unknown	candidate_only	shadow_candidate	shadow_candidate	mid	APC_priming_like		436	marker_based_mid_annotation.csv.gz	8a93369d569423594390d587d4001a36f820bafb165dc04654523717b089b3ae
shadow__fcc4ee77944739244cb4	lambrecht_brca_cohort1_dc	marker_based_mid	DC	Unknown	Unknown	Unknown	annotation_status::coarse::Unknown	annotation_status::mid::Unknown	annotation_status::fine::Unknown	candidate_only	shadow_candidate	shadow_candidate	mid	DC	identity::mid::DC	628	marker_based_mid_annotation.csv.gz	8a93369d569423594390d587d4001a36f820bafb165dc04654523717b089b3ae
shadow__5e79e43314f29402a759	lambrecht_brca_cohort1_dc	marker_based_mid	Unknown	Unknown	Unknown	Unknown	annotation_status::coarse::Unknown	annotation_status::mid::Unknown	annotation_status::fine::Unknown	candidate_only	shadow_candidate	shadow_candidate	mid	Unknown	annotation_status::mid::Unknown	601	marker_based_mid_annotation.csv.gz	8a93369d569423594390d587d4001a36f820bafb165dc04654523717b089b3ae
shadow__18c12354f413bf1009ad	lambrecht_brca_cohort1_dc	marker_based_mid	pDC	Unknown	Unknown	Unknown	annotation_status::coarse::Unknown	annotation_status::mid::Unknown	annotation_status::fine::Unknown	candidate_only	shadow_candidate	shadow_candidate	mid	pDC	identity::mid::pDC	745	marker_based_mid_annotation.csv.gz	8a93369d569423594390d587d4001a36f820bafb165dc04654523717b089b3ae
shadow__1dd7f0796663b5c9ed44	lambrecht_brca_cohort1_myeloid	marker_based_fine	TREM2_macrophage_like	Unknown	Unknown	Unknown	annotation_status::coarse::Unknown	annotation_status::mid::Unknown	annotation_status::fine::Unknown	candidate_only	shadow_candidate	shadow_candidate	fine	TREM2_macrophage_like	state::fine::TREM2_macrophage_like	497	marker_based_fine_candidate_annotation.csv.gz	11fb72c7510c5613aef176329e928327e7ce3608c15e99d85c571ef3d6c77952
shadow__434c199887d8eb450def	lambrecht_brca_cohort1_myeloid	marker_based_fine	Unknown	Unknown	Unknown	Unknown	annotation_status::coarse::Unknown	annotation_status::mid::Unknown	annotation_status::fine::Unknown	candidate_only	shadow_candidate	shadow_candidate	fine	Unknown	annotation_status::fine::Unknown	4240	marker_based_fine_candidate_annotation.csv.gz	11fb72c7510c5613aef176329e928327e7ce3608c15e99d85c571ef3d6c77952
shadow__935776fbe5e0218a5dfc	lambrecht_brca_cohort1_myeloid	marker_based_fine	neutrophil_TAN_NET_like	Unknown	Unknown	Unknown	annotation_status::coarse::Unknown	annotation_status::mid::Unknown	annotation_status::fine::Unknown	candidate_only	shadow_candidate	shadow_candidate	fine	neutrophil_TAN_NET_like	state::fine::neutrophil_TAN_NET_like	3215	marker_based_fine_candidate_annotation.csv.gz	11fb72c7510c5613aef176329e928327e7ce3608c15e99d85c571ef3d6c77952
shadow__985301b378effb40093c	lambrecht_brca_cohort1_myeloid	marker_based_mid	Macrophage	Unknown	Unknown	Unknown	annotation_status::coarse::Unknown	annotation_status::mid::Unknown	annotation_status::fine::Unknown	candidate_only	shadow_candidate	shadow_candidate	mid	Macrophage	identity::mid::Macrophage	2980	marker_based_mid_annotation.csv.gz	8a93369d569423594390d587d4001a36f820bafb165dc04654523717b089b3ae
shadow__fc9d53534539591bee9b	lambrecht_brca_cohort1_myeloid	marker_based_mid	Monocyte	Unknown	Unknown	Unknown	annotation_status::coarse::Unknown	annotation_status::mid::Unknown	annotation_status::fine::Unknown	candidate_only	shadow_candidate	shadow_candidate	mid	Monocyte	identity::mid::Monocyte	1274	marker_based_mid_annotation.csv.gz	8a93369d569423594390d587d4001a36f820bafb165dc04654523717b089b3ae
shadow__e8c7847120ab30fe41f1	lambrecht_brca_cohort1_myeloid	marker_based_mid	Neutrophil_TAN_like	Unknown	Unknown	Unknown	annotation_status::coarse::Unknown	annotation_status::mid::Unknown	annotation_status::fine::Unknown	candidate_only	shadow_candidate	shadow_candidate	mid	Neutrophil_TAN_like	identity::mid::Neutrophil_TAN_like	3698	marker_based_mid_annotation.csv.gz	8a93369d569423594390d587d4001a36f820bafb165dc04654523717b089b3ae
shadow__954e3d284593ddc0010c	lambrecht_brca_cohort1_tcell	marker_based_fine	CD4_helper_like	Unknown	Unknown	Unknown	annotation_status::coarse::Unknown	annotation_status::mid::Unknown	annotation_status::fine::Unknown	candidate_only	shadow_candidate	shadow_candidate	fine	CD4_helper_like	state::fine::CD4_helper_like	8121	marker_based_fine_candidate_annotation.csv.gz	11fb72c7510c5613aef176329e928327e7ce3608c15e99d85c571ef3d6c77952
shadow__0208a6177790f8f4cc76	lambrecht_brca_cohort1_tcell	marker_based_fine	CD8_cytotoxic_like	Unknown	Unknown	Unknown	annotation_status::coarse::Unknown	annotation_status::mid::Unknown	annotation_status::fine::Unknown	candidate_only	shadow_candidate	shadow_candidate	fine	CD8_cytotoxic_like	state::fine::CD8_cytotoxic_like	2102	marker_based_fine_candidate_annotation.csv.gz	11fb72c7510c5613aef176329e928327e7ce3608c15e99d85c571ef3d6c77952
shadow__6a005cf459adbdd171d0	lambrecht_brca_cohort1_tcell	marker_based_fine	CD8_exhausted_like	Unknown	Unknown	Unknown	annotation_status::coarse::Unknown	annotation_status::mid::Unknown	annotation_status::fine::Unknown	candidate_only	shadow_candidate	shadow_candidate	fine	CD8_exhausted_like	state::fine::CD8_exhausted_like	394	marker_based_fine_candidate_annotation.csv.gz	11fb72c7510c5613aef176329e928327e7ce3608c15e99d85c571ef3d6c77952
shadow__6262bbf5cf787984846d	lambrecht_brca_cohort1_tcell	marker_based_fine	CD8_progenitor_exhausted_like	Unknown	Unknown	Unknown	annotation_status::coarse::Unknown	annotation_status::mid::Unknown	annotation_status::fine::Unknown	candidate_only	shadow_candidate	shadow_candidate	fine	CD8_progenitor_exhausted_like	state::fine::CD8_progenitor_exhausted_like	1105	marker_based_fine_candidate_annotation.csv.gz	11fb72c7510c5613aef176329e928327e7ce3608c15e99d85c571ef3d6c77952
shadow__b7e27f1b88ffcc3cd088	lambrecht_brca_cohort1_tcell	marker_based_fine	CD8_terminal_exhausted_like	Unknown	Unknown	Unknown	annotation_status::coarse::Unknown	annotation_status::mid::Unknown	annotation_status::fine::Unknown	candidate_only	shadow_candidate	shadow_candidate	fine	CD8_terminal_exhausted_like	state::fine::CD8_terminal_exhausted_like	936	marker_based_fine_candidate_annotation.csv.gz	11fb72c7510c5613aef176329e928327e7ce3608c15e99d85c571ef3d6c77952
shadow__a0fdf714568839b81fb0	lambrecht_brca_cohort1_tcell	marker_based_fine	NK_cytotoxic_like	Unknown	Unknown	Unknown	annotation_status::coarse::Unknown	annotation_status::mid::Unknown	annotation_status::fine::Unknown	candidate_only	shadow_candidate	shadow_candidate	fine	NK_cytotoxic_like	state::fine::NK_cytotoxic_like	8009	marker_based_fine_candidate_annotation.csv.gz	11fb72c7510c5613aef176329e928327e7ce3608c15e99d85c571ef3d6c77952
shadow__3078c17cbe35df2f0aac	lambrecht_brca_cohort1_tcell	marker_based_fine	Treg_suppressive_like	Unknown	Unknown	Unknown	annotation_status::coarse::Unknown	annotation_status::mid::Unknown	annotation_status::fine::Unknown	candidate_only	shadow_candidate	shadow_candidate	fine	Treg_suppressive_like	state::fine::Treg_suppressive_like	5914	marker_based_fine_candidate_annotation.csv.gz	11fb72c7510c5613aef176329e928327e7ce3608c15e99d85c571ef3d6c77952
shadow__15c439d764f812a49c95	lambrecht_brca_cohort1_tcell	marker_based_fine	Unknown	Unknown	Unknown	Unknown	annotation_status::coarse::Unknown	annotation_status::mid::Unknown	annotation_status::fine::Unknown	candidate_only	shadow_candidate	shadow_candidate	fine	Unknown	annotation_status::fine::Unknown	26801	marker_based_fine_candidate_annotation.csv.gz	11fb72c7510c5613aef176329e928327e7ce3608c15e99d85c571ef3d6c77952
shadow__8be106e584c6da3eb5cc	lambrecht_brca_cohort1_tcell	marker_based_mid	CD4_T	Unknown	Unknown	Unknown	annotation_status::coarse::Unknown	annotation_status::mid::Unknown	annotation_status::fine::Unknown	candidate_only	shadow_candidate	shadow_candidate	mid	CD4_T	identity::mid::CD4_T	15723	marker_based_mid_annotation.csv.gz	8a93369d569423594390d587d4001a36f820bafb165dc04654523717b089b3ae
shadow__2d978ded7b522b3b85fb	lambrecht_brca_cohort1_tcell	marker_based_mid	CD8_T	Unknown	Unknown	Unknown	annotation_status::coarse::Unknown	annotation_status::mid::Unknown	annotation_status::fine::Unknown	candidate_only	shadow_candidate	shadow_candidate	mid	CD8_T	identity::mid::CD8_T	9724	marker_based_mid_annotation.csv.gz	8a93369d569423594390d587d4001a36f820bafb165dc04654523717b089b3ae
shadow__01d2c885d489700edbcd	lambrecht_brca_cohort1_tcell	marker_based_mid	NK	Unknown	Unknown	Unknown	annotation_status::coarse::Unknown	annotation_status::mid::Unknown	annotation_status::fine::Unknown	candidate_only	shadow_candidate	shadow_candidate	mid	NK	identity::mid::NK	15283	marker_based_mid_annotation.csv.gz	8a93369d569423594390d587d4001a36f820bafb165dc04654523717b089b3ae
shadow__6b7b720dc8283439050e	lambrecht_brca_cohort1_tcell	marker_based_mid	NKT_like	Unknown	Unknown	Unknown	annotation_status::coarse::Unknown	annotation_status::mid::Unknown	annotation_status::fine::Unknown	candidate_only	shadow_candidate	shadow_candidate	mid	NKT_like	identity::mid::NKT_like	4016	marker_based_mid_annotation.csv.gz	8a93369d569423594390d587d4001a36f820bafb165dc04654523717b089b3ae
shadow__543f3e8f309203334117	lambrecht_brca_cohort1_tcell	marker_based_mid	Treg	Unknown	Unknown	Unknown	annotation_status::coarse::Unknown	annotation_status::mid::Unknown	annotation_status::fine::Unknown	candidate_only	shadow_candidate	shadow_candidate	mid	Treg	identity::mid::Treg	8636	marker_based_mid_annotation.csv.gz	8a93369d569423594390d587d4001a36f820bafb165dc04654523717b089b3ae
shadow__22416c6f8f4fd921957b	lambrecht_brca_cohort2_cells	marker_based_fine	CAF_inflammatory_like	Unknown	Unknown	Unknown	annotation_status::coarse::Unknown	annotation_status::mid::Unknown	annotation_status::fine::Unknown	candidate_only	shadow_candidate	shadow_candidate	fine	CAF_inflammatory_like	state::fine::CAF_inflammatory_like	1257	marker_based_fine_candidate_annotation.csv.gz	11fb72c7510c5613aef176329e928327e7ce3608c15e99d85c571ef3d6c77952
shadow__a6a69dcbda5e17a8c8ed	lambrecht_brca_cohort2_cells	marker_based_fine	CAF_myofibroblast_like	Unknown	Unknown	Unknown	annotation_status::coarse::Unknown	annotation_status::mid::Unknown	annotation_status::fine::Unknown	candidate_only	shadow_candidate	shadow_candidate	fine	CAF_myofibroblast_like	state::fine::CAF_myofibroblast_like	781	marker_based_fine_candidate_annotation.csv.gz	11fb72c7510c5613aef176329e928327e7ce3608c15e99d85c571ef3d6c77952
shadow__afa0245ce5801094f0f5	lambrecht_brca_cohort2_cells	marker_based_fine	CD4_helper_like	Unknown	Unknown	Unknown	annotation_status::coarse::Unknown	annotation_status::mid::Unknown	annotation_status::fine::Unknown	candidate_only	shadow_candidate	shadow_candidate	fine	CD4_helper_like	state::fine::CD4_helper_like	790	marker_based_fine_candidate_annotation.csv.gz	11fb72c7510c5613aef176329e928327e7ce3608c15e99d85c571ef3d6c77952
shadow__cd884959c91a43d07e59	lambrecht_brca_cohort2_cells	marker_based_fine	CD8_cytotoxic_like	Unknown	Unknown	Unknown	annotation_status::coarse::Unknown	annotation_status::mid::Unknown	annotation_status::fine::Unknown	candidate_only	shadow_candidate	shadow_candidate	fine	CD8_cytotoxic_like	state::fine::CD8_cytotoxic_like	599	marker_based_fine_candidate_annotation.csv.gz	11fb72c7510c5613aef176329e928327e7ce3608c15e99d85c571ef3d6c77952
shadow__e18eea39762ba30a442f	lambrecht_brca_cohort2_cells	marker_based_fine	CD8_exhausted_like	Unknown	Unknown	Unknown	annotation_status::coarse::Unknown	annotation_status::mid::Unknown	annotation_status::fine::Unknown	candidate_only	shadow_candidate	shadow_candidate	fine	CD8_exhausted_like	state::fine::CD8_exhausted_like	100	marker_based_fine_candidate_annotation.csv.gz	11fb72c7510c5613aef176329e928327e7ce3608c15e99d85c571ef3d6c77952
shadow__c135c861878a41021647	lambrecht_brca_cohort2_cells	marker_based_fine	CD8_progenitor_exhausted_like	Unknown	Unknown	Unknown	annotation_status::coarse::Unknown	annotation_status::mid::Unknown	annotation_status::fine::Unknown	candidate_only	shadow_candidate	shadow_candidate	fine	CD8_progenitor_exhausted_like	state::fine::CD8_progenitor_exhausted_like	129	marker_based_fine_candidate_annotation.csv.gz	11fb72c7510c5613aef176329e928327e7ce3608c15e99d85c571ef3d6c77952
shadow__2b97ed39e46c20e1e64d	lambrecht_brca_cohort2_cells	marker_based_fine	CD8_terminal_exhausted_like	Unknown	Unknown	Unknown	annotation_status::coarse::Unknown	annotation_status::mid::Unknown	annotation_status::fine::Unknown	candidate_only	shadow_candidate	shadow_candidate	fine	CD8_terminal_exhausted_like	state::fine::CD8_terminal_exhausted_like	266	marker_based_fine_candidate_annotation.csv.gz	11fb72c7510c5613aef176329e928327e7ce3608c15e99d85c571ef3d6c77952
shadow__e9e9783c034362375fa9	lambrecht_brca_cohort2_cells	marker_based_fine	DC_migratory_like	Unknown	Unknown	Unknown	annotation_status::coarse::Unknown	annotation_status::mid::Unknown	annotation_status::fine::Unknown	candidate_only	shadow_candidate	shadow_candidate	fine	DC_migratory_like	state::fine::DC_migratory_like	175	marker_based_fine_candidate_annotation.csv.gz	11fb72c7510c5613aef176329e928327e7ce3608c15e99d85c571ef3d6c77952
shadow__a2818390ae770ccced5d	lambrecht_brca_cohort2_cells	marker_based_fine	NK_cytotoxic_like	Unknown	Unknown	Unknown	annotation_status::coarse::Unknown	annotation_status::mid::Unknown	annotation_status::fine::Unknown	candidate_only	shadow_candidate	shadow_candidate	fine	NK_cytotoxic_like	state::fine::NK_cytotoxic_like	1072	marker_based_fine_candidate_annotation.csv.gz	11fb72c7510c5613aef176329e928327e7ce3608c15e99d85c571ef3d6c77952
shadow__9b286f06b79185bf2ced	lambrecht_brca_cohort2_cells	marker_based_fine	TREM2_macrophage_like	Unknown	Unknown	Unknown	annotation_status::coarse::Unknown	annotation_status::mid::Unknown	annotation_status::fine::Unknown	candidate_only	shadow_candidate	shadow_candidate	fine	TREM2_macrophage_like	state::fine::TREM2_macrophage_like	129	marker_based_fine_candidate_annotation.csv.gz	11fb72c7510c5613aef176329e928327e7ce3608c15e99d85c571ef3d6c77952
shadow__7476d9f8ea6a8bbdeca2	lambrecht_brca_cohort2_cells	marker_based_fine	Unknown	Unknown	Unknown	Unknown	annotation_status::coarse::Unknown	annotation_status::mid::Unknown	annotation_status::fine::Unknown	candidate_only	shadow_candidate	shadow_candidate	fine	Unknown	annotation_status::fine::Unknown	41294	marker_based_fine_candidate_annotation.csv.gz	11fb72c7510c5613aef176329e928327e7ce3608c15e99d85c571ef3d6c77952
shadow__9301095bdcdd1a099225	lambrecht_brca_cohort2_cells	marker_based_fine	angiogenic_endothelial_like	Unknown	Unknown	Unknown	annotation_status::coarse::Unknown	annotation_status::mid::Unknown	annotation_status::fine::Unknown	candidate_only	shadow_candidate	shadow_candidate	fine	angiogenic_endothelial_like	state::fine::angiogenic_endothelial_like	1242	marker_based_fine_candidate_annotation.csv.gz	11fb72c7510c5613aef176329e928327e7ce3608c15e99d85c571ef3d6c77952
shadow__f8b651f5e7831db93fcb	lambrecht_brca_cohort2_cells	marker_based_fine	neutrophil_TAN_NET_like	Unknown	Unknown	Unknown	annotation_status::coarse::Unknown	annotation_status::mid::Unknown	annotation_status::fine::Unknown	candidate_only	shadow_candidate	shadow_candidate	fine	neutrophil_TAN_NET_like	state::fine::neutrophil_TAN_NET_like	405	marker_based_fine_candidate_annotation.csv.gz	11fb72c7510c5613aef176329e928327e7ce3608c15e99d85c571ef3d6c77952
shadow__1fd41cc59bfe9dbc0f99	lambrecht_brca_cohort2_cells	marker_based_fine	plasma_Ig_like	Unknown	Unknown	Unknown	annotation_status::coarse::Unknown	annotation_status::mid::Unknown	annotation_status::fine::Unknown	candidate_only	shadow_candidate	shadow_candidate	fine	plasma_Ig_like	state::fine::plasma_Ig_like	189	marker_based_fine_candidate_annotation.csv.gz	11fb72c7510c5613aef176329e928327e7ce3608c15e99d85c571ef3d6c77952
shadow__84591c6c6d9b12aa85e2	lambrecht_brca_cohort2_cells	marker_based_fine	tumor_IFN_APM_high_like	Unknown	Unknown	Unknown	annotation_status::coarse::Unknown	annotation_status::mid::Unknown	annotation_status::fine::Unknown	candidate_only	shadow_candidate	shadow_candidate	fine	tumor_IFN_APM_high_like	state::fine::tumor_IFN_APM_high_like	18	marker_based_fine_candidate_annotation.csv.gz	11fb72c7510c5613aef176329e928327e7ce3608c15e99d85c571ef3d6c77952
shadow__73a83aa97676d580b624	lambrecht_brca_cohort2_cells	marker_based_fine	tumor_WNT_exclusion_like	Unknown	Unknown	Unknown	annotation_status::coarse::Unknown	annotation_status::mid::Unknown	annotation_status::fine::Unknown	candidate_only	shadow_candidate	shadow_candidate	fine	tumor_WNT_exclusion_like	state::fine::tumor_WNT_exclusion_like	303	marker_based_fine_candidate_annotation.csv.gz	11fb72c7510c5613aef176329e928327e7ce3608c15e99d85c571ef3d6c77952
shadow__ddc1ba751aab43d8dafe	lambrecht_brca_cohort2_cells	marker_based_fine	tumor_cell_cycle_like	Unknown	Unknown	Unknown	annotation_status::coarse::Unknown	annotation_status::mid::Unknown	annotation_status::fine::Unknown	candidate_only	shadow_candidate	shadow_candidate	fine	tumor_cell_cycle_like	state::fine::tumor_cell_cycle_like	745	marker_based_fine_candidate_annotation.csv.gz	11fb72c7510c5613aef176329e928327e7ce3608c15e99d85c571ef3d6c77952
shadow__76746bafeed65fe57301	lambrecht_brca_cohort2_cells	marker_based_fine	vascular_endothelial_like	Unknown	Unknown	Unknown	annotation_status::coarse::Unknown	annotation_status::mid::Unknown	annotation_status::fine::Unknown	candidate_only	shadow_candidate	shadow_candidate	fine	vascular_endothelial_like	state::fine::vascular_endothelial_like	1199	marker_based_fine_candidate_annotation.csv.gz	11fb72c7510c5613aef176329e928327e7ce3608c15e99d85c571ef3d6c77952
shadow__ae70753336a20b8eabb6	lambrecht_brca_cohort2_cells	marker_based_mid	APC_priming_like	Unknown	Unknown	Unknown	annotation_status::coarse::Unknown	annotation_status::mid::Unknown	annotation_status::fine::Unknown	candidate_only	shadow_candidate	shadow_candidate	mid	APC_priming_like		723	marker_based_mid_annotation.csv.gz	8a93369d569423594390d587d4001a36f820bafb165dc04654523717b089b3ae
shadow__b90a0223f25d6bc24967	lambrecht_brca_cohort2_cells	marker_based_mid	B_cell	Unknown	Unknown	Unknown	annotation_status::coarse::Unknown	annotation_status::mid::Unknown	annotation_status::fine::Unknown	candidate_only	shadow_candidate	shadow_candidate	mid	B_cell	identity::mid::B_cell	218	marker_based_mid_annotation.csv.gz	8a93369d569423594390d587d4001a36f820bafb165dc04654523717b089b3ae
shadow__934a9bdb42bb80132c1a	lambrecht_brca_cohort2_cells	marker_based_mid	CAF	Unknown	Unknown	Unknown	annotation_status::coarse::Unknown	annotation_status::mid::Unknown	annotation_status::fine::Unknown	candidate_only	shadow_candidate	shadow_candidate	mid	CAF	identity::mid::CAF	4466	marker_based_mid_annotation.csv.gz	8a93369d569423594390d587d4001a36f820bafb165dc04654523717b089b3ae
shadow__0e35085ab70d64fe6816	lambrecht_brca_cohort2_cells	marker_based_mid	CD4_T	Unknown	Unknown	Unknown	annotation_status::coarse::Unknown	annotation_status::mid::Unknown	annotation_status::fine::Unknown	candidate_only	shadow_candidate	shadow_candidate	mid	CD4_T	identity::mid::CD4_T	2732	marker_based_mid_annotation.csv.gz	8a93369d569423594390d587d4001a36f820bafb165dc04654523717b089b3ae
shadow__bd961b41d76dad3e6d44	lambrecht_brca_cohort2_cells	marker_based_mid	CD8_T	Unknown	Unknown	Unknown	annotation_status::coarse::Unknown	annotation_status::mid::Unknown	annotation_status::fine::Unknown	candidate_only	shadow_candidate	shadow_candidate	mid	CD8_T	identity::mid::CD8_T	3117	marker_based_mid_annotation.csv.gz	8a93369d569423594390d587d4001a36f820bafb165dc04654523717b089b3ae
shadow__53de192113d299f289b1	lambrecht_brca_cohort2_cells	marker_based_mid	DC	Unknown	Unknown	Unknown	annotation_status::coarse::Unknown	annotation_status::mid::Unknown	annotation_status::fine::Unknown	candidate_only	shadow_candidate	shadow_candidate	mid	DC	identity::mid::DC	1189	marker_based_mid_annotation.csv.gz	8a93369d569423594390d587d4001a36f820bafb165dc04654523717b089b3ae
shadow__d22b5935e6c362ab0f1a	lambrecht_brca_cohort2_cells	marker_based_mid	Endothelial	Unknown	Unknown	Unknown	annotation_status::coarse::Unknown	annotation_status::mid::Unknown	annotation_status::fine::Unknown	candidate_only	shadow_candidate	shadow_candidate	mid	Endothelial	identity::mid::Endothelial	4006	marker_based_mid_annotation.csv.gz	8a93369d569423594390d587d4001a36f820bafb165dc04654523717b089b3ae
shadow__653fcaf8860830cec8dc	lambrecht_brca_cohort2_cells	marker_based_mid	Macrophage	Unknown	Unknown	Unknown	annotation_status::coarse::Unknown	annotation_status::mid::Unknown	annotation_status::fine::Unknown	candidate_only	shadow_candidate	shadow_candidate	mid	Macrophage	identity::mid::Macrophage	1503	marker_based_mid_annotation.csv.gz	8a93369d569423594390d587d4001a36f820bafb165dc04654523717b089b3ae
shadow__3dda0b9a33d9dd87828b	lambrecht_brca_cohort2_cells	marker_based_mid	Monocyte	Unknown	Unknown	Unknown	annotation_status::coarse::Unknown	annotation_status::mid::Unknown	annotation_status::fine::Unknown	candidate_only	shadow_candidate	shadow_candidate	mid	Monocyte	identity::mid::Monocyte	784	marker_based_mid_annotation.csv.gz	8a93369d569423594390d587d4001a36f820bafb165dc04654523717b089b3ae
shadow__669d1db8e2bcdb1ac09a	lambrecht_brca_cohort2_cells	marker_based_mid	NK	Unknown	Unknown	Unknown	annotation_status::coarse::Unknown	annotation_status::mid::Unknown	annotation_status::fine::Unknown	candidate_only	shadow_candidate	shadow_candidate	mid	NK	identity::mid::NK	1236	marker_based_mid_annotation.csv.gz	8a93369d569423594390d587d4001a36f820bafb165dc04654523717b089b3ae
shadow__0a5b6e472d2c476672ba	lambrecht_brca_cohort2_cells	marker_based_mid	NKT_like	Unknown	Unknown	Unknown	annotation_status::coarse::Unknown	annotation_status::mid::Unknown	annotation_status::fine::Unknown	candidate_only	shadow_candidate	shadow_candidate	mid	NKT_like	identity::mid::NKT_like	1599	marker_based_mid_annotation.csv.gz	8a93369d569423594390d587d4001a36f820bafb165dc04654523717b089b3ae
shadow__01f49d060426fcffb9b0	lambrecht_brca_cohort2_cells	marker_based_mid	Neutrophil_TAN_like	Unknown	Unknown	Unknown	annotation_status::coarse::Unknown	annotation_status::mid::Unknown	annotation_status::fine::Unknown	candidate_only	shadow_candidate	shadow_candidate	mid	Neutrophil_TAN_like	identity::mid::Neutrophil_TAN_like	433	marker_based_mid_annotation.csv.gz	8a93369d569423594390d587d4001a36f820bafb165dc04654523717b089b3ae
shadow__0738320a9577b6e49123	lambrecht_brca_cohort2_cells	marker_based_mid	Plasma_cell	Unknown	Unknown	Unknown	annotation_status::coarse::Unknown	annotation_status::mid::Unknown	annotation_status::fine::Unknown	candidate_only	shadow_candidate	shadow_candidate	mid	Plasma_cell	identity::mid::Plasma_cell	525	marker_based_mid_annotation.csv.gz	8a93369d569423594390d587d4001a36f820bafb165dc04654523717b089b3ae
shadow__ca262b0633e30ae22695	lambrecht_brca_cohort2_cells	marker_based_mid	Treg	Unknown	Unknown	Unknown	annotation_status::coarse::Unknown	annotation_status::mid::Unknown	annotation_status::fine::Unknown	candidate_only	shadow_candidate	shadow_candidate	mid	Treg	identity::mid::Treg	528	marker_based_mid_annotation.csv.gz	8a93369d569423594390d587d4001a36f820bafb165dc04654523717b089b3ae
shadow__bdabf8b946aadb6763ff	lambrecht_brca_cohort2_cells	marker_based_mid	Tumor_epithelial_like	Unknown	Unknown	Unknown	annotation_status::coarse::Unknown	annotation_status::mid::Unknown	annotation_status::fine::Unknown	candidate_only	shadow_candidate	shadow_candidate	mid	Tumor_epithelial_like	identity::mid::Tumor_epithelial_like	3199	marker_based_mid_annotation.csv.gz	8a93369d569423594390d587d4001a36f820bafb165dc04654523717b089b3ae
shadow__0cb5d82fb8edacb8c815	lambrecht_brca_cohort2_cells	marker_based_mid	Unknown	Unknown	Unknown	Unknown	annotation_status::coarse::Unknown	annotation_status::mid::Unknown	annotation_status::fine::Unknown	candidate_only	shadow_candidate	shadow_candidate	mid	Unknown	annotation_status::mid::Unknown	24204	marker_based_mid_annotation.csv.gz	8a93369d569423594390d587d4001a36f820bafb165dc04654523717b089b3ae
shadow__030dffbc6cc8432c7aaa	lambrecht_brca_cohort2_cells	marker_based_mid	pDC	Unknown	Unknown	Unknown	annotation_status::coarse::Unknown	annotation_status::mid::Unknown	annotation_status::fine::Unknown	candidate_only	shadow_candidate	shadow_candidate	mid	pDC	identity::mid::pDC	231	marker_based_mid_annotation.csv.gz	8a93369d569423594390d587d4001a36f820bafb165dc04654523717b089b3ae
shadow__ebbe92cb753cc2d3df66	lambrecht_hcc	marker_based_fine	CAF_inflammatory_like	Unknown	Unknown	Unknown	annotation_status::coarse::Unknown	annotation_status::mid::Unknown	annotation_status::fine::Unknown	candidate_only	shadow_candidate	shadow_candidate	fine	CAF_inflammatory_like	state::fine::CAF_inflammatory_like	578	marker_based_fine_candidate_annotation.csv.gz	11fb72c7510c5613aef176329e928327e7ce3608c15e99d85c571ef3d6c77952
shadow__a42447ca0b495ea5520d	lambrecht_hcc	marker_based_fine	CAF_myofibroblast_like	Unknown	Unknown	Unknown	annotation_status::coarse::Unknown	annotation_status::mid::Unknown	annotation_status::fine::Unknown	candidate_only	shadow_candidate	shadow_candidate	fine	CAF_myofibroblast_like	state::fine::CAF_myofibroblast_like	1517	marker_based_fine_candidate_annotation.csv.gz	11fb72c7510c5613aef176329e928327e7ce3608c15e99d85c571ef3d6c77952
shadow__6bc84547fed175e79fc4	lambrecht_hcc	marker_based_fine	CD4_helper_like	Unknown	Unknown	Unknown	annotation_status::coarse::Unknown	annotation_status::mid::Unknown	annotation_status::fine::Unknown	candidate_only	shadow_candidate	shadow_candidate	fine	CD4_helper_like	state::fine::CD4_helper_like	477	marker_based_fine_candidate_annotation.csv.gz	11fb72c7510c5613aef176329e928327e7ce3608c15e99d85c571ef3d6c77952
shadow__015283a7553c5503dda8	lambrecht_hcc	marker_based_fine	CD8_cytotoxic_like	Unknown	Unknown	Unknown	annotation_status::coarse::Unknown	annotation_status::mid::Unknown	annotation_status::fine::Unknown	candidate_only	shadow_candidate	shadow_candidate	fine	CD8_cytotoxic_like	state::fine::CD8_cytotoxic_like	719	marker_based_fine_candidate_annotation.csv.gz	11fb72c7510c5613aef176329e928327e7ce3608c15e99d85c571ef3d6c77952
shadow__1b935c7cf55895b20240	lambrecht_hcc	marker_based_fine	CD8_exhausted_like	Unknown	Unknown	Unknown	annotation_status::coarse::Unknown	annotation_status::mid::Unknown	annotation_status::fine::Unknown	candidate_only	shadow_candidate	shadow_candidate	fine	CD8_exhausted_like	state::fine::CD8_exhausted_like	986	marker_based_fine_candidate_annotation.csv.gz	11fb72c7510c5613aef176329e928327e7ce3608c15e99d85c571ef3d6c77952
shadow__10150a0f1e4d597162fb	lambrecht_hcc	marker_based_fine	CD8_progenitor_exhausted_like	Unknown	Unknown	Unknown	annotation_status::coarse::Unknown	annotation_status::mid::Unknown	annotation_status::fine::Unknown	candidate_only	shadow_candidate	shadow_candidate	fine	CD8_progenitor_exhausted_like	state::fine::CD8_progenitor_exhausted_like	92	marker_based_fine_candidate_annotation.csv.gz	11fb72c7510c5613aef176329e928327e7ce3608c15e99d85c571ef3d6c77952
shadow__625902428a4644103a8f	lambrecht_hcc	marker_based_fine	CD8_terminal_exhausted_like	Unknown	Unknown	Unknown	annotation_status::coarse::Unknown	annotation_status::mid::Unknown	annotation_status::fine::Unknown	candidate_only	shadow_candidate	shadow_candidate	fine	CD8_terminal_exhausted_like	state::fine::CD8_terminal_exhausted_like	1719	marker_based_fine_candidate_annotation.csv.gz	11fb72c7510c5613aef176329e928327e7ce3608c15e99d85c571ef3d6c77952
shadow__54ea9cc93efeea806405	lambrecht_hcc	marker_based_fine	DC_migratory_like	Unknown	Unknown	Unknown	annotation_status::coarse::Unknown	annotation_status::mid::Unknown	annotation_status::fine::Unknown	candidate_only	shadow_candidate	shadow_candidate	fine	DC_migratory_like	state::fine::DC_migratory_like	695	marker_based_fine_candidate_annotation.csv.gz	11fb72c7510c5613aef176329e928327e7ce3608c15e99d85c571ef3d6c77952
shadow__bd28121ca19a9821ac3a	lambrecht_hcc	marker_based_fine	NK_cytotoxic_like	Unknown	Unknown	Unknown	annotation_status::coarse::Unknown	annotation_status::mid::Unknown	annotation_status::fine::Unknown	candidate_only	shadow_candidate	shadow_candidate	fine	NK_cytotoxic_like	state::fine::NK_cytotoxic_like	28199	marker_based_fine_candidate_annotation.csv.gz	11fb72c7510c5613aef176329e928327e7ce3608c15e99d85c571ef3d6c77952
shadow__367b7ca0a30db370b58a	lambrecht_hcc	marker_based_fine	TLS_B_like	Unknown	Unknown	Unknown	annotation_status::coarse::Unknown	annotation_status::mid::Unknown	annotation_status::fine::Unknown	candidate_only	shadow_candidate	shadow_candidate	fine	TLS_B_like	state::fine::TLS_B_like	2289	marker_based_fine_candidate_annotation.csv.gz	11fb72c7510c5613aef176329e928327e7ce3608c15e99d85c571ef3d6c77952
shadow__2ebb64dd702b087fd037	lambrecht_hcc	marker_based_fine	TREM2_macrophage_like	Unknown	Unknown	Unknown	annotation_status::coarse::Unknown	annotation_status::mid::Unknown	annotation_status::fine::Unknown	candidate_only	shadow_candidate	shadow_candidate	fine	TREM2_macrophage_like	state::fine::TREM2_macrophage_like	1414	marker_based_fine_candidate_annotation.csv.gz	11fb72c7510c5613aef176329e928327e7ce3608c15e99d85c571ef3d6c77952
shadow__0ed716a6ea3aa5355083	lambrecht_hcc	marker_based_fine	Treg_suppressive_like	Unknown	Unknown	Unknown	annotation_status::coarse::Unknown	annotation_status::mid::Unknown	annotation_status::fine::Unknown	candidate_only	shadow_candidate	shadow_candidate	fine	Treg_suppressive_like	state::fine::Treg_suppressive_like	257	marker_based_fine_candidate_annotation.csv.gz	11fb72c7510c5613aef176329e928327e7ce3608c15e99d85c571ef3d6c77952
shadow__fa63c0386cc7e2ca3043	lambrecht_hcc	marker_based_fine	Unknown	Unknown	Unknown	Unknown	annotation_status::coarse::Unknown	annotation_status::mid::Unknown	annotation_status::fine::Unknown	candidate_only	shadow_candidate	shadow_candidate	fine	Unknown	annotation_status::fine::Unknown	207477	marker_based_fine_candidate_annotation.csv.gz	11fb72c7510c5613aef176329e928327e7ce3608c15e99d85c571ef3d6c77952
shadow__6b3c781efa08d56d0887	lambrecht_hcc	marker_based_fine	angiogenic_endothelial_like	Unknown	Unknown	Unknown	annotation_status::coarse::Unknown	annotation_status::mid::Unknown	annotation_status::fine::Unknown	candidate_only	shadow_candidate	shadow_candidate	fine	angiogenic_endothelial_like	state::fine::angiogenic_endothelial_like	5742	marker_based_fine_candidate_annotation.csv.gz	11fb72c7510c5613aef176329e928327e7ce3608c15e99d85c571ef3d6c77952
shadow__cc3a1e1eb777eccd8b71	lambrecht_hcc	marker_based_fine	neutrophil_TAN_NET_like	Unknown	Unknown	Unknown	annotation_status::coarse::Unknown	annotation_status::mid::Unknown	annotation_status::fine::Unknown	candidate_only	shadow_candidate	shadow_candidate	fine	neutrophil_TAN_NET_like	state::fine::neutrophil_TAN_NET_like	9080	marker_based_fine_candidate_annotation.csv.gz	11fb72c7510c5613aef176329e928327e7ce3608c15e99d85c571ef3d6c77952
shadow__f8d6eb47e167a31c352e	lambrecht_hcc	marker_based_fine	plasma_Ig_like	Unknown	Unknown	Unknown	annotation_status::coarse::Unknown	annotation_status::mid::Unknown	annotation_status::fine::Unknown	candidate_only	shadow_candidate	shadow_candidate	fine	plasma_Ig_like	state::fine::plasma_Ig_like	1376	marker_based_fine_candidate_annotation.csv.gz	11fb72c7510c5613aef176329e928327e7ce3608c15e99d85c571ef3d6c77952
shadow__5b111d0029c32722b684	lambrecht_hcc	marker_based_fine	tumor_IFN_APM_high_like	Unknown	Unknown	Unknown	annotation_status::coarse::Unknown	annotation_status::mid::Unknown	annotation_status::fine::Unknown	candidate_only	shadow_candidate	shadow_candidate	fine	tumor_IFN_APM_high_like	state::fine::tumor_IFN_APM_high_like	254	marker_based_fine_candidate_annotation.csv.gz	11fb72c7510c5613aef176329e928327e7ce3608c15e99d85c571ef3d6c77952
shadow__99b0c44896722129791e	lambrecht_hcc	marker_based_fine	tumor_WNT_exclusion_like	Unknown	Unknown	Unknown	annotation_status::coarse::Unknown	annotation_status::mid::Unknown	annotation_status::fine::Unknown	candidate_only	shadow_candidate	shadow_candidate	fine	tumor_WNT_exclusion_like	state::fine::tumor_WNT_exclusion_like	2347	marker_based_fine_candidate_annotation.csv.gz	11fb72c7510c5613aef176329e928327e7ce3608c15e99d85c571ef3d6c77952
shadow__af09107eecedfd97b99a	lambrecht_hcc	marker_based_fine	tumor_cell_cycle_like	Unknown	Unknown	Unknown	annotation_status::coarse::Unknown	annotation_status::mid::Unknown	annotation_status::fine::Unknown	candidate_only	shadow_candidate	shadow_candidate	fine	tumor_cell_cycle_like	state::fine::tumor_cell_cycle_like	931	marker_based_fine_candidate_annotation.csv.gz	11fb72c7510c5613aef176329e928327e7ce3608c15e99d85c571ef3d6c77952
shadow__67219127cf790db510e3	lambrecht_hcc	marker_based_fine	vascular_endothelial_like	Unknown	Unknown	Unknown	annotation_status::coarse::Unknown	annotation_status::mid::Unknown	annotation_status::fine::Unknown	candidate_only	shadow_candidate	shadow_candidate	fine	vascular_endothelial_like	state::fine::vascular_endothelial_like	2467	marker_based_fine_candidate_annotation.csv.gz	11fb72c7510c5613aef176329e928327e7ce3608c15e99d85c571ef3d6c77952
shadow__f4b41cb28b0464c55940	lambrecht_hcc	marker_based_mid	APC_priming_like	Unknown	Unknown	Unknown	annotation_status::coarse::Unknown	annotation_status::mid::Unknown	annotation_status::fine::Unknown	candidate_only	shadow_candidate	shadow_candidate	mid	APC_priming_like		9682	marker_based_mid_annotation.csv.gz	8a93369d569423594390d587d4001a36f820bafb165dc04654523717b089b3ae
shadow__5eae6b7db040b502ebc2	lambrecht_hcc	marker_based_mid	B_cell	Unknown	Unknown	Unknown	annotation_status::coarse::Unknown	annotation_status::mid::Unknown	annotation_status::fine::Unknown	candidate_only	shadow_candidate	shadow_candidate	mid	B_cell	identity::mid::B_cell	12409	marker_based_mid_annotation.csv.gz	8a93369d569423594390d587d4001a36f820bafb165dc04654523717b089b3ae
shadow__8100ecafb841551db9bc	lambrecht_hcc	marker_based_mid	CAF	Unknown	Unknown	Unknown	annotation_status::coarse::Unknown	annotation_status::mid::Unknown	annotation_status::fine::Unknown	candidate_only	shadow_candidate	shadow_candidate	mid	CAF	identity::mid::CAF	4074	marker_based_mid_annotation.csv.gz	8a93369d569423594390d587d4001a36f820bafb165dc04654523717b089b3ae
shadow__3ef95bb1b0bb2f593b1e	lambrecht_hcc	marker_based_mid	CD4_T	Unknown	Unknown	Unknown	annotation_status::coarse::Unknown	annotation_status::mid::Unknown	annotation_status::fine::Unknown	candidate_only	shadow_candidate	shadow_candidate	mid	CD4_T	identity::mid::CD4_T	1245	marker_based_mid_annotation.csv.gz	8a93369d569423594390d587d4001a36f820bafb165dc04654523717b089b3ae
shadow__5dd08385a4656f232a49	lambrecht_hcc	marker_based_mid	CD8_T	Unknown	Unknown	Unknown	annotation_status::coarse::Unknown	annotation_status::mid::Unknown	annotation_status::fine::Unknown	candidate_only	shadow_candidate	shadow_candidate	mid	CD8_T	identity::mid::CD8_T	15435	marker_based_mid_annotation.csv.gz	8a93369d569423594390d587d4001a36f820bafb165dc04654523717b089b3ae
shadow__ce28f65667d966de618f	lambrecht_hcc	marker_based_mid	DC	Unknown	Unknown	Unknown	annotation_status::coarse::Unknown	annotation_status::mid::Unknown	annotation_status::fine::Unknown	candidate_only	shadow_candidate	shadow_candidate	mid	DC	identity::mid::DC	6302	marker_based_mid_annotation.csv.gz	8a93369d569423594390d587d4001a36f820bafb165dc04654523717b089b3ae
shadow__85721e18d92186a43439	lambrecht_hcc	marker_based_mid	Endothelial	Unknown	Unknown	Unknown	annotation_status::coarse::Unknown	annotation_status::mid::Unknown	annotation_status::fine::Unknown	candidate_only	shadow_candidate	shadow_candidate	mid	Endothelial	identity::mid::Endothelial	13360	marker_based_mid_annotation.csv.gz	8a93369d569423594390d587d4001a36f820bafb165dc04654523717b089b3ae
shadow__a35fb6ac86581b9f15ce	lambrecht_hcc	marker_based_mid	Macrophage	Unknown	Unknown	Unknown	annotation_status::coarse::Unknown	annotation_status::mid::Unknown	annotation_status::fine::Unknown	candidate_only	shadow_candidate	shadow_candidate	mid	Macrophage	identity::mid::Macrophage	6424	marker_based_mid_annotation.csv.gz	8a93369d569423594390d587d4001a36f820bafb165dc04654523717b089b3ae
shadow__0f4ca02b2c45669bc6a6	lambrecht_hcc	marker_based_mid	Monocyte	Unknown	Unknown	Unknown	annotation_status::coarse::Unknown	annotation_status::mid::Unknown	annotation_status::fine::Unknown	candidate_only	shadow_candidate	shadow_candidate	mid	Monocyte	identity::mid::Monocyte	2149	marker_based_mid_annotation.csv.gz	8a93369d569423594390d587d4001a36f820bafb165dc04654523717b089b3ae
shadow__25ce6ad7d160ca33f222	lambrecht_hcc	marker_based_mid	NK	Unknown	Unknown	Unknown	annotation_status::coarse::Unknown	annotation_status::mid::Unknown	annotation_status::fine::Unknown	candidate_only	shadow_candidate	shadow_candidate	mid	NK	identity::mid::NK	34252	marker_based_mid_annotation.csv.gz	8a93369d569423594390d587d4001a36f820bafb165dc04654523717b089b3ae
shadow__37fc1f9e78fc3594ad5f	lambrecht_hcc	marker_based_mid	NKT_like	Unknown	Unknown	Unknown	annotation_status::coarse::Unknown	annotation_status::mid::Unknown	annotation_status::fine::Unknown	candidate_only	shadow_candidate	shadow_candidate	mid	NKT_like	identity::mid::NKT_like	18128	marker_based_mid_annotation.csv.gz	8a93369d569423594390d587d4001a36f820bafb165dc04654523717b089b3ae
shadow__d065e51bd1762dbb0678	lambrecht_hcc	marker_based_mid	Neutrophil_TAN_like	Unknown	Unknown	Unknown	annotation_status::coarse::Unknown	annotation_status::mid::Unknown	annotation_status::fine::Unknown	candidate_only	shadow_candidate	shadow_candidate	mid	Neutrophil_TAN_like	identity::mid::Neutrophil_TAN_like	9198	marker_based_mid_annotation.csv.gz	8a93369d569423594390d587d4001a36f820bafb165dc04654523717b089b3ae
shadow__bc5868fe19889ea1c561	lambrecht_hcc	marker_based_mid	Plasma_cell	Unknown	Unknown	Unknown	annotation_status::coarse::Unknown	annotation_status::mid::Unknown	annotation_status::fine::Unknown	candidate_only	shadow_candidate	shadow_candidate	mid	Plasma_cell	identity::mid::Plasma_cell	4391	marker_based_mid_annotation.csv.gz	8a93369d569423594390d587d4001a36f820bafb165dc04654523717b089b3ae
shadow__39c38eca0b6d3b5b3845	lambrecht_hcc	marker_based_mid	Treg	Unknown	Unknown	Unknown	annotation_status::coarse::Unknown	annotation_status::mid::Unknown	annotation_status::fine::Unknown	candidate_only	shadow_candidate	shadow_candidate	mid	Treg	identity::mid::Treg	1606	marker_based_mid_annotation.csv.gz	8a93369d569423594390d587d4001a36f820bafb165dc04654523717b089b3ae
shadow__918de0c24f6511296df7	lambrecht_hcc	marker_based_mid	Tumor_epithelial_like	Unknown	Unknown	Unknown	annotation_status::coarse::Unknown	annotation_status::mid::Unknown	annotation_status::fine::Unknown	candidate_only	shadow_candidate	shadow_candidate	mid	Tumor_epithelial_like	identity::mid::Tumor_epithelial_like	33807	marker_based_mid_annotation.csv.gz	8a93369d569423594390d587d4001a36f820bafb165dc04654523717b089b3ae
shadow__bf0c4ea90b8056cae678	lambrecht_hcc	marker_based_mid	Unknown	Unknown	Unknown	Unknown	annotation_status::coarse::Unknown	annotation_status::mid::Unknown	annotation_status::fine::Unknown	candidate_only	shadow_candidate	shadow_candidate	mid	Unknown	annotation_status::mid::Unknown	94602	marker_based_mid_annotation.csv.gz	8a93369d569423594390d587d4001a36f820bafb165dc04654523717b089b3ae
shadow__b0800e8eec736e79ee4e	lambrecht_hcc	marker_based_mid	pDC	Unknown	Unknown	Unknown	annotation_status::coarse::Unknown	annotation_status::mid::Unknown	annotation_status::fine::Unknown	candidate_only	shadow_candidate	shadow_candidate	mid	pDC	identity::mid::pDC	1552	marker_based_mid_annotation.csv.gz	8a93369d569423594390d587d4001a36f820bafb165dc04654523717b089b3ae
shadow__c6efb0ade783a09fdd9c	lambrecht_hnscc	marker_based_fine	CAF_inflammatory_like	Unknown	Unknown	Unknown	annotation_status::coarse::Unknown	annotation_status::mid::Unknown	annotation_status::fine::Unknown	candidate_only	shadow_candidate	shadow_candidate	fine	CAF_inflammatory_like	state::fine::CAF_inflammatory_like	10372	marker_based_fine_candidate_annotation.csv.gz	11fb72c7510c5613aef176329e928327e7ce3608c15e99d85c571ef3d6c77952
shadow__f8ae34dfba966f0cbd5a	lambrecht_hnscc	marker_based_fine	CAF_myofibroblast_like	Unknown	Unknown	Unknown	annotation_status::coarse::Unknown	annotation_status::mid::Unknown	annotation_status::fine::Unknown	candidate_only	shadow_candidate	shadow_candidate	fine	CAF_myofibroblast_like	state::fine::CAF_myofibroblast_like	5719	marker_based_fine_candidate_annotation.csv.gz	11fb72c7510c5613aef176329e928327e7ce3608c15e99d85c571ef3d6c77952
shadow__24b86ce119b72dea6432	lambrecht_hnscc	marker_based_fine	CD4_helper_like	Unknown	Unknown	Unknown	annotation_status::coarse::Unknown	annotation_status::mid::Unknown	annotation_status::fine::Unknown	candidate_only	shadow_candidate	shadow_candidate	fine	CD4_helper_like	state::fine::CD4_helper_like	4033	marker_based_fine_candidate_annotation.csv.gz	11fb72c7510c5613aef176329e928327e7ce3608c15e99d85c571ef3d6c77952
shadow__fb14900da6477c466424	lambrecht_hnscc	marker_based_fine	CD8_cytotoxic_like	Unknown	Unknown	Unknown	annotation_status::coarse::Unknown	annotation_status::mid::Unknown	annotation_status::fine::Unknown	candidate_only	shadow_candidate	shadow_candidate	fine	CD8_cytotoxic_like	state::fine::CD8_cytotoxic_like	3698	marker_based_fine_candidate_annotation.csv.gz	11fb72c7510c5613aef176329e928327e7ce3608c15e99d85c571ef3d6c77952
shadow__6a6a12ba5d5070db47a3	lambrecht_hnscc	marker_based_fine	CD8_exhausted_like	Unknown	Unknown	Unknown	annotation_status::coarse::Unknown	annotation_status::mid::Unknown	annotation_status::fine::Unknown	candidate_only	shadow_candidate	shadow_candidate	fine	CD8_exhausted_like	state::fine::CD8_exhausted_like	810	marker_based_fine_candidate_annotation.csv.gz	11fb72c7510c5613aef176329e928327e7ce3608c15e99d85c571ef3d6c77952
shadow__8910e781da855e562704	lambrecht_hnscc	marker_based_fine	CD8_progenitor_exhausted_like	Unknown	Unknown	Unknown	annotation_status::coarse::Unknown	annotation_status::mid::Unknown	annotation_status::fine::Unknown	candidate_only	shadow_candidate	shadow_candidate	fine	CD8_progenitor_exhausted_like	state::fine::CD8_progenitor_exhausted_like	338	marker_based_fine_candidate_annotation.csv.gz	11fb72c7510c5613aef176329e928327e7ce3608c15e99d85c571ef3d6c77952
shadow__60db25924b79c51fe1ef	lambrecht_hnscc	marker_based_fine	CD8_terminal_exhausted_like	Unknown	Unknown	Unknown	annotation_status::coarse::Unknown	annotation_status::mid::Unknown	annotation_status::fine::Unknown	candidate_only	shadow_candidate	shadow_candidate	fine	CD8_terminal_exhausted_like	state::fine::CD8_terminal_exhausted_like	2569	marker_based_fine_candidate_annotation.csv.gz	11fb72c7510c5613aef176329e928327e7ce3608c15e99d85c571ef3d6c77952
shadow__e4486c78379937766411	lambrecht_hnscc	marker_based_fine	DC_migratory_like	Unknown	Unknown	Unknown	annotation_status::coarse::Unknown	annotation_status::mid::Unknown	annotation_status::fine::Unknown	candidate_only	shadow_candidate	shadow_candidate	fine	DC_migratory_like	state::fine::DC_migratory_like	6021	marker_based_fine_candidate_annotation.csv.gz	11fb72c7510c5613aef176329e928327e7ce3608c15e99d85c571ef3d6c77952
shadow__51039a37b602e389f899	lambrecht_hnscc	marker_based_fine	NK_cytotoxic_like	Unknown	Unknown	Unknown	annotation_status::coarse::Unknown	annotation_status::mid::Unknown	annotation_status::fine::Unknown	candidate_only	shadow_candidate	shadow_candidate	fine	NK_cytotoxic_like	state::fine::NK_cytotoxic_like	8104	marker_based_fine_candidate_annotation.csv.gz	11fb72c7510c5613aef176329e928327e7ce3608c15e99d85c571ef3d6c77952
shadow__2adb4a88c44caa352b9d	lambrecht_hnscc	marker_based_fine	TLS_B_like	Unknown	Unknown	Unknown	annotation_status::coarse::Unknown	annotation_status::mid::Unknown	annotation_status::fine::Unknown	candidate_only	shadow_candidate	shadow_candidate	fine	TLS_B_like	state::fine::TLS_B_like	9	marker_based_fine_candidate_annotation.csv.gz	11fb72c7510c5613aef176329e928327e7ce3608c15e99d85c571ef3d6c77952
shadow__1a5ed87c81237a050007	lambrecht_hnscc	marker_based_fine	TREM2_macrophage_like	Unknown	Unknown	Unknown	annotation_status::coarse::Unknown	annotation_status::mid::Unknown	annotation_status::fine::Unknown	candidate_only	shadow_candidate	shadow_candidate	fine	TREM2_macrophage_like	state::fine::TREM2_macrophage_like	247	marker_based_fine_candidate_annotation.csv.gz	11fb72c7510c5613aef176329e928327e7ce3608c15e99d85c571ef3d6c77952
shadow__b02abcfabcfa9ce5da4b	lambrecht_hnscc	marker_based_fine	Treg_suppressive_like	Unknown	Unknown	Unknown	annotation_status::coarse::Unknown	annotation_status::mid::Unknown	annotation_status::fine::Unknown	candidate_only	shadow_candidate	shadow_candidate	fine	Treg_suppressive_like	state::fine::Treg_suppressive_like	22	marker_based_fine_candidate_annotation.csv.gz	11fb72c7510c5613aef176329e928327e7ce3608c15e99d85c571ef3d6c77952
shadow__3eb318997071ab5785fd	lambrecht_hnscc	marker_based_fine	Unknown	Unknown	Unknown	Unknown	annotation_status::coarse::Unknown	annotation_status::mid::Unknown	annotation_status::fine::Unknown	candidate_only	shadow_candidate	shadow_candidate	fine	Unknown	annotation_status::fine::Unknown	410212	marker_based_fine_candidate_annotation.csv.gz	11fb72c7510c5613aef176329e928327e7ce3608c15e99d85c571ef3d6c77952
shadow__0fce19a309e11051eeef	lambrecht_hnscc	marker_based_fine	angiogenic_endothelial_like	Unknown	Unknown	Unknown	annotation_status::coarse::Unknown	annotation_status::mid::Unknown	annotation_status::fine::Unknown	candidate_only	shadow_candidate	shadow_candidate	fine	angiogenic_endothelial_like	state::fine::angiogenic_endothelial_like	10725	marker_based_fine_candidate_annotation.csv.gz	11fb72c7510c5613aef176329e928327e7ce3608c15e99d85c571ef3d6c77952
shadow__af2fc5fe3005c82ee5f2	lambrecht_hnscc	marker_based_fine	neutrophil_TAN_NET_like	Unknown	Unknown	Unknown	annotation_status::coarse::Unknown	annotation_status::mid::Unknown	annotation_status::fine::Unknown	candidate_only	shadow_candidate	shadow_candidate	fine	neutrophil_TAN_NET_like	state::fine::neutrophil_TAN_NET_like	7375	marker_based_fine_candidate_annotation.csv.gz	11fb72c7510c5613aef176329e928327e7ce3608c15e99d85c571ef3d6c77952
shadow__147e5e6834ecb674596c	lambrecht_hnscc	marker_based_fine	plasma_Ig_like	Unknown	Unknown	Unknown	annotation_status::coarse::Unknown	annotation_status::mid::Unknown	annotation_status::fine::Unknown	candidate_only	shadow_candidate	shadow_candidate	fine	plasma_Ig_like	state::fine::plasma_Ig_like	1301	marker_based_fine_candidate_annotation.csv.gz	11fb72c7510c5613aef176329e928327e7ce3608c15e99d85c571ef3d6c77952
shadow__eaf111141a907207d145	lambrecht_hnscc	marker_based_fine	tumor_IFN_APM_high_like	Unknown	Unknown	Unknown	annotation_status::coarse::Unknown	annotation_status::mid::Unknown	annotation_status::fine::Unknown	candidate_only	shadow_candidate	shadow_candidate	fine	tumor_IFN_APM_high_like	state::fine::tumor_IFN_APM_high_like	472	marker_based_fine_candidate_annotation.csv.gz	11fb72c7510c5613aef176329e928327e7ce3608c15e99d85c571ef3d6c77952
shadow__d4af165c411367f257dc	lambrecht_hnscc	marker_based_fine	tumor_WNT_exclusion_like	Unknown	Unknown	Unknown	annotation_status::coarse::Unknown	annotation_status::mid::Unknown	annotation_status::fine::Unknown	candidate_only	shadow_candidate	shadow_candidate	fine	tumor_WNT_exclusion_like	state::fine::tumor_WNT_exclusion_like	2412	marker_based_fine_candidate_annotation.csv.gz	11fb72c7510c5613aef176329e928327e7ce3608c15e99d85c571ef3d6c77952
shadow__479cd3164d6020fcd83a	lambrecht_hnscc	marker_based_fine	tumor_cell_cycle_like	Unknown	Unknown	Unknown	annotation_status::coarse::Unknown	annotation_status::mid::Unknown	annotation_status::fine::Unknown	candidate_only	shadow_candidate	shadow_candidate	fine	tumor_cell_cycle_like	state::fine::tumor_cell_cycle_like	793	marker_based_fine_candidate_annotation.csv.gz	11fb72c7510c5613aef176329e928327e7ce3608c15e99d85c571ef3d6c77952
shadow__cb87a7af5f16271ef4a1	lambrecht_hnscc	marker_based_fine	vascular_endothelial_like	Unknown	Unknown	Unknown	annotation_status::coarse::Unknown	annotation_status::mid::Unknown	annotation_status::fine::Unknown	candidate_only	shadow_candidate	shadow_candidate	fine	vascular_endothelial_like	state::fine::vascular_endothelial_like	3223	marker_based_fine_candidate_annotation.csv.gz	11fb72c7510c5613aef176329e928327e7ce3608c15e99d85c571ef3d6c77952
shadow__d833268110dcd48bfc59	lambrecht_hnscc	marker_based_mid	APC_priming_like	Unknown	Unknown	Unknown	annotation_status::coarse::Unknown	annotation_status::mid::Unknown	annotation_status::fine::Unknown	candidate_only	shadow_candidate	shadow_candidate	mid	APC_priming_like		9006	marker_based_mid_annotation.csv.gz	8a93369d569423594390d587d4001a36f820bafb165dc04654523717b089b3ae
shadow__593265131a165c642859	lambrecht_hnscc	marker_based_mid	B_cell	Unknown	Unknown	Unknown	annotation_status::coarse::Unknown	annotation_status::mid::Unknown	annotation_status::fine::Unknown	candidate_only	shadow_candidate	shadow_candidate	mid	B_cell	identity::mid::B_cell	8834	marker_based_mid_annotation.csv.gz	8a93369d569423594390d587d4001a36f820bafb165dc04654523717b089b3ae
shadow__63270c0bad3453e9735c	lambrecht_hnscc	marker_based_mid	CAF	Unknown	Unknown	Unknown	annotation_status::coarse::Unknown	annotation_status::mid::Unknown	annotation_status::fine::Unknown	candidate_only	shadow_candidate	shadow_candidate	mid	CAF	identity::mid::CAF	28277	marker_based_mid_annotation.csv.gz	8a93369d569423594390d587d4001a36f820bafb165dc04654523717b089b3ae
shadow__0fd10bc8933c7ff8930a	lambrecht_hnscc	marker_based_mid	CD4_T	Unknown	Unknown	Unknown	annotation_status::coarse::Unknown	annotation_status::mid::Unknown	annotation_status::fine::Unknown	candidate_only	shadow_candidate	shadow_candidate	mid	CD4_T	identity::mid::CD4_T	23888	marker_based_mid_annotation.csv.gz	8a93369d569423594390d587d4001a36f820bafb165dc04654523717b089b3ae
shadow__4ae047c23c23811a64dc	lambrecht_hnscc	marker_based_mid	CD8_T	Unknown	Unknown	Unknown	annotation_status::coarse::Unknown	annotation_status::mid::Unknown	annotation_status::fine::Unknown	candidate_only	shadow_candidate	shadow_candidate	mid	CD8_T	identity::mid::CD8_T	16844	marker_based_mid_annotation.csv.gz	8a93369d569423594390d587d4001a36f820bafb165dc04654523717b089b3ae
shadow__5c28f7e9c0d7a226162c	lambrecht_hnscc	marker_based_mid	DC	Unknown	Unknown	Unknown	annotation_status::coarse::Unknown	annotation_status::mid::Unknown	annotation_status::fine::Unknown	candidate_only	shadow_candidate	shadow_candidate	mid	DC	identity::mid::DC	36208	marker_based_mid_annotation.csv.gz	8a93369d569423594390d587d4001a36f820bafb165dc04654523717b089b3ae
shadow__94d15ff8bd9263ed646a	lambrecht_hnscc	marker_based_mid	Endothelial	Unknown	Unknown	Unknown	annotation_status::coarse::Unknown	annotation_status::mid::Unknown	annotation_status::fine::Unknown	candidate_only	shadow_candidate	shadow_candidate	mid	Endothelial	identity::mid::Endothelial	24306	marker_based_mid_annotation.csv.gz	8a93369d569423594390d587d4001a36f820bafb165dc04654523717b089b3ae
shadow__000d11133a3643c61aa3	lambrecht_hnscc	marker_based_mid	Macrophage	Unknown	Unknown	Unknown	annotation_status::coarse::Unknown	annotation_status::mid::Unknown	annotation_status::fine::Unknown	candidate_only	shadow_candidate	shadow_candidate	mid	Macrophage	identity::mid::Macrophage	4100	marker_based_mid_annotation.csv.gz	8a93369d569423594390d587d4001a36f820bafb165dc04654523717b089b3ae
shadow__a0cef054397ce2907ba2	lambrecht_hnscc	marker_based_mid	Monocyte	Unknown	Unknown	Unknown	annotation_status::coarse::Unknown	annotation_status::mid::Unknown	annotation_status::fine::Unknown	candidate_only	shadow_candidate	shadow_candidate	mid	Monocyte	identity::mid::Monocyte	3511	marker_based_mid_annotation.csv.gz	8a93369d569423594390d587d4001a36f820bafb165dc04654523717b089b3ae
shadow__1abf302ded65a0cd6841	lambrecht_hnscc	marker_based_mid	NK	Unknown	Unknown	Unknown	annotation_status::coarse::Unknown	annotation_status::mid::Unknown	annotation_status::fine::Unknown	candidate_only	shadow_candidate	shadow_candidate	mid	NK	identity::mid::NK	9154	marker_based_mid_annotation.csv.gz	8a93369d569423594390d587d4001a36f820bafb165dc04654523717b089b3ae
shadow__7cb890db72d4ff3f6d06	lambrecht_hnscc	marker_based_mid	NKT_like	Unknown	Unknown	Unknown	annotation_status::coarse::Unknown	annotation_status::mid::Unknown	annotation_status::fine::Unknown	candidate_only	shadow_candidate	shadow_candidate	mid	NKT_like	identity::mid::NKT_like	14604	marker_based_mid_annotation.csv.gz	8a93369d569423594390d587d4001a36f820bafb165dc04654523717b089b3ae
shadow__92f4e743fddb2cd6fcd1	lambrecht_hnscc	marker_based_mid	Neutrophil_TAN_like	Unknown	Unknown	Unknown	annotation_status::coarse::Unknown	annotation_status::mid::Unknown	annotation_status::fine::Unknown	candidate_only	shadow_candidate	shadow_candidate	mid	Neutrophil_TAN_like	identity::mid::Neutrophil_TAN_like	11655	marker_based_mid_annotation.csv.gz	8a93369d569423594390d587d4001a36f820bafb165dc04654523717b089b3ae
shadow__b070de7c05072a89f9a5	lambrecht_hnscc	marker_based_mid	Plasma_cell	Unknown	Unknown	Unknown	annotation_status::coarse::Unknown	annotation_status::mid::Unknown	annotation_status::fine::Unknown	candidate_only	shadow_candidate	shadow_candidate	mid	Plasma_cell	identity::mid::Plasma_cell	6776	marker_based_mid_annotation.csv.gz	8a93369d569423594390d587d4001a36f820bafb165dc04654523717b089b3ae
shadow__b2bb368d27a1d634ff62	lambrecht_hnscc	marker_based_mid	Treg	Unknown	Unknown	Unknown	annotation_status::coarse::Unknown	annotation_status::mid::Unknown	annotation_status::fine::Unknown	candidate_only	shadow_candidate	shadow_candidate	mid	Treg	identity::mid::Treg	8193	marker_based_mid_annotation.csv.gz	8a93369d569423594390d587d4001a36f820bafb165dc04654523717b089b3ae
shadow__e22cbf972ca71634811e	lambrecht_hnscc	marker_based_mid	Tumor_epithelial_like	Unknown	Unknown	Unknown	annotation_status::coarse::Unknown	annotation_status::mid::Unknown	annotation_status::fine::Unknown	candidate_only	shadow_candidate	shadow_candidate	mid	Tumor_epithelial_like	identity::mid::Tumor_epithelial_like	16029	marker_based_mid_annotation.csv.gz	8a93369d569423594390d587d4001a36f820bafb165dc04654523717b089b3ae
shadow__45bea6486f83a0f8e272	lambrecht_hnscc	marker_based_mid	Unknown	Unknown	Unknown	Unknown	annotation_status::coarse::Unknown	annotation_status::mid::Unknown	annotation_status::fine::Unknown	candidate_only	shadow_candidate	shadow_candidate	mid	Unknown	annotation_status::mid::Unknown	254445	marker_based_mid_annotation.csv.gz	8a93369d569423594390d587d4001a36f820bafb165dc04654523717b089b3ae
shadow__ba25a506ba0c76370157	lambrecht_hnscc	marker_based_mid	pDC	Unknown	Unknown	Unknown	annotation_status::coarse::Unknown	annotation_status::mid::Unknown	annotation_status::fine::Unknown	candidate_only	shadow_candidate	shadow_candidate	mid	pDC	identity::mid::pDC	2625	marker_based_mid_annotation.csv.gz	8a93369d569423594390d587d4001a36f820bafb165dc04654523717b089b3ae
